[2025-05-18 10:12:05] [FACEBOOK] unknown
[2025-05-18 10:12:05] [TIKTOK] unknown
[2025-05-18 10:12:06] [GA4] purchase
[2025-05-18 10:15:33] [FACEBOOK] unknown
[2025-05-18 10:15:34] [TIKTOK] unknown
[2025-05-18 10:23:14] [FACEBOOK] unknown
[2025-05-18 10:23:15] [TIKTOK] unknown
[2025-05-18 10:29:24] [FACEBOOK] unknown
[2025-05-18 10:29:24] [TIKTOK] unknown
[2025-05-18 10:32:38] [FACEBOOK] unknown
[2025-05-18 10:32:39] [TIKTOK] unknown
[2025-05-18 10:32:47] [FACEBOOK] unknown
[2025-05-18 10:32:48] [TIKTOK] unknown
[2025-05-18 10:32:58] [FACEBOOK] unknown
[2025-05-18 10:32:59] [TIKTOK] unknown
[2025-05-18 10:44:06] [FACEBOOK] unknown
[2025-05-18 10:44:07] [TIKTOK] unknown
[2025-05-18 11:08:09] [FACEBOOK] unknown
[2025-05-18 11:08:09] [TIKTOK] unknown
[2025-05-18 11:08:10] [GA4] purchase
[2025-05-18 11:10:56] [FACEBOOK] unknown
[2025-05-18 11:10:57] [TIKTOK] unknown
[2025-05-18 11:10:57] [GA4] purchase
[2025-05-18 11:11:07] [FACEBOOK] unknown
[2025-05-18 11:11:07] [TIKTOK] unknown
[2025-05-18 11:11:08] [GA4] purchase
[2025-05-18 11:12:57] [FACEBOOK] unknown
[2025-05-18 11:12:58] [TIKTOK] unknown
[2025-05-18 11:12:58] [GA4] purchase
[2025-05-18 11:20:26] [FACEBOOK] unknown
[2025-05-18 11:20:26] [TIKTOK] unknown
[2025-05-18 11:20:26] [GA4] purchase
[2025-05-18 11:23:46] [FACEBOOK] unknown
[2025-05-18 11:23:46] [TIKTOK] unknown
[2025-05-18 11:23:46] [GA4] purchase
[2025-05-18 11:26:10] [FACEBOOK] unknown
[2025-05-18 11:26:10] [TIKTOK] unknown
[2025-05-18 11:26:10] [GA4] purchase
[2025-05-18 11:46:33] [FACEBOOK] unknown
[2025-05-18 11:46:33] [TIKTOK] unknown
[2025-05-18 11:46:34] [GA4] purchase
[2025-05-18 11:52:14] [FACEBOOK] unknown
[2025-05-18 11:52:14] [TIKTOK] unknown
[2025-05-18 11:52:15] [GA4] purchase
[2025-05-18 11:52:17] [FACEBOOK] unknown
[2025-05-18 11:52:17] [TIKTOK] unknown
[2025-05-18 11:52:17] [GA4] purchase
[2025-05-18 12:10:58] [FACEBOOK] unknown
[2025-05-18 12:10:58] [TIKTOK] unknown
[2025-05-18 12:10:58] [GA4] purchase
[2025-05-18 12:11:19] [FACEBOOK] unknown
[2025-05-18 12:11:19] [TIKTOK] unknown
[2025-05-18 12:11:19] [GA4] purchase
[2025-05-18 12:11:21] [FACEBOOK] unknown
[2025-05-18 12:11:22] [TIKTOK] unknown
[2025-05-18 12:11:22] [GA4] purchase
[2025-05-18 12:11:46] [FACEBOOK] unknown
[2025-05-18 12:11:46] [TIKTOK] unknown
[2025-05-18 12:11:46] [GA4] purchase
[2025-05-18 12:12:25] [FACEBOOK] unknown
[2025-05-18 12:12:25] [TIKTOK] unknown
[2025-05-18 12:12:25] [GA4] purchase
[2025-05-18 12:12:51] [FACEBOOK] unknown
[2025-05-18 12:12:51] [TIKTOK] unknown
[2025-05-18 12:12:52] [GA4] purchase
[2025-05-18 12:12:53] [FACEBOOK] unknown
[2025-05-18 12:12:54] [TIKTOK] unknown
[2025-05-18 12:12:54] [GA4] purchase
[2025-05-18 12:13:12] [FACEBOOK] unknown
[2025-05-18 12:13:12] [TIKTOK] unknown
[2025-05-18 12:13:12] [GA4] purchase
[2025-05-18 12:13:21] [FACEBOOK] unknown
[2025-05-18 12:13:22] [TIKTOK] unknown
[2025-05-18 12:13:22] [GA4] purchase
[2025-05-18 12:13:38] [FACEBOOK] unknown
[2025-05-18 12:13:39] [TIKTOK] unknown
[2025-05-18 12:13:39] [GA4] purchase
[2025-05-18 12:14:04] [FACEBOOK] unknown
[2025-05-18 12:14:04] [TIKTOK] unknown
[2025-05-18 12:14:06] [GA4] purchase
[2025-05-18 12:14:13] [FACEBOOK] unknown
[2025-05-18 12:14:13] [TIKTOK] unknown
[2025-05-18 12:14:13] [GA4] purchase
[2025-05-18 12:14:15] [FACEBOOK] unknown
[2025-05-18 12:14:15] [TIKTOK] unknown
[2025-05-18 12:14:15] [GA4] purchase
[2025-05-18 12:14:27] [FACEBOOK] unknown
[2025-05-18 12:14:27] [TIKTOK] unknown
[2025-05-18 12:14:28] [GA4] purchase
[2025-05-18 12:21:33] [FACEBOOK] unknown
[2025-05-18 12:21:33] [TIKTOK] unknown
[2025-05-18 12:21:33] [GA4] purchase
[2025-05-18 12:21:36] [FACEBOOK] unknown
[2025-05-18 12:21:36] [TIKTOK] unknown
[2025-05-18 12:21:36] [GA4] purchase
[2025-05-18 12:25:45] [FACEBOOK] unknown
[2025-05-18 12:25:46] [TIKTOK] unknown
[2025-05-18 12:25:46] [GA4] purchase
[2025-05-18 12:26:07] [FACEBOOK] unknown
[2025-05-18 12:26:07] [TIKTOK] unknown
[2025-05-18 12:26:08] [GA4] purchase
[2025-05-18 12:26:28] [FACEBOOK] unknown
[2025-05-18 12:26:28] [TIKTOK] unknown
[2025-05-18 12:26:28] [GA4] purchase
[2025-05-18 12:27:47] [FACEBOOK] unknown
[2025-05-18 12:27:47] [TIKTOK] unknown
[2025-05-18 12:27:47] [GA4] purchase
[2025-05-18 12:28:45] [FACEBOOK] unknown
[2025-05-18 12:28:45] [TIKTOK] unknown
[2025-05-18 12:28:45] [GA4] purchase
[2025-05-18 12:28:47] [FACEBOOK] unknown
[2025-05-18 12:28:47] [TIKTOK] unknown
[2025-05-18 12:28:47] [GA4] purchase
[2025-05-18 12:36:16] [FACEBOOK] unknown
[2025-05-18 12:36:16] [TIKTOK] unknown
[2025-05-18 12:36:17] [GA4] purchase
[2025-05-18 12:36:27] [FACEBOOK] unknown
[2025-05-18 12:36:27] [TIKTOK] unknown
[2025-05-18 12:36:28] [GA4] purchase
[2025-05-18 12:37:30] [FACEBOOK] unknown
[2025-05-18 12:37:30] [TIKTOK] unknown
[2025-05-18 12:37:30] [GA4] purchase
[2025-05-18 12:37:34] [FACEBOOK] unknown
[2025-05-18 12:37:35] [TIKTOK] unknown
[2025-05-18 12:37:35] [GA4] purchase
[2025-05-18 12:37:37] [FACEBOOK] unknown
[2025-05-18 12:37:37] [TIKTOK] unknown
[2025-05-18 12:37:37] [GA4] purchase
[2025-05-18 12:37:54] [FACEBOOK] unknown
[2025-05-18 12:37:54] [TIKTOK] unknown
[2025-05-18 12:37:55] [GA4] purchase
[2025-05-18 12:38:38] [FACEBOOK] unknown
[2025-05-18 12:38:38] [TIKTOK] unknown
[2025-05-18 12:38:38] [GA4] purchase
[2025-05-18 12:57:34] [FACEBOOK] unknown
[2025-05-18 12:57:34] [TIKTOK] unknown
[2025-05-18 12:57:34] [GA4] purchase
[2025-05-18 13:06:08] [FACEBOOK] unknown
[2025-05-18 13:06:08] [TIKTOK] unknown
[2025-05-18 13:06:08] [GA4] purchase
[2025-05-18 13:08:27] [FACEBOOK] unknown
[2025-05-18 13:08:28] [TIKTOK] unknown
[2025-05-18 13:08:28] [GA4] purchase
[2025-05-18 13:08:50] [FACEBOOK] unknown
[2025-05-18 13:08:50] [TIKTOK] unknown
[2025-05-18 13:08:50] [GA4] purchase
[2025-05-18 13:08:56] [FACEBOOK] unknown
[2025-05-18 13:08:56] [TIKTOK] unknown
[2025-05-18 13:08:56] [GA4] purchase
[2025-05-18 13:14:54] [FACEBOOK] unknown
[2025-05-18 13:14:54] [TIKTOK] unknown
[2025-05-18 13:14:54] [GA4] purchase
[2025-05-18 13:16:06] [FACEBOOK] unknown
[2025-05-18 13:16:06] [TIKTOK] unknown
[2025-05-18 13:16:07] [GA4] purchase
[2025-05-18 13:19:43] [FACEBOOK] unknown
[2025-05-18 13:19:43] [TIKTOK] unknown
[2025-05-18 13:19:43] [GA4] purchase
[2025-05-18 13:21:08] [FACEBOOK] unknown
[2025-05-18 13:21:08] [TIKTOK] unknown
[2025-05-18 13:21:08] [GA4] purchase
[2025-05-18 13:21:16] [FACEBOOK] unknown
[2025-05-18 13:21:16] [TIKTOK] unknown
[2025-05-18 13:21:17] [GA4] purchase
[2025-05-18 13:24:43] [FACEBOOK] unknown
[2025-05-18 13:24:43] [TIKTOK] unknown
[2025-05-18 13:24:43] [GA4] purchase
[2025-05-18 13:24:50] [FACEBOOK] unknown
[2025-05-18 13:24:50] [TIKTOK] unknown
[2025-05-18 13:24:50] [GA4] purchase
[2025-05-18 13:25:11] [FACEBOOK] unknown
[2025-05-18 13:25:11] [TIKTOK] unknown
[2025-05-18 13:25:11] [GA4] purchase
[2025-05-18 13:27:34] [FACEBOOK] unknown
[2025-05-18 13:27:34] [TIKTOK] unknown
[2025-05-18 13:27:34] [GA4] purchase
[2025-05-18 13:29:17] [FACEBOOK] unknown
[2025-05-18 13:29:17] [TIKTOK] unknown
[2025-05-18 13:29:17] [GA4] purchase
[2025-05-18 13:30:02] [FACEBOOK] unknown
[2025-05-18 13:30:03] [TIKTOK] unknown
[2025-05-18 13:30:03] [GA4] purchase
[2025-05-18 13:30:19] [FACEBOOK] unknown
[2025-05-18 13:30:20] [TIKTOK] unknown
[2025-05-18 13:30:20] [GA4] purchase
[2025-05-18 13:30:44] [FACEBOOK] unknown
[2025-05-18 13:30:44] [TIKTOK] unknown
[2025-05-18 13:30:44] [GA4] purchase
[2025-05-18 13:37:42] [FACEBOOK] unknown
[2025-05-18 13:37:42] [TIKTOK] unknown
[2025-05-18 13:37:42] [GA4] purchase
[2025-05-18 13:38:28] [FACEBOOK] unknown
[2025-05-18 13:38:28] [TIKTOK] unknown
[2025-05-18 13:38:29] [GA4] purchase
[2025-05-18 19:47:54] [FACEBOOK] unknown
[2025-05-18 19:47:54] [TIKTOK] unknown
[2025-05-18 19:47:55] [GA4] purchase
[2025-05-18 20:10:20] [FACEBOOK] unknown
[2025-05-18 20:10:20] [TIKTOK] unknown
[2025-05-18 20:10:21] [GA4] purchase
[2025-05-18 20:19:38] [FACEBOOK] unknown
[2025-05-18 20:19:39] [TIKTOK] unknown
[2025-05-18 20:19:39] [GA4] purchase
[2025-05-18 20:31:20] [FACEBOOK] unknown
[2025-05-18 20:31:20] [TIKTOK] unknown
[2025-05-18 20:31:22] [GA4] purchase
[2025-05-18 20:52:05] [FACEBOOK] unknown
[2025-05-18 20:52:05] [TIKTOK] unknown
[2025-05-18 20:52:08] [GA4] purchase
[2025-05-18 20:55:56] [FACEBOOK] unknown
[2025-05-18 20:55:56] [TIKTOK] unknown
[2025-05-18 20:55:57] [GA4] purchase
[2025-05-18 20:59:04] [FACEBOOK] unknown
[2025-05-18 20:59:04] [TIKTOK] unknown
[2025-05-18 20:59:04] [GA4] purchase
[2025-05-18 20:59:35] [FACEBOOK] unknown
[2025-05-18 20:59:35] [TIKTOK] unknown
[2025-05-18 20:59:36] [GA4] purchase
[2025-05-18 21:01:15] [FACEBOOK] unknown
[2025-05-18 21:01:16] [TIKTOK] unknown
[2025-05-18 21:01:16] [GA4] purchase
[2025-05-18 21:01:44] [FACEBOOK] unknown
[2025-05-18 21:01:44] [TIKTOK] unknown
[2025-05-18 21:01:44] [GA4] purchase
[2025-05-18 21:02:25] [FACEBOOK] unknown
[2025-05-18 21:02:26] [TIKTOK] unknown
[2025-05-18 21:02:26] [GA4] purchase
[2025-05-18 21:03:38] [FACEBOOK] unknown
[2025-05-18 21:03:38] [TIKTOK] unknown
[2025-05-18 21:03:39] [GA4] purchase
[2025-05-18 21:06:15] [FACEBOOK] unknown
[2025-05-18 21:06:15] [TIKTOK] unknown
[2025-05-18 21:06:16] [GA4] purchase
[2025-05-18 21:07:02] [FACEBOOK] unknown
[2025-05-18 21:07:03] [TIKTOK] unknown
[2025-05-18 21:07:03] [GA4] purchase
[2025-05-18 21:07:08] [FACEBOOK] unknown
[2025-05-18 21:07:09] [TIKTOK] unknown
[2025-05-18 21:07:09] [GA4] purchase
[2025-05-18 21:07:27] [FACEBOOK] unknown
[2025-05-18 21:07:28] [TIKTOK] unknown
[2025-05-18 21:07:28] [GA4] purchase
[2025-05-18 21:08:34] [FACEBOOK] unknown
[2025-05-18 21:08:35] [TIKTOK] unknown
[2025-05-18 21:08:35] [GA4] purchase
[2025-05-18 21:09:40] [FACEBOOK] unknown
[2025-05-18 21:09:40] [TIKTOK] unknown
[2025-05-18 21:09:40] [GA4] purchase
[2025-05-18 21:10:14] [FACEBOOK] unknown
[2025-05-18 21:10:15] [TIKTOK] unknown
[2025-05-18 21:10:15] [GA4] purchase
[2025-05-18 21:10:51] [FACEBOOK] unknown
[2025-05-18 21:10:52] [TIKTOK] unknown
[2025-05-18 21:10:52] [GA4] purchase
[2025-05-18 21:11:05] [FACEBOOK] unknown
[2025-05-18 21:11:05] [TIKTOK] unknown
[2025-05-18 21:11:05] [GA4] purchase
[2025-05-18 21:12:19] [FACEBOOK] unknown
[2025-05-18 21:12:20] [TIKTOK] unknown
[2025-05-18 21:12:20] [GA4] purchase
[2025-05-18 21:28:07] [FACEBOOK] unknown
[2025-05-18 21:28:08] [TIKTOK] unknown
[2025-05-18 21:28:08] [GA4] purchase
[2025-05-19 08:38:23] [FACEBOOK] unknown
[2025-05-19 08:38:24] [TIKTOK] unknown
[2025-05-19 08:38:24] [GA4] purchase
[2025-05-19 08:41:05] [FACEBOOK] unknown
[2025-05-19 08:41:05] [TIKTOK] unknown
[2025-05-19 08:41:05] [GA4] purchase
[2025-05-19 08:53:42] [FACEBOOK] unknown
[2025-05-19 08:53:43] [TIKTOK] unknown
[2025-05-19 08:53:44] [GA4] purchase
[2025-05-19 09:04:32] [FACEBOOK] unknown
[2025-05-19 09:04:32] [TIKTOK] unknown
[2025-05-19 09:04:32] [GA4] purchase
[2025-05-19 09:04:54] [FACEBOOK] unknown
[2025-05-19 09:04:54] [TIKTOK] unknown
[2025-05-19 09:04:54] [GA4] purchase
[2025-05-19 09:05:00] [FACEBOOK] unknown
[2025-05-19 09:05:01] [TIKTOK] unknown
[2025-05-19 09:05:01] [GA4] purchase
[2025-05-19 09:05:09] [FACEBOOK] unknown
[2025-05-19 09:05:10] [TIKTOK] unknown
[2025-05-19 09:05:10] [GA4] purchase
[2025-05-19 09:05:41] [FACEBOOK] unknown
[2025-05-19 09:05:42] [TIKTOK] unknown
[2025-05-19 09:05:42] [GA4] purchase
[2025-05-19 09:06:09] [FACEBOOK] unknown
[2025-05-19 09:06:10] [TIKTOK] unknown
[2025-05-19 09:06:10] [GA4] purchase
[2025-05-19 09:09:02] [FACEBOOK] unknown
[2025-05-19 09:09:02] [TIKTOK] unknown
[2025-05-19 09:09:03] [GA4] purchase
[2025-05-19 09:09:03] [FACEBOOK] unknown
[2025-05-19 09:09:04] [TIKTOK] unknown
[2025-05-19 09:09:04] [GA4] purchase
[2025-05-19 09:09:14] [FACEBOOK] unknown
[2025-05-19 09:09:15] [TIKTOK] unknown
[2025-05-19 09:09:15] [GA4] purchase
[2025-05-19 09:09:30] [FACEBOOK] unknown
[2025-05-19 09:09:31] [TIKTOK] unknown
[2025-05-19 09:09:31] [GA4] purchase
[2025-05-19 09:10:09] [FACEBOOK] unknown
[2025-05-19 09:10:09] [TIKTOK] unknown
[2025-05-19 09:10:10] [GA4] purchase
[2025-05-19 09:11:56] [FACEBOOK] unknown
[2025-05-19 09:11:57] [TIKTOK] unknown
[2025-05-19 09:11:57] [GA4] purchase
[2025-05-19 09:17:57] [FACEBOOK] unknown
[2025-05-19 09:17:57] [TIKTOK] unknown
[2025-05-19 09:17:58] [GA4] purchase
[2025-05-19 09:25:53] [FACEBOOK] unknown
[2025-05-19 09:25:54] [TIKTOK] unknown
[2025-05-19 09:25:54] [GA4] purchase
[2025-05-19 09:26:11] [FACEBOOK] unknown
[2025-05-19 09:26:12] [TIKTOK] unknown
[2025-05-19 09:26:12] [GA4] purchase
[2025-05-19 09:28:07] [FACEBOOK] unknown
[2025-05-19 09:28:08] [TIKTOK] unknown
[2025-05-19 09:28:08] [GA4] purchase
[2025-05-19 09:28:35] [FACEBOOK] unknown
[2025-05-19 09:28:35] [TIKTOK] unknown
[2025-05-19 09:28:36] [GA4] purchase
[2025-05-19 09:29:30] [FACEBOOK] unknown
[2025-05-19 09:29:31] [TIKTOK] unknown
[2025-05-19 09:29:31] [GA4] purchase
[2025-05-19 09:33:18] [FACEBOOK] unknown
[2025-05-19 09:33:19] [TIKTOK] unknown
[2025-05-19 09:33:19] [GA4] purchase
[2025-05-19 09:34:01] [FACEBOOK] unknown
[2025-05-19 09:34:02] [TIKTOK] unknown
[2025-05-19 09:34:02] [GA4] purchase
[2025-05-19 09:35:15] [FACEBOOK] unknown
[2025-05-19 09:35:16] [TIKTOK] unknown
[2025-05-19 09:35:16] [GA4] purchase
[2025-05-19 09:38:01] [FACEBOOK] unknown
[2025-05-19 09:38:02] [TIKTOK] unknown
[2025-05-19 09:38:02] [GA4] purchase
[2025-05-19 09:58:07] [FACEBOOK] unknown
[2025-05-19 09:58:08] [TIKTOK] unknown
[2025-05-19 09:58:08] [GA4] purchase
[2025-05-19 09:58:47] [FACEBOOK] unknown
[2025-05-19 09:58:47] [TIKTOK] unknown
[2025-05-19 09:58:47] [GA4] purchase
[2025-05-19 11:30:53] [FACEBOOK] unknown
[2025-05-19 11:30:54] [TIKTOK] unknown
[2025-05-19 11:30:54] [GA4] purchase
[2025-05-19 11:31:51] [FACEBOOK] unknown
[2025-05-19 11:31:52] [TIKTOK] unknown
[2025-05-19 11:31:52] [GA4] purchase
[2025-05-19 11:32:27] [FACEBOOK] unknown
[2025-05-19 11:32:27] [TIKTOK] unknown
[2025-05-19 11:32:27] [GA4] purchase
[2025-05-19 11:32:33] [FACEBOOK] unknown
[2025-05-19 11:32:33] [TIKTOK] unknown
[2025-05-19 11:32:34] [GA4] purchase
[2025-05-19 11:32:37] [FACEBOOK] unknown
[2025-05-19 11:32:38] [TIKTOK] unknown
[2025-05-19 11:32:38] [GA4] purchase
[2025-05-19 11:32:45] [FACEBOOK] unknown
[2025-05-19 11:32:45] [TIKTOK] unknown
[2025-05-19 11:32:45] [GA4] purchase
[2025-05-19 11:33:02] [FACEBOOK] unknown
[2025-05-19 11:33:03] [TIKTOK] unknown
[2025-05-19 11:33:03] [GA4] purchase
[2025-05-19 11:40:23] [FACEBOOK] unknown
[2025-05-19 11:40:24] [TIKTOK] unknown
[2025-05-19 11:40:24] [GA4] purchase
[2025-05-19 11:44:21] [FACEBOOK] unknown
[2025-05-19 11:44:21] [TIKTOK] unknown
[2025-05-19 11:44:22] [GA4] purchase
[2025-05-19 11:47:02] [FACEBOOK] unknown
[2025-05-19 11:47:03] [TIKTOK] unknown
[2025-05-19 11:47:03] [GA4] purchase
[2025-05-19 11:47:53] [FACEBOOK] unknown
[2025-05-19 11:47:53] [TIKTOK] unknown
[2025-05-19 11:47:53] [GA4] purchase
[2025-05-19 11:48:09] [FACEBOOK] unknown
[2025-05-19 11:48:10] [TIKTOK] unknown
[2025-05-19 11:48:10] [GA4] purchase
[2025-05-19 11:48:37] [FACEBOOK] unknown
[2025-05-19 11:48:37] [TIKTOK] unknown
[2025-05-19 11:48:37] [GA4] purchase
[2025-05-19 15:14:03] [FACEBOOK] unknown
[2025-05-19 15:14:04] [TIKTOK] unknown
[2025-05-19 15:14:04] [GA4] purchase
[2025-05-19 18:26:05] [FACEBOOK] unknown
[2025-05-19 18:26:05] [TIKTOK] unknown
[2025-05-19 18:26:06] [GA4] purchase
[2025-05-19 19:20:05] [FACEBOOK] unknown
[2025-05-19 19:20:05] [TIKTOK] unknown
[2025-05-19 19:20:06] [GA4] purchase
[2025-05-20 06:28:22] [FACEBOOK] unknown
[2025-05-20 06:28:22] [TIKTOK] unknown
[2025-05-20 06:28:23] [GA4] purchase
[2025-05-20 06:52:23] [FACEBOOK] unknown
[2025-05-20 06:52:23] [TIKTOK] unknown
[2025-05-20 06:52:24] [GA4] purchase
[2025-05-20 06:55:52] [FACEBOOK] unknown
[2025-05-20 06:55:52] [TIKTOK] unknown
[2025-05-20 06:55:52] [GA4] purchase
[2025-05-20 07:02:43] [FACEBOOK] unknown
[2025-05-20 07:02:43] [TIKTOK] unknown
[2025-05-20 07:02:44] [GA4] purchase
[2025-05-20 09:13:21] [FACEBOOK] unknown
[2025-05-20 09:13:21] [TIKTOK] unknown
[2025-05-20 09:13:22] [GA4] purchase
[2025-05-20 09:18:23] [FACEBOOK] unknown
[2025-05-20 09:18:24] [TIKTOK] unknown
[2025-05-20 09:18:25] [GA4] purchase
[2025-05-20 09:20:20] [FACEBOOK] unknown
[2025-05-20 09:20:20] [TIKTOK] unknown
[2025-05-20 09:20:21] [GA4] purchase
[2025-05-20 09:20:44] [FACEBOOK] unknown
[2025-05-20 09:20:45] [TIKTOK] unknown
[2025-05-20 09:20:45] [GA4] purchase
[2025-05-20 09:22:55] [FACEBOOK] unknown
[2025-05-20 09:22:56] [TIKTOK] unknown
[2025-05-20 09:22:56] [GA4] purchase
[2025-05-20 09:25:06] [FACEBOOK] unknown
[2025-05-20 09:25:07] [TIKTOK] unknown
[2025-05-20 09:25:07] [GA4] purchase
[2025-05-20 09:27:56] [FACEBOOK] unknown
[2025-05-20 09:27:57] [TIKTOK] unknown
[2025-05-20 09:27:57] [GA4] purchase
[2025-05-20 09:28:04] [FACEBOOK] unknown
[2025-05-20 09:28:05] [TIKTOK] unknown
[2025-05-20 09:28:05] [GA4] purchase
[2025-05-20 09:28:18] [FACEBOOK] unknown
[2025-05-20 09:28:19] [TIKTOK] unknown
[2025-05-20 09:28:19] [GA4] purchase
[2025-05-20 09:29:00] [FACEBOOK] unknown
[2025-05-20 09:29:00] [TIKTOK] unknown
[2025-05-20 09:29:01] [GA4] purchase
[2025-05-20 09:30:08] [FACEBOOK] unknown
[2025-05-20 09:30:08] [TIKTOK] unknown
[2025-05-20 09:30:08] [GA4] purchase
[2025-05-20 09:31:21] [FACEBOOK] unknown
[2025-05-20 09:31:21] [TIKTOK] unknown
[2025-05-20 09:31:22] [GA4] purchase
[2025-05-20 09:31:42] [FACEBOOK] unknown
[2025-05-20 09:31:42] [TIKTOK] unknown
[2025-05-20 09:31:42] [GA4] purchase
[2025-05-20 09:39:44] [FACEBOOK] unknown
[2025-05-20 09:39:44] [TIKTOK] unknown
[2025-05-20 09:39:44] [GA4] purchase
[2025-05-20 09:40:11] [FACEBOOK] unknown
[2025-05-20 09:40:11] [TIKTOK] unknown
[2025-05-20 09:40:12] [GA4] purchase
[2025-05-20 09:40:16] [FACEBOOK] unknown
[2025-05-20 09:40:17] [TIKTOK] unknown
[2025-05-20 09:40:17] [GA4] purchase
[2025-05-20 09:40:21] [FACEBOOK] unknown
[2025-05-20 09:40:21] [TIKTOK] unknown
[2025-05-20 09:40:22] [GA4] purchase
[2025-05-20 09:40:28] [FACEBOOK] unknown
[2025-05-20 09:40:29] [TIKTOK] unknown
[2025-05-20 09:40:29] [GA4] purchase
[2025-05-20 09:40:35] [FACEBOOK] unknown
[2025-05-20 09:40:35] [TIKTOK] unknown
[2025-05-20 09:40:35] [GA4] purchase
[2025-05-20 09:42:02] [FACEBOOK] unknown
[2025-05-20 09:42:02] [TIKTOK] unknown
[2025-05-20 09:42:03] [GA4] purchase
[2025-05-20 09:42:57] [FACEBOOK] unknown
[2025-05-20 09:42:57] [TIKTOK] unknown
[2025-05-20 09:42:58] [GA4] purchase
[2025-05-20 09:43:57] [FACEBOOK] unknown
[2025-05-20 09:43:58] [TIKTOK] unknown
[2025-05-20 09:43:58] [GA4] purchase
[2025-05-20 09:44:31] [FACEBOOK] unknown
[2025-05-20 09:44:31] [TIKTOK] unknown
[2025-05-20 09:44:32] [GA4] purchase
[2025-05-20 09:44:49] [FACEBOOK] unknown
[2025-05-20 09:44:49] [TIKTOK] unknown
[2025-05-20 09:44:50] [GA4] purchase
[2025-05-20 09:45:41] [FACEBOOK] unknown
[2025-05-20 09:45:41] [TIKTOK] unknown
[2025-05-20 09:45:42] [GA4] purchase
[2025-05-20 09:46:13] [FACEBOOK] unknown
[2025-05-20 09:46:14] [TIKTOK] unknown
[2025-05-20 09:46:14] [GA4] purchase
[2025-05-20 09:46:17] [FACEBOOK] unknown
[2025-05-20 09:46:18] [TIKTOK] unknown
[2025-05-20 09:46:18] [GA4] purchase
[2025-05-20 09:46:28] [FACEBOOK] unknown
[2025-05-20 09:46:29] [TIKTOK] unknown
[2025-05-20 09:46:29] [GA4] purchase
[2025-05-20 09:46:33] [FACEBOOK] unknown
[2025-05-20 09:46:33] [TIKTOK] unknown
[2025-05-20 09:46:34] [GA4] purchase
[2025-05-20 09:48:40] [FACEBOOK] unknown
[2025-05-20 09:48:41] [TIKTOK] unknown
[2025-05-20 09:48:41] [GA4] purchase
[2025-05-20 09:49:00] [FACEBOOK] unknown
[2025-05-20 09:49:01] [TIKTOK] unknown
[2025-05-20 09:49:01] [GA4] purchase
[2025-05-20 10:05:00] [FACEBOOK] unknown
[2025-05-20 10:05:00] [TIKTOK] unknown
[2025-05-20 10:05:01] [GA4] purchase
[2025-05-20 10:05:09] [FACEBOOK] unknown
[2025-05-20 10:05:10] [TIKTOK] unknown
[2025-05-20 10:05:10] [GA4] purchase
[2025-05-20 10:08:30] [FACEBOOK] unknown
[2025-05-20 10:08:30] [TIKTOK] unknown
[2025-05-20 10:08:30] [GA4] purchase
[2025-05-20 10:08:58] [FACEBOOK] unknown
[2025-05-20 10:08:58] [TIKTOK] unknown
[2025-05-20 10:08:59] [GA4] purchase
[2025-05-20 10:09:04] [FACEBOOK] unknown
[2025-05-20 10:09:04] [TIKTOK] unknown
[2025-05-20 10:09:04] [GA4] purchase
[2025-05-20 10:37:29] [FACEBOOK] unknown
[2025-05-20 10:37:30] [TIKTOK] unknown
[2025-05-20 10:37:30] [GA4] purchase
[2025-05-20 10:37:30] [FACEBOOK] unknown
[2025-05-20 10:37:31] [TIKTOK] unknown
[2025-05-20 10:37:32] [GA4] purchase
[2025-05-20 10:42:26] [FACEBOOK] unknown
[2025-05-20 10:42:26] [TIKTOK] unknown
[2025-05-20 10:42:27] [GA4] purchase
[2025-05-20 10:43:47] [FACEBOOK] unknown
[2025-05-20 10:43:48] [TIKTOK] unknown
[2025-05-20 10:43:48] [GA4] purchase
[2025-05-20 12:14:09] [FACEBOOK] unknown
[2025-05-20 12:14:09] [TIKTOK] unknown
[2025-05-20 12:14:10] [GA4] purchase
[2025-05-20 12:39:47] [FACEBOOK] unknown
[2025-05-20 12:39:47] [TIKTOK] unknown
[2025-05-20 12:39:48] [GA4] purchase
[2025-05-20 12:39:51] [FACEBOOK] unknown
[2025-05-20 12:39:51] [TIKTOK] unknown
[2025-05-20 12:39:52] [GA4] purchase
[2025-05-20 12:39:53] [FACEBOOK] unknown
[2025-05-20 12:39:54] [TIKTOK] unknown
[2025-05-20 12:39:54] [GA4] purchase
[2025-05-20 12:40:26] [FACEBOOK] unknown
[2025-05-20 12:40:27] [TIKTOK] unknown
[2025-05-20 12:40:27] [GA4] purchase
[2025-05-20 12:40:27] [FACEBOOK] unknown
[2025-05-20 12:40:28] [TIKTOK] unknown
[2025-05-20 12:40:28] [GA4] purchase
[2025-05-20 12:43:02] [FACEBOOK] unknown
[2025-05-20 12:43:03] [TIKTOK] unknown
[2025-05-20 12:43:03] [GA4] purchase
[2025-05-20 20:46:55] [FACEBOOK] unknown
[2025-05-20 20:46:55] [TIKTOK] unknown
[2025-05-20 20:46:55] [GA4] purchase
[2025-05-20 20:47:20] [FACEBOOK] unknown
[2025-05-20 20:47:21] [TIKTOK] unknown
[2025-05-20 20:47:21] [GA4] purchase
[2025-05-20 20:47:39] [FACEBOOK] unknown
[2025-05-20 20:47:39] [TIKTOK] unknown
[2025-05-20 20:47:40] [GA4] purchase
[2025-05-20 20:48:12] [FACEBOOK] unknown
[2025-05-20 20:48:13] [TIKTOK] unknown
[2025-05-20 20:48:13] [GA4] purchase
[2025-05-20 20:48:19] [FACEBOOK] unknown
[2025-05-20 20:48:19] [TIKTOK] unknown
[2025-05-20 20:48:20] [GA4] purchase
[2025-05-20 20:48:40] [FACEBOOK] unknown
[2025-05-20 20:48:41] [TIKTOK] unknown
[2025-05-20 20:48:41] [GA4] purchase
[2025-05-20 21:10:35] [FACEBOOK] unknown
[2025-05-20 21:10:36] [TIKTOK] unknown
[2025-05-20 21:10:36] [GA4] purchase
[2025-05-20 21:11:40] [FACEBOOK] unknown
[2025-05-20 21:11:40] [TIKTOK] unknown
[2025-05-20 21:11:41] [GA4] purchase
[2025-05-20 21:12:33] [FACEBOOK] unknown
[2025-05-20 21:12:34] [TIKTOK] unknown
[2025-05-20 21:12:34] [GA4] purchase
[2025-05-21 12:47:28] [FACEBOOK] unknown
[2025-05-21 12:47:28] [TIKTOK] unknown
[2025-05-21 12:47:28] [GA4] purchase
[2025-05-21 12:48:05] [FACEBOOK] unknown
[2025-05-21 12:48:05] [TIKTOK] unknown
[2025-05-21 12:48:05] [GA4] purchase
[2025-05-21 12:48:58] [FACEBOOK] unknown
[2025-05-21 12:48:58] [TIKTOK] unknown
[2025-05-21 12:48:58] [GA4] purchase
[2025-05-21 12:49:00] [FACEBOOK] unknown
[2025-05-21 12:49:00] [TIKTOK] unknown
[2025-05-21 12:49:00] [FACEBOOK] unknown
[2025-05-21 12:49:00] [TIKTOK] unknown
[2025-05-21 12:49:01] [GA4] purchase
[2025-05-21 12:49:01] [GA4] purchase
[2025-05-21 12:49:16] [FACEBOOK] unknown
[2025-05-21 12:49:16] [TIKTOK] unknown
[2025-05-21 12:49:17] [GA4] purchase
[2025-05-21 12:49:33] [FACEBOOK] unknown
[2025-05-21 12:49:33] [TIKTOK] unknown
[2025-05-21 12:49:34] [GA4] purchase
[2025-05-21 12:49:46] [FACEBOOK] unknown
[2025-05-21 12:49:46] [TIKTOK] unknown
[2025-05-21 12:49:46] [GA4] purchase
[2025-05-22 08:37:16] [FACEBOOK] unknown
[2025-05-22 08:37:16] [TIKTOK] unknown
[2025-05-22 08:37:16] [GA4] purchase
[2025-05-22 09:58:49] [FACEBOOK] unknown
[2025-05-22 09:58:49] [TIKTOK] unknown
[2025-05-22 09:58:49] [GA4] begin_checkout
[2025-05-22 12:41:01] [FACEBOOK] unknown
[2025-05-22 12:41:01] [TIKTOK] unknown
[2025-05-22 12:41:01] [GA4] begin_checkout
[2025-05-22 12:41:16] [FACEBOOK] unknown
[2025-05-22 12:41:16] [TIKTOK] unknown
[2025-05-22 12:41:16] [GA4] begin_checkout
[2025-05-22 13:42:05] [FACEBOOK] unknown
[2025-05-22 13:42:05] [TIKTOK] unknown
[2025-05-22 13:42:05] [GA4] begin_checkout
[2025-05-22 13:44:37] [FACEBOOK] unknown
[2025-05-22 13:44:37] [TIKTOK] unknown
[2025-05-22 13:44:37] [GA4] begin_checkout
[2025-05-22 13:44:41] [FACEBOOK] unknown
[2025-05-22 13:44:41] [TIKTOK] unknown
[2025-05-22 13:44:41] [GA4] begin_checkout
[2025-05-22 13:45:10] [FACEBOOK] unknown
[2025-05-22 13:45:10] [TIKTOK] unknown
[2025-05-22 13:45:10] [GA4] begin_checkout
[2025-05-22 13:45:26] [FACEBOOK] unknown
[2025-05-22 13:45:26] [TIKTOK] unknown
[2025-05-22 13:45:26] [GA4] begin_checkout
[2025-05-22 13:45:36] [FACEBOOK] unknown
[2025-05-22 13:45:36] [TIKTOK] unknown
[2025-05-22 13:45:36] [GA4] begin_checkout
[2025-05-22 14:03:48] [FACEBOOK] unknown
[2025-05-22 14:03:48] [TIKTOK] unknown
[2025-05-22 14:03:49] [GA4] purchase
[2025-05-22 14:04:03] [FACEBOOK] unknown
[2025-05-22 14:04:03] [TIKTOK] unknown
[2025-05-22 14:04:03] [GA4] purchase
[2025-05-22 21:53:58] [FACEBOOK] unknown
[2025-05-22 21:53:58] [TIKTOK] unknown
[2025-05-22 21:53:58] [GA4] begin_checkout
[2025-05-22 21:54:41] [FACEBOOK] unknown
[2025-05-22 21:54:42] [TIKTOK] unknown
[2025-05-22 21:54:42] [GA4] test_purchase
[2025-05-22 23:49:49] [FACEBOOK] unknown
[2025-05-22 23:49:49] [TIKTOK] unknown
[2025-05-22 23:49:49] [GA4] begin_checkout
[2025-05-23 07:58:26] [FACEBOOK] unknown
[2025-05-23 07:58:26] [TIKTOK] unknown
[2025-05-23 07:58:26] [GA4] begin_checkout
[2025-05-23 07:59:13] [FACEBOOK] unknown
[2025-05-23 07:59:13] [TIKTOK] unknown
[2025-05-23 07:59:13] [GA4] begin_checkout
[2025-05-23 08:00:53] [FACEBOOK] unknown
[2025-05-23 08:00:53] [TIKTOK] unknown
[2025-05-23 08:00:53] [GA4] begin_checkout
[2025-05-23 08:01:06] [FACEBOOK] unknown
[2025-05-23 08:01:06] [TIKTOK] unknown
[2025-05-23 08:01:06] [GA4] begin_checkout
[2025-05-23 08:01:10] [FACEBOOK] unknown
[2025-05-23 08:01:10] [TIKTOK] unknown
[2025-05-23 08:01:10] [GA4] begin_checkout
[2025-05-23 08:04:27] [FACEBOOK] unknown
[2025-05-23 08:04:27] [TIKTOK] unknown
[2025-05-23 08:04:27] [GA4] begin_checkout
[2025-05-23 09:48:58] [FACEBOOK] unknown
[2025-05-23 09:48:58] [TIKTOK] unknown
[2025-05-23 09:48:58] [GA4] begin_checkout
[2025-05-23 09:51:31] [FACEBOOK] unknown
[2025-05-23 09:51:31] [TIKTOK] unknown
[2025-05-23 09:51:31] [GA4] begin_checkout
[2025-05-23 09:52:53] [FACEBOOK] unknown
[2025-05-23 09:52:53] [TIKTOK] unknown
[2025-05-23 09:52:53] [GA4] begin_checkout
[2025-05-23 09:53:35] [FACEBOOK] unknown
[2025-05-23 09:53:35] [TIKTOK] unknown
[2025-05-23 09:53:35] [GA4] begin_checkout
[2025-05-23 10:00:39] [FACEBOOK] unknown
[2025-05-23 10:00:39] [TIKTOK] unknown
[2025-05-23 10:00:39] [GA4] begin_checkout
[2025-05-23 10:39:14] [FACEBOOK] unknown
[2025-05-23 10:39:14] [TIKTOK] unknown
[2025-05-23 10:39:14] [GA4] begin_checkout
[2025-05-23 10:49:29] [FACEBOOK] unknown
[2025-05-23 10:49:29] [TIKTOK] unknown
[2025-05-23 10:49:29] [GA4] test_purchase
[2025-05-23 12:14:41] [FACEBOOK] unknown
[2025-05-23 12:14:41] [TIKTOK] unknown
[2025-05-23 12:14:41] [GA4] begin_checkout
[2025-05-23 22:10:24] [FACEBOOK] unknown
[2025-05-23 22:10:24] [TIKTOK] unknown
[2025-05-23 22:10:24] [GA4] begin_checkout
[2025-05-23 22:10:42] [FACEBOOK] unknown
[2025-05-23 22:10:42] [TIKTOK] unknown
[2025-05-23 22:10:42] [GA4] begin_checkout
[2025-05-23 22:10:50] [FACEBOOK] unknown
[2025-05-23 22:10:50] [TIKTOK] unknown
[2025-05-23 22:10:50] [GA4] begin_checkout
[2025-05-23 22:14:02] [FACEBOOK] unknown
[2025-05-23 22:14:02] [TIKTOK] unknown
[2025-05-23 22:14:02] [GA4] test_purchase
[2025-05-23 22:14:44] [FACEBOOK] unknown
[2025-05-23 22:14:44] [TIKTOK] unknown
[2025-05-23 22:14:45] [GA4] test_purchase
[2025-05-23 22:15:31] [FACEBOOK] unknown
[2025-05-23 22:15:31] [TIKTOK] unknown
[2025-05-23 22:15:31] [GA4] begin_checkout
[2025-05-23 22:15:41] [FACEBOOK] unknown
[2025-05-23 22:15:41] [TIKTOK] unknown
[2025-05-23 22:15:41] [GA4] test_purchase
[2025-05-23 22:36:34] [FACEBOOK] unknown
[2025-05-23 22:36:34] [TIKTOK] unknown
[2025-05-23 22:36:35] [GA4] test_purchase
[2025-05-23 22:36:48] [FACEBOOK] unknown
[2025-05-23 22:36:48] [TIKTOK] unknown
[2025-05-23 22:36:48] [GA4] test_purchase
[2025-05-23 22:39:37] [FACEBOOK] unknown
[2025-05-23 22:39:38] [TIKTOK] unknown
[2025-05-23 22:39:38] [GA4] test_purchase
[2025-05-23 22:39:39] [FACEBOOK] unknown
[2025-05-23 22:39:39] [TIKTOK] unknown
[2025-05-23 22:39:40] [GA4] test_purchase
[2025-05-23 22:40:42] [FACEBOOK] unknown
[2025-05-23 22:40:42] [TIKTOK] unknown
[2025-05-23 22:40:42] [GA4] test_purchase
[2025-05-23 22:41:22] [FACEBOOK] unknown
[2025-05-23 22:41:22] [TIKTOK] unknown
[2025-05-23 22:41:22] [GA4] test_purchase
[2025-05-23 22:44:37] [FACEBOOK] unknown
[2025-05-23 22:44:37] [TIKTOK] unknown
[2025-05-23 22:44:37] [GA4] purchase_123
[2025-05-23 22:47:24] [FACEBOOK] unknown
[2025-05-23 22:47:24] [TIKTOK] unknown
[2025-05-23 22:47:24] [GA4] purchase_123
[2025-05-23 22:48:03] [FACEBOOK] unknown
[2025-05-23 22:48:03] [TIKTOK] unknown
[2025-05-23 22:48:04] [GA4] purchase_123
[2025-05-23 22:49:25] [FACEBOOK] unknown
[2025-05-23 22:49:25] [TIKTOK] unknown
[2025-05-23 22:49:26] [GA4] purchase
[2025-05-24 08:09:35] [FACEBOOK] unknown
[2025-05-24 08:09:35] [TIKTOK] unknown
[2025-05-24 08:09:35] [GA4] begin_checkout
[2025-05-24 08:11:22] [FACEBOOK] unknown
[2025-05-24 08:11:22] [TIKTOK] unknown
[2025-05-24 08:11:22] [GA4] purchase
[2025-05-24 08:16:26] [FACEBOOK] unknown
[2025-05-24 08:16:26] [TIKTOK] unknown
[2025-05-24 08:16:26] [GA4] purchase
[2025-05-24 17:07:11] [FACEBOOK] unknown
[2025-05-24 17:07:11] [TIKTOK] unknown
[2025-05-24 17:07:11] [GA4] begin_checkout
[2025-05-24 20:13:53] [FACEBOOK] unknown
[2025-05-24 20:13:53] [TIKTOK] unknown
[2025-05-24 20:13:53] [GA4] begin_checkout
[2025-05-24 23:49:07] [FACEBOOK] unknown
[2025-05-24 23:49:07] [TIKTOK] unknown
[2025-05-24 23:49:07] [GA4] begin_checkout
[2025-05-25 19:12:59] [FACEBOOK] unknown
[2025-05-25 19:12:59] [TIKTOK] unknown
[2025-05-25 19:12:59] [GA4] begin_checkout
[2025-05-25 19:17:32] [FACEBOOK] unknown
[2025-05-25 19:17:32] [TIKTOK] unknown
[2025-05-25 19:17:32] [GA4] begin_checkout
[2025-05-25 19:17:38] [FACEBOOK] unknown
[2025-05-25 19:17:38] [TIKTOK] unknown
[2025-05-25 19:17:38] [GA4] begin_checkout
[2025-05-25 19:17:40] [FACEBOOK] unknown
[2025-05-25 19:17:40] [TIKTOK] unknown
[2025-05-25 19:17:40] [GA4] begin_checkout
[2025-05-25 19:18:45] [FACEBOOK] unknown
[2025-05-25 19:18:45] [TIKTOK] unknown
[2025-05-25 19:18:45] [GA4] begin_checkout
[2025-05-25 19:21:21] [FACEBOOK] unknown
[2025-05-25 19:21:21] [TIKTOK] unknown
[2025-05-25 19:21:21] [GA4] begin_checkout
[2025-05-26 07:08:19] [FACEBOOK] unknown
[2025-05-26 07:08:19] [TIKTOK] unknown
[2025-05-26 07:08:19] [GA4] begin_checkout
[2025-05-27 19:42:45] [FACEBOOK] unknown
[2025-05-27 19:42:45] [TIKTOK] unknown
[2025-05-27 19:42:46] [GA4] purchase
[2025-05-27 20:10:15] [FACEBOOK] unknown
[2025-05-27 20:10:15] [TIKTOK] unknown
[2025-05-27 20:10:15] [GA4] purchase
[2025-05-27 20:21:36] [FACEBOOK] unknown
[2025-05-27 20:21:36] [TIKTOK] unknown
[2025-05-27 20:21:36] [GA4] begin_checkout
[2025-05-27 20:21:41] [FACEBOOK] unknown
[2025-05-27 20:21:41] [TIKTOK] unknown
[2025-05-27 20:21:41] [GA4] begin_checkout
[2025-05-27 20:41:03] [FACEBOOK] unknown
[2025-05-27 20:41:03] [TIKTOK] unknown
[2025-05-27 20:41:03] [GA4] begin_checkout
[2025-05-27 20:42:15] [FACEBOOK] unknown
[2025-05-27 20:42:15] [TIKTOK] unknown
[2025-05-27 20:42:15] [GA4] begin_checkout
[2025-05-27 20:42:25] [FACEBOOK] unknown
[2025-05-27 20:42:25] [TIKTOK] unknown
[2025-05-27 20:42:25] [GA4] begin_checkout
[2025-05-27 20:45:23] [FACEBOOK] unknown
[2025-05-27 20:45:23] [TIKTOK] unknown
[2025-05-27 20:45:23] [GA4] begin_checkout
[2025-05-28 12:18:27] [FACEBOOK] unknown
[2025-05-28 12:18:27] [TIKTOK] unknown
[2025-05-28 12:18:27] [GA4] purchase
[2025-05-28 19:00:28] [FACEBOOK] unknown
[2025-05-28 19:00:28] [TIKTOK] unknown
[2025-05-28 19:00:28] [GA4] begin_checkout
[2025-05-28 19:15:48] [FACEBOOK] unknown
[2025-05-28 19:15:48] [TIKTOK] unknown
[2025-05-28 19:15:48] [GA4] begin_checkout
[2025-05-29 10:47:19] [FACEBOOK] unknown
[2025-05-29 10:47:19] [TIKTOK] unknown
[2025-05-29 10:47:19] [GA4] begin_checkout
[2025-05-29 10:47:24] [FACEBOOK] unknown
[2025-05-29 10:47:24] [TIKTOK] unknown
[2025-05-29 10:47:24] [GA4] begin_checkout
[2025-05-29 10:47:37] [FACEBOOK] unknown
[2025-05-29 10:47:37] [TIKTOK] unknown
[2025-05-29 10:47:37] [GA4] begin_checkout
[2025-05-29 10:47:40] [FACEBOOK] unknown
[2025-05-29 10:47:40] [TIKTOK] unknown
[2025-05-29 10:47:40] [GA4] begin_checkout
[2025-05-29 10:47:45] [FACEBOOK] unknown
[2025-05-29 10:47:45] [TIKTOK] unknown
[2025-05-29 10:47:45] [GA4] begin_checkout
[2025-05-29 10:48:02] [FACEBOOK] unknown
[2025-05-29 10:48:02] [TIKTOK] unknown
[2025-05-29 10:48:02] [GA4] begin_checkout
[2025-05-29 10:49:14] [FACEBOOK] unknown
[2025-05-29 10:49:14] [TIKTOK] unknown
[2025-05-29 10:49:14] [GA4] begin_checkout
[2025-05-29 10:51:08] [FACEBOOK] unknown
[2025-05-29 10:51:08] [TIKTOK] unknown
[2025-05-29 10:51:08] [GA4] begin_checkout
[2025-05-29 10:51:33] [FACEBOOK] unknown
[2025-05-29 10:51:33] [TIKTOK] unknown
[2025-05-29 10:51:33] [GA4] begin_checkout
[2025-05-29 10:51:44] [FACEBOOK] unknown
[2025-05-29 10:51:44] [TIKTOK] unknown
[2025-05-29 10:51:44] [GA4] begin_checkout
[2025-05-29 11:37:54] [FACEBOOK] unknown
[2025-05-29 11:37:54] [TIKTOK] unknown
[2025-05-29 11:37:54] [GA4] begin_checkout
[2025-05-29 11:38:05] [FACEBOOK] unknown
[2025-05-29 11:38:05] [TIKTOK] unknown
[2025-05-29 11:38:05] [GA4] begin_checkout
[2025-05-29 11:38:08] [FACEBOOK] unknown
[2025-05-29 11:38:08] [TIKTOK] unknown
[2025-05-29 11:38:08] [GA4] begin_checkout
[2025-05-29 11:38:09] [FACEBOOK] unknown
[2025-05-29 11:38:09] [TIKTOK] unknown
[2025-05-29 11:38:09] [GA4] begin_checkout
[2025-05-29 11:38:40] [FACEBOOK] unknown
[2025-05-29 11:38:40] [TIKTOK] unknown
[2025-05-29 11:38:40] [GA4] begin_checkout
[2025-05-29 21:27:28] [FACEBOOK] unknown
[2025-05-29 21:27:28] [TIKTOK] unknown
[2025-05-29 21:27:28] [GA4] begin_checkout
[2025-05-29 22:49:49] [FACEBOOK] unknown
[2025-05-29 22:49:49] [TIKTOK] unknown
[2025-05-29 22:49:49] [GA4] purchase
[2025-06-02 08:39:02] [FACEBOOK] unknown
[2025-06-02 08:39:02] [TIKTOK] unknown
[2025-06-02 08:39:02] [GA4] begin_checkout
[2025-06-02 09:20:58] [FACEBOOK] unknown
[2025-06-02 09:20:58] [TIKTOK] unknown
[2025-06-02 09:20:58] [GA4] begin_checkout
[2025-06-02 09:21:03] [FACEBOOK] unknown
[2025-06-02 09:21:03] [TIKTOK] unknown
[2025-06-02 09:21:03] [GA4] begin_checkout
[2025-06-02 09:21:16] [FACEBOOK] unknown
[2025-06-02 09:21:16] [TIKTOK] unknown
[2025-06-02 09:21:16] [GA4] begin_checkout
[2025-06-02 09:21:27] [FACEBOOK] unknown
[2025-06-02 09:21:27] [TIKTOK] unknown
[2025-06-02 09:21:27] [GA4] begin_checkout
[2025-06-02 09:21:43] [FACEBOOK] unknown
[2025-06-02 09:21:43] [TIKTOK] unknown
[2025-06-02 09:21:43] [GA4] begin_checkout
[2025-06-02 09:22:18] [FACEBOOK] unknown
[2025-06-02 09:22:18] [TIKTOK] unknown
[2025-06-02 09:22:18] [GA4] begin_checkout
[2025-06-02 09:22:26] [FACEBOOK] unknown
[2025-06-02 09:22:26] [TIKTOK] unknown
[2025-06-02 09:22:26] [GA4] begin_checkout
[2025-06-02 09:23:38] [FACEBOOK] unknown
[2025-06-02 09:23:38] [TIKTOK] unknown
[2025-06-02 09:23:38] [GA4] begin_checkout
[2025-06-02 10:09:02] [FACEBOOK] unknown
[2025-06-02 10:09:02] [TIKTOK] unknown
[2025-06-02 10:09:02] [GA4] begin_checkout
[2025-06-02 10:09:08] [FACEBOOK] unknown
[2025-06-02 10:09:08] [TIKTOK] unknown
[2025-06-02 10:09:08] [GA4] begin_checkout
[2025-06-02 10:09:15] [FACEBOOK] unknown
[2025-06-02 10:09:15] [TIKTOK] unknown
[2025-06-02 10:09:15] [GA4] begin_checkout
[2025-06-02 10:09:42] [FACEBOOK] unknown
[2025-06-02 10:09:42] [TIKTOK] unknown
[2025-06-02 10:09:42] [GA4] begin_checkout
[2025-06-02 10:09:58] [FACEBOOK] unknown
[2025-06-02 10:09:58] [TIKTOK] unknown
[2025-06-02 10:09:58] [GA4] begin_checkout
[2025-06-02 10:10:56] [FACEBOOK] unknown
[2025-06-02 10:10:56] [TIKTOK] unknown
[2025-06-02 10:10:56] [GA4] begin_checkout
[2025-06-02 10:11:08] [FACEBOOK] unknown
[2025-06-02 10:11:08] [TIKTOK] unknown
[2025-06-02 10:11:08] [GA4] begin_checkout
[2025-06-02 10:11:19] [FACEBOOK] unknown
[2025-06-02 10:11:19] [TIKTOK] unknown
[2025-06-02 10:11:19] [GA4] begin_checkout
[2025-06-02 10:12:27] [FACEBOOK] unknown
[2025-06-02 10:12:27] [TIKTOK] unknown
[2025-06-02 10:12:27] [GA4] begin_checkout
[2025-06-02 10:15:29] [FACEBOOK] unknown
[2025-06-02 10:15:29] [TIKTOK] unknown
[2025-06-02 10:15:29] [GA4] begin_checkout
[2025-06-02 10:16:43] [FACEBOOK] unknown
[2025-06-02 10:16:43] [TIKTOK] unknown
[2025-06-02 10:16:43] [GA4] begin_checkout
[2025-06-02 10:17:03] [FACEBOOK] unknown
[2025-06-02 10:17:03] [TIKTOK] unknown
[2025-06-02 10:17:03] [GA4] begin_checkout
[2025-06-02 10:17:50] [FACEBOOK] unknown
[2025-06-02 10:17:50] [TIKTOK] unknown
[2025-06-02 10:17:50] [GA4] begin_checkout
[2025-06-02 10:18:04] [FACEBOOK] unknown
[2025-06-02 10:18:04] [TIKTOK] unknown
[2025-06-02 10:18:04] [GA4] begin_checkout
[2025-06-02 10:18:37] [FACEBOOK] unknown
[2025-06-02 10:18:37] [TIKTOK] unknown
[2025-06-02 10:18:37] [GA4] begin_checkout
[2025-06-02 15:55:49] [FACEBOOK] unknown
[2025-06-02 15:55:49] [TIKTOK] unknown
[2025-06-02 15:55:49] [GA4] begin_checkout
[2025-06-02 16:04:34] [FACEBOOK] unknown
[2025-06-02 16:04:34] [TIKTOK] unknown
[2025-06-02 16:04:34] [GA4] begin_checkout
[2025-06-02 16:04:56] [FACEBOOK] unknown
[2025-06-02 16:04:56] [TIKTOK] unknown
[2025-06-02 16:04:56] [GA4] begin_checkout
[2025-06-02 18:02:07] [FACEBOOK] unknown
[2025-06-02 18:02:07] [TIKTOK] unknown
[2025-06-02 18:02:07] [GA4] begin_checkout
[2025-06-02 22:36:32] [FACEBOOK] unknown
[2025-06-02 22:36:32] [TIKTOK] unknown
[2025-06-02 22:36:32] [GA4] begin_checkout
[2025-06-02 22:36:37] [FACEBOOK] unknown
[2025-06-02 22:36:37] [TIKTOK] unknown
[2025-06-02 22:36:37] [GA4] begin_checkout
[2025-06-03 03:38:46] [FACEBOOK] unknown
[2025-06-03 03:38:46] [TIKTOK] unknown
[2025-06-03 03:38:47] [GA4] purchase
[2025-06-03 08:19:54] [FACEBOOK] unknown
[2025-06-03 08:19:54] [TIKTOK] unknown
[2025-06-03 08:19:54] [GA4] begin_checkout
[2025-06-03 08:55:53] [FACEBOOK] unknown
[2025-06-03 08:55:53] [TIKTOK] unknown
[2025-06-03 08:55:53] [GA4] begin_checkout
[2025-06-03 08:56:14] [FACEBOOK] unknown
[2025-06-03 08:56:14] [TIKTOK] unknown
[2025-06-03 08:56:14] [GA4] begin_checkout
[2025-06-03 09:00:28] [FACEBOOK] unknown
[2025-06-03 09:00:28] [TIKTOK] unknown
[2025-06-03 09:00:28] [GA4] begin_checkout
[2025-06-03 09:00:32] [FACEBOOK] unknown
[2025-06-03 09:00:32] [TIKTOK] unknown
[2025-06-03 09:00:32] [GA4] begin_checkout
[2025-06-03 09:00:39] [FACEBOOK] unknown
[2025-06-03 09:00:39] [TIKTOK] unknown
[2025-06-03 09:00:39] [GA4] begin_checkout
[2025-06-03 09:00:43] [FACEBOOK] unknown
[2025-06-03 09:00:43] [TIKTOK] unknown
[2025-06-03 09:00:43] [GA4] begin_checkout
[2025-06-03 09:00:48] [FACEBOOK] unknown
[2025-06-03 09:00:48] [TIKTOK] unknown
[2025-06-03 09:00:48] [GA4] begin_checkout
[2025-06-03 09:00:52] [FACEBOOK] unknown
[2025-06-03 09:00:52] [TIKTOK] unknown
[2025-06-03 09:00:52] [GA4] begin_checkout
[2025-06-03 09:00:59] [FACEBOOK] unknown
[2025-06-03 09:00:59] [TIKTOK] unknown
[2025-06-03 09:00:59] [GA4] begin_checkout
[2025-06-03 09:01:08] [FACEBOOK] unknown
[2025-06-03 09:01:08] [TIKTOK] unknown
[2025-06-03 09:01:08] [GA4] begin_checkout
[2025-06-03 09:01:15] [FACEBOOK] unknown
[2025-06-03 09:01:15] [TIKTOK] unknown
[2025-06-03 09:01:15] [GA4] begin_checkout
[2025-06-03 09:01:22] [FACEBOOK] unknown
[2025-06-03 09:01:22] [TIKTOK] unknown
[2025-06-03 09:01:22] [GA4] begin_checkout
[2025-06-03 09:01:40] [FACEBOOK] unknown
[2025-06-03 09:01:40] [TIKTOK] unknown
[2025-06-03 09:01:40] [GA4] begin_checkout
[2025-06-03 09:01:46] [FACEBOOK] unknown
[2025-06-03 09:01:46] [TIKTOK] unknown
[2025-06-03 09:01:46] [GA4] begin_checkout
[2025-06-03 09:01:55] [FACEBOOK] unknown
[2025-06-03 09:01:55] [TIKTOK] unknown
[2025-06-03 09:01:55] [GA4] begin_checkout
[2025-06-03 09:02:05] [FACEBOOK] unknown
[2025-06-03 09:02:05] [TIKTOK] unknown
[2025-06-03 09:02:05] [GA4] begin_checkout
[2025-06-03 09:02:12] [FACEBOOK] unknown
[2025-06-03 09:02:12] [TIKTOK] unknown
[2025-06-03 09:02:12] [GA4] begin_checkout
[2025-06-03 09:02:20] [FACEBOOK] unknown
[2025-06-03 09:02:20] [TIKTOK] unknown
[2025-06-03 09:02:20] [GA4] begin_checkout
[2025-06-03 09:02:26] [FACEBOOK] unknown
[2025-06-03 09:02:26] [TIKTOK] unknown
[2025-06-03 09:02:26] [GA4] begin_checkout
[2025-06-03 09:03:23] [FACEBOOK] unknown
[2025-06-03 09:03:23] [TIKTOK] unknown
[2025-06-03 09:03:23] [GA4] begin_checkout
[2025-06-03 09:03:34] [FACEBOOK] unknown
[2025-06-03 09:03:34] [TIKTOK] unknown
[2025-06-03 09:03:34] [GA4] begin_checkout
[2025-06-03 09:21:30] [FACEBOOK] unknown
[2025-06-03 09:21:30] [TIKTOK] unknown
[2025-06-03 09:21:30] [GA4] begin_checkout
[2025-06-03 09:21:51] [FACEBOOK] unknown
[2025-06-03 09:21:51] [TIKTOK] unknown
[2025-06-03 09:21:51] [GA4] begin_checkout
[2025-06-03 09:22:19] [FACEBOOK] unknown
[2025-06-03 09:22:19] [TIKTOK] unknown
[2025-06-03 09:22:19] [GA4] begin_checkout
[2025-06-03 09:23:16] [FACEBOOK] unknown
[2025-06-03 09:23:16] [TIKTOK] unknown
[2025-06-03 09:23:16] [GA4] begin_checkout
[2025-06-03 09:23:24] [FACEBOOK] unknown
[2025-06-03 09:23:24] [TIKTOK] unknown
[2025-06-03 09:23:24] [GA4] begin_checkout
[2025-06-03 09:23:29] [FACEBOOK] unknown
[2025-06-03 09:23:29] [TIKTOK] unknown
[2025-06-03 09:23:29] [GA4] begin_checkout
[2025-06-03 09:23:34] [FACEBOOK] unknown
[2025-06-03 09:23:34] [TIKTOK] unknown
[2025-06-03 09:23:34] [GA4] begin_checkout
[2025-06-03 09:23:38] [FACEBOOK] unknown
[2025-06-03 09:23:38] [TIKTOK] unknown
[2025-06-03 09:23:38] [GA4] begin_checkout
[2025-06-03 09:23:44] [FACEBOOK] unknown
[2025-06-03 09:23:44] [TIKTOK] unknown
[2025-06-03 09:23:44] [GA4] begin_checkout
[2025-06-03 09:23:58] [FACEBOOK] unknown
[2025-06-03 09:23:58] [TIKTOK] unknown
[2025-06-03 09:23:58] [GA4] begin_checkout
[2025-06-03 09:24:13] [FACEBOOK] unknown
[2025-06-03 09:24:13] [TIKTOK] unknown
[2025-06-03 09:24:13] [GA4] begin_checkout
[2025-06-03 09:25:58] [FACEBOOK] unknown
[2025-06-03 09:25:58] [TIKTOK] unknown
[2025-06-03 09:25:58] [GA4] begin_checkout
[2025-06-03 18:23:22] [FACEBOOK] unknown
[2025-06-03 18:23:22] [TIKTOK] unknown
[2025-06-03 18:23:22] [GA4] begin_checkout
[2025-06-03 18:27:12] [FACEBOOK] unknown
[2025-06-03 18:27:12] [TIKTOK] unknown
[2025-06-03 18:27:12] [GA4] begin_checkout
[2025-06-03 18:32:24] [FACEBOOK] unknown
[2025-06-03 18:32:24] [TIKTOK] unknown
[2025-06-03 18:32:24] [GA4] begin_checkout
[2025-06-03 18:32:29] [FACEBOOK] unknown
[2025-06-03 18:32:29] [TIKTOK] unknown
[2025-06-03 18:32:29] [GA4] begin_checkout
[2025-06-03 18:32:37] [FACEBOOK] unknown
[2025-06-03 18:32:37] [TIKTOK] unknown
[2025-06-03 18:32:37] [GA4] begin_checkout
[2025-06-03 19:15:14] [FACEBOOK] unknown
[2025-06-03 19:15:14] [TIKTOK] unknown
[2025-06-03 19:15:14] [GA4] begin_checkout
[2025-06-03 19:15:36] [FACEBOOK] unknown
[2025-06-03 19:15:36] [TIKTOK] unknown
[2025-06-03 19:15:36] [GA4] begin_checkout
[2025-06-03 19:43:45] [FACEBOOK] unknown
[2025-06-03 19:43:45] [TIKTOK] unknown
[2025-06-03 19:43:45] [GA4] begin_checkout
[2025-06-03 19:44:12] [FACEBOOK] unknown
[2025-06-03 19:44:12] [TIKTOK] unknown
[2025-06-03 19:44:12] [GA4] begin_checkout
[2025-06-03 19:44:18] [FACEBOOK] unknown
[2025-06-03 19:44:18] [TIKTOK] unknown
[2025-06-03 19:44:18] [GA4] begin_checkout
[2025-06-03 19:44:26] [FACEBOOK] unknown
[2025-06-03 19:44:26] [TIKTOK] unknown
[2025-06-03 19:44:26] [GA4] begin_checkout
[2025-06-03 19:51:25] [FACEBOOK] unknown
[2025-06-03 19:51:25] [TIKTOK] unknown
[2025-06-03 19:51:25] [GA4] begin_checkout
[2025-06-03 19:51:33] [FACEBOOK] unknown
[2025-06-03 19:51:33] [TIKTOK] unknown
[2025-06-03 19:51:33] [GA4] begin_checkout
[2025-06-03 19:51:54] [FACEBOOK] unknown
[2025-06-03 19:51:54] [TIKTOK] unknown
[2025-06-03 19:51:54] [GA4] begin_checkout
[2025-06-03 19:55:54] [FACEBOOK] unknown
[2025-06-03 19:55:54] [TIKTOK] unknown
[2025-06-03 19:55:54] [GA4] begin_checkout
[2025-06-03 19:56:02] [FACEBOOK] unknown
[2025-06-03 19:56:02] [TIKTOK] unknown
[2025-06-03 19:56:02] [GA4] begin_checkout
[2025-06-03 19:56:22] [FACEBOOK] unknown
[2025-06-03 19:56:22] [TIKTOK] unknown
[2025-06-03 19:56:22] [GA4] begin_checkout
[2025-06-03 19:56:27] [FACEBOOK] unknown
[2025-06-03 19:56:27] [TIKTOK] unknown
[2025-06-03 19:56:27] [GA4] begin_checkout
[2025-06-03 19:56:36] [FACEBOOK] unknown
[2025-06-03 19:56:36] [TIKTOK] unknown
[2025-06-03 19:56:36] [GA4] begin_checkout
[2025-06-03 19:56:47] [FACEBOOK] unknown
[2025-06-03 19:56:47] [TIKTOK] unknown
[2025-06-03 19:56:47] [GA4] begin_checkout
[2025-06-03 19:56:55] [FACEBOOK] unknown
[2025-06-03 19:56:55] [TIKTOK] unknown
[2025-06-03 19:56:55] [GA4] begin_checkout
[2025-06-03 19:57:47] [FACEBOOK] unknown
[2025-06-03 19:57:47] [TIKTOK] unknown
[2025-06-03 19:57:47] [GA4] begin_checkout
[2025-06-03 19:58:09] [FACEBOOK] unknown
[2025-06-03 19:58:09] [TIKTOK] unknown
[2025-06-03 19:58:09] [GA4] begin_checkout
[2025-06-03 19:58:20] [FACEBOOK] unknown
[2025-06-03 19:58:20] [TIKTOK] unknown
[2025-06-03 19:58:20] [GA4] begin_checkout
[2025-06-03 19:58:32] [FACEBOOK] unknown
[2025-06-03 19:58:32] [TIKTOK] unknown
[2025-06-03 19:58:32] [GA4] begin_checkout
[2025-06-03 19:58:57] [FACEBOOK] unknown
[2025-06-03 19:58:57] [TIKTOK] unknown
[2025-06-03 19:58:57] [GA4] begin_checkout
[2025-06-03 20:00:07] [FACEBOOK] unknown
[2025-06-03 20:00:07] [TIKTOK] unknown
[2025-06-03 20:00:07] [GA4] begin_checkout
[2025-06-03 20:01:01] [FACEBOOK] unknown
[2025-06-03 20:01:01] [TIKTOK] unknown
[2025-06-03 20:01:01] [GA4] begin_checkout
[2025-06-03 20:01:08] [FACEBOOK] unknown
[2025-06-03 20:01:08] [TIKTOK] unknown
[2025-06-03 20:01:08] [GA4] begin_checkout
[2025-06-03 20:01:32] [FACEBOOK] unknown
[2025-06-03 20:01:32] [TIKTOK] unknown
[2025-06-03 20:01:32] [GA4] begin_checkout
[2025-06-03 20:02:15] [FACEBOOK] unknown
[2025-06-03 20:02:15] [TIKTOK] unknown
[2025-06-03 20:02:15] [GA4] begin_checkout
[2025-06-03 20:02:24] [FACEBOOK] unknown
[2025-06-03 20:02:24] [TIKTOK] unknown
[2025-06-03 20:02:24] [GA4] begin_checkout
[2025-06-03 20:02:31] [FACEBOOK] unknown
[2025-06-03 20:02:31] [TIKTOK] unknown
[2025-06-03 20:02:31] [GA4] begin_checkout
[2025-06-03 20:02:37] [FACEBOOK] unknown
[2025-06-03 20:02:37] [TIKTOK] unknown
[2025-06-03 20:02:37] [GA4] begin_checkout
[2025-06-03 20:02:45] [FACEBOOK] unknown
[2025-06-03 20:02:45] [TIKTOK] unknown
[2025-06-03 20:02:46] [GA4] begin_checkout
[2025-06-03 20:02:51] [FACEBOOK] unknown
[2025-06-03 20:02:51] [TIKTOK] unknown
[2025-06-03 20:02:51] [GA4] begin_checkout
[2025-06-03 20:02:57] [FACEBOOK] unknown
[2025-06-03 20:02:57] [TIKTOK] unknown
[2025-06-03 20:02:57] [GA4] begin_checkout
[2025-06-03 20:07:19] [FACEBOOK] unknown
[2025-06-03 20:07:19] [TIKTOK] unknown
[2025-06-03 20:07:19] [GA4] begin_checkout
[2025-06-03 20:07:39] [FACEBOOK] unknown
[2025-06-03 20:07:39] [TIKTOK] unknown
[2025-06-03 20:07:39] [GA4] begin_checkout
[2025-06-03 20:22:08] [FACEBOOK] unknown
[2025-06-03 20:22:08] [TIKTOK] unknown
[2025-06-03 20:22:08] [GA4] begin_checkout
[2025-06-03 20:22:38] [FACEBOOK] unknown
[2025-06-03 20:22:38] [TIKTOK] unknown
[2025-06-03 20:22:38] [GA4] begin_checkout
[2025-06-03 20:22:43] [FACEBOOK] unknown
[2025-06-03 20:22:43] [TIKTOK] unknown
[2025-06-03 20:22:43] [GA4] begin_checkout
[2025-06-03 20:22:45] [FACEBOOK] unknown
[2025-06-03 20:22:45] [TIKTOK] unknown
[2025-06-03 20:22:45] [GA4] begin_checkout
[2025-06-03 20:22:50] [FACEBOOK] unknown
[2025-06-03 20:22:50] [TIKTOK] unknown
[2025-06-03 20:22:50] [GA4] begin_checkout
[2025-06-03 20:22:58] [FACEBOOK] unknown
[2025-06-03 20:22:58] [TIKTOK] unknown
[2025-06-03 20:22:58] [GA4] begin_checkout
[2025-06-03 20:23:47] [FACEBOOK] unknown
[2025-06-03 20:23:47] [TIKTOK] unknown
[2025-06-03 20:23:47] [GA4] begin_checkout
[2025-06-03 20:23:51] [FACEBOOK] unknown
[2025-06-03 20:23:51] [TIKTOK] unknown
[2025-06-03 20:23:51] [GA4] begin_checkout
[2025-06-03 20:24:45] [FACEBOOK] unknown
[2025-06-03 20:24:45] [TIKTOK] unknown
[2025-06-03 20:24:45] [GA4] begin_checkout
[2025-06-03 20:30:02] [FACEBOOK] unknown
[2025-06-03 20:30:02] [TIKTOK] unknown
[2025-06-03 20:30:02] [GA4] begin_checkout
[2025-06-03 20:30:24] [FACEBOOK] unknown
[2025-06-03 20:30:24] [TIKTOK] unknown
[2025-06-03 20:30:24] [GA4] begin_checkout
[2025-06-03 20:31:41] [FACEBOOK] unknown
[2025-06-03 20:31:41] [TIKTOK] unknown
[2025-06-03 20:31:41] [GA4] begin_checkout
[2025-06-03 20:34:26] [FACEBOOK] unknown
[2025-06-03 20:34:26] [TIKTOK] unknown
[2025-06-03 20:34:26] [GA4] begin_checkout
[2025-06-03 20:34:32] [FACEBOOK] unknown
[2025-06-03 20:34:32] [TIKTOK] unknown
[2025-06-03 20:34:32] [GA4] begin_checkout
[2025-06-03 20:34:39] [FACEBOOK] unknown
[2025-06-03 20:34:39] [TIKTOK] unknown
[2025-06-03 20:34:39] [GA4] begin_checkout
[2025-06-03 20:34:47] [FACEBOOK] unknown
[2025-06-03 20:34:47] [TIKTOK] unknown
[2025-06-03 20:34:47] [GA4] begin_checkout
[2025-06-05 03:47:30] [FACEBOOK] unknown
[2025-06-05 03:47:30] [TIKTOK] unknown
[2025-06-05 03:47:31] [GA4] purchase
[2025-06-09 16:21:00] [FACEBOOK] unknown
[2025-06-09 16:21:00] [TIKTOK] unknown
[2025-06-09 16:21:01] [GA4] purchase
[2025-06-09 21:07:53] [FACEBOOK] unknown
[2025-06-09 21:07:53] [TIKTOK] unknown
[2025-06-09 21:07:53] [GA4] begin_checkout
[2025-06-09 21:08:03] [FACEBOOK] unknown
[2025-06-09 21:08:03] [TIKTOK] unknown
[2025-06-09 21:08:03] [GA4] begin_checkout
[2025-06-09 21:35:54] [FACEBOOK] unknown
[2025-06-09 21:35:54] [TIKTOK] unknown
[2025-06-09 21:35:54] [GA4] begin_checkout
[2025-06-09 21:35:57] [FACEBOOK] unknown
[2025-06-09 21:35:57] [TIKTOK] unknown
[2025-06-09 21:35:57] [GA4] begin_checkout
[2025-06-09 21:35:59] [FACEBOOK] unknown
[2025-06-09 21:35:59] [TIKTOK] unknown
[2025-06-09 21:35:59] [GA4] begin_checkout
[2025-06-10 04:30:37] [FACEBOOK] unknown
[2025-06-10 04:30:37] [TIKTOK] unknown
[2025-06-10 04:30:37] [GA4] purchase
[2025-06-10 08:04:42] [FACEBOOK] unknown
[2025-06-10 08:04:42] [TIKTOK] unknown
[2025-06-10 08:04:42] [GA4] begin_checkout
[2025-06-10 08:04:44] [FACEBOOK] unknown
[2025-06-10 08:04:44] [TIKTOK] unknown
[2025-06-10 08:04:44] [GA4] begin_checkout
[2025-06-10 08:04:47] [FACEBOOK] unknown
[2025-06-10 08:04:47] [TIKTOK] unknown
[2025-06-10 08:04:47] [GA4] begin_checkout
[2025-06-11 18:58:45] [FACEBOOK] unknown
[2025-06-11 18:58:45] [TIKTOK] unknown
[2025-06-11 18:58:45] [GA4] begin_checkout
[2025-06-11 18:59:16] [FACEBOOK] unknown
[2025-06-11 18:59:16] [TIKTOK] unknown
[2025-06-11 18:59:16] [GA4] begin_checkout
[2025-06-11 18:59:22] [FACEBOOK] unknown
[2025-06-11 18:59:22] [TIKTOK] unknown
[2025-06-11 18:59:22] [GA4] begin_checkout
[2025-06-11 18:59:28] [FACEBOOK] unknown
[2025-06-11 18:59:28] [TIKTOK] unknown
[2025-06-11 18:59:28] [GA4] begin_checkout
[2025-06-11 18:59:35] [FACEBOOK] unknown
[2025-06-11 18:59:35] [TIKTOK] unknown
[2025-06-11 18:59:35] [GA4] begin_checkout
[2025-06-11 22:55:42] [FACEBOOK] unknown
[2025-06-11 22:55:42] [TIKTOK] unknown
[2025-06-11 22:55:42] [GA4] purchase
[2025-06-12 18:49:10] [FACEBOOK] unknown
[2025-06-12 18:49:10] [TIKTOK] unknown
[2025-06-12 18:49:10] [GA4] begin_checkout
[2025-06-12 21:30:06] [FACEBOOK] unknown
[2025-06-12 21:30:06] [TIKTOK] unknown
[2025-06-12 21:30:07] [GA4] purchase
[2025-06-13 10:23:43] [FACEBOOK] unknown
[2025-06-13 10:23:43] [TIKTOK] unknown
[2025-06-13 10:23:43] [GA4] begin_checkout
[2025-06-13 10:23:48] [FACEBOOK] unknown
[2025-06-13 10:23:48] [TIKTOK] unknown
[2025-06-13 10:23:48] [GA4] begin_checkout
[2025-06-13 18:05:08] [FACEBOOK] unknown
[2025-06-13 18:05:08] [TIKTOK] unknown
[2025-06-13 18:05:08] [GA4] begin_checkout
[2025-06-13 21:31:34] [FACEBOOK] unknown
[2025-06-13 21:31:34] [TIKTOK] unknown
[2025-06-13 21:31:34] [GA4] begin_checkout
[2025-06-13 21:31:38] [FACEBOOK] unknown
[2025-06-13 21:31:38] [TIKTOK] unknown
[2025-06-13 21:31:38] [GA4] begin_checkout
[2025-06-14 00:03:01] [FACEBOOK] unknown
[2025-06-14 00:03:01] [TIKTOK] unknown
[2025-06-14 00:03:01] [GA4] begin_checkout
[2025-06-15 04:02:07] [FACEBOOK] unknown
[2025-06-15 04:02:07] [TIKTOK] unknown
[2025-06-15 04:02:07] [GA4] purchase
[2025-06-16 08:53:02] [FACEBOOK] unknown
[2025-06-16 08:53:02] [TIKTOK] unknown
[2025-06-16 08:53:02] [GA4] purchase
[2025-06-16 10:33:33] [FACEBOOK] unknown
[2025-06-16 10:33:34] [TIKTOK] unknown
[2025-06-16 10:33:35] [GA4] purchase
[2025-06-17 09:00:37] [FACEBOOK] unknown
[2025-06-17 09:00:37] [TIKTOK] unknown
[2025-06-17 09:00:37] [GA4] purchase
[2025-06-17 09:00:39] [FACEBOOK] unknown
[2025-06-17 09:00:39] [TIKTOK] unknown
[2025-06-17 09:00:39] [GA4] purchase
[2025-06-17 09:00:52] [FACEBOOK] unknown
[2025-06-17 09:00:52] [TIKTOK] unknown
[2025-06-17 09:00:52] [GA4] purchase
[2025-06-17 09:18:24] [FACEBOOK] unknown
[2025-06-17 09:18:24] [TIKTOK] unknown
[2025-06-17 09:18:24] [GA4] begin_checkout
[2025-06-17 09:31:47] [FACEBOOK] unknown
[2025-06-17 09:31:48] [TIKTOK] unknown
[2025-06-17 09:31:48] [GA4] begin_checkout
[2025-06-17 23:46:13] [FACEBOOK] unknown
[2025-06-17 23:46:13] [TIKTOK] unknown
[2025-06-17 23:46:13] [GA4] purchase
[2025-06-18 18:49:33] [FACEBOOK] unknown
[2025-06-18 18:49:33] [TIKTOK] unknown
[2025-06-18 18:49:33] [GA4] begin_checkout
[2025-06-24 15:15:39] [FACEBOOK] unknown
[2025-06-24 15:15:39] [TIKTOK] unknown
[2025-06-24 15:15:40] [GA4] purchase
[2025-06-24 15:16:39] [FACEBOOK] unknown
[2025-06-24 15:16:39] [TIKTOK] unknown
[2025-06-24 15:16:39] [GA4] begin_checkout
[2025-06-24 15:16:51] [FACEBOOK] unknown
[2025-06-24 15:16:51] [TIKTOK] unknown
[2025-06-24 15:16:51] [GA4] begin_checkout
[2025-06-24 19:15:38] [FACEBOOK] unknown
[2025-06-24 19:15:38] [TIKTOK] unknown
[2025-06-24 19:15:38] [GA4] purchase
[2025-06-24 19:37:51] [FACEBOOK] unknown
[2025-06-24 19:37:51] [TIKTOK] unknown
[2025-06-24 19:37:51] [GA4] begin_checkout
[2025-06-24 19:38:02] [FACEBOOK] unknown
[2025-06-24 19:38:02] [TIKTOK] unknown
[2025-06-24 19:38:02] [GA4] begin_checkout
[2025-06-24 19:38:37] [FACEBOOK] unknown
[2025-06-24 19:38:37] [TIKTOK] unknown
[2025-06-24 19:38:37] [GA4] begin_checkout
[2025-06-24 19:38:47] [FACEBOOK] unknown
[2025-06-24 19:38:47] [TIKTOK] unknown
[2025-06-24 19:38:47] [GA4] begin_checkout
[2025-06-24 19:55:22] [FACEBOOK] unknown
[2025-06-24 19:55:22] [TIKTOK] unknown
[2025-06-24 19:55:22] [GA4] begin_checkout
[2025-06-24 19:56:33] [FACEBOOK] unknown
[2025-06-24 19:56:33] [TIKTOK] unknown
[2025-06-24 19:56:33] [GA4] begin_checkout
[2025-06-24 19:56:42] [FACEBOOK] unknown
[2025-06-24 19:56:42] [TIKTOK] unknown
[2025-06-24 19:56:42] [GA4] begin_checkout
[2025-06-24 19:56:55] [FACEBOOK] unknown
[2025-06-24 19:56:55] [TIKTOK] unknown
[2025-06-24 19:56:55] [GA4] begin_checkout
[2025-06-24 19:57:05] [FACEBOOK] unknown
[2025-06-24 19:57:05] [TIKTOK] unknown
[2025-06-24 19:57:05] [GA4] begin_checkout
[2025-06-24 19:57:14] [FACEBOOK] unknown
[2025-06-24 19:57:14] [TIKTOK] unknown
[2025-06-24 19:57:14] [GA4] begin_checkout
[2025-06-24 19:57:23] [FACEBOOK] unknown
[2025-06-24 19:57:23] [TIKTOK] unknown
[2025-06-24 19:57:23] [GA4] begin_checkout
[2025-06-24 19:58:15] [FACEBOOK] unknown
[2025-06-24 19:58:15] [TIKTOK] unknown
[2025-06-24 19:58:15] [GA4] begin_checkout
[2025-06-24 20:01:36] [FACEBOOK] unknown
[2025-06-24 20:01:36] [TIKTOK] unknown
[2025-06-24 20:01:37] [GA4] purchase
[2025-06-24 20:04:39] [FACEBOOK] unknown
[2025-06-24 20:04:39] [TIKTOK] unknown
[2025-06-24 20:04:39] [GA4] purchase
[2025-06-24 20:15:18] [FACEBOOK] unknown
[2025-06-24 20:15:18] [TIKTOK] unknown
[2025-06-24 20:15:18] [GA4] begin_checkout
[2025-06-24 20:16:40] [FACEBOOK] unknown
[2025-06-24 20:16:40] [TIKTOK] unknown
[2025-06-24 20:16:40] [GA4] begin_checkout
[2025-06-24 20:16:50] [FACEBOOK] unknown
[2025-06-24 20:16:50] [TIKTOK] unknown
[2025-06-24 20:16:50] [GA4] begin_checkout
[2025-06-24 20:17:00] [FACEBOOK] unknown
[2025-06-24 20:17:00] [TIKTOK] unknown
[2025-06-24 20:17:00] [GA4] begin_checkout
[2025-06-24 20:38:30] [FACEBOOK] unknown
[2025-06-24 20:38:30] [TIKTOK] unknown
[2025-06-24 20:38:30] [GA4] begin_checkout
[2025-06-24 20:39:49] [FACEBOOK] unknown
[2025-06-24 20:39:49] [TIKTOK] unknown
[2025-06-24 20:39:49] [GA4] begin_checkout
[2025-06-24 20:39:58] [FACEBOOK] unknown
[2025-06-24 20:39:58] [TIKTOK] unknown
[2025-06-24 20:39:58] [GA4] begin_checkout
[2025-06-24 20:40:06] [FACEBOOK] unknown
[2025-06-24 20:40:06] [TIKTOK] unknown
[2025-06-24 20:40:06] [GA4] begin_checkout
[2025-06-24 20:40:15] [FACEBOOK] unknown
[2025-06-24 20:40:15] [TIKTOK] unknown
[2025-06-24 20:40:15] [GA4] begin_checkout
[2025-06-24 20:40:28] [FACEBOOK] unknown
[2025-06-24 20:40:28] [TIKTOK] unknown
[2025-06-24 20:40:28] [GA4] begin_checkout
[2025-06-24 20:40:38] [FACEBOOK] unknown
[2025-06-24 20:40:38] [TIKTOK] unknown
[2025-06-24 20:40:38] [GA4] begin_checkout
[2025-06-24 20:51:33] [FACEBOOK] unknown
[2025-06-24 20:51:33] [TIKTOK] unknown
[2025-06-24 20:51:33] [GA4] begin_checkout
[2025-06-24 21:01:55] [FACEBOOK] unknown
[2025-06-24 21:01:55] [TIKTOK] unknown
[2025-06-24 21:01:55] [GA4] begin_checkout
[2025-06-24 21:02:43] [FACEBOOK] unknown
[2025-06-24 21:02:43] [TIKTOK] unknown
[2025-06-24 21:02:43] [GA4] begin_checkout
[2025-06-24 21:02:44] [FACEBOOK] unknown
[2025-06-24 21:02:44] [TIKTOK] unknown
[2025-06-24 21:02:44] [GA4] begin_checkout
[2025-06-24 21:02:45] [FACEBOOK] unknown
[2025-06-24 21:02:45] [TIKTOK] unknown
[2025-06-24 21:02:45] [GA4] begin_checkout
[2025-06-24 21:02:51] [FACEBOOK] unknown
[2025-06-24 21:02:51] [TIKTOK] unknown
[2025-06-24 21:02:51] [GA4] begin_checkout
[2025-06-24 21:03:29] [FACEBOOK] unknown
[2025-06-24 21:03:29] [TIKTOK] unknown
[2025-06-24 21:03:29] [GA4] begin_checkout
[2025-06-24 21:03:54] [FACEBOOK] unknown
[2025-06-24 21:03:54] [TIKTOK] unknown
[2025-06-24 21:03:54] [GA4] begin_checkout
[2025-06-24 21:06:59] [FACEBOOK] unknown
[2025-06-24 21:06:59] [TIKTOK] unknown
[2025-06-24 21:06:59] [GA4] begin_checkout
[2025-06-24 21:23:59] [FACEBOOK] unknown
[2025-06-24 21:23:59] [TIKTOK] unknown
[2025-06-24 21:23:59] [GA4] purchase
[2025-06-24 21:26:35] [FACEBOOK] unknown
[2025-06-24 21:26:35] [TIKTOK] unknown
[2025-06-24 21:26:35] [GA4] begin_checkout
[2025-06-24 21:26:44] [FACEBOOK] unknown
[2025-06-24 21:26:44] [TIKTOK] unknown
[2025-06-24 21:26:44] [GA4] begin_checkout
[2025-06-24 21:30:27] [FACEBOOK] unknown
[2025-06-24 21:30:27] [TIKTOK] unknown
[2025-06-24 21:30:27] [GA4] begin_checkout
[2025-06-24 21:30:34] [FACEBOOK] unknown
[2025-06-24 21:30:34] [TIKTOK] unknown
[2025-06-24 21:30:35] [GA4] purchase
[2025-06-24 21:36:30] [FACEBOOK] unknown
[2025-06-24 21:36:30] [TIKTOK] unknown
[2025-06-24 21:36:30] [GA4] begin_checkout
[2025-06-24 21:36:36] [FACEBOOK] unknown
[2025-06-24 21:36:36] [TIKTOK] unknown
[2025-06-24 21:36:36] [GA4] begin_checkout
[2025-06-24 21:36:44] [FACEBOOK] unknown
[2025-06-24 21:36:44] [TIKTOK] unknown
[2025-06-24 21:36:44] [GA4] begin_checkout
[2025-06-24 21:36:53] [FACEBOOK] unknown
[2025-06-24 21:36:53] [TIKTOK] unknown
[2025-06-24 21:36:53] [GA4] begin_checkout
[2025-06-24 21:37:51] [FACEBOOK] unknown
[2025-06-24 21:37:51] [TIKTOK] unknown
[2025-06-24 21:37:51] [GA4] begin_checkout
[2025-06-24 21:38:02] [FACEBOOK] unknown
[2025-06-24 21:38:02] [TIKTOK] unknown
[2025-06-24 21:38:02] [GA4] begin_checkout
[2025-06-24 21:46:13] [FACEBOOK] unknown
[2025-06-24 21:46:13] [TIKTOK] unknown
[2025-06-24 21:46:13] [GA4] begin_checkout
[2025-06-24 21:46:19] [FACEBOOK] unknown
[2025-06-24 21:46:19] [TIKTOK] unknown
[2025-06-24 21:46:19] [GA4] purchase
[2025-06-24 21:46:30] [FACEBOOK] unknown
[2025-06-24 21:46:30] [TIKTOK] unknown
[2025-06-24 21:46:30] [GA4] begin_checkout
[2025-06-24 22:14:05] [FACEBOOK] unknown
[2025-06-24 22:14:05] [TIKTOK] unknown
[2025-06-24 22:14:06] [GA4] purchase
[2025-06-24 22:18:46] [FACEBOOK] unknown
[2025-06-24 22:18:46] [TIKTOK] unknown
[2025-06-24 22:18:46] [GA4] purchase
[2025-06-24 22:22:33] [FACEBOOK] unknown
[2025-06-24 22:22:33] [TIKTOK] unknown
[2025-06-24 22:22:33] [GA4] purchase
[2025-06-25 08:11:09] [FACEBOOK] unknown
[2025-06-25 08:11:10] [TIKTOK] unknown
[2025-06-25 08:11:10] [GA4] purchase
[2025-06-25 08:14:50] [FACEBOOK] unknown
[2025-06-25 08:14:50] [TIKTOK] unknown
[2025-06-25 08:14:50] [GA4] purchase
[2025-06-25 08:30:42] [FACEBOOK] unknown
[2025-06-25 08:30:42] [TIKTOK] unknown
[2025-06-25 08:30:42] [GA4] purchase
[2025-06-25 08:37:08] [FACEBOOK] unknown
[2025-06-25 08:37:08] [TIKTOK] unknown
[2025-06-25 08:37:08] [GA4] purchase
[2025-06-25 08:40:08] [FACEBOOK] unknown
[2025-06-25 08:40:08] [TIKTOK] unknown
[2025-06-25 08:40:08] [GA4] purchase
[2025-06-25 08:45:51] [FACEBOOK] unknown
[2025-06-25 08:45:51] [TIKTOK] unknown
[2025-06-25 08:45:51] [GA4] purchase
[2025-06-25 08:48:07] [FACEBOOK] unknown
[2025-06-25 08:48:07] [TIKTOK] unknown
[2025-06-25 08:48:08] [GA4] purchase
[2025-06-25 08:53:05] [FACEBOOK] unknown
[2025-06-25 08:53:05] [TIKTOK] unknown
[2025-06-25 08:53:06] [GA4] purchase
[2025-06-25 08:59:25] [FACEBOOK] unknown
[2025-06-25 08:59:25] [TIKTOK] unknown
[2025-06-25 08:59:25] [GA4] purchase
[2025-06-25 09:00:41] [FACEBOOK] unknown
[2025-06-25 09:00:41] [TIKTOK] unknown
[2025-06-25 09:00:41] [GA4] begin_checkout
[2025-06-25 09:01:01] [FACEBOOK] unknown
[2025-06-25 09:01:01] [TIKTOK] unknown
[2025-06-25 09:01:01] [GA4] purchase
[2025-06-25 09:02:56] [FACEBOOK] unknown
[2025-06-25 09:02:56] [TIKTOK] unknown
[2025-06-25 09:02:56] [GA4] begin_checkout
[2025-06-25 09:04:15] [FACEBOOK] unknown
[2025-06-25 09:04:15] [TIKTOK] unknown
[2025-06-25 09:04:15] [GA4] purchase
[2025-06-25 09:06:04] [FACEBOOK] unknown
[2025-06-25 09:06:04] [TIKTOK] unknown
[2025-06-25 09:06:04] [GA4] purchase
[2025-06-25 09:07:53] [FACEBOOK] unknown
[2025-06-25 09:07:54] [TIKTOK] unknown
[2025-06-25 09:07:54] [GA4] purchase
[2025-06-25 19:14:30] [FACEBOOK] unknown
[2025-06-25 19:14:30] [TIKTOK] unknown
[2025-06-25 19:14:31] [GA4] purchase
[2025-06-26 05:19:58] [FACEBOOK] unknown
[2025-06-26 05:19:59] [TIKTOK] unknown
[2025-06-26 05:20:02] [GA4] purchase
[2025-06-26 16:19:38] [FACEBOOK] unknown
[2025-06-26 16:19:38] [TIKTOK] unknown
[2025-06-26 16:19:38] [GA4] purchase
[2025-06-27 03:21:42] [FACEBOOK] unknown
[2025-06-27 03:21:43] [TIKTOK] unknown
[2025-06-27 03:21:43] [GA4] purchase
[2025-06-27 14:12:28] [FACEBOOK] unknown
[2025-06-27 14:12:28] [TIKTOK] unknown
[2025-06-27 14:12:29] [GA4] purchase
[2025-06-28 00:19:22] [FACEBOOK] unknown
[2025-06-28 00:19:22] [TIKTOK] unknown
[2025-06-28 00:19:23] [GA4] purchase
[2025-06-28 10:27:52] [FACEBOOK] unknown
[2025-06-28 10:27:53] [TIKTOK] unknown
[2025-06-28 10:27:53] [GA4] purchase
[2025-06-28 21:21:45] [FACEBOOK] unknown
[2025-06-28 21:21:45] [TIKTOK] unknown
[2025-06-28 21:21:45] [GA4] purchase
[2025-06-29 08:23:49] [FACEBOOK] unknown
[2025-06-29 08:23:49] [TIKTOK] unknown
[2025-06-29 08:23:49] [GA4] purchase
[2025-06-29 18:30:25] [FACEBOOK] unknown
[2025-06-29 18:30:26] [TIKTOK] unknown
[2025-06-29 18:30:26] [GA4] purchase
[2025-06-30 05:14:11] [FACEBOOK] unknown
[2025-06-30 05:14:11] [TIKTOK] unknown
[2025-06-30 05:14:11] [GA4] purchase
[2025-06-30 15:30:03] [FACEBOOK] unknown
[2025-06-30 15:30:04] [TIKTOK] unknown
[2025-06-30 15:30:04] [GA4] purchase
[2025-07-01 02:22:31] [FACEBOOK] unknown
[2025-07-01 02:22:31] [TIKTOK] unknown
[2025-07-01 02:22:31] [GA4] purchase
[2025-07-01 13:17:15] [FACEBOOK] unknown
[2025-07-01 13:17:16] [TIKTOK] unknown
[2025-07-01 13:17:16] [GA4] purchase
[2025-07-02 00:15:33] [FACEBOOK] unknown
[2025-07-02 00:15:33] [TIKTOK] unknown
[2025-07-02 00:15:34] [GA4] purchase
[2025-07-02 11:13:19] [FACEBOOK] unknown
[2025-07-02 11:13:19] [TIKTOK] unknown
[2025-07-02 11:13:20] [GA4] purchase
[2025-07-02 12:49:14] [FACEBOOK] unknown
[2025-07-02 12:49:14] [TIKTOK] unknown
[2025-07-02 12:49:14] [GA4] begin_checkout
[2025-07-02 14:44:09] [FACEBOOK] unknown
[2025-07-02 14:44:09] [TIKTOK] unknown
[2025-07-02 14:44:09] [GA4] begin_checkout
[2025-07-02 21:18:35] [FACEBOOK] unknown
[2025-07-02 21:18:35] [TIKTOK] unknown
[2025-07-02 21:18:36] [GA4] purchase
[2025-07-03 00:21:10] [FACEBOOK] unknown
[2025-07-03 00:21:10] [TIKTOK] unknown
[2025-07-03 00:21:10] [GA4] begin_checkout
[2025-07-03 08:16:04] [FACEBOOK] unknown
[2025-07-03 08:16:04] [TIKTOK] unknown
[2025-07-03 08:16:04] [GA4] purchase
[2025-07-03 18:18:31] [FACEBOOK] unknown
[2025-07-03 18:18:31] [TIKTOK] unknown
[2025-07-03 18:18:32] [GA4] purchase
[2025-07-03 22:36:36] [FACEBOOK] unknown
[2025-07-03 22:36:36] [TIKTOK] unknown
[2025-07-03 22:36:36] [GA4] purchase
[2025-07-03 22:56:35] [FACEBOOK] unknown
[2025-07-03 22:56:35] [TIKTOK] unknown
[2025-07-03 22:56:35] [GA4] purchase
[2025-07-03 23:01:30] [FACEBOOK] unknown
[2025-07-03 23:01:30] [TIKTOK] unknown
[2025-07-03 23:01:30] [GA4] purchase
[2025-07-04 08:54:08] [FACEBOOK] unknown
[2025-07-04 08:54:09] [TIKTOK] unknown
[2025-07-04 08:54:09] [GA4] purchase
[2025-07-04 10:13:26] [FACEBOOK] unknown
[2025-07-04 10:13:26] [TIKTOK] unknown
[2025-07-04 10:13:26] [GA4] purchase
[2025-07-04 10:18:19] [FACEBOOK] unknown
[2025-07-04 10:18:19] [TIKTOK] unknown
[2025-07-04 10:18:19] [GA4] purchase
[2025-07-04 10:22:05] [FACEBOOK] unknown
[2025-07-04 10:22:05] [TIKTOK] unknown
[2025-07-04 10:22:05] [GA4] purchase
[2025-07-04 11:02:37] [FACEBOOK] unknown
[2025-07-04 11:02:37] [TIKTOK] unknown
[2025-07-04 11:02:37] [GA4] purchase
[2025-07-04 11:31:35] [FACEBOOK] unknown
[2025-07-04 11:31:35] [TIKTOK] unknown
[2025-07-04 11:31:35] [GA4] purchase
[2025-07-04 11:43:06] [FACEBOOK] unknown
[2025-07-04 11:43:06] [TIKTOK] unknown
[2025-07-04 11:43:06] [GA4] purchase
[2025-07-04 12:01:53] [FACEBOOK] unknown
[2025-07-04 12:01:53] [TIKTOK] unknown
[2025-07-04 12:01:54] [GA4] purchase
[2025-07-04 21:39:42] [FACEBOOK] unknown
[2025-07-04 21:39:42] [TIKTOK] unknown
[2025-07-04 21:39:42] [GA4] begin_checkout
[2025-07-04 22:17:31] [FACEBOOK] unknown
[2025-07-04 22:17:31] [TIKTOK] unknown
[2025-07-04 22:17:31] [GA4] purchase
[2025-07-05 09:18:48] [FACEBOOK] unknown
[2025-07-05 09:18:48] [TIKTOK] unknown
[2025-07-05 09:18:48] [GA4] purchase
[2025-07-05 20:20:31] [FACEBOOK] unknown
[2025-07-05 20:20:31] [TIKTOK] unknown
[2025-07-05 20:20:31] [GA4] purchase
[2025-07-06 07:15:47] [FACEBOOK] unknown
[2025-07-06 07:15:47] [TIKTOK] unknown
[2025-07-06 07:15:48] [GA4] purchase
[2025-07-06 18:16:36] [FACEBOOK] unknown
[2025-07-06 18:16:36] [TIKTOK] unknown
[2025-07-06 18:16:36] [GA4] purchase
[2025-07-07 00:49:46] [FACEBOOK] unknown
[2025-07-07 00:49:46] [TIKTOK] unknown
[2025-07-07 00:49:46] [GA4] begin_checkout
[2025-07-07 04:18:54] [FACEBOOK] unknown
[2025-07-07 04:18:54] [TIKTOK] unknown
[2025-07-07 04:18:54] [GA4] purchase
[2025-07-07 14:26:29] [FACEBOOK] unknown
[2025-07-07 14:26:29] [TIKTOK] unknown
[2025-07-07 14:26:29] [GA4] purchase
[2025-07-08 01:15:14] [FACEBOOK] unknown
[2025-07-08 01:15:14] [TIKTOK] unknown
[2025-07-08 01:15:14] [GA4] purchase
[2025-07-08 06:54:45] [FACEBOOK] unknown
[2025-07-08 06:54:45] [TIKTOK] unknown
[2025-07-08 06:54:45] [GA4] begin_checkout
[2025-07-08 12:14:26] [FACEBOOK] unknown
[2025-07-08 12:14:26] [TIKTOK] unknown
[2025-07-08 12:14:26] [GA4] purchase
[2025-07-08 23:35:25] [FACEBOOK] unknown
[2025-07-08 23:35:25] [TIKTOK] unknown
[2025-07-08 23:35:26] [GA4] purchase
[2025-07-09 09:54:07] [FACEBOOK] unknown
[2025-07-09 09:54:07] [TIKTOK] unknown
[2025-07-09 09:54:07] [GA4] begin_checkout
[2025-07-09 10:14:46] [FACEBOOK] unknown
[2025-07-09 10:14:46] [TIKTOK] unknown
[2025-07-09 10:14:46] [GA4] purchase
[2025-07-09 20:16:04] [FACEBOOK] unknown
[2025-07-09 20:16:04] [TIKTOK] unknown
[2025-07-09 20:16:04] [GA4] begin_checkout
[2025-07-09 20:18:13] [FACEBOOK] unknown
[2025-07-09 20:18:13] [TIKTOK] unknown
[2025-07-09 20:18:14] [GA4] purchase
[2025-07-10 07:14:35] [FACEBOOK] unknown
[2025-07-10 07:14:36] [TIKTOK] unknown
[2025-07-10 07:14:36] [GA4] purchase
[2025-07-10 18:15:38] [FACEBOOK] unknown
[2025-07-10 18:15:39] [TIKTOK] unknown
[2025-07-10 18:15:39] [GA4] purchase
[2025-07-10 23:34:54] [FACEBOOK] unknown
[2025-07-10 23:34:54] [TIKTOK] unknown
[2025-07-10 23:34:54] [GA4] begin_checkout
[2025-07-11 05:15:58] [FACEBOOK] unknown
[2025-07-11 05:15:59] [TIKTOK] unknown
[2025-07-11 05:15:59] [GA4] purchase
[2025-07-11 16:15:30] [FACEBOOK] unknown
[2025-07-11 16:15:30] [TIKTOK] unknown
[2025-07-11 16:15:30] [GA4] purchase
[2025-07-12 03:13:43] [FACEBOOK] unknown
[2025-07-12 03:13:44] [TIKTOK] unknown
[2025-07-12 03:13:44] [GA4] purchase
[2025-07-12 14:15:07] [FACEBOOK] unknown
[2025-07-12 14:15:07] [TIKTOK] unknown
[2025-07-12 14:15:08] [GA4] purchase
[2025-07-13 01:14:47] [FACEBOOK] unknown
[2025-07-13 01:14:47] [TIKTOK] unknown
[2025-07-13 01:14:47] [GA4] purchase
[2025-07-13 12:20:55] [FACEBOOK] unknown
[2025-07-13 12:20:55] [TIKTOK] unknown
[2025-07-13 12:20:55] [GA4] purchase
[2025-07-13 23:24:51] [FACEBOOK] unknown
[2025-07-13 23:24:52] [TIKTOK] unknown
[2025-07-13 23:24:52] [GA4] purchase
[2025-07-13 23:45:28] [FACEBOOK] unknown
[2025-07-13 23:45:28] [TIKTOK] unknown
[2025-07-13 23:45:28] [GA4] begin_checkout
[2025-07-14 10:13:46] [FACEBOOK] unknown
[2025-07-14 10:13:47] [TIKTOK] unknown
[2025-07-14 10:13:47] [GA4] purchase
[2025-07-14 11:21:09] [FACEBOOK] unknown
[2025-07-14 11:21:09] [TIKTOK] unknown
[2025-07-14 11:21:09] [GA4] begin_checkout
[2025-07-14 21:16:21] [FACEBOOK] unknown
[2025-07-14 21:16:21] [TIKTOK] unknown
[2025-07-14 21:16:22] [GA4] purchase
[2025-07-15 07:24:26] [FACEBOOK] unknown
[2025-07-15 07:24:27] [TIKTOK] unknown
[2025-07-15 07:24:27] [GA4] purchase
[2025-07-15 17:08:56] [FACEBOOK] unknown
[2025-07-15 17:08:56] [TIKTOK] unknown
[2025-07-15 17:08:57] [GA4] purchase
[2025-07-15 17:30:02] [FACEBOOK] unknown
[2025-07-15 17:30:02] [TIKTOK] unknown
[2025-07-15 17:30:02] [GA4] begin_checkout
[2025-07-16 03:16:45] [FACEBOOK] unknown
[2025-07-16 03:16:46] [TIKTOK] unknown
[2025-07-16 03:16:46] [GA4] purchase
[2025-07-16 14:14:17] [FACEBOOK] unknown
[2025-07-16 14:14:17] [TIKTOK] unknown
[2025-07-16 14:14:17] [GA4] purchase
[2025-07-17 00:23:48] [FACEBOOK] unknown
[2025-07-17 00:23:49] [TIKTOK] unknown
[2025-07-17 00:23:49] [GA4] purchase
[2025-07-17 11:13:51] [FACEBOOK] unknown
[2025-07-17 11:13:52] [TIKTOK] unknown
[2025-07-17 11:13:52] [GA4] purchase
[2025-07-17 22:15:44] [FACEBOOK] unknown
[2025-07-17 22:15:45] [TIKTOK] unknown
[2025-07-17 22:15:45] [GA4] purchase
[2025-07-18 08:24:48] [FACEBOOK] unknown
[2025-07-18 08:24:48] [TIKTOK] unknown
[2025-07-18 08:24:48] [GA4] purchase
[2025-07-18 19:23:55] [FACEBOOK] unknown
[2025-07-18 19:23:56] [TIKTOK] unknown
[2025-07-18 19:23:56] [GA4] purchase
[2025-07-19 06:13:45] [FACEBOOK] unknown
[2025-07-19 06:13:45] [TIKTOK] unknown
[2025-07-19 06:13:45] [GA4] purchase
[2025-07-19 13:13:36] [FACEBOOK] unknown
[2025-07-19 13:13:36] [TIKTOK] unknown
[2025-07-19 13:13:36] [GA4] begin_checkout
[2025-07-19 17:15:37] [FACEBOOK] unknown
[2025-07-19 17:15:37] [TIKTOK] unknown
[2025-07-19 17:15:38] [GA4] purchase
[2025-07-20 01:24:49] [FACEBOOK] unknown
[2025-07-20 01:24:49] [TIKTOK] unknown
[2025-07-20 01:24:49] [GA4] begin_checkout
[2025-07-20 04:15:59] [FACEBOOK] unknown
[2025-07-20 04:15:59] [TIKTOK] unknown
[2025-07-20 04:15:59] [GA4] purchase
[2025-07-20 15:13:49] [FACEBOOK] unknown
[2025-07-20 15:13:49] [TIKTOK] unknown
[2025-07-20 15:13:49] [GA4] purchase
[2025-07-21 01:24:44] [FACEBOOK] unknown
[2025-07-21 01:24:45] [TIKTOK] unknown
[2025-07-21 01:24:45] [GA4] purchase
[2025-07-21 12:21:11] [FACEBOOK] unknown
[2025-07-21 12:21:11] [TIKTOK] unknown
[2025-07-21 12:21:16] [GA4] purchase
[2025-07-21 23:23:37] [FACEBOOK] unknown
[2025-07-21 23:23:37] [TIKTOK] unknown
[2025-07-21 23:23:37] [GA4] purchase
[2025-07-22 10:14:14] [FACEBOOK] unknown
[2025-07-22 10:14:14] [TIKTOK] unknown
[2025-07-22 10:14:14] [GA4] purchase
[2025-07-22 20:00:34] [FACEBOOK] unknown
[2025-07-22 20:00:34] [TIKTOK] unknown
[2025-07-22 20:00:34] [GA4] purchase
[2025-07-22 20:00:46] [FACEBOOK] unknown
[2025-07-22 20:00:46] [TIKTOK] unknown
[2025-07-22 20:00:46] [GA4] purchase
[2025-07-22 20:00:51] [FACEBOOK] unknown
[2025-07-22 20:00:51] [TIKTOK] unknown
[2025-07-22 20:00:51] [GA4] purchase
[2025-07-22 20:01:33] [FACEBOOK] unknown
[2025-07-22 20:01:33] [TIKTOK] unknown
[2025-07-22 20:01:34] [GA4] purchase
[2025-07-22 20:03:24] [FACEBOOK] unknown
[2025-07-22 20:03:25] [TIKTOK] unknown
[2025-07-22 20:03:25] [GA4] purchase
[2025-07-22 20:18:18] [FACEBOOK] unknown
[2025-07-22 20:18:18] [TIKTOK] unknown
[2025-07-22 20:18:18] [GA4] purchase
[2025-07-23 07:20:54] [FACEBOOK] unknown
[2025-07-23 07:20:55] [TIKTOK] unknown
[2025-07-23 07:20:55] [GA4] purchase
[2025-07-23 18:16:28] [FACEBOOK] unknown
[2025-07-23 18:16:29] [TIKTOK] unknown
[2025-07-23 18:16:29] [GA4] purchase
[2025-07-24 05:30:46] [FACEBOOK] unknown
[2025-07-24 05:30:47] [TIKTOK] unknown
[2025-07-24 05:30:47] [GA4] purchase
[2025-07-24 18:44:58] [FACEBOOK] unknown
[2025-07-24 18:44:59] [TIKTOK] unknown
[2025-07-24 18:44:59] [GA4] purchase
[2025-07-24 18:45:30] [FACEBOOK] unknown
[2025-07-24 18:45:30] [TIKTOK] unknown
[2025-07-24 18:45:30] [GA4] begin_checkout
[2025-07-24 18:45:42] [FACEBOOK] unknown
[2025-07-24 18:45:42] [TIKTOK] unknown
[2025-07-24 18:45:42] [GA4] begin_checkout
[2025-07-24 18:46:00] [FACEBOOK] unknown
[2025-07-24 18:46:00] [TIKTOK] unknown
[2025-07-24 18:46:00] [GA4] begin_checkout
[2025-07-24 18:46:35] [FACEBOOK] unknown
[2025-07-24 18:46:35] [TIKTOK] unknown
[2025-07-24 18:46:35] [GA4] begin_checkout
[2025-07-24 18:46:58] [FACEBOOK] unknown
[2025-07-24 18:46:58] [TIKTOK] unknown
[2025-07-24 18:46:58] [GA4] begin_checkout
[2025-07-24 18:49:10] [FACEBOOK] unknown
[2025-07-24 18:49:10] [TIKTOK] unknown
[2025-07-24 18:49:10] [GA4] begin_checkout
[2025-07-24 18:54:26] [FACEBOOK] unknown
[2025-07-24 18:54:26] [TIKTOK] unknown
[2025-07-24 18:54:26] [GA4] begin_checkout
[2025-07-24 18:58:07] [FACEBOOK] unknown
[2025-07-24 18:58:07] [TIKTOK] unknown
[2025-07-24 18:58:07] [GA4] begin_checkout
[2025-07-24 18:58:22] [FACEBOOK] unknown
[2025-07-24 18:58:22] [TIKTOK] unknown
[2025-07-24 18:58:22] [GA4] begin_checkout
[2025-07-24 18:58:43] [FACEBOOK] unknown
[2025-07-24 18:58:43] [TIKTOK] unknown
[2025-07-24 18:58:43] [GA4] begin_checkout
[2025-07-24 19:01:28] [FACEBOOK] unknown
[2025-07-24 19:01:28] [TIKTOK] unknown
[2025-07-24 19:01:28] [GA4] begin_checkout
[2025-07-24 19:01:34] [FACEBOOK] unknown
[2025-07-24 19:01:34] [TIKTOK] unknown
[2025-07-24 19:01:34] [GA4] begin_checkout
[2025-07-24 19:02:16] [FACEBOOK] unknown
[2025-07-24 19:02:16] [TIKTOK] unknown
[2025-07-24 19:02:16] [GA4] begin_checkout
[2025-07-24 19:02:22] [FACEBOOK] unknown
[2025-07-24 19:02:22] [TIKTOK] unknown
[2025-07-24 19:02:22] [GA4] begin_checkout
[2025-07-24 19:05:29] [FACEBOOK] unknown
[2025-07-24 19:05:29] [TIKTOK] unknown
[2025-07-24 19:05:29] [GA4] begin_checkout
[2025-07-24 19:10:13] [FACEBOOK] unknown
[2025-07-24 19:10:13] [TIKTOK] unknown
[2025-07-24 19:10:13] [GA4] begin_checkout
[2025-07-24 19:11:47] [FACEBOOK] unknown
[2025-07-24 19:11:47] [TIKTOK] unknown
[2025-07-24 19:11:47] [GA4] begin_checkout
[2025-07-24 19:11:52] [FACEBOOK] unknown
[2025-07-24 19:11:52] [TIKTOK] unknown
[2025-07-24 19:11:52] [GA4] begin_checkout
[2025-07-24 19:12:41] [FACEBOOK] unknown
[2025-07-24 19:12:41] [TIKTOK] unknown
[2025-07-24 19:12:41] [GA4] begin_checkout
[2025-07-24 19:12:54] [FACEBOOK] unknown
[2025-07-24 19:12:55] [TIKTOK] unknown
[2025-07-24 19:12:55] [GA4] purchase
[2025-07-24 19:17:12] [FACEBOOK] unknown
[2025-07-24 19:17:12] [TIKTOK] unknown
[2025-07-24 19:17:12] [GA4] begin_checkout
[2025-07-24 19:17:17] [FACEBOOK] unknown
[2025-07-24 19:17:17] [TIKTOK] unknown
[2025-07-24 19:17:17] [GA4] begin_checkout
[2025-07-24 19:17:21] [FACEBOOK] unknown
[2025-07-24 19:17:21] [TIKTOK] unknown
[2025-07-24 19:17:21] [GA4] begin_checkout
[2025-07-24 19:17:47] [FACEBOOK] unknown
[2025-07-24 19:17:47] [TIKTOK] unknown
[2025-07-24 19:17:47] [GA4] begin_checkout
[2025-07-24 19:18:54] [FACEBOOK] unknown
[2025-07-24 19:18:54] [TIKTOK] unknown
[2025-07-24 19:18:55] [GA4] purchase
[2025-07-24 19:19:13] [FACEBOOK] unknown
[2025-07-24 19:19:13] [TIKTOK] unknown
[2025-07-24 19:19:13] [GA4] begin_checkout
[2025-07-24 19:19:27] [FACEBOOK] unknown
[2025-07-24 19:19:27] [TIKTOK] unknown
[2025-07-24 19:19:27] [GA4] begin_checkout
[2025-07-24 19:19:33] [FACEBOOK] unknown
[2025-07-24 19:19:33] [TIKTOK] unknown
[2025-07-24 19:19:33] [GA4] begin_checkout
[2025-07-24 19:19:39] [FACEBOOK] unknown
[2025-07-24 19:19:40] [TIKTOK] unknown
[2025-07-24 19:19:40] [GA4] begin_checkout
[2025-07-24 19:19:43] [FACEBOOK] unknown
[2025-07-24 19:19:43] [TIKTOK] unknown
[2025-07-24 19:19:43] [GA4] begin_checkout
[2025-07-24 19:20:35] [FACEBOOK] unknown
[2025-07-24 19:20:35] [TIKTOK] unknown
[2025-07-24 19:20:35] [GA4] begin_checkout
[2025-07-24 19:20:40] [FACEBOOK] unknown
[2025-07-24 19:20:40] [TIKTOK] unknown
[2025-07-24 19:20:40] [GA4] begin_checkout
[2025-07-25 05:41:55] [FACEBOOK] unknown
[2025-07-25 05:41:55] [TIKTOK] unknown
[2025-07-25 05:41:56] [GA4] purchase
[2025-07-25 15:47:38] [FACEBOOK] unknown
[2025-07-25 15:47:38] [TIKTOK] unknown
[2025-07-25 15:47:38] [GA4] purchase
[2025-07-25 17:08:36] [FACEBOOK] unknown
[2025-07-25 17:08:36] [TIKTOK] unknown
[2025-07-25 17:08:36] [GA4] begin_checkout
[2025-07-25 23:19:56] [FACEBOOK] unknown
[2025-07-25 23:19:56] [TIKTOK] unknown
[2025-07-25 23:19:56] [GA4] begin_checkout
[2025-07-26 02:41:37] [FACEBOOK] unknown
[2025-07-26 02:41:37] [TIKTOK] unknown
[2025-07-26 02:41:37] [GA4] purchase
[2025-07-26 07:52:23] [FACEBOOK] unknown
[2025-07-26 07:52:23] [TIKTOK] unknown
[2025-07-26 07:52:23] [GA4] begin_checkout
[2025-07-26 13:38:57] [FACEBOOK] unknown
[2025-07-26 13:38:57] [TIKTOK] unknown
[2025-07-26 13:38:57] [GA4] purchase
[2025-07-26 13:48:48] [FACEBOOK] unknown
[2025-07-26 13:48:48] [TIKTOK] unknown
[2025-07-26 13:48:48] [GA4] begin_checkout
[2025-07-26 13:48:51] [FACEBOOK] unknown
[2025-07-26 13:48:51] [TIKTOK] unknown
[2025-07-26 13:48:51] [GA4] purchase
[2025-07-26 13:57:12] [FACEBOOK] unknown
[2025-07-26 13:57:12] [TIKTOK] unknown
[2025-07-26 13:57:12] [GA4] begin_checkout
[2025-07-27 00:39:46] [FACEBOOK] unknown
[2025-07-27 00:39:47] [TIKTOK] unknown
[2025-07-27 00:39:47] [GA4] purchase
[2025-07-27 06:34:23] [FACEBOOK] unknown
[2025-07-27 06:34:23] [TIKTOK] unknown
[2025-07-27 06:34:24] [GA4] purchase
[2025-07-27 09:51:00] [FACEBOOK] unknown
[2025-07-27 09:51:00] [TIKTOK] unknown
[2025-07-27 09:51:00] [GA4] begin_checkout
[2025-07-27 16:41:32] [FACEBOOK] unknown
[2025-07-27 16:41:33] [TIKTOK] unknown
[2025-07-27 16:41:33] [GA4] purchase
[2025-07-27 22:31:43] [FACEBOOK] unknown
[2025-07-27 22:31:44] [TIKTOK] unknown
[2025-07-27 22:31:44] [GA4] purchase
[2025-07-27 22:31:45] [FACEBOOK] unknown
[2025-07-27 22:31:45] [FACEBOOK] unknown
[2025-07-27 22:31:46] [TIKTOK] unknown
[2025-07-27 22:31:46] [TIKTOK] unknown
[2025-07-27 22:31:46] [GA4] purchase
[2025-07-27 22:31:46] [GA4] purchase
[2025-07-28 02:57:45] [FACEBOOK] unknown
[2025-07-28 02:57:45] [TIKTOK] unknown
[2025-07-28 02:57:45] [GA4] purchase
[2025-07-28 08:39:11] [FACEBOOK] unknown
[2025-07-28 08:39:12] [TIKTOK] unknown
[2025-07-28 08:39:12] [FACEBOOK] unknown
[2025-07-28 08:39:12] [GA4] purchase
[2025-07-28 08:39:12] [TIKTOK] unknown
[2025-07-28 08:39:13] [GA4] purchase
[2025-07-28 08:39:14] [FACEBOOK] unknown
[2025-07-28 08:39:14] [TIKTOK] unknown
[2025-07-28 08:39:14] [GA4] purchase
[2025-07-28 09:39:43] [FACEBOOK] unknown
[2025-07-28 09:39:43] [TIKTOK] unknown
[2025-07-28 09:39:44] [GA4] purchase
[2025-07-28 12:39:23] [FACEBOOK] unknown
[2025-07-28 12:39:23] [TIKTOK] unknown
[2025-07-28 12:39:23] [GA4] begin_checkout
[2025-07-28 17:38:58] [FACEBOOK] unknown
[2025-07-28 17:38:58] [TIKTOK] unknown
[2025-07-28 17:38:58] [GA4] begin_checkout
[2025-07-28 20:39:08] [FACEBOOK] unknown
[2025-07-28 20:39:09] [TIKTOK] unknown
[2025-07-28 20:39:09] [GA4] purchase
[2025-07-29 00:44:43] [FACEBOOK] unknown
[2025-07-29 00:44:43] [TIKTOK] unknown
[2025-07-29 00:44:43] [GA4] begin_checkout
[2025-07-29 06:42:44] [FACEBOOK] unknown
[2025-07-29 06:42:44] [TIKTOK] unknown
[2025-07-29 06:42:45] [GA4] purchase
[2025-07-29 17:39:00] [FACEBOOK] unknown
[2025-07-29 17:39:01] [TIKTOK] unknown
[2025-07-29 17:39:01] [GA4] purchase
[2025-07-30 03:51:35] [FACEBOOK] unknown
[2025-07-30 03:51:35] [TIKTOK] unknown
[2025-07-30 03:51:36] [GA4] purchase
[2025-07-30 14:41:20] [FACEBOOK] unknown
[2025-07-30 14:41:21] [TIKTOK] unknown
[2025-07-30 14:41:21] [GA4] purchase
[2025-07-30 15:46:25] [FACEBOOK] unknown
[2025-07-30 15:46:25] [TIKTOK] unknown
[2025-07-30 15:46:25] [GA4] begin_checkout
[2025-07-31 01:41:38] [FACEBOOK] unknown
[2025-07-31 01:41:38] [TIKTOK] unknown
[2025-07-31 01:41:38] [GA4] purchase
[2025-07-31 09:43:14] [FACEBOOK] unknown
[2025-07-31 09:43:15] [TIKTOK] unknown
[2025-07-31 09:43:15] [GA4] begin_checkout
[2025-07-31 12:39:09] [FACEBOOK] unknown
[2025-07-31 12:39:09] [TIKTOK] unknown
[2025-07-31 12:39:09] [GA4] purchase
[2025-07-31 17:28:25] [FACEBOOK] unknown
[2025-07-31 17:28:25] [TIKTOK] unknown
[2025-07-31 17:28:26] [GA4] purchase
[2025-07-31 17:38:45] [FACEBOOK] unknown
[2025-07-31 17:38:45] [TIKTOK] unknown
[2025-07-31 17:38:45] [GA4] purchase
[2025-07-31 17:48:35] [FACEBOOK] unknown
[2025-07-31 17:48:35] [TIKTOK] unknown
[2025-07-31 17:48:35] [GA4] purchase
[2025-07-31 19:44:46] [FACEBOOK] unknown
[2025-07-31 19:44:47] [TIKTOK] unknown
[2025-07-31 19:44:47] [GA4] purchase
[2025-07-31 19:50:28] [FACEBOOK] unknown
[2025-07-31 19:50:29] [TIKTOK] unknown
[2025-07-31 19:50:29] [GA4] purchase
[2025-07-31 19:51:24] [FACEBOOK] unknown
[2025-07-31 19:51:25] [TIKTOK] unknown
[2025-07-31 19:51:25] [GA4] purchase
[2025-08-01 02:50:46] [FACEBOOK] unknown
[2025-08-01 02:50:46] [TIKTOK] unknown
[2025-08-01 02:50:46] [GA4] begin_checkout
[2025-08-01 19:07:34] [FACEBOOK] unknown
[2025-08-01 19:07:35] [TIKTOK] unknown
[2025-08-01 19:07:35] [GA4] purchase
[2025-08-02 05:35:23] [FACEBOOK] unknown
[2025-08-02 05:35:23] [TIKTOK] unknown
[2025-08-02 05:35:23] [GA4] begin_checkout
[2025-08-02 05:41:31] [FACEBOOK] unknown
[2025-08-02 05:41:31] [TIKTOK] unknown
[2025-08-02 05:41:31] [GA4] purchase
[2025-08-02 16:47:04] [FACEBOOK] unknown
[2025-08-02 16:47:04] [TIKTOK] unknown
[2025-08-02 16:47:04] [GA4] purchase
[2025-08-02 21:46:37] [FACEBOOK] unknown
[2025-08-02 21:46:37] [TIKTOK] unknown
[2025-08-02 21:46:37] [GA4] begin_checkout
[2025-08-02 22:55:30] [FACEBOOK] unknown
[2025-08-02 22:55:30] [TIKTOK] unknown
[2025-08-02 22:55:30] [GA4] begin_checkout
[2025-08-02 22:55:31] [FACEBOOK] unknown
[2025-08-02 22:55:31] [TIKTOK] unknown
[2025-08-02 22:55:31] [GA4] begin_checkout
[2025-08-02 22:55:33] [FACEBOOK] unknown
[2025-08-02 22:55:33] [TIKTOK] unknown
[2025-08-02 22:55:34] [GA4] begin_checkout
[2025-08-02 22:56:20] [FACEBOOK] unknown
[2025-08-02 22:56:20] [TIKTOK] unknown
[2025-08-02 22:56:20] [GA4] begin_checkout
[2025-08-02 23:06:35] [FACEBOOK] unknown
[2025-08-02 23:06:35] [TIKTOK] unknown
[2025-08-02 23:06:35] [GA4] begin_checkout
[2025-08-02 23:12:41] [FACEBOOK] unknown
[2025-08-02 23:12:41] [TIKTOK] unknown
[2025-08-02 23:12:41] [GA4] begin_checkout
[2025-08-02 23:42:59] [FACEBOOK] unknown
[2025-08-02 23:42:59] [TIKTOK] unknown
[2025-08-02 23:42:59] [GA4] purchase
[2025-08-03 02:57:08] [FACEBOOK] unknown
[2025-08-03 02:57:08] [TIKTOK] unknown
[2025-08-03 02:57:08] [GA4] purchase
[2025-08-03 07:51:29] [FACEBOOK] unknown
[2025-08-03 07:51:29] [TIKTOK] unknown
[2025-08-03 07:51:30] [GA4] purchase
[2025-08-03 10:59:10] [FACEBOOK] unknown
[2025-08-03 10:59:10] [TIKTOK] unknown
[2025-08-03 10:59:11] [GA4] purchase
[2025-08-03 10:59:14] [FACEBOOK] unknown
[2025-08-03 10:59:14] [TIKTOK] unknown
[2025-08-03 10:59:14] [GA4] purchase
[2025-08-03 11:14:34] [FACEBOOK] unknown
[2025-08-03 11:14:34] [TIKTOK] unknown
[2025-08-03 11:14:35] [GA4] purchase
[2025-08-03 11:14:40] [FACEBOOK] unknown
[2025-08-03 11:14:40] [TIKTOK] unknown
[2025-08-03 11:14:41] [GA4] purchase
[2025-08-03 11:17:35] [FACEBOOK] unknown
[2025-08-03 11:17:35] [TIKTOK] unknown
[2025-08-03 11:17:35] [GA4] purchase
[2025-08-03 11:17:40] [FACEBOOK] unknown
[2025-08-03 11:17:40] [TIKTOK] unknown
[2025-08-03 11:17:40] [GA4] purchase
[2025-08-03 13:43:16] [FACEBOOK] unknown
[2025-08-03 13:43:16] [TIKTOK] unknown
[2025-08-03 13:43:17] [GA4] purchase
[2025-08-03 15:14:23] [FACEBOOK] unknown
[2025-08-03 15:14:23] [TIKTOK] unknown
[2025-08-03 15:14:23] [GA4] purchase
[2025-08-03 15:14:28] [FACEBOOK] unknown
[2025-08-03 15:14:28] [TIKTOK] unknown
[2025-08-03 15:14:29] [GA4] purchase
[2025-08-03 15:15:41] [FACEBOOK] unknown
[2025-08-03 15:15:41] [TIKTOK] unknown
[2025-08-03 15:15:41] [GA4] purchase
[2025-08-03 15:16:16] [FACEBOOK] unknown
[2025-08-03 15:16:16] [TIKTOK] unknown
[2025-08-03 15:16:16] [GA4] purchase
[2025-08-03 15:16:16] [FACEBOOK] unknown
[2025-08-03 15:16:16] [TIKTOK] unknown
[2025-08-03 15:16:17] [GA4] purchase
[2025-08-03 15:16:17] [FACEBOOK] unknown
[2025-08-03 15:16:17] [TIKTOK] unknown
[2025-08-03 15:16:17] [GA4] purchase
[2025-08-03 15:16:21] [FACEBOOK] unknown
[2025-08-03 15:16:21] [TIKTOK] unknown
[2025-08-03 15:16:21] [FACEBOOK] unknown
[2025-08-03 15:16:21] [TIKTOK] unknown
[2025-08-03 15:16:21] [GA4] purchase
[2025-08-03 15:16:22] [GA4] purchase
[2025-08-03 15:16:26] [FACEBOOK] unknown
[2025-08-03 15:16:26] [TIKTOK] unknown
[2025-08-03 15:16:26] [GA4] purchase
[2025-08-03 15:17:31] [FACEBOOK] unknown
[2025-08-03 15:17:31] [TIKTOK] unknown
[2025-08-03 15:17:32] [GA4] purchase
[2025-08-03 15:18:21] [FACEBOOK] unknown
[2025-08-03 15:18:21] [TIKTOK] unknown
[2025-08-03 15:18:21] [GA4] purchase
[2025-08-03 15:18:21] [FACEBOOK] unknown
[2025-08-03 15:18:21] [TIKTOK] unknown
[2025-08-03 15:18:21] [GA4] purchase
[2025-08-03 15:18:22] [FACEBOOK] unknown
[2025-08-03 15:18:22] [TIKTOK] unknown
[2025-08-03 15:18:22] [GA4] purchase
[2025-08-03 15:18:24] [FACEBOOK] unknown
[2025-08-03 15:18:24] [TIKTOK] unknown
[2025-08-03 15:18:24] [GA4] purchase
[2025-08-03 15:18:45] [FACEBOOK] unknown
[2025-08-03 15:18:45] [TIKTOK] unknown
[2025-08-03 15:18:45] [GA4] purchase
[2025-08-03 15:19:42] [FACEBOOK] unknown
[2025-08-03 15:19:42] [TIKTOK] unknown
[2025-08-03 15:19:42] [GA4] purchase
[2025-08-04 01:41:02] [FACEBOOK] unknown
[2025-08-04 01:41:02] [TIKTOK] unknown
[2025-08-04 01:41:02] [GA4] purchase
[2025-08-04 11:56:54] [FACEBOOK] unknown
[2025-08-04 11:56:54] [TIKTOK] unknown
[2025-08-04 11:56:54] [GA4] purchase
[2025-08-04 12:39:54] [FACEBOOK] unknown
[2025-08-04 12:39:54] [TIKTOK] unknown
[2025-08-04 12:39:54] [GA4] purchase
[2025-08-04 14:52:50] [FACEBOOK] unknown
[2025-08-04 14:52:50] [TIKTOK] unknown
[2025-08-04 14:52:50] [GA4] begin_checkout
[2025-08-04 23:39:04] [FACEBOOK] unknown
[2025-08-04 23:39:04] [TIKTOK] unknown
[2025-08-04 23:39:04] [GA4] purchase
[2025-08-05 09:39:15] [FACEBOOK] unknown
[2025-08-05 09:39:16] [TIKTOK] unknown
[2025-08-05 09:39:16] [GA4] purchase
[2025-08-05 18:56:12] [FACEBOOK] unknown
[2025-08-05 18:56:13] [TIKTOK] unknown
[2025-08-05 18:56:14] [GA4] purchase
[2025-08-05 18:59:50] [FACEBOOK] unknown
[2025-08-05 18:59:50] [TIKTOK] unknown
[2025-08-05 18:59:51] [GA4] purchase
[2025-08-05 19:41:53] [FACEBOOK] unknown
[2025-08-05 19:41:53] [TIKTOK] unknown
[2025-08-05 19:41:53] [GA4] purchase
[2025-08-05 20:13:18] [FACEBOOK] unknown
[2025-08-05 20:13:18] [TIKTOK] unknown
[2025-08-05 20:13:18] [GA4] purchase
[2025-08-05 21:05:22] [FACEBOOK] unknown
[2025-08-05 21:05:23] [TIKTOK] unknown
[2025-08-05 21:05:24] [GA4] purchase
[2025-08-05 21:18:21] [FACEBOOK] unknown
[2025-08-05 21:18:22] [TIKTOK] unknown
[2025-08-05 21:18:22] [GA4] purchase
[2025-08-05 21:47:07] [FACEBOOK] unknown
[2025-08-05 21:47:08] [TIKTOK] unknown
[2025-08-05 21:47:08] [GA4] purchase
[2025-08-05 21:50:47] [FACEBOOK] unknown
[2025-08-05 21:50:47] [TIKTOK] unknown
[2025-08-05 21:50:48] [GA4] purchase
[2025-08-05 22:10:50] [FACEBOOK] unknown
[2025-08-05 22:10:50] [TIKTOK] unknown
[2025-08-05 22:10:50] [GA4] purchase
[2025-08-06 07:37:38] [FACEBOOK] unknown
[2025-08-06 07:37:39] [TIKTOK] unknown
[2025-08-06 07:37:39] [GA4] purchase
[2025-08-06 07:39:55] [FACEBOOK] unknown
[2025-08-06 07:39:56] [TIKTOK] unknown
[2025-08-06 07:39:56] [GA4] purchase
[2025-08-06 07:42:39] [FACEBOOK] unknown
[2025-08-06 07:42:39] [TIKTOK] unknown
[2025-08-06 07:42:39] [GA4] purchase
[2025-08-06 07:49:06] [FACEBOOK] unknown
[2025-08-06 07:49:06] [TIKTOK] unknown
[2025-08-06 07:49:07] [GA4] purchase
[2025-08-06 07:50:23] [FACEBOOK] unknown
[2025-08-06 07:50:24] [TIKTOK] unknown
[2025-08-06 07:50:24] [GA4] purchase
[2025-08-06 07:55:33] [FACEBOOK] unknown
[2025-08-06 07:55:33] [TIKTOK] unknown
[2025-08-06 07:55:33] [GA4] purchase
[2025-08-06 08:34:30] [FACEBOOK] unknown
[2025-08-06 08:34:30] [TIKTOK] unknown
[2025-08-06 08:34:30] [GA4] purchase
[2025-08-06 09:30:56] [FACEBOOK] unknown
[2025-08-06 09:30:56] [TIKTOK] unknown
[2025-08-06 09:30:56] [GA4] purchase
[2025-08-06 09:36:31] [FACEBOOK] unknown
[2025-08-06 09:36:32] [TIKTOK] unknown
[2025-08-06 09:36:32] [GA4] purchase
[2025-08-06 09:48:47] [FACEBOOK] unknown
[2025-08-06 09:48:47] [TIKTOK] unknown
[2025-08-06 09:48:47] [GA4] purchase
[2025-08-06 10:26:32] [FACEBOOK] unknown
[2025-08-06 10:26:33] [TIKTOK] unknown
[2025-08-06 10:26:33] [GA4] purchase
[2025-08-06 10:27:46] [FACEBOOK] unknown
[2025-08-06 10:27:47] [TIKTOK] unknown
[2025-08-06 10:27:47] [GA4] purchase
[2025-08-06 10:58:22] [FACEBOOK] unknown
[2025-08-06 10:58:23] [TIKTOK] unknown
[2025-08-06 10:58:23] [GA4] purchase
[2025-08-06 10:59:43] [FACEBOOK] unknown
[2025-08-06 10:59:44] [TIKTOK] unknown
[2025-08-06 10:59:44] [GA4] purchase
[2025-08-06 13:23:31] [FACEBOOK] unknown
[2025-08-06 13:23:32] [TIKTOK] unknown
[2025-08-06 13:23:32] [GA4] purchase
[2025-08-07 00:51:51] [FACEBOOK] unknown
[2025-08-07 00:51:52] [TIKTOK] unknown
[2025-08-07 00:51:52] [GA4] purchase
[2025-08-07 08:18:06] [FACEBOOK] unknown
[2025-08-07 08:18:06] [TIKTOK] unknown
[2025-08-07 08:18:07] [GA4] purchase
[2025-08-07 18:39:18] [FACEBOOK] unknown
[2025-08-07 18:39:19] [TIKTOK] unknown
[2025-08-07 18:39:19] [GA4] purchase
[2025-08-08 04:43:11] [FACEBOOK] unknown
[2025-08-08 04:43:12] [TIKTOK] unknown
[2025-08-08 04:43:12] [GA4] purchase
[2025-08-08 12:24:32] [FACEBOOK] unknown
[2025-08-08 12:24:32] [TIKTOK] unknown
[2025-08-08 12:24:33] [GA4] purchase
[2025-08-08 22:38:47] [FACEBOOK] unknown
[2025-08-08 22:38:48] [TIKTOK] unknown
[2025-08-08 22:38:48] [GA4] purchase
[2025-08-09 03:19:23] [FACEBOOK] unknown
[2025-08-09 03:19:23] [TIKTOK] unknown
[2025-08-09 03:19:23] [GA4] begin_checkout
[2025-08-09 03:35:52] [FACEBOOK] unknown
[2025-08-09 03:35:52] [TIKTOK] unknown
[2025-08-09 03:35:52] [GA4] begin_checkout
[2025-08-09 09:46:03] [FACEBOOK] unknown
[2025-08-09 09:46:03] [TIKTOK] unknown
[2025-08-09 09:46:04] [GA4] purchase
[2025-08-09 18:18:22] [FACEBOOK] unknown
[2025-08-09 18:18:23] [TIKTOK] unknown
[2025-08-09 18:18:23] [GA4] purchase
[2025-08-09 20:39:31] [FACEBOOK] unknown
[2025-08-09 20:39:32] [TIKTOK] unknown
[2025-08-09 20:39:32] [GA4] purchase
[2025-08-10 06:41:46] [FACEBOOK] unknown
[2025-08-10 06:41:47] [TIKTOK] unknown
[2025-08-10 06:41:47] [GA4] purchase
[2025-08-10 15:18:48] [FACEBOOK] unknown
[2025-08-10 15:18:49] [TIKTOK] unknown
[2025-08-10 15:18:50] [GA4] purchase
[2025-08-10 16:47:49] [FACEBOOK] unknown
[2025-08-10 16:47:50] [TIKTOK] unknown
[2025-08-10 16:47:50] [GA4] purchase
[2025-08-11 03:38:56] [FACEBOOK] unknown
[2025-08-11 03:38:57] [TIKTOK] unknown
[2025-08-11 03:38:57] [GA4] purchase
[2025-08-11 14:48:57] [FACEBOOK] unknown
[2025-08-11 14:48:58] [TIKTOK] unknown
[2025-08-11 14:48:58] [GA4] purchase
[2025-08-11 21:25:42] [FACEBOOK] unknown
[2025-08-11 21:25:42] [TIKTOK] unknown
[2025-08-11 21:25:42] [GA4] purchase
[2025-08-11 21:25:49] [FACEBOOK] unknown
[2025-08-11 21:25:49] [TIKTOK] unknown
[2025-08-11 21:25:49] [GA4] purchase
[2025-08-11 21:25:51] [FACEBOOK] unknown
[2025-08-11 21:25:51] [FACEBOOK] unknown
[2025-08-11 21:25:51] [TIKTOK] unknown
[2025-08-11 21:25:51] [TIKTOK] unknown
[2025-08-11 21:25:51] [GA4] purchase
[2025-08-11 21:25:51] [GA4] purchase
[2025-08-12 01:46:34] [FACEBOOK] unknown
[2025-08-12 01:46:34] [TIKTOK] unknown
[2025-08-12 01:46:35] [GA4] purchase
[2025-08-12 12:38:34] [FACEBOOK] unknown
[2025-08-12 12:38:34] [TIKTOK] unknown
[2025-08-12 12:38:34] [GA4] purchase
[2025-08-12 23:38:57] [FACEBOOK] unknown
[2025-08-12 23:38:57] [TIKTOK] unknown
[2025-08-12 23:38:58] [GA4] purchase
[2025-08-13 10:47:00] [FACEBOOK] unknown
[2025-08-13 10:47:01] [TIKTOK] unknown
[2025-08-13 10:47:01] [GA4] purchase
[2025-08-13 21:38:50] [FACEBOOK] unknown
[2025-08-13 21:38:51] [TIKTOK] unknown
[2025-08-13 21:38:51] [GA4] purchase
[2025-08-14 07:40:59] [FACEBOOK] unknown
[2025-08-14 07:41:00] [TIKTOK] unknown
[2025-08-14 07:41:00] [GA4] purchase
[2025-08-14 07:57:09] [FACEBOOK] unknown
[2025-08-14 07:57:10] [TIKTOK] unknown
[2025-08-14 07:57:10] [GA4] purchase
[2025-08-14 18:46:37] [FACEBOOK] unknown
[2025-08-14 18:46:38] [TIKTOK] unknown
[2025-08-14 18:46:38] [GA4] purchase
[2025-08-15 05:41:05] [FACEBOOK] unknown
[2025-08-15 05:41:06] [TIKTOK] unknown
[2025-08-15 05:41:06] [GA4] purchase
[2025-08-15 08:48:02] [FACEBOOK] unknown
[2025-08-15 08:48:03] [TIKTOK] unknown
[2025-08-15 08:48:03] [GA4] purchase
[2025-08-15 09:14:47] [FACEBOOK] unknown
[2025-08-15 09:14:48] [TIKTOK] unknown
[2025-08-15 09:14:48] [GA4] purchase
[2025-08-15 09:33:44] [FACEBOOK] unknown
[2025-08-15 09:33:45] [TIKTOK] unknown
[2025-08-15 09:33:45] [GA4] purchase
[2025-08-15 10:51:42] [FACEBOOK] unknown
[2025-08-15 10:51:43] [TIKTOK] unknown
[2025-08-15 10:51:43] [GA4] purchase
[2025-08-15 11:29:17] [FACEBOOK] unknown
[2025-08-15 11:29:18] [TIKTOK] unknown
[2025-08-15 11:29:18] [GA4] purchase
[2025-08-15 14:30:42] [FACEBOOK] unknown
[2025-08-15 14:30:42] [TIKTOK] unknown
[2025-08-15 14:30:42] [GA4] begin_checkout
[2025-08-15 16:59:01] [FACEBOOK] unknown
[2025-08-15 16:59:01] [TIKTOK] unknown
[2025-08-15 16:59:01] [GA4] begin_checkout
[2025-08-15 19:32:40] [FACEBOOK] unknown
[2025-08-15 19:32:40] [TIKTOK] unknown
[2025-08-15 19:32:40] [GA4] begin_checkout
[2025-08-15 19:33:44] [FACEBOOK] unknown
[2025-08-15 19:33:45] [TIKTOK] unknown
[2025-08-15 19:33:45] [GA4] begin_checkout
[2025-08-15 19:33:59] [FACEBOOK] unknown
[2025-08-15 19:33:59] [TIKTOK] unknown
[2025-08-15 19:33:59] [GA4] begin_checkout
[2025-08-16 08:10:43] [FACEBOOK] unknown
[2025-08-16 08:10:43] [TIKTOK] unknown
[2025-08-16 08:10:43] [GA4] begin_checkout
[2025-08-16 08:11:08] [FACEBOOK] unknown
[2025-08-16 08:11:08] [TIKTOK] unknown
[2025-08-16 08:11:08] [GA4] begin_checkout
[2025-08-16 08:24:34] [FACEBOOK] unknown
[2025-08-16 08:24:34] [TIKTOK] unknown
[2025-08-16 08:24:34] [GA4] begin_checkout
[2025-08-16 08:25:04] [FACEBOOK] unknown
[2025-08-16 08:25:04] [TIKTOK] unknown
[2025-08-16 08:25:04] [GA4] begin_checkout
[2025-08-16 08:25:23] [FACEBOOK] unknown
[2025-08-16 08:25:23] [TIKTOK] unknown
[2025-08-16 08:25:23] [GA4] begin_checkout
[2025-08-16 08:25:45] [FACEBOOK] unknown
[2025-08-16 08:25:45] [TIKTOK] unknown
[2025-08-16 08:25:45] [GA4] begin_checkout
[2025-08-16 08:26:00] [FACEBOOK] unknown
[2025-08-16 08:26:00] [TIKTOK] unknown
[2025-08-16 08:26:00] [GA4] begin_checkout
[2025-08-16 08:26:07] [FACEBOOK] unknown
[2025-08-16 08:26:07] [TIKTOK] unknown
[2025-08-16 08:26:07] [GA4] begin_checkout
[2025-08-16 08:26:16] [FACEBOOK] unknown
[2025-08-16 08:26:16] [TIKTOK] unknown
[2025-08-16 08:26:16] [GA4] begin_checkout
[2025-08-16 08:31:32] [FACEBOOK] unknown
[2025-08-16 08:31:33] [TIKTOK] unknown
[2025-08-16 08:31:33] [GA4] begin_checkout
[2025-08-16 09:43:02] [FACEBOOK] unknown
[2025-08-16 09:43:02] [TIKTOK] unknown
[2025-08-16 09:43:02] [GA4] begin_checkout
[2025-08-16 16:48:33] [FACEBOOK] unknown
[2025-08-16 16:48:33] [TIKTOK] unknown
[2025-08-16 16:48:33] [GA4] begin_checkout
[2025-08-16 16:48:35] [FACEBOOK] unknown
[2025-08-16 16:48:35] [TIKTOK] unknown
[2025-08-16 16:48:35] [GA4] begin_checkout
[2025-08-16 19:29:35] [FACEBOOK] unknown
[2025-08-16 19:29:35] [TIKTOK] unknown
[2025-08-16 19:29:35] [GA4] begin_checkout
[2025-08-16 19:32:10] [FACEBOOK] unknown
[2025-08-16 19:32:10] [TIKTOK] unknown
[2025-08-16 19:32:10] [GA4] begin_checkout
[2025-08-17 01:19:46] [FACEBOOK] unknown
[2025-08-17 01:19:46] [TIKTOK] unknown
[2025-08-17 01:19:46] [GA4] purchase
[2025-08-17 04:05:41] [FACEBOOK] unknown
[2025-08-17 04:05:42] [TIKTOK] unknown
[2025-08-17 04:05:42] [GA4] purchase
[2025-08-17 04:15:21] [FACEBOOK] unknown
[2025-08-17 04:15:21] [TIKTOK] unknown
[2025-08-17 04:15:22] [GA4] purchase
[2025-08-17 04:15:29] [FACEBOOK] unknown
[2025-08-17 04:15:29] [TIKTOK] unknown
[2025-08-17 04:15:30] [GA4] purchase
[2025-08-17 04:16:00] [FACEBOOK] unknown
[2025-08-17 04:16:00] [TIKTOK] unknown
[2025-08-17 04:16:00] [GA4] purchase
[2025-08-17 04:17:21] [FACEBOOK] unknown
[2025-08-17 04:17:21] [TIKTOK] unknown
[2025-08-17 04:17:22] [GA4] purchase
[2025-08-17 04:18:53] [FACEBOOK] unknown
[2025-08-17 04:18:53] [TIKTOK] unknown
[2025-08-17 04:18:53] [GA4] purchase
[2025-08-17 04:21:12] [FACEBOOK] unknown
[2025-08-17 04:21:13] [TIKTOK] unknown
[2025-08-17 04:21:13] [GA4] purchase
[2025-08-17 04:22:07] [FACEBOOK] unknown
[2025-08-17 04:22:07] [TIKTOK] unknown
[2025-08-17 04:22:07] [GA4] purchase
[2025-08-17 11:38:40] [FACEBOOK] unknown
[2025-08-17 11:38:41] [TIKTOK] unknown
[2025-08-17 11:38:41] [GA4] purchase
[2025-08-17 14:20:05] [FACEBOOK] unknown
[2025-08-17 14:20:05] [TIKTOK] unknown
[2025-08-17 14:20:05] [GA4] begin_checkout
[2025-08-17 14:43:32] [FACEBOOK] unknown
[2025-08-17 14:43:32] [TIKTOK] unknown
[2025-08-17 14:43:32] [GA4] purchase
[2025-08-17 14:44:03] [FACEBOOK] unknown
[2025-08-17 14:44:03] [TIKTOK] unknown
[2025-08-17 14:44:03] [GA4] purchase
[2025-08-17 14:44:05] [FACEBOOK] unknown
[2025-08-17 14:44:05] [TIKTOK] unknown
[2025-08-17 14:44:05] [GA4] purchase
[2025-08-17 14:44:06] [FACEBOOK] unknown
[2025-08-17 14:44:06] [TIKTOK] unknown
[2025-08-17 14:44:06] [GA4] purchase
[2025-08-17 14:44:08] [FACEBOOK] unknown
[2025-08-17 14:44:08] [TIKTOK] unknown
[2025-08-17 14:44:08] [GA4] purchase
[2025-08-17 14:44:09] [FACEBOOK] unknown
[2025-08-17 14:44:09] [TIKTOK] unknown
[2025-08-17 14:44:10] [GA4] purchase
[2025-08-17 14:44:11] [FACEBOOK] unknown
[2025-08-17 14:44:11] [TIKTOK] unknown
[2025-08-17 14:44:11] [GA4] purchase
[2025-08-17 14:44:12] [FACEBOOK] unknown
[2025-08-17 14:44:12] [TIKTOK] unknown
[2025-08-17 14:44:13] [GA4] purchase
[2025-08-17 15:34:29] [FACEBOOK] unknown
[2025-08-17 15:34:29] [TIKTOK] unknown
[2025-08-17 15:34:29] [GA4] purchase
[2025-08-17 16:10:35] [FACEBOOK] unknown
[2025-08-17 16:10:35] [TIKTOK] unknown
[2025-08-17 16:10:35] [GA4] purchase
[2025-08-17 16:21:13] [FACEBOOK] unknown
[2025-08-17 16:21:13] [TIKTOK] unknown
[2025-08-17 16:21:13] [GA4] purchase
[2025-08-17 18:25:50] [FACEBOOK] unknown
[2025-08-17 18:25:50] [TIKTOK] unknown
[2025-08-17 18:25:50] [GA4] purchase
[2025-08-17 19:39:42] [FACEBOOK] unknown
[2025-08-17 19:39:43] [TIKTOK] unknown
[2025-08-17 19:39:43] [GA4] purchase
[2025-08-17 21:42:32] [FACEBOOK] unknown
[2025-08-17 21:42:32] [TIKTOK] unknown
[2025-08-17 21:42:32] [GA4] purchase
[2025-08-18 01:52:44] [FACEBOOK] unknown
[2025-08-18 01:52:44] [TIKTOK] unknown
[2025-08-18 01:52:45] [GA4] purchase
[2025-08-18 01:52:46] [FACEBOOK] unknown
[2025-08-18 01:52:46] [TIKTOK] unknown
[2025-08-18 01:52:46] [GA4] purchase
[2025-08-18 01:52:47] [FACEBOOK] unknown
[2025-08-18 01:52:47] [TIKTOK] unknown
[2025-08-18 01:52:48] [GA4] purchase
[2025-08-18 02:44:44] [FACEBOOK] unknown
[2025-08-18 02:44:45] [TIKTOK] unknown
[2025-08-18 02:44:45] [GA4] purchase
[2025-08-18 02:44:47] [FACEBOOK] unknown
[2025-08-18 02:44:47] [TIKTOK] unknown
[2025-08-18 02:44:47] [GA4] purchase
[2025-08-18 04:39:05] [FACEBOOK] unknown
[2025-08-18 04:39:05] [TIKTOK] unknown
[2025-08-18 04:39:05] [GA4] purchase
[2025-08-18 07:13:23] [FACEBOOK] unknown
[2025-08-18 07:13:23] [TIKTOK] unknown
[2025-08-18 07:13:23] [GA4] purchase
[2025-08-18 08:38:50] [FACEBOOK] unknown
[2025-08-18 08:38:50] [TIKTOK] unknown
[2025-08-18 08:38:50] [GA4] purchase
[2025-08-18 08:51:51] [FACEBOOK] unknown
[2025-08-18 08:51:51] [TIKTOK] unknown
[2025-08-18 08:51:51] [GA4] begin_checkout
[2025-08-18 12:39:02] [FACEBOOK] unknown
[2025-08-18 12:39:03] [TIKTOK] unknown
[2025-08-18 12:39:04] [GA4] purchase
[2025-08-18 12:39:05] [FACEBOOK] unknown
[2025-08-18 12:39:05] [TIKTOK] unknown
[2025-08-18 12:39:06] [GA4] purchase
[2025-08-18 13:40:15] [FACEBOOK] unknown
[2025-08-18 13:40:15] [TIKTOK] unknown
[2025-08-18 13:40:16] [GA4] purchase
[2025-08-18 19:40:12] [FACEBOOK] unknown
[2025-08-18 19:40:13] [TIKTOK] unknown
[2025-08-18 19:40:13] [GA4] purchase
[2025-08-18 23:40:39] [FACEBOOK] unknown
[2025-08-18 23:40:40] [TIKTOK] unknown
[2025-08-18 23:40:40] [GA4] purchase
[2025-08-18 23:40:43] [FACEBOOK] unknown
[2025-08-18 23:40:44] [TIKTOK] unknown
[2025-08-18 23:40:44] [GA4] purchase
[2025-08-19 00:46:34] [FACEBOOK] unknown
[2025-08-19 00:46:34] [TIKTOK] unknown
[2025-08-19 00:46:34] [GA4] purchase
[2025-08-19 03:18:38] [FACEBOOK] unknown
[2025-08-19 03:18:38] [TIKTOK] unknown
[2025-08-19 03:18:39] [GA4] purchase
[2025-08-19 03:36:13] [FACEBOOK] unknown
[2025-08-19 03:36:13] [TIKTOK] unknown
[2025-08-19 03:36:13] [GA4] purchase
[2025-08-19 03:39:23] [FACEBOOK] unknown
[2025-08-19 03:39:23] [TIKTOK] unknown
[2025-08-19 03:39:24] [GA4] purchase
[2025-08-19 04:00:28] [FACEBOOK] unknown
[2025-08-19 04:00:29] [TIKTOK] unknown
[2025-08-19 04:00:29] [GA4] purchase
[2025-08-19 04:45:27] [FACEBOOK] unknown
[2025-08-19 04:45:27] [TIKTOK] unknown
[2025-08-19 04:45:28] [GA4] purchase
[2025-08-19 05:13:35] [FACEBOOK] unknown
[2025-08-19 05:13:35] [TIKTOK] unknown
[2025-08-19 05:13:35] [GA4] purchase
[2025-08-19 06:40:34] [FACEBOOK] unknown
[2025-08-19 06:40:34] [TIKTOK] unknown
[2025-08-19 06:40:34] [GA4] purchase
[2025-08-19 10:44:51] [FACEBOOK] unknown
[2025-08-19 10:44:52] [TIKTOK] unknown
[2025-08-19 10:44:52] [GA4] purchase
[2025-08-19 10:44:53] [FACEBOOK] unknown
[2025-08-19 10:44:54] [TIKTOK] unknown
[2025-08-19 10:44:54] [GA4] purchase
[2025-08-19 11:49:35] [FACEBOOK] unknown
[2025-08-19 11:49:35] [TIKTOK] unknown
[2025-08-19 11:49:35] [GA4] purchase
[2025-08-19 12:06:27] [FACEBOOK] unknown
[2025-08-19 12:06:27] [TIKTOK] unknown
[2025-08-19 12:06:27] [GA4] purchase
[2025-08-19 12:57:21] [FACEBOOK] unknown
[2025-08-19 12:57:21] [TIKTOK] unknown
[2025-08-19 12:57:21] [GA4] begin_checkout
[2025-08-19 13:19:35] [FACEBOOK] unknown
[2025-08-19 13:19:35] [TIKTOK] unknown
[2025-08-19 13:19:36] [GA4] purchase
[2025-08-19 13:19:42] [FACEBOOK] unknown
[2025-08-19 13:19:42] [TIKTOK] unknown
[2025-08-19 13:19:42] [GA4] purchase
[2025-08-19 13:46:43] [FACEBOOK] unknown
[2025-08-19 13:46:44] [TIKTOK] unknown
[2025-08-19 13:46:44] [GA4] purchase
[2025-08-19 15:51:53] [FACEBOOK] unknown
[2025-08-19 15:51:53] [TIKTOK] unknown
[2025-08-19 15:51:53] [GA4] begin_checkout
[2025-08-19 22:40:12] [FACEBOOK] unknown
[2025-08-19 22:40:12] [TIKTOK] unknown
[2025-08-19 22:40:13] [GA4] purchase
[2025-08-20 00:00:12] [FACEBOOK] unknown
[2025-08-20 00:00:12] [TIKTOK] unknown
[2025-08-20 00:00:12] [GA4] purchase
[2025-08-20 00:20:08] [FACEBOOK] unknown
[2025-08-20 00:20:08] [TIKTOK] unknown
[2025-08-20 00:20:08] [GA4] purchase
[2025-08-20 00:51:29] [FACEBOOK] unknown
[2025-08-20 00:51:29] [TIKTOK] unknown
[2025-08-20 00:51:29] [GA4] purchase
[2025-08-20 00:56:18] [FACEBOOK] unknown
[2025-08-20 00:56:18] [TIKTOK] unknown
[2025-08-20 00:56:18] [GA4] purchase
[2025-08-20 01:33:39] [FACEBOOK] unknown
[2025-08-20 01:33:39] [TIKTOK] unknown
[2025-08-20 01:33:39] [GA4] purchase
[2025-08-20 01:46:13] [FACEBOOK] unknown
[2025-08-20 01:46:14] [TIKTOK] unknown
[2025-08-20 01:46:14] [GA4] purchase
[2025-08-20 09:45:52] [FACEBOOK] unknown
[2025-08-20 09:45:52] [TIKTOK] unknown
[2025-08-20 09:45:52] [GA4] purchase
[2025-08-20 10:57:50] [FACEBOOK] unknown
[2025-08-20 10:57:51] [TIKTOK] unknown
[2025-08-20 10:57:51] [GA4] purchase
[2025-08-20 10:58:16] [FACEBOOK] unknown
[2025-08-20 10:58:16] [TIKTOK] unknown
[2025-08-20 10:58:17] [GA4] purchase
[2025-08-20 10:58:18] [FACEBOOK] unknown
[2025-08-20 10:58:18] [TIKTOK] unknown
[2025-08-20 10:58:18] [GA4] purchase
[2025-08-20 11:46:02] [FACEBOOK] unknown
[2025-08-20 11:46:02] [TIKTOK] unknown
[2025-08-20 11:46:02] [GA4] purchase
[2025-08-20 11:46:05] [FACEBOOK] unknown
[2025-08-20 11:46:05] [TIKTOK] unknown
[2025-08-20 11:46:05] [GA4] purchase
[2025-08-20 11:49:57] [FACEBOOK] unknown
[2025-08-20 11:49:58] [TIKTOK] unknown
[2025-08-20 11:49:58] [GA4] purchase
[2025-08-20 12:40:24] [FACEBOOK] unknown
[2025-08-20 12:40:24] [TIKTOK] unknown
[2025-08-20 12:40:30] [GA4] purchase
[2025-08-20 20:39:52] [FACEBOOK] unknown
[2025-08-20 20:39:53] [TIKTOK] unknown
[2025-08-20 20:39:53] [GA4] purchase
[2025-08-20 21:48:06] [FACEBOOK] unknown
[2025-08-20 21:48:06] [TIKTOK] unknown
[2025-08-20 21:48:06] [GA4] purchase
[2025-08-20 21:48:09] [FACEBOOK] unknown
[2025-08-20 21:48:10] [TIKTOK] unknown
[2025-08-20 21:48:10] [GA4] purchase
[2025-08-20 21:48:13] [FACEBOOK] unknown
[2025-08-20 21:48:13] [TIKTOK] unknown
[2025-08-20 21:48:13] [GA4] purchase
[2025-08-20 22:50:35] [FACEBOOK] unknown
[2025-08-20 22:50:36] [TIKTOK] unknown
[2025-08-20 22:50:36] [GA4] purchase
[2025-08-20 22:50:37] [FACEBOOK] unknown
[2025-08-20 22:50:37] [TIKTOK] unknown
[2025-08-20 22:50:38] [GA4] purchase
[2025-08-20 23:01:26] [FACEBOOK] unknown
[2025-08-20 23:01:26] [TIKTOK] unknown
[2025-08-20 23:01:27] [GA4] purchase
[2025-08-20 23:41:57] [FACEBOOK] unknown
[2025-08-20 23:41:58] [TIKTOK] unknown
[2025-08-20 23:41:58] [GA4] purchase
[2025-08-21 06:42:44] [FACEBOOK] unknown
[2025-08-21 06:42:44] [TIKTOK] unknown
[2025-08-21 06:42:45] [GA4] purchase
[2025-08-21 08:40:11] [FACEBOOK] unknown
[2025-08-21 08:40:11] [TIKTOK] unknown
[2025-08-21 08:40:12] [GA4] purchase
[2025-08-21 08:56:55] [FACEBOOK] unknown
[2025-08-21 08:56:55] [TIKTOK] unknown
[2025-08-21 08:56:56] [GA4] purchase
[2025-08-21 08:56:57] [FACEBOOK] unknown
[2025-08-21 08:56:57] [TIKTOK] unknown
[2025-08-21 08:56:57] [GA4] purchase
[2025-08-21 09:47:45] [FACEBOOK] unknown
[2025-08-21 09:47:45] [TIKTOK] unknown
[2025-08-21 09:47:45] [GA4] purchase
[2025-08-21 09:50:36] [FACEBOOK] unknown
[2025-08-21 09:50:36] [TIKTOK] unknown
[2025-08-21 09:50:36] [GA4] purchase
[2025-08-21 09:56:19] [FACEBOOK] unknown
[2025-08-21 09:56:20] [TIKTOK] unknown
[2025-08-21 09:56:20] [GA4] purchase
[2025-08-21 10:42:30] [FACEBOOK] unknown
[2025-08-21 10:42:31] [TIKTOK] unknown
[2025-08-21 10:42:31] [GA4] purchase
[2025-08-21 17:40:06] [FACEBOOK] unknown
[2025-08-21 17:40:07] [TIKTOK] unknown
[2025-08-21 17:40:07] [GA4] purchase
[2025-08-21 20:06:49] [FACEBOOK] unknown
[2025-08-21 20:06:49] [TIKTOK] unknown
[2025-08-21 20:06:50] [GA4] purchase
[2025-08-21 20:06:53] [FACEBOOK] unknown
[2025-08-21 20:06:54] [TIKTOK] unknown
[2025-08-21 20:06:54] [GA4] purchase
[2025-08-21 20:06:57] [FACEBOOK] unknown
[2025-08-21 20:06:57] [TIKTOK] unknown
[2025-08-21 20:06:57] [GA4] purchase
[2025-08-21 20:53:58] [FACEBOOK] unknown
[2025-08-21 20:53:59] [TIKTOK] unknown
[2025-08-21 20:53:59] [GA4] purchase
[2025-08-21 20:54:00] [FACEBOOK] unknown
[2025-08-21 20:54:00] [TIKTOK] unknown
[2025-08-21 20:54:00] [GA4] purchase
[2025-08-21 21:00:45] [FACEBOOK] unknown
[2025-08-21 21:00:45] [TIKTOK] unknown
[2025-08-21 21:00:46] [GA4] purchase
[2025-08-21 21:08:40] [FACEBOOK] unknown
[2025-08-21 21:08:40] [TIKTOK] unknown
[2025-08-21 21:08:41] [GA4] purchase
[2025-08-22 04:03:05] [FACEBOOK] unknown
[2025-08-22 04:03:05] [TIKTOK] unknown
[2025-08-22 04:03:05] [GA4] purchase
[2025-08-22 06:50:07] [FACEBOOK] unknown
[2025-08-22 06:50:07] [TIKTOK] unknown
[2025-08-22 06:50:07] [GA4] purchase
[2025-08-22 06:55:42] [FACEBOOK] unknown
[2025-08-22 06:55:42] [TIKTOK] unknown
[2025-08-22 06:55:42] [GA4] purchase
[2025-08-22 06:55:45] [FACEBOOK] unknown
[2025-08-22 06:55:45] [TIKTOK] unknown
[2025-08-22 06:55:45] [GA4] purchase
[2025-08-22 07:42:48] [FACEBOOK] unknown
[2025-08-22 07:42:48] [TIKTOK] unknown
[2025-08-22 07:42:49] [GA4] purchase
[2025-08-22 07:42:50] [FACEBOOK] unknown
[2025-08-22 07:42:50] [TIKTOK] unknown
[2025-08-22 07:42:50] [GA4] purchase
[2025-08-22 07:42:53] [FACEBOOK] unknown
[2025-08-22 07:42:54] [TIKTOK] unknown
[2025-08-22 07:42:54] [GA4] purchase
[2025-08-22 07:56:59] [FACEBOOK] unknown
[2025-08-22 07:56:59] [TIKTOK] unknown
[2025-08-22 07:56:59] [GA4] purchase
[2025-08-22 14:47:59] [FACEBOOK] unknown
[2025-08-22 14:47:59] [TIKTOK] unknown
[2025-08-22 14:47:59] [GA4] purchase
[2025-08-22 17:43:04] [FACEBOOK] unknown
[2025-08-22 17:43:05] [TIKTOK] unknown
[2025-08-22 17:43:05] [GA4] purchase
[2025-08-22 17:44:21] [FACEBOOK] unknown
[2025-08-22 17:44:21] [TIKTOK] unknown
[2025-08-22 17:44:21] [GA4] purchase
[2025-08-22 17:44:24] [FACEBOOK] unknown
[2025-08-22 17:44:24] [TIKTOK] unknown
[2025-08-22 17:44:24] [GA4] purchase
[2025-08-22 18:40:13] [FACEBOOK] unknown
[2025-08-22 18:40:14] [TIKTOK] unknown
[2025-08-22 18:40:14] [GA4] purchase
[2025-08-22 18:40:16] [FACEBOOK] unknown
[2025-08-22 18:40:17] [TIKTOK] unknown
[2025-08-22 18:40:17] [GA4] purchase
[2025-08-22 18:40:48] [FACEBOOK] unknown
[2025-08-22 18:40:48] [TIKTOK] unknown
[2025-08-22 18:40:48] [GA4] purchase
[2025-08-22 18:43:02] [FACEBOOK] unknown
[2025-08-22 18:43:02] [TIKTOK] unknown
[2025-08-22 18:43:03] [GA4] purchase
[2025-08-23 01:51:56] [FACEBOOK] unknown
[2025-08-23 01:51:57] [TIKTOK] unknown
[2025-08-23 01:51:57] [GA4] purchase
[2025-08-23 04:49:46] [FACEBOOK] unknown
[2025-08-23 04:49:47] [TIKTOK] unknown
[2025-08-23 04:49:47] [GA4] purchase
[2025-08-23 04:49:53] [FACEBOOK] unknown
[2025-08-23 04:49:53] [TIKTOK] unknown
[2025-08-23 04:49:54] [GA4] purchase
[2025-08-23 04:49:55] [FACEBOOK] unknown
[2025-08-23 04:49:55] [TIKTOK] unknown
[2025-08-23 04:49:56] [GA4] purchase
[2025-08-23 05:35:02] [FACEBOOK] unknown
[2025-08-23 05:35:02] [TIKTOK] unknown
[2025-08-23 05:35:02] [GA4] purchase
[2025-08-23 05:46:53] [FACEBOOK] unknown
[2025-08-23 05:46:53] [TIKTOK] unknown
[2025-08-23 05:46:54] [GA4] purchase
[2025-08-23 05:46:55] [FACEBOOK] unknown
[2025-08-23 05:46:56] [TIKTOK] unknown
[2025-08-23 05:46:56] [GA4] purchase
[2025-08-23 05:47:01] [FACEBOOK] unknown
[2025-08-23 05:47:01] [TIKTOK] unknown
[2025-08-23 05:47:01] [GA4] purchase
[2025-08-23 05:49:26] [FACEBOOK] unknown
[2025-08-23 05:49:26] [TIKTOK] unknown
[2025-08-23 05:49:26] [GA4] purchase
[2025-08-23 11:32:30] [FACEBOOK] unknown
[2025-08-23 11:32:30] [TIKTOK] unknown
[2025-08-23 11:32:30] [GA4] begin_checkout
[2025-08-23 11:34:36] [FACEBOOK] unknown
[2025-08-23 11:34:36] [TIKTOK] unknown
[2025-08-23 11:34:36] [GA4] begin_checkout
[2025-08-23 12:46:21] [FACEBOOK] unknown
[2025-08-23 12:46:22] [TIKTOK] unknown
[2025-08-23 12:46:22] [GA4] purchase
[2025-08-23 15:48:20] [FACEBOOK] unknown
[2025-08-23 15:48:20] [TIKTOK] unknown
[2025-08-23 15:48:20] [GA4] purchase
[2025-08-23 15:48:23] [FACEBOOK] unknown
[2025-08-23 15:48:24] [TIKTOK] unknown
[2025-08-23 15:48:24] [GA4] purchase
[2025-08-23 15:48:27] [FACEBOOK] unknown
[2025-08-23 15:48:27] [TIKTOK] unknown
[2025-08-23 15:48:27] [GA4] purchase
[2025-08-23 16:47:34] [FACEBOOK] unknown
[2025-08-23 16:47:35] [TIKTOK] unknown
[2025-08-23 16:47:35] [GA4] purchase
[2025-08-23 16:47:36] [FACEBOOK] unknown
[2025-08-23 16:47:36] [TIKTOK] unknown
[2025-08-23 16:47:36] [GA4] purchase
[2025-08-23 16:47:41] [FACEBOOK] unknown
[2025-08-23 16:47:41] [TIKTOK] unknown
[2025-08-23 16:47:42] [GA4] purchase
[2025-08-23 16:55:57] [FACEBOOK] unknown
[2025-08-23 16:55:57] [TIKTOK] unknown
[2025-08-23 16:55:57] [GA4] purchase
[2025-08-23 20:49:10] [FACEBOOK] unknown
[2025-08-23 20:49:10] [TIKTOK] unknown
[2025-08-23 20:49:10] [GA4] begin_checkout
[2025-08-23 23:50:32] [FACEBOOK] unknown
[2025-08-23 23:50:32] [TIKTOK] unknown
[2025-08-23 23:50:32] [GA4] purchase
[2025-08-24 02:43:09] [FACEBOOK] unknown
[2025-08-24 02:43:09] [TIKTOK] unknown
[2025-08-24 02:43:09] [GA4] purchase
[2025-08-24 02:44:04] [FACEBOOK] unknown
[2025-08-24 02:44:04] [TIKTOK] unknown
[2025-08-24 02:44:04] [GA4] purchase
[2025-08-24 02:44:07] [FACEBOOK] unknown
[2025-08-24 02:44:07] [TIKTOK] unknown
[2025-08-24 02:44:08] [GA4] purchase
[2025-08-24 03:40:12] [FACEBOOK] unknown
[2025-08-24 03:40:12] [TIKTOK] unknown
[2025-08-24 03:40:12] [GA4] purchase
[2025-08-24 03:44:22] [FACEBOOK] unknown
[2025-08-24 03:44:23] [TIKTOK] unknown
[2025-08-24 03:44:23] [GA4] purchase
[2025-08-24 03:44:27] [FACEBOOK] unknown
[2025-08-24 03:44:27] [TIKTOK] unknown
[2025-08-24 03:44:28] [GA4] purchase
[2025-08-24 03:48:26] [FACEBOOK] unknown
[2025-08-24 03:48:26] [TIKTOK] unknown
[2025-08-24 03:48:27] [GA4] purchase
[2025-08-24 10:43:10] [FACEBOOK] unknown
[2025-08-24 10:43:10] [TIKTOK] unknown
[2025-08-24 10:43:11] [GA4] purchase
[2025-08-24 13:04:34] [FACEBOOK] unknown
[2025-08-24 13:04:35] [TIKTOK] unknown
[2025-08-24 13:04:35] [GA4] purchase
[2025-08-24 13:41:01] [FACEBOOK] unknown
[2025-08-24 13:41:02] [TIKTOK] unknown
[2025-08-24 13:41:02] [GA4] purchase
[2025-08-24 13:41:04] [FACEBOOK] unknown
[2025-08-24 13:41:05] [TIKTOK] unknown
[2025-08-24 13:41:05] [GA4] purchase
[2025-08-24 14:40:24] [FACEBOOK] unknown
[2025-08-24 14:40:25] [TIKTOK] unknown
[2025-08-24 14:40:25] [GA4] purchase
[2025-08-24 14:44:51] [FACEBOOK] unknown
[2025-08-24 14:44:51] [TIKTOK] unknown
[2025-08-24 14:44:51] [GA4] purchase
[2025-08-24 14:45:48] [FACEBOOK] unknown
[2025-08-24 14:45:48] [TIKTOK] unknown
[2025-08-24 14:45:48] [GA4] purchase
[2025-08-24 14:47:39] [FACEBOOK] unknown
[2025-08-24 14:47:40] [TIKTOK] unknown
[2025-08-24 14:47:40] [GA4] purchase
[2025-08-24 21:43:25] [FACEBOOK] unknown
[2025-08-24 21:43:26] [TIKTOK] unknown
[2025-08-24 21:43:26] [GA4] purchase
[2025-08-24 23:00:28] [FACEBOOK] unknown
[2025-08-24 23:00:29] [TIKTOK] unknown
[2025-08-24 23:00:29] [GA4] purchase
[2025-08-25 00:07:30] [FACEBOOK] unknown
[2025-08-25 00:07:30] [TIKTOK] unknown
[2025-08-25 00:07:31] [GA4] purchase
[2025-08-25 00:45:24] [FACEBOOK] unknown
[2025-08-25 00:45:24] [TIKTOK] unknown
[2025-08-25 00:45:25] [GA4] purchase
[2025-08-25 00:45:30] [FACEBOOK] unknown
[2025-08-25 00:45:30] [TIKTOK] unknown
[2025-08-25 00:45:30] [GA4] purchase
[2025-08-25 01:41:36] [FACEBOOK] unknown
[2025-08-25 01:41:36] [TIKTOK] unknown
[2025-08-25 01:41:37] [GA4] purchase
[2025-08-25 01:41:38] [FACEBOOK] unknown
[2025-08-25 01:41:39] [TIKTOK] unknown
[2025-08-25 01:41:39] [GA4] purchase
[2025-08-25 01:41:44] [FACEBOOK] unknown
[2025-08-25 01:41:44] [TIKTOK] unknown
[2025-08-25 01:41:45] [GA4] purchase
[2025-08-25 01:43:58] [FACEBOOK] unknown
[2025-08-25 01:43:59] [TIKTOK] unknown
[2025-08-25 01:43:59] [GA4] purchase
[2025-08-25 08:41:28] [FACEBOOK] unknown
[2025-08-25 08:41:28] [TIKTOK] unknown
[2025-08-25 08:41:28] [GA4] purchase
[2025-08-25 11:07:05] [FACEBOOK] unknown
[2025-08-25 11:07:06] [TIKTOK] unknown
[2025-08-25 11:07:06] [GA4] purchase
[2025-08-25 11:45:57] [FACEBOOK] unknown
[2025-08-25 11:45:57] [TIKTOK] unknown
[2025-08-25 11:45:57] [GA4] purchase
[2025-08-25 11:46:02] [FACEBOOK] unknown
[2025-08-25 11:46:02] [TIKTOK] unknown
[2025-08-25 11:46:03] [GA4] purchase
[2025-08-25 12:48:30] [FACEBOOK] unknown
[2025-08-25 12:48:30] [TIKTOK] unknown
[2025-08-25 12:48:31] [GA4] purchase
[2025-08-25 12:48:33] [FACEBOOK] unknown
[2025-08-25 12:48:33] [TIKTOK] unknown
[2025-08-25 12:48:33] [GA4] purchase
[2025-08-25 12:48:38] [FACEBOOK] unknown
[2025-08-25 12:48:38] [TIKTOK] unknown
[2025-08-25 12:48:38] [GA4] purchase
[2025-08-25 12:50:35] [FACEBOOK] unknown
[2025-08-25 12:50:35] [TIKTOK] unknown
[2025-08-25 12:50:35] [GA4] purchase
[2025-08-25 19:49:31] [FACEBOOK] unknown
[2025-08-25 19:49:31] [TIKTOK] unknown
[2025-08-25 19:49:32] [GA4] purchase
[2025-08-25 21:55:11] [FACEBOOK] unknown
[2025-08-25 21:55:11] [TIKTOK] unknown
[2025-08-25 21:55:12] [GA4] purchase
[2025-08-25 23:04:53] [FACEBOOK] unknown
[2025-08-25 23:04:54] [TIKTOK] unknown
[2025-08-25 23:04:54] [GA4] purchase
[2025-08-25 23:04:56] [FACEBOOK] unknown
[2025-08-25 23:04:57] [TIKTOK] unknown
[2025-08-25 23:04:57] [GA4] purchase
[2025-08-25 23:43:59] [FACEBOOK] unknown
[2025-08-25 23:43:59] [TIKTOK] unknown
[2025-08-25 23:44:00] [GA4] purchase
[2025-08-25 23:44:01] [FACEBOOK] unknown
[2025-08-25 23:44:01] [TIKTOK] unknown
[2025-08-25 23:44:02] [GA4] purchase
[2025-08-25 23:44:05] [FACEBOOK] unknown
[2025-08-25 23:44:05] [TIKTOK] unknown
[2025-08-25 23:44:05] [GA4] purchase
[2025-08-25 23:46:57] [FACEBOOK] unknown
[2025-08-25 23:46:57] [TIKTOK] unknown
[2025-08-25 23:46:57] [GA4] purchase
[2025-08-26 06:46:09] [FACEBOOK] unknown
[2025-08-26 06:46:09] [TIKTOK] unknown
[2025-08-26 06:46:10] [GA4] purchase
[2025-08-26 08:57:19] [FACEBOOK] unknown
[2025-08-26 08:57:19] [TIKTOK] unknown
[2025-08-26 08:57:20] [GA4] purchase
[2025-08-26 09:43:24] [FACEBOOK] unknown
[2025-08-26 09:43:25] [TIKTOK] unknown
[2025-08-26 09:43:25] [GA4] purchase
[2025-08-26 09:50:12] [FACEBOOK] unknown
[2025-08-26 09:50:13] [TIKTOK] unknown
[2025-08-26 09:50:13] [GA4] purchase
[2025-08-26 10:43:18] [FACEBOOK] unknown
[2025-08-26 10:43:19] [FACEBOOK] unknown
[2025-08-26 10:43:19] [TIKTOK] unknown
[2025-08-26 10:43:19] [TIKTOK] unknown
[2025-08-26 10:43:19] [GA4] purchase
[2025-08-26 10:43:19] [GA4] purchase
[2025-08-26 10:43:24] [FACEBOOK] unknown
[2025-08-26 10:43:25] [TIKTOK] unknown
[2025-08-26 10:43:25] [GA4] purchase
[2025-08-26 10:45:46] [FACEBOOK] unknown
[2025-08-26 10:45:47] [TIKTOK] unknown
[2025-08-26 10:45:47] [GA4] purchase
[2025-08-26 17:25:04] [FACEBOOK] unknown
[2025-08-26 17:25:04] [TIKTOK] unknown
[2025-08-26 17:25:04] [GA4] purchase
[2025-08-26 17:46:19] [FACEBOOK] unknown
[2025-08-26 17:46:19] [TIKTOK] unknown
[2025-08-26 17:46:19] [GA4] purchase
[2025-08-26 19:21:32] [FACEBOOK] unknown
[2025-08-26 19:21:32] [TIKTOK] unknown
[2025-08-26 19:21:32] [GA4] begin_checkout
[2025-08-26 19:23:39] [FACEBOOK] unknown
[2025-08-26 19:23:39] [TIKTOK] unknown
[2025-08-26 19:23:39] [GA4] begin_checkout
[2025-08-26 19:24:25] [FACEBOOK] unknown
[2025-08-26 19:24:25] [TIKTOK] unknown
[2025-08-26 19:24:25] [GA4] begin_checkout
[2025-08-26 19:24:33] [FACEBOOK] unknown
[2025-08-26 19:24:34] [TIKTOK] unknown
[2025-08-26 19:24:34] [GA4] purchase
[2025-08-26 19:24:39] [FACEBOOK] unknown
[2025-08-26 19:24:39] [TIKTOK] unknown
[2025-08-26 19:24:39] [GA4] begin_checkout
[2025-08-26 19:27:54] [FACEBOOK] unknown
[2025-08-26 19:27:54] [TIKTOK] unknown
[2025-08-26 19:27:54] [GA4] begin_checkout
[2025-08-26 19:28:12] [FACEBOOK] unknown
[2025-08-26 19:28:12] [TIKTOK] unknown
[2025-08-26 19:28:12] [GA4] begin_checkout
[2025-08-26 19:29:12] [FACEBOOK] unknown
[2025-08-26 19:29:12] [TIKTOK] unknown
[2025-08-26 19:29:12] [GA4] begin_checkout
[2025-08-26 19:29:33] [FACEBOOK] unknown
[2025-08-26 19:29:33] [TIKTOK] unknown
[2025-08-26 19:29:33] [GA4] begin_checkout
[2025-08-26 20:05:01] [FACEBOOK] unknown
[2025-08-26 20:05:01] [TIKTOK] unknown
[2025-08-26 20:05:01] [GA4] begin_checkout
[2025-08-26 20:07:01] [FACEBOOK] unknown
[2025-08-26 20:07:01] [TIKTOK] unknown
[2025-08-26 20:07:01] [GA4] begin_checkout
[2025-08-26 20:07:10] [FACEBOOK] unknown
[2025-08-26 20:07:10] [TIKTOK] unknown
[2025-08-26 20:07:10] [GA4] begin_checkout
[2025-08-26 20:49:02] [FACEBOOK] unknown
[2025-08-26 20:49:02] [TIKTOK] unknown
[2025-08-26 20:49:02] [GA4] purchase
[2025-08-26 20:49:07] [FACEBOOK] unknown
[2025-08-26 20:49:07] [TIKTOK] unknown
[2025-08-26 20:49:07] [GA4] purchase
[2025-08-26 20:50:24] [FACEBOOK] unknown
[2025-08-26 20:50:24] [TIKTOK] unknown
[2025-08-26 20:50:24] [GA4] purchase
[2025-08-26 20:52:08] [FACEBOOK] unknown
[2025-08-26 20:52:08] [TIKTOK] unknown
[2025-08-26 20:52:08] [GA4] purchase
[2025-08-26 20:55:05] [FACEBOOK] unknown
[2025-08-26 20:55:05] [TIKTOK] unknown
[2025-08-26 20:55:07] [GA4] purchase
[2025-08-26 20:55:12] [FACEBOOK] unknown
[2025-08-26 20:55:13] [TIKTOK] unknown
[2025-08-26 20:55:14] [GA4] purchase
[2025-08-26 21:13:21] [FACEBOOK] unknown
[2025-08-26 21:13:21] [TIKTOK] unknown
[2025-08-26 21:13:21] [GA4] purchase
[2025-08-27 07:43:03] [FACEBOOK] unknown
[2025-08-27 07:43:03] [TIKTOK] unknown
[2025-08-27 07:43:04] [GA4] purchase
[2025-08-27 07:47:25] [FACEBOOK] unknown
[2025-08-27 07:47:26] [TIKTOK] unknown
[2025-08-27 07:47:26] [GA4] purchase
[2025-08-27 07:49:17] [FACEBOOK] unknown
[2025-08-27 07:49:18] [TIKTOK] unknown
[2025-08-27 07:49:18] [GA4] purchase
[2025-08-27 07:49:42] [FACEBOOK] unknown
[2025-08-27 07:49:42] [TIKTOK] unknown
[2025-08-27 07:49:43] [GA4] purchase
[2025-08-27 07:50:19] [FACEBOOK] unknown
[2025-08-27 07:50:20] [TIKTOK] unknown
[2025-08-27 07:50:20] [GA4] purchase
[2025-08-27 07:50:24] [FACEBOOK] unknown
[2025-08-27 07:50:24] [TIKTOK] unknown
[2025-08-27 07:50:25] [GA4] purchase
[2025-08-27 07:52:08] [FACEBOOK] unknown
[2025-08-27 07:52:08] [TIKTOK] unknown
[2025-08-27 07:52:08] [GA4] purchase
[2025-08-27 18:42:10] [FACEBOOK] unknown
[2025-08-27 18:42:11] [TIKTOK] unknown
[2025-08-27 18:42:11] [GA4] purchase
[2025-08-27 18:46:48] [FACEBOOK] unknown
[2025-08-27 18:46:48] [TIKTOK] unknown
[2025-08-27 18:46:48] [GA4] purchase
[2025-08-27 18:50:40] [FACEBOOK] unknown
[2025-08-27 18:50:40] [TIKTOK] unknown
[2025-08-27 18:50:41] [GA4] purchase
[2025-08-27 18:50:52] [FACEBOOK] unknown
[2025-08-27 18:50:52] [TIKTOK] unknown
[2025-08-27 18:50:53] [GA4] purchase
[2025-08-27 18:52:48] [FACEBOOK] unknown
[2025-08-27 18:52:49] [TIKTOK] unknown
[2025-08-27 18:52:49] [GA4] purchase
[2025-08-27 18:52:52] [FACEBOOK] unknown
[2025-08-27 18:52:52] [TIKTOK] unknown
[2025-08-27 18:52:53] [GA4] purchase
[2025-08-27 18:52:56] [FACEBOOK] unknown
[2025-08-27 18:52:56] [TIKTOK] unknown
[2025-08-27 18:52:56] [GA4] purchase
[2025-08-28 05:50:02] [FACEBOOK] unknown
[2025-08-28 05:50:02] [TIKTOK] unknown
[2025-08-28 05:50:02] [GA4] purchase
[2025-08-28 05:51:33] [FACEBOOK] unknown
[2025-08-28 05:51:33] [TIKTOK] unknown
[2025-08-28 05:51:34] [GA4] purchase
[2025-08-28 05:53:44] [FACEBOOK] unknown
[2025-08-28 05:53:44] [TIKTOK] unknown
[2025-08-28 05:53:44] [GA4] purchase
[2025-08-28 05:53:49] [FACEBOOK] unknown
[2025-08-28 05:53:50] [TIKTOK] unknown
[2025-08-28 05:53:50] [GA4] purchase
[2025-08-28 05:53:56] [FACEBOOK] unknown
[2025-08-28 05:53:57] [TIKTOK] unknown
[2025-08-28 05:53:57] [GA4] purchase
[2025-08-28 06:03:50] [FACEBOOK] unknown
[2025-08-28 06:03:51] [TIKTOK] unknown
[2025-08-28 06:03:51] [GA4] purchase
[2025-08-28 06:11:52] [FACEBOOK] unknown
[2025-08-28 06:11:53] [TIKTOK] unknown
[2025-08-28 06:11:53] [GA4] purchase
[2025-08-28 10:40:22] [FACEBOOK] unknown
[2025-08-28 10:40:22] [TIKTOK] unknown
[2025-08-28 10:40:22] [GA4] purchase
[2025-08-28 16:44:07] [FACEBOOK] unknown
[2025-08-28 16:44:07] [TIKTOK] unknown
[2025-08-28 16:44:08] [GA4] purchase
[2025-08-28 17:00:01] [FACEBOOK] unknown
[2025-08-28 17:00:02] [TIKTOK] unknown
[2025-08-28 17:00:03] [GA4] purchase
[2025-08-28 17:00:30] [FACEBOOK] unknown
[2025-08-28 17:00:31] [TIKTOK] unknown
[2025-08-28 17:00:31] [GA4] purchase
[2025-08-28 17:00:52] [FACEBOOK] unknown
[2025-08-28 17:00:53] [TIKTOK] unknown
[2025-08-28 17:00:53] [GA4] purchase
[2025-08-28 17:03:24] [FACEBOOK] unknown
[2025-08-28 17:03:25] [TIKTOK] unknown
[2025-08-28 17:03:25] [GA4] purchase
[2025-08-28 17:03:30] [FACEBOOK] unknown
[2025-08-28 17:03:31] [TIKTOK] unknown
[2025-08-28 17:03:31] [GA4] purchase
[2025-08-28 17:07:22] [FACEBOOK] unknown
[2025-08-28 17:07:22] [TIKTOK] unknown
[2025-08-28 17:07:23] [GA4] purchase
[2025-08-28 17:13:08] [FACEBOOK] unknown
[2025-08-28 17:13:08] [TIKTOK] unknown
[2025-08-28 17:13:08] [GA4] purchase
[2025-08-28 21:53:06] [FACEBOOK] unknown
[2025-08-28 21:53:07] [TIKTOK] unknown
[2025-08-28 21:53:07] [GA4] purchase
[2025-08-29 03:45:53] [FACEBOOK] unknown
[2025-08-29 03:45:53] [TIKTOK] unknown
[2025-08-29 03:45:54] [GA4] purchase
[2025-08-29 03:54:23] [FACEBOOK] unknown
[2025-08-29 03:54:23] [TIKTOK] unknown
[2025-08-29 03:54:24] [GA4] purchase
[2025-08-29 03:54:27] [FACEBOOK] unknown
[2025-08-29 03:54:28] [TIKTOK] unknown
[2025-08-29 03:54:28] [GA4] purchase
[2025-08-29 03:57:27] [FACEBOOK] unknown
[2025-08-29 03:57:27] [TIKTOK] unknown
[2025-08-29 03:57:27] [GA4] purchase
[2025-08-29 03:57:30] [FACEBOOK] unknown
[2025-08-29 03:57:30] [TIKTOK] unknown
[2025-08-29 03:57:30] [GA4] purchase
[2025-08-29 03:58:31] [FACEBOOK] unknown
[2025-08-29 03:58:31] [TIKTOK] unknown
[2025-08-29 03:58:31] [GA4] purchase
[2025-08-29 04:03:43] [FACEBOOK] unknown
[2025-08-29 04:03:43] [TIKTOK] unknown
[2025-08-29 04:03:44] [GA4] purchase
[2025-08-29 04:13:55] [FACEBOOK] unknown
[2025-08-29 04:13:55] [TIKTOK] unknown
[2025-08-29 04:13:56] [GA4] purchase
[2025-08-29 14:45:05] [FACEBOOK] unknown
[2025-08-29 14:45:06] [TIKTOK] unknown
[2025-08-29 14:45:07] [GA4] purchase
[2025-08-29 14:49:37] [FACEBOOK] unknown
[2025-08-29 14:49:37] [TIKTOK] unknown
[2025-08-29 14:49:38] [GA4] purchase
[2025-08-29 14:55:47] [FACEBOOK] unknown
[2025-08-29 14:55:47] [TIKTOK] unknown
[2025-08-29 14:55:48] [GA4] purchase
[2025-08-29 14:59:45] [FACEBOOK] unknown
[2025-08-29 14:59:45] [TIKTOK] unknown
[2025-08-29 14:59:45] [GA4] purchase
[2025-08-29 15:00:06] [FACEBOOK] unknown
[2025-08-29 15:00:06] [TIKTOK] unknown
[2025-08-29 15:00:07] [GA4] purchase
[2025-08-29 15:00:12] [FACEBOOK] unknown
[2025-08-29 15:00:12] [TIKTOK] unknown
[2025-08-29 15:00:13] [GA4] purchase
[2025-08-29 15:11:31] [FACEBOOK] unknown
[2025-08-29 15:11:31] [TIKTOK] unknown
[2025-08-29 15:11:32] [GA4] purchase
[2025-08-29 15:11:45] [FACEBOOK] unknown
[2025-08-29 15:11:46] [TIKTOK] unknown
[2025-08-29 15:11:46] [GA4] purchase
[2025-08-30 01:59:42] [FACEBOOK] unknown
[2025-08-30 01:59:42] [TIKTOK] unknown
[2025-08-30 01:59:42] [GA4] purchase
[2025-08-30 02:10:11] [FACEBOOK] unknown
[2025-08-30 02:10:11] [TIKTOK] unknown
[2025-08-30 02:10:12] [GA4] purchase
[2025-08-30 02:10:12] [FACEBOOK] unknown
[2025-08-30 02:10:13] [TIKTOK] unknown
[2025-08-30 02:10:13] [GA4] purchase
[2025-08-30 02:12:54] [FACEBOOK] unknown
[2025-08-30 02:12:54] [TIKTOK] unknown
[2025-08-30 02:12:55] [GA4] purchase
[2025-08-30 02:13:03] [FACEBOOK] unknown
[2025-08-30 02:13:03] [TIKTOK] unknown
[2025-08-30 02:13:03] [GA4] purchase
[2025-08-30 02:18:51] [FACEBOOK] unknown
[2025-08-30 02:18:51] [TIKTOK] unknown
[2025-08-30 02:18:52] [GA4] purchase
[2025-08-30 02:27:31] [FACEBOOK] unknown
[2025-08-30 02:27:31] [TIKTOK] unknown
[2025-08-30 02:27:32] [GA4] purchase
[2025-08-30 02:31:02] [FACEBOOK] unknown
[2025-08-30 02:31:03] [TIKTOK] unknown
[2025-08-30 02:31:03] [GA4] purchase
[2025-08-30 02:31:26] [FACEBOOK] unknown
[2025-08-30 02:31:27] [TIKTOK] unknown
[2025-08-30 02:31:27] [GA4] purchase
[2025-08-30 12:42:10] [FACEBOOK] unknown
[2025-08-30 12:42:11] [TIKTOK] unknown
[2025-08-30 12:42:11] [GA4] purchase
[2025-08-30 12:43:54] [FACEBOOK] unknown
[2025-08-30 12:43:54] [TIKTOK] unknown
[2025-08-30 12:43:54] [GA4] purchase
[2025-08-30 12:47:06] [FACEBOOK] unknown
[2025-08-30 12:47:06] [TIKTOK] unknown
[2025-08-30 12:47:06] [GA4] purchase
[2025-08-30 12:49:59] [FACEBOOK] unknown
[2025-08-30 12:49:59] [TIKTOK] unknown
[2025-08-30 12:49:59] [GA4] purchase
[2025-08-30 12:58:41] [FACEBOOK] unknown
[2025-08-30 12:58:41] [TIKTOK] unknown
[2025-08-30 12:58:42] [GA4] purchase
[2025-08-30 12:58:54] [FACEBOOK] unknown
[2025-08-30 12:58:54] [TIKTOK] unknown
[2025-08-30 12:58:54] [GA4] purchase
[2025-08-30 12:59:40] [FACEBOOK] unknown
[2025-08-30 12:59:40] [TIKTOK] unknown
[2025-08-30 12:59:40] [GA4] purchase
[2025-08-30 12:59:41] [FACEBOOK] unknown
[2025-08-30 12:59:41] [TIKTOK] unknown
[2025-08-30 12:59:42] [GA4] purchase
[2025-08-30 23:47:40] [FACEBOOK] unknown
[2025-08-30 23:47:40] [TIKTOK] unknown
[2025-08-30 23:47:41] [GA4] purchase
[2025-08-30 23:51:12] [FACEBOOK] unknown
[2025-08-30 23:51:12] [TIKTOK] unknown
[2025-08-30 23:51:12] [GA4] purchase
[2025-08-30 23:55:38] [FACEBOOK] unknown
[2025-08-30 23:55:38] [TIKTOK] unknown
[2025-08-30 23:55:38] [GA4] purchase
[2025-08-31 00:18:34] [FACEBOOK] unknown
[2025-08-31 00:18:34] [TIKTOK] unknown
[2025-08-31 00:18:34] [GA4] purchase
[2025-08-31 00:18:45] [FACEBOOK] unknown
[2025-08-31 00:18:45] [TIKTOK] unknown
[2025-08-31 00:18:45] [GA4] purchase
[2025-08-31 00:22:49] [FACEBOOK] unknown
[2025-08-31 00:22:50] [TIKTOK] unknown
[2025-08-31 00:22:50] [GA4] purchase
[2025-08-31 00:22:54] [FACEBOOK] unknown
[2025-08-31 00:22:54] [TIKTOK] unknown
[2025-08-31 00:22:54] [GA4] purchase
[2025-08-31 00:22:57] [FACEBOOK] unknown
[2025-08-31 00:22:58] [TIKTOK] unknown
[2025-08-31 00:22:58] [GA4] purchase
[2025-08-31 04:31:46] [FACEBOOK] unknown
[2025-08-31 04:31:46] [TIKTOK] unknown
[2025-08-31 04:31:46] [GA4] begin_checkout
[2025-08-31 10:44:09] [FACEBOOK] unknown
[2025-08-31 10:44:09] [TIKTOK] unknown
[2025-08-31 10:44:10] [GA4] purchase
[2025-08-31 10:47:14] [FACEBOOK] unknown
[2025-08-31 10:47:14] [TIKTOK] unknown
[2025-08-31 10:47:14] [GA4] purchase
[2025-08-31 10:47:15] [FACEBOOK] unknown
[2025-08-31 10:47:16] [TIKTOK] unknown
[2025-08-31 10:47:16] [GA4] purchase
[2025-08-31 10:49:43] [FACEBOOK] unknown
[2025-08-31 10:49:44] [TIKTOK] unknown
[2025-08-31 10:49:44] [GA4] purchase
[2025-08-31 10:49:55] [FACEBOOK] unknown
[2025-08-31 10:49:55] [TIKTOK] unknown
[2025-08-31 10:49:55] [GA4] purchase
[2025-08-31 11:01:15] [FACEBOOK] unknown
[2025-08-31 11:01:15] [TIKTOK] unknown
[2025-08-31 11:01:15] [GA4] purchase
[2025-08-31 11:16:34] [FACEBOOK] unknown
[2025-08-31 11:16:34] [TIKTOK] unknown
[2025-08-31 11:16:34] [GA4] purchase
[2025-08-31 11:16:46] [FACEBOOK] unknown
[2025-08-31 11:16:47] [TIKTOK] unknown
[2025-08-31 11:16:47] [GA4] purchase
[2025-08-31 21:40:36] [FACEBOOK] unknown
[2025-08-31 21:40:36] [TIKTOK] unknown
[2025-08-31 21:40:37] [GA4] purchase
[2025-08-31 21:42:38] [FACEBOOK] unknown
[2025-08-31 21:42:38] [TIKTOK] unknown
[2025-08-31 21:42:38] [GA4] purchase
[2025-08-31 22:00:47] [FACEBOOK] unknown
[2025-08-31 22:00:47] [TIKTOK] unknown
[2025-08-31 22:00:47] [GA4] purchase
[2025-08-31 22:00:59] [FACEBOOK] unknown
[2025-08-31 22:00:59] [TIKTOK] unknown
[2025-08-31 22:00:59] [GA4] purchase
[2025-08-31 22:03:01] [FACEBOOK] unknown
[2025-08-31 22:03:02] [TIKTOK] unknown
[2025-08-31 22:03:02] [GA4] purchase
[2025-08-31 22:03:05] [FACEBOOK] unknown
[2025-08-31 22:03:05] [TIKTOK] unknown
[2025-08-31 22:03:05] [GA4] purchase
[2025-08-31 22:03:10] [FACEBOOK] unknown
[2025-08-31 22:03:10] [TIKTOK] unknown
[2025-08-31 22:03:11] [GA4] purchase
[2025-08-31 22:13:34] [FACEBOOK] unknown
[2025-08-31 22:13:34] [TIKTOK] unknown
[2025-08-31 22:13:35] [GA4] purchase
[2025-09-01 00:41:57] [FACEBOOK] unknown
[2025-09-01 00:41:57] [TIKTOK] unknown
[2025-09-01 00:41:57] [GA4] purchase
[2025-09-01 04:53:19] [FACEBOOK] unknown
[2025-09-01 04:53:19] [TIKTOK] unknown
[2025-09-01 04:53:19] [GA4] begin_checkout
[2025-09-01 07:42:45] [FACEBOOK] unknown
[2025-09-01 07:42:46] [TIKTOK] unknown
[2025-09-01 07:42:46] [GA4] purchase
[2025-09-01 08:43:02] [FACEBOOK] unknown
[2025-09-01 08:43:02] [TIKTOK] unknown
[2025-09-01 08:43:02] [GA4] purchase
[2025-09-01 08:45:45] [FACEBOOK] unknown
[2025-09-01 08:45:46] [TIKTOK] unknown
[2025-09-01 08:45:46] [GA4] purchase
[2025-09-01 08:52:37] [FACEBOOK] unknown
[2025-09-01 08:52:38] [TIKTOK] unknown
[2025-09-01 08:52:38] [GA4] purchase
[2025-09-01 08:52:50] [FACEBOOK] unknown
[2025-09-01 08:52:50] [TIKTOK] unknown
[2025-09-01 08:52:51] [GA4] purchase
[2025-09-01 08:54:33] [FACEBOOK] unknown
[2025-09-01 08:54:33] [TIKTOK] unknown
[2025-09-01 08:54:34] [GA4] purchase
[2025-09-01 08:54:35] [FACEBOOK] unknown
[2025-09-01 08:54:35] [TIKTOK] unknown
[2025-09-01 08:54:36] [GA4] purchase
[2025-09-01 08:54:39] [FACEBOOK] unknown
[2025-09-01 08:54:40] [TIKTOK] unknown
[2025-09-01 08:54:40] [GA4] purchase
[2025-09-01 18:41:47] [FACEBOOK] unknown
[2025-09-01 18:41:47] [TIKTOK] unknown
[2025-09-01 18:41:48] [GA4] purchase
[2025-09-01 19:47:55] [FACEBOOK] unknown
[2025-09-01 19:47:55] [TIKTOK] unknown
[2025-09-01 19:47:55] [GA4] purchase
[2025-09-01 19:48:15] [FACEBOOK] unknown
[2025-09-01 19:48:16] [TIKTOK] unknown
[2025-09-01 19:48:16] [GA4] purchase
[2025-09-01 19:48:38] [FACEBOOK] unknown
[2025-09-01 19:48:38] [TIKTOK] unknown
[2025-09-01 19:48:38] [GA4] purchase
[2025-09-01 19:48:55] [FACEBOOK] unknown
[2025-09-01 19:48:55] [TIKTOK] unknown
[2025-09-01 19:48:55] [GA4] purchase
[2025-09-01 19:48:59] [FACEBOOK] unknown
[2025-09-01 19:48:59] [TIKTOK] unknown
[2025-09-01 19:49:00] [GA4] purchase
[2025-09-01 19:54:38] [FACEBOOK] unknown
[2025-09-01 19:54:38] [TIKTOK] unknown
[2025-09-01 19:54:38] [GA4] purchase
[2025-09-01 20:00:20] [FACEBOOK] unknown
[2025-09-01 20:00:20] [TIKTOK] unknown
[2025-09-01 20:00:21] [GA4] purchase
[2025-09-02 05:41:20] [FACEBOOK] unknown
[2025-09-02 05:41:20] [TIKTOK] unknown
[2025-09-02 05:41:20] [GA4] purchase
[2025-09-02 06:46:51] [FACEBOOK] unknown
[2025-09-02 06:46:51] [TIKTOK] unknown
[2025-09-02 06:46:51] [GA4] purchase
[2025-09-02 06:46:55] [FACEBOOK] unknown
[2025-09-02 06:46:55] [TIKTOK] unknown
[2025-09-02 06:46:55] [GA4] purchase
[2025-09-02 06:47:06] [FACEBOOK] unknown
[2025-09-02 06:47:06] [TIKTOK] unknown
[2025-09-02 06:47:06] [GA4] purchase
[2025-09-02 06:48:23] [FACEBOOK] unknown
[2025-09-02 06:48:23] [TIKTOK] unknown
[2025-09-02 06:48:23] [GA4] purchase
[2025-09-02 06:49:36] [FACEBOOK] unknown
[2025-09-02 06:49:36] [TIKTOK] unknown
[2025-09-02 06:49:36] [GA4] purchase
[2025-09-02 06:49:42] [FACEBOOK] unknown
[2025-09-02 06:49:42] [TIKTOK] unknown
[2025-09-02 06:49:42] [GA4] purchase
[2025-09-02 06:55:29] [FACEBOOK] unknown
[2025-09-02 06:55:29] [TIKTOK] unknown
[2025-09-02 06:55:29] [GA4] purchase
[2025-09-02 15:03:50] [FACEBOOK] unknown
[2025-09-02 15:03:50] [TIKTOK] unknown
[2025-09-02 15:03:50] [GA4] begin_checkout
[2025-09-02 16:40:05] [FACEBOOK] unknown
[2025-09-02 16:40:05] [TIKTOK] unknown
[2025-09-02 16:40:05] [GA4] purchase
[2025-09-02 17:42:52] [FACEBOOK] unknown
[2025-09-02 17:42:52] [TIKTOK] unknown
[2025-09-02 17:42:53] [GA4] purchase
[2025-09-02 17:43:56] [FACEBOOK] unknown
[2025-09-02 17:43:56] [TIKTOK] unknown
[2025-09-02 17:43:56] [GA4] purchase
[2025-09-02 17:46:59] [FACEBOOK] unknown
[2025-09-02 17:47:00] [TIKTOK] unknown
[2025-09-02 17:47:00] [GA4] purchase
[2025-09-02 17:55:15] [FACEBOOK] unknown
[2025-09-02 17:55:15] [TIKTOK] unknown
[2025-09-02 17:55:15] [GA4] purchase
[2025-09-02 17:56:16] [FACEBOOK] unknown
[2025-09-02 17:56:16] [TIKTOK] unknown
[2025-09-02 17:56:16] [GA4] purchase
[2025-09-02 17:56:26] [FACEBOOK] unknown
[2025-09-02 17:56:26] [TIKTOK] unknown
[2025-09-02 17:56:26] [GA4] purchase
[2025-09-02 17:56:28] [FACEBOOK] unknown
[2025-09-02 17:56:28] [TIKTOK] unknown
[2025-09-02 17:56:28] [GA4] purchase
[2025-09-03 03:52:30] [FACEBOOK] unknown
[2025-09-03 03:52:30] [TIKTOK] unknown
[2025-09-03 03:52:30] [GA4] purchase
[2025-09-03 04:53:44] [FACEBOOK] unknown
[2025-09-03 04:53:44] [TIKTOK] unknown
[2025-09-03 04:53:45] [GA4] purchase
[2025-09-03 04:53:46] [FACEBOOK] unknown
[2025-09-03 04:53:46] [TIKTOK] unknown
[2025-09-03 04:53:46] [GA4] purchase
[2025-09-03 04:53:55] [FACEBOOK] unknown
[2025-09-03 04:53:55] [TIKTOK] unknown
[2025-09-03 04:53:56] [GA4] purchase
[2025-09-03 04:57:30] [FACEBOOK] unknown
[2025-09-03 04:57:30] [TIKTOK] unknown
[2025-09-03 04:57:31] [GA4] purchase
[2025-09-03 04:57:34] [FACEBOOK] unknown
[2025-09-03 04:57:34] [TIKTOK] unknown
[2025-09-03 04:57:34] [GA4] purchase
[2025-09-03 04:57:38] [FACEBOOK] unknown
[2025-09-03 04:57:38] [TIKTOK] unknown
[2025-09-03 04:57:39] [GA4] purchase
[2025-09-03 05:11:10] [FACEBOOK] unknown
[2025-09-03 05:11:10] [TIKTOK] unknown
[2025-09-03 05:11:10] [GA4] purchase
[2025-09-03 11:56:24] [FACEBOOK] unknown
[2025-09-03 11:56:25] [TIKTOK] unknown
[2025-09-03 11:56:25] [GA4] purchase
[2025-09-03 14:57:37] [FACEBOOK] unknown
[2025-09-03 14:57:37] [TIKTOK] unknown
[2025-09-03 14:57:37] [GA4] purchase
[2025-09-03 15:14:47] [FACEBOOK] unknown
[2025-09-03 15:14:48] [TIKTOK] unknown
[2025-09-03 15:14:48] [GA4] purchase
[2025-09-03 15:14:49] [FACEBOOK] unknown
[2025-09-03 15:14:49] [TIKTOK] unknown
[2025-09-03 15:14:50] [GA4] purchase
[2025-09-03 15:23:43] [FACEBOOK] unknown
[2025-09-03 15:23:43] [TIKTOK] unknown
[2025-09-03 15:23:43] [GA4] purchase
[2025-09-03 15:40:06] [FACEBOOK] unknown
[2025-09-03 15:40:06] [FACEBOOK] unknown
[2025-09-03 15:40:06] [TIKTOK] unknown
[2025-09-03 15:40:06] [TIKTOK] unknown
[2025-09-03 15:40:07] [GA4] purchase
[2025-09-03 15:40:07] [GA4] purchase
[2025-09-03 15:40:40] [FACEBOOK] unknown
[2025-09-03 15:40:40] [TIKTOK] unknown
[2025-09-03 15:40:40] [GA4] purchase
[2025-09-03 15:43:59] [FACEBOOK] unknown
[2025-09-03 15:43:59] [TIKTOK] unknown
[2025-09-03 15:43:59] [GA4] purchase
[2025-09-03 22:42:20] [FACEBOOK] unknown
[2025-09-03 22:42:21] [TIKTOK] unknown
[2025-09-03 22:42:21] [GA4] purchase
[2025-09-04 01:57:01] [FACEBOOK] unknown
[2025-09-04 01:57:02] [TIKTOK] unknown
[2025-09-04 01:57:03] [GA4] purchase
[2025-09-04 02:04:16] [FACEBOOK] unknown
[2025-09-04 02:04:17] [TIKTOK] unknown
[2025-09-04 02:04:17] [GA4] purchase
[2025-09-04 02:04:26] [FACEBOOK] unknown
[2025-09-04 02:04:26] [TIKTOK] unknown
[2025-09-04 02:04:27] [GA4] purchase
[2025-09-04 02:06:32] [FACEBOOK] unknown
[2025-09-04 02:06:32] [TIKTOK] unknown
[2025-09-04 02:06:33] [GA4] purchase
[2025-09-04 02:06:38] [FACEBOOK] unknown
[2025-09-04 02:06:38] [TIKTOK] unknown
[2025-09-04 02:06:38] [GA4] purchase
[2025-09-04 02:11:28] [FACEBOOK] unknown
[2025-09-04 02:11:28] [TIKTOK] unknown
[2025-09-04 02:11:28] [GA4] purchase
[2025-09-04 02:49:39] [FACEBOOK] unknown
[2025-09-04 02:49:39] [TIKTOK] unknown
[2025-09-04 02:49:40] [GA4] purchase
[2025-09-04 02:49:53] [FACEBOOK] unknown
[2025-09-04 02:49:53] [TIKTOK] unknown
[2025-09-04 02:49:53] [GA4] purchase
[2025-09-04 07:08:36] [FACEBOOK] unknown
[2025-09-04 07:08:36] [TIKTOK] unknown
[2025-09-04 07:08:36] [GA4] purchase
[2025-09-04 09:42:11] [FACEBOOK] unknown
[2025-09-04 09:42:11] [TIKTOK] unknown
[2025-09-04 09:42:11] [GA4] purchase
[2025-09-04 12:39:42] [FACEBOOK] unknown
[2025-09-04 12:39:42] [TIKTOK] unknown
[2025-09-04 12:39:42] [GA4] purchase
[2025-09-04 12:43:17] [FACEBOOK] unknown
[2025-09-04 12:43:17] [TIKTOK] unknown
[2025-09-04 12:43:17] [GA4] purchase
[2025-09-04 12:46:48] [FACEBOOK] unknown
[2025-09-04 12:46:48] [TIKTOK] unknown
[2025-09-04 12:46:48] [GA4] purchase
[2025-09-04 12:55:00] [FACEBOOK] unknown
[2025-09-04 12:55:00] [TIKTOK] unknown
[2025-09-04 12:55:01] [GA4] purchase
[2025-09-04 12:55:23] [FACEBOOK] unknown
[2025-09-04 12:55:23] [TIKTOK] unknown
[2025-09-04 12:55:23] [GA4] purchase
[2025-09-04 12:58:19] [FACEBOOK] unknown
[2025-09-04 12:58:20] [TIKTOK] unknown
[2025-09-04 12:58:20] [GA4] purchase
[2025-09-04 13:53:09] [FACEBOOK] unknown
[2025-09-04 13:53:09] [TIKTOK] unknown
[2025-09-04 13:53:09] [GA4] purchase
[2025-09-04 14:00:39] [FACEBOOK] unknown
[2025-09-04 14:00:39] [TIKTOK] unknown
[2025-09-04 14:00:39] [GA4] purchase
[2025-09-04 17:45:54] [FACEBOOK] unknown
[2025-09-04 17:45:54] [TIKTOK] unknown
[2025-09-04 17:45:54] [GA4] purchase
[2025-09-04 20:40:00] [FACEBOOK] unknown
[2025-09-04 20:40:00] [TIKTOK] unknown
[2025-09-04 20:40:01] [GA4] purchase
[2025-09-04 22:46:44] [FACEBOOK] unknown
[2025-09-04 22:46:44] [TIKTOK] unknown
[2025-09-04 22:46:45] [GA4] purchase
[2025-09-04 22:54:16] [FACEBOOK] unknown
[2025-09-04 22:54:17] [TIKTOK] unknown
[2025-09-04 22:54:17] [GA4] purchase
[2025-09-04 23:51:42] [FACEBOOK] unknown
[2025-09-04 23:51:43] [TIKTOK] unknown
[2025-09-04 23:51:43] [GA4] purchase
[2025-09-04 23:51:48] [FACEBOOK] unknown
[2025-09-04 23:51:48] [TIKTOK] unknown
[2025-09-04 23:51:48] [GA4] purchase
[2025-09-04 23:51:50] [FACEBOOK] unknown
[2025-09-04 23:51:50] [TIKTOK] unknown
[2025-09-04 23:51:50] [GA4] purchase
[2025-09-04 23:55:47] [FACEBOOK] unknown
[2025-09-04 23:55:47] [TIKTOK] unknown
[2025-09-04 23:55:47] [GA4] purchase
[2025-09-05 00:41:47] [FACEBOOK] unknown
[2025-09-05 00:41:48] [TIKTOK] unknown
[2025-09-05 00:41:48] [GA4] purchase
[2025-09-05 00:47:13] [FACEBOOK] unknown
[2025-09-05 00:47:14] [TIKTOK] unknown
[2025-09-05 00:47:14] [GA4] purchase
[2025-09-05 05:00:25] [FACEBOOK] unknown
[2025-09-05 05:00:25] [TIKTOK] unknown
[2025-09-05 05:00:28] [GA4] purchase
[2025-09-05 06:44:08] [FACEBOOK] unknown
[2025-09-05 06:44:08] [TIKTOK] unknown
[2025-09-05 06:44:08] [GA4] purchase
[2025-09-05 08:57:53] [FACEBOOK] unknown
[2025-09-05 08:57:54] [TIKTOK] unknown
[2025-09-05 08:57:54] [GA4] purchase
[2025-09-05 09:49:27] [FACEBOOK] unknown
[2025-09-05 09:49:28] [TIKTOK] unknown
[2025-09-05 09:49:28] [GA4] purchase
[2025-09-05 10:57:02] [FACEBOOK] unknown
[2025-09-05 10:57:02] [TIKTOK] unknown
[2025-09-05 10:57:03] [GA4] purchase
[2025-09-05 10:57:08] [FACEBOOK] unknown
[2025-09-05 10:57:08] [TIKTOK] unknown
[2025-09-05 10:57:09] [GA4] purchase
[2025-09-05 10:57:11] [FACEBOOK] unknown
[2025-09-05 10:57:11] [TIKTOK] unknown
[2025-09-05 10:57:11] [GA4] purchase
[2025-09-05 10:57:12] [FACEBOOK] unknown
[2025-09-05 10:57:12] [TIKTOK] unknown
[2025-09-05 10:57:12] [GA4] purchase
[2025-09-05 10:58:24] [FACEBOOK] unknown
[2025-09-05 10:58:24] [TIKTOK] unknown
[2025-09-05 10:58:24] [GA4] purchase
[2025-09-05 11:41:58] [FACEBOOK] unknown
[2025-09-05 11:41:58] [TIKTOK] unknown
[2025-09-05 11:41:58] [GA4] purchase
[2025-09-05 16:04:07] [FACEBOOK] unknown
[2025-09-05 16:04:07] [TIKTOK] unknown
[2025-09-05 16:04:08] [GA4] purchase
[2025-09-05 17:40:04] [FACEBOOK] unknown
[2025-09-05 17:40:04] [TIKTOK] unknown
[2025-09-05 17:40:04] [GA4] purchase
[2025-09-05 19:39:43] [FACEBOOK] unknown
[2025-09-05 19:39:44] [TIKTOK] unknown
[2025-09-05 19:39:44] [GA4] purchase
[2025-09-05 20:44:13] [FACEBOOK] unknown
[2025-09-05 20:44:13] [TIKTOK] unknown
[2025-09-05 20:44:14] [GA4] purchase
[2025-09-05 22:01:09] [FACEBOOK] unknown
[2025-09-05 22:01:09] [TIKTOK] unknown
[2025-09-05 22:01:09] [GA4] purchase
[2025-09-05 22:02:04] [FACEBOOK] unknown
[2025-09-05 22:02:04] [TIKTOK] unknown
[2025-09-05 22:02:05] [GA4] purchase
[2025-09-05 22:02:06] [FACEBOOK] unknown
[2025-09-05 22:02:06] [TIKTOK] unknown
[2025-09-05 22:02:07] [GA4] purchase
[2025-09-05 22:02:08] [FACEBOOK] unknown
[2025-09-05 22:02:08] [TIKTOK] unknown
[2025-09-05 22:02:08] [GA4] purchase
[2025-09-05 22:05:36] [FACEBOOK] unknown
[2025-09-05 22:05:37] [TIKTOK] unknown
[2025-09-05 22:05:37] [GA4] purchase
[2025-09-05 22:42:59] [FACEBOOK] unknown
[2025-09-05 22:42:59] [TIKTOK] unknown
[2025-09-05 22:42:59] [GA4] purchase
[2025-09-06 02:58:51] [FACEBOOK] unknown
[2025-09-06 02:58:51] [TIKTOK] unknown
[2025-09-06 02:58:52] [GA4] purchase
[2025-09-06 03:45:07] [FACEBOOK] unknown
[2025-09-06 03:45:08] [TIKTOK] unknown
[2025-09-06 03:45:08] [GA4] purchase
[2025-09-06 05:46:27] [FACEBOOK] unknown
[2025-09-06 05:46:28] [TIKTOK] unknown
[2025-09-06 05:46:28] [GA4] purchase
[2025-09-06 07:43:19] [FACEBOOK] unknown
[2025-09-06 07:43:19] [TIKTOK] unknown
[2025-09-06 07:43:19] [GA4] purchase
[2025-09-06 08:40:30] [FACEBOOK] unknown
[2025-09-06 08:40:31] [TIKTOK] unknown
[2025-09-06 08:40:31] [GA4] purchase
[2025-09-06 08:42:51] [FACEBOOK] unknown
[2025-09-06 08:42:51] [TIKTOK] unknown
[2025-09-06 08:42:52] [GA4] purchase
[2025-09-06 09:09:50] [FACEBOOK] unknown
[2025-09-06 09:09:50] [TIKTOK] unknown
[2025-09-06 09:09:50] [GA4] purchase
[2025-09-06 09:10:53] [FACEBOOK] unknown
[2025-09-06 09:10:54] [TIKTOK] unknown
[2025-09-06 09:10:54] [GA4] purchase
[2025-09-06 09:10:54] [FACEBOOK] unknown
[2025-09-06 09:10:55] [TIKTOK] unknown
[2025-09-06 09:10:55] [GA4] purchase
[2025-09-06 10:01:48] [FACEBOOK] unknown
[2025-09-06 10:01:48] [TIKTOK] unknown
[2025-09-06 10:01:48] [GA4] purchase
[2025-09-06 13:44:44] [FACEBOOK] unknown
[2025-09-06 13:44:45] [TIKTOK] unknown
[2025-09-06 13:44:45] [GA4] purchase
[2025-09-06 14:46:54] [FACEBOOK] unknown
[2025-09-06 14:46:54] [TIKTOK] unknown
[2025-09-06 14:46:54] [GA4] begin_checkout
[2025-09-06 14:57:51] [FACEBOOK] unknown
[2025-09-06 14:57:52] [TIKTOK] unknown
[2025-09-06 14:57:52] [GA4] purchase
[2025-09-06 16:42:26] [FACEBOOK] unknown
[2025-09-06 16:42:26] [TIKTOK] unknown
[2025-09-06 16:42:27] [GA4] purchase
[2025-09-06 18:53:03] [FACEBOOK] unknown
[2025-09-06 18:53:04] [TIKTOK] unknown
[2025-09-06 18:53:04] [GA4] purchase
[2025-09-06 20:11:41] [FACEBOOK] unknown
[2025-09-06 20:11:41] [TIKTOK] unknown
[2025-09-06 20:11:41] [GA4] purchase
[2025-09-06 20:12:24] [FACEBOOK] unknown
[2025-09-06 20:12:24] [TIKTOK] unknown
[2025-09-06 20:12:24] [GA4] purchase
[2025-09-06 20:12:26] [FACEBOOK] unknown
[2025-09-06 20:12:27] [TIKTOK] unknown
[2025-09-06 20:12:27] [GA4] purchase
[2025-09-06 20:12:27] [FACEBOOK] unknown
[2025-09-06 20:12:28] [TIKTOK] unknown
[2025-09-06 20:12:28] [GA4] purchase
[2025-09-06 20:15:18] [FACEBOOK] unknown
[2025-09-06 20:15:18] [TIKTOK] unknown
[2025-09-06 20:15:18] [GA4] purchase
[2025-09-06 20:49:04] [FACEBOOK] unknown
[2025-09-06 20:49:05] [TIKTOK] unknown
[2025-09-06 20:49:05] [GA4] purchase
[2025-09-07 00:44:01] [FACEBOOK] unknown
[2025-09-07 00:44:01] [TIKTOK] unknown
[2025-09-07 00:44:02] [GA4] purchase
[2025-09-07 01:40:45] [FACEBOOK] unknown
[2025-09-07 01:40:46] [TIKTOK] unknown
[2025-09-07 01:40:46] [GA4] purchase
[2025-09-07 03:42:43] [FACEBOOK] unknown
[2025-09-07 03:42:43] [TIKTOK] unknown
[2025-09-07 03:42:43] [GA4] purchase
[2025-09-07 05:42:30] [FACEBOOK] unknown
[2025-09-07 05:42:30] [TIKTOK] unknown
[2025-09-07 05:42:31] [GA4] purchase
[2025-09-07 06:41:54] [FACEBOOK] unknown
[2025-09-07 06:41:54] [TIKTOK] unknown
[2025-09-07 06:41:54] [GA4] purchase
[2025-09-07 07:05:01] [FACEBOOK] unknown
[2025-09-07 07:05:02] [TIKTOK] unknown
[2025-09-07 07:05:02] [GA4] purchase
[2025-09-07 07:05:08] [FACEBOOK] unknown
[2025-09-07 07:05:08] [TIKTOK] unknown
[2025-09-07 07:05:08] [GA4] purchase
[2025-09-07 07:05:10] [FACEBOOK] unknown
[2025-09-07 07:05:10] [TIKTOK] unknown
[2025-09-07 07:05:11] [GA4] purchase
[2025-09-07 07:06:01] [FACEBOOK] unknown
[2025-09-07 07:06:02] [TIKTOK] unknown
[2025-09-07 07:06:02] [GA4] purchase
[2025-09-07 07:43:48] [FACEBOOK] unknown
[2025-09-07 07:43:48] [TIKTOK] unknown
[2025-09-07 07:43:48] [GA4] purchase
[2025-09-07 11:56:09] [FACEBOOK] unknown
[2025-09-07 11:56:10] [TIKTOK] unknown
[2025-09-07 11:56:10] [GA4] purchase
[2025-09-07 11:56:21] [FACEBOOK] unknown
[2025-09-07 11:56:22] [TIKTOK] unknown
[2025-09-07 11:56:22] [GA4] purchase
[2025-09-07 13:44:24] [FACEBOOK] unknown
[2025-09-07 13:44:25] [TIKTOK] unknown
[2025-09-07 13:44:25] [GA4] purchase
[2025-09-07 16:48:31] [FACEBOOK] unknown
[2025-09-07 16:48:32] [TIKTOK] unknown
[2025-09-07 16:48:32] [GA4] purchase
[2025-09-07 16:55:13] [FACEBOOK] unknown
[2025-09-07 16:55:13] [TIKTOK] unknown
[2025-09-07 16:55:13] [GA4] purchase
[2025-09-07 18:01:40] [FACEBOOK] unknown
[2025-09-07 18:01:41] [TIKTOK] unknown
[2025-09-07 18:01:41] [GA4] purchase
[2025-09-07 18:03:06] [FACEBOOK] unknown
[2025-09-07 18:03:07] [TIKTOK] unknown
[2025-09-07 18:03:07] [GA4] purchase
[2025-09-07 18:03:08] [FACEBOOK] unknown
[2025-09-07 18:03:08] [TIKTOK] unknown
[2025-09-07 18:03:08] [GA4] purchase
[2025-09-07 18:03:10] [FACEBOOK] unknown
[2025-09-07 18:03:10] [TIKTOK] unknown
[2025-09-07 18:03:11] [GA4] purchase
[2025-09-07 18:46:48] [FACEBOOK] unknown
[2025-09-07 18:46:48] [TIKTOK] unknown
[2025-09-07 18:46:48] [GA4] purchase
[2025-09-07 20:50:48] [FACEBOOK] unknown
[2025-09-07 20:50:48] [TIKTOK] unknown
[2025-09-07 20:50:48] [GA4] begin_checkout
[2025-09-07 22:52:11] [FACEBOOK] unknown
[2025-09-07 22:52:11] [TIKTOK] unknown
[2025-09-07 22:52:11] [GA4] purchase
[2025-09-07 22:53:50] [FACEBOOK] unknown
[2025-09-07 22:53:50] [TIKTOK] unknown
[2025-09-07 22:53:50] [GA4] purchase
[2025-09-08 00:46:10] [FACEBOOK] unknown
[2025-09-08 00:46:10] [TIKTOK] unknown
[2025-09-08 00:46:10] [GA4] purchase
[2025-09-08 03:43:18] [FACEBOOK] unknown
[2025-09-08 03:43:18] [TIKTOK] unknown
[2025-09-08 03:43:19] [GA4] purchase
[2025-09-08 03:46:17] [FACEBOOK] unknown
[2025-09-08 03:46:17] [TIKTOK] unknown
[2025-09-08 03:46:17] [GA4] purchase
[2025-09-08 04:54:24] [FACEBOOK] unknown
[2025-09-08 04:54:25] [TIKTOK] unknown
[2025-09-08 04:54:25] [GA4] purchase
[2025-09-08 04:54:32] [FACEBOOK] unknown
[2025-09-08 04:54:32] [TIKTOK] unknown
[2025-09-08 04:54:33] [GA4] purchase
[2025-09-08 04:54:34] [FACEBOOK] unknown
[2025-09-08 04:54:34] [TIKTOK] unknown
[2025-09-08 04:54:34] [GA4] purchase
[2025-09-08 04:54:35] [FACEBOOK] unknown
[2025-09-08 04:54:35] [TIKTOK] unknown
[2025-09-08 04:54:36] [GA4] purchase
[2025-09-08 05:47:28] [FACEBOOK] unknown
[2025-09-08 05:47:29] [TIKTOK] unknown
[2025-09-08 05:47:29] [GA4] purchase
[2025-09-08 09:49:12] [FACEBOOK] unknown
[2025-09-08 09:49:13] [TIKTOK] unknown
[2025-09-08 09:49:13] [GA4] purchase
[2025-09-08 09:49:22] [FACEBOOK] unknown
[2025-09-08 09:49:22] [TIKTOK] unknown
[2025-09-08 09:49:23] [GA4] purchase
[2025-09-08 11:42:55] [FACEBOOK] unknown
[2025-09-08 11:42:55] [TIKTOK] unknown
[2025-09-08 11:42:55] [GA4] purchase
[2025-09-08 15:00:24] [FACEBOOK] unknown
[2025-09-08 15:00:24] [TIKTOK] unknown
[2025-09-08 15:00:24] [GA4] purchase
[2025-09-08 15:16:35] [FACEBOOK] unknown
[2025-09-08 15:16:35] [TIKTOK] unknown
[2025-09-08 15:16:35] [GA4] purchase
[2025-09-08 15:53:18] [FACEBOOK] unknown
[2025-09-08 15:53:18] [TIKTOK] unknown
[2025-09-08 15:53:19] [GA4] purchase
[2025-09-08 15:53:28] [FACEBOOK] unknown
[2025-09-08 15:53:28] [TIKTOK] unknown
[2025-09-08 15:53:29] [GA4] purchase
[2025-09-08 15:53:29] [FACEBOOK] unknown
[2025-09-08 15:53:30] [TIKTOK] unknown
[2025-09-08 15:53:30] [GA4] purchase
[2025-09-08 15:53:32] [FACEBOOK] unknown
[2025-09-08 15:53:33] [TIKTOK] unknown
[2025-09-08 15:53:33] [GA4] purchase
[2025-09-08 16:50:47] [FACEBOOK] unknown
[2025-09-08 16:50:47] [TIKTOK] unknown
[2025-09-08 16:50:47] [GA4] purchase
[2025-09-08 20:57:36] [FACEBOOK] unknown
[2025-09-08 20:57:37] [TIKTOK] unknown
[2025-09-08 20:57:37] [GA4] purchase
[2025-09-08 20:57:48] [FACEBOOK] unknown
[2025-09-08 20:57:48] [TIKTOK] unknown
[2025-09-08 20:57:49] [GA4] purchase
[2025-09-08 22:40:12] [FACEBOOK] unknown
[2025-09-08 22:40:12] [TIKTOK] unknown
[2025-09-08 22:40:13] [GA4] purchase
[2025-09-09 01:42:36] [FACEBOOK] unknown
[2025-09-09 01:42:37] [TIKTOK] unknown
[2025-09-09 01:42:37] [GA4] purchase
[2025-09-09 01:45:54] [FACEBOOK] unknown
[2025-09-09 01:45:55] [TIKTOK] unknown
[2025-09-09 01:45:55] [GA4] purchase
[2025-09-09 02:59:15] [FACEBOOK] unknown
[2025-09-09 02:59:15] [TIKTOK] unknown
[2025-09-09 02:59:16] [GA4] purchase
[2025-09-09 02:59:25] [FACEBOOK] unknown
[2025-09-09 02:59:26] [TIKTOK] unknown
[2025-09-09 02:59:27] [GA4] purchase
[2025-09-09 02:59:27] [FACEBOOK] unknown
[2025-09-09 02:59:28] [TIKTOK] unknown
[2025-09-09 02:59:28] [GA4] purchase
[2025-09-09 02:59:33] [FACEBOOK] unknown
[2025-09-09 02:59:33] [TIKTOK] unknown
[2025-09-09 02:59:33] [GA4] purchase
[2025-09-09 03:50:52] [FACEBOOK] unknown
[2025-09-09 03:50:52] [TIKTOK] unknown
[2025-09-09 03:50:52] [GA4] purchase
[2025-09-09 07:43:28] [FACEBOOK] unknown
[2025-09-09 07:43:28] [TIKTOK] unknown
[2025-09-09 07:43:29] [GA4] purchase
[2025-09-09 07:43:40] [FACEBOOK] unknown
[2025-09-09 07:43:40] [TIKTOK] unknown
[2025-09-09 07:43:40] [GA4] purchase
[2025-09-09 08:41:47] [FACEBOOK] unknown
[2025-09-09 08:41:48] [TIKTOK] unknown
[2025-09-09 08:41:48] [GA4] purchase
[2025-09-09 12:44:35] [FACEBOOK] unknown
[2025-09-09 12:44:35] [TIKTOK] unknown
[2025-09-09 12:44:35] [GA4] purchase
[2025-09-09 12:48:51] [FACEBOOK] unknown
[2025-09-09 12:48:52] [TIKTOK] unknown
[2025-09-09 12:48:52] [GA4] purchase
[2025-09-09 14:12:35] [FACEBOOK] unknown
[2025-09-09 14:12:36] [TIKTOK] unknown
[2025-09-09 14:12:36] [GA4] purchase
[2025-09-09 14:12:48] [FACEBOOK] unknown
[2025-09-09 14:12:49] [TIKTOK] unknown
[2025-09-09 14:12:49] [GA4] purchase
[2025-09-09 14:12:51] [FACEBOOK] unknown
[2025-09-09 14:12:52] [TIKTOK] unknown
[2025-09-09 14:12:52] [GA4] purchase
[2025-09-09 14:12:53] [FACEBOOK] unknown
[2025-09-09 14:12:54] [TIKTOK] unknown
[2025-09-09 14:12:54] [GA4] purchase
[2025-09-09 14:44:56] [FACEBOOK] unknown
[2025-09-09 14:44:56] [TIKTOK] unknown
[2025-09-09 14:44:57] [GA4] purchase
[2025-09-09 17:43:24] [FACEBOOK] unknown
[2025-09-09 17:43:25] [TIKTOK] unknown
[2025-09-09 17:43:25] [GA4] purchase
[2025-09-09 18:45:42] [FACEBOOK] unknown
[2025-09-09 18:45:42] [TIKTOK] unknown
[2025-09-09 18:45:42] [GA4] purchase
[2025-09-09 18:45:49] [FACEBOOK] unknown
[2025-09-09 18:45:49] [TIKTOK] unknown
[2025-09-09 18:45:49] [GA4] purchase
[2025-09-09 19:45:47] [FACEBOOK] unknown
[2025-09-09 19:45:47] [TIKTOK] unknown
[2025-09-09 19:45:47] [GA4] purchase
[2025-09-09 23:42:59] [FACEBOOK] unknown
[2025-09-09 23:43:00] [TIKTOK] unknown
[2025-09-09 23:43:00] [GA4] purchase
[2025-09-09 23:49:18] [FACEBOOK] unknown
[2025-09-09 23:49:18] [TIKTOK] unknown
[2025-09-09 23:49:19] [GA4] purchase
[2025-09-10 00:15:34] [FACEBOOK] unknown
[2025-09-10 00:15:35] [TIKTOK] unknown
[2025-09-10 00:15:35] [GA4] purchase
[2025-09-10 00:56:13] [FACEBOOK] unknown
[2025-09-10 00:56:13] [TIKTOK] unknown
[2025-09-10 00:56:14] [GA4] purchase
[2025-09-10 00:57:54] [FACEBOOK] unknown
[2025-09-10 00:57:54] [TIKTOK] unknown
[2025-09-10 00:57:55] [GA4] purchase
[2025-09-10 00:57:56] [FACEBOOK] unknown
[2025-09-10 00:57:57] [TIKTOK] unknown
[2025-09-10 00:57:57] [GA4] purchase
[2025-09-10 00:57:57] [FACEBOOK] unknown
[2025-09-10 00:57:58] [TIKTOK] unknown
[2025-09-10 00:57:58] [GA4] purchase
[2025-09-10 01:45:07] [FACEBOOK] unknown
[2025-09-10 01:45:07] [TIKTOK] unknown
[2025-09-10 01:45:07] [GA4] purchase
[2025-09-10 05:42:38] [FACEBOOK] unknown
[2025-09-10 05:42:39] [TIKTOK] unknown
[2025-09-10 05:42:39] [GA4] purchase
[2025-09-10 05:42:45] [FACEBOOK] unknown
[2025-09-10 05:42:46] [TIKTOK] unknown
[2025-09-10 05:42:46] [GA4] purchase
[2025-09-10 05:51:47] [FACEBOOK] unknown
[2025-09-10 05:51:47] [TIKTOK] unknown
[2025-09-10 05:51:47] [GA4] begin_checkout
[2025-09-10 06:49:53] [FACEBOOK] unknown
[2025-09-10 06:49:53] [TIKTOK] unknown
[2025-09-10 06:49:53] [GA4] purchase
[2025-09-10 10:44:48] [FACEBOOK] unknown
[2025-09-10 10:44:49] [TIKTOK] unknown
[2025-09-10 10:44:49] [GA4] purchase
[2025-09-10 10:49:19] [FACEBOOK] unknown
[2025-09-10 10:49:20] [TIKTOK] unknown
[2025-09-10 10:49:20] [GA4] purchase
[2025-09-10 11:42:46] [FACEBOOK] unknown
[2025-09-10 11:42:47] [TIKTOK] unknown
[2025-09-10 11:42:47] [GA4] purchase
[2025-09-10 12:01:49] [FACEBOOK] unknown
[2025-09-10 12:01:49] [TIKTOK] unknown
[2025-09-10 12:01:50] [GA4] purchase
[2025-09-10 12:02:00] [FACEBOOK] unknown
[2025-09-10 12:02:01] [TIKTOK] unknown
[2025-09-10 12:02:01] [GA4] purchase
[2025-09-10 12:02:03] [FACEBOOK] unknown
[2025-09-10 12:02:03] [TIKTOK] unknown
[2025-09-10 12:02:04] [GA4] purchase
[2025-09-10 12:53:26] [FACEBOOK] unknown
[2025-09-10 12:53:26] [TIKTOK] unknown
[2025-09-10 12:53:27] [GA4] purchase
[2025-09-10 16:40:56] [FACEBOOK] unknown
[2025-09-10 16:40:56] [TIKTOK] unknown
[2025-09-10 16:40:57] [GA4] purchase
[2025-09-10 16:41:52] [FACEBOOK] unknown
[2025-09-10 16:41:52] [TIKTOK] unknown
[2025-09-10 16:41:52] [GA4] purchase
[2025-09-10 17:42:38] [FACEBOOK] unknown
[2025-09-10 17:42:39] [TIKTOK] unknown
[2025-09-10 17:42:39] [GA4] purchase
[2025-09-10 20:47:29] [FACEBOOK] unknown
[2025-09-10 20:47:29] [TIKTOK] unknown
[2025-09-10 20:47:29] [GA4] purchase
[2025-09-10 20:47:32] [FACEBOOK] unknown
[2025-09-10 20:47:32] [TIKTOK] unknown
[2025-09-10 20:47:32] [GA4] purchase
[2025-09-10 20:47:39] [FACEBOOK] unknown
[2025-09-10 20:47:39] [FACEBOOK] unknown
[2025-09-10 20:47:39] [TIKTOK] unknown
[2025-09-10 20:47:39] [TIKTOK] unknown
[2025-09-10 20:47:39] [GA4] purchase
[2025-09-10 20:47:39] [GA4] purchase
[2025-09-10 20:47:45] [FACEBOOK] unknown
[2025-09-10 20:47:45] [TIKTOK] unknown
[2025-09-10 20:47:45] [GA4] purchase
[2025-09-10 21:43:11] [FACEBOOK] unknown
[2025-09-10 21:43:12] [TIKTOK] unknown
[2025-09-10 21:43:12] [GA4] purchase
[2025-09-10 22:48:25] [FACEBOOK] unknown
[2025-09-10 22:48:25] [TIKTOK] unknown
[2025-09-10 22:48:25] [GA4] purchase
[2025-09-10 22:48:31] [FACEBOOK] unknown
[2025-09-10 22:48:31] [TIKTOK] unknown
[2025-09-10 22:48:32] [GA4] purchase
[2025-09-10 22:48:38] [FACEBOOK] unknown
[2025-09-10 22:48:38] [TIKTOK] unknown
[2025-09-10 22:48:39] [GA4] purchase
[2025-09-10 23:14:02] [FACEBOOK] unknown
[2025-09-10 23:14:02] [TIKTOK] unknown
[2025-09-10 23:14:02] [GA4] purchase
[2025-09-10 23:47:45] [FACEBOOK] unknown
[2025-09-10 23:47:45] [TIKTOK] unknown
[2025-09-10 23:47:45] [GA4] purchase
[2025-09-11 03:44:51] [FACEBOOK] unknown
[2025-09-11 03:44:51] [TIKTOK] unknown
[2025-09-11 03:44:52] [GA4] purchase
[2025-09-11 03:45:04] [FACEBOOK] unknown
[2025-09-11 03:45:04] [TIKTOK] unknown
[2025-09-11 03:45:05] [GA4] purchase
[2025-09-11 04:40:28] [FACEBOOK] unknown
[2025-09-11 04:40:28] [TIKTOK] unknown
[2025-09-11 04:40:28] [GA4] purchase
[2025-09-11 06:42:39] [FACEBOOK] unknown
[2025-09-11 06:42:39] [TIKTOK] unknown
[2025-09-11 06:42:40] [GA4] purchase
[2025-09-11 08:40:17] [FACEBOOK] unknown
[2025-09-11 08:40:17] [TIKTOK] unknown
[2025-09-11 08:40:17] [GA4] purchase
[2025-09-11 09:56:06] [FACEBOOK] unknown
[2025-09-11 09:56:06] [TIKTOK] unknown
[2025-09-11 09:56:06] [GA4] purchase
[2025-09-11 10:29:39] [FACEBOOK] unknown
[2025-09-11 10:29:39] [TIKTOK] unknown
[2025-09-11 10:29:40] [GA4] purchase
[2025-09-11 10:30:09] [FACEBOOK] unknown
[2025-09-11 10:30:09] [TIKTOK] unknown
[2025-09-11 10:30:10] [GA4] purchase
[2025-09-11 10:31:34] [FACEBOOK] unknown
[2025-09-11 10:31:34] [TIKTOK] unknown
[2025-09-11 10:31:34] [GA4] purchase
[2025-09-11 11:05:15] [FACEBOOK] unknown
[2025-09-11 11:05:15] [TIKTOK] unknown
[2025-09-11 11:05:16] [GA4] purchase
[2025-09-11 11:05:21] [FACEBOOK] unknown
[2025-09-11 11:05:21] [TIKTOK] unknown
[2025-09-11 11:05:22] [GA4] purchase
[2025-09-11 11:06:51] [FACEBOOK] unknown
[2025-09-11 11:06:51] [TIKTOK] unknown
[2025-09-11 11:06:51] [GA4] purchase
[2025-09-11 11:10:42] [FACEBOOK] unknown
[2025-09-11 11:10:42] [TIKTOK] unknown
[2025-09-11 11:10:42] [GA4] purchase
[2025-09-11 11:10:48] [FACEBOOK] unknown
[2025-09-11 11:10:48] [TIKTOK] unknown
[2025-09-11 11:10:48] [GA4] purchase
[2025-09-11 11:10:53] [FACEBOOK] unknown
[2025-09-11 11:10:53] [TIKTOK] unknown
[2025-09-11 11:10:53] [GA4] purchase
[2025-09-11 11:21:54] [FACEBOOK] unknown
[2025-09-11 11:21:54] [TIKTOK] unknown
[2025-09-11 11:21:54] [GA4] purchase
[2025-09-11 19:29:04] [FACEBOOK] unknown
[2025-09-11 19:29:04] [TIKTOK] unknown
[2025-09-11 19:29:04] [GA4] purchase
[2025-09-11 20:39:32] [FACEBOOK] unknown
[2025-09-11 20:39:32] [TIKTOK] unknown
[2025-09-11 20:39:32] [GA4] purchase
[2025-09-11 20:40:40] [FACEBOOK] unknown
[2025-09-11 20:40:40] [TIKTOK] unknown
[2025-09-11 20:40:41] [GA4] purchase
[2025-09-11 20:41:14] [FACEBOOK] unknown
[2025-09-11 20:41:14] [TIKTOK] unknown
[2025-09-11 20:41:14] [GA4] purchase
[2025-09-11 21:43:09] [FACEBOOK] unknown
[2025-09-11 21:43:10] [TIKTOK] unknown
[2025-09-11 21:43:10] [GA4] purchase
[2025-09-11 22:01:49] [FACEBOOK] unknown
[2025-09-11 22:01:50] [TIKTOK] unknown
[2025-09-11 22:01:50] [GA4] purchase
[2025-09-11 22:03:23] [FACEBOOK] unknown
[2025-09-11 22:03:23] [TIKTOK] unknown
[2025-09-11 22:03:23] [GA4] purchase
[2025-09-11 22:29:17] [FACEBOOK] unknown
[2025-09-11 22:29:17] [TIKTOK] unknown
[2025-09-11 22:29:17] [GA4] purchase
[2025-09-11 22:38:47] [FACEBOOK] unknown
[2025-09-11 22:38:47] [TIKTOK] unknown
[2025-09-11 22:38:48] [GA4] purchase
[2025-09-11 22:38:49] [FACEBOOK] unknown
[2025-09-11 22:38:49] [TIKTOK] unknown
[2025-09-11 22:38:50] [GA4] purchase
[2025-09-11 22:55:07] [FACEBOOK] unknown
[2025-09-11 22:55:07] [TIKTOK] unknown
[2025-09-11 22:55:07] [GA4] purchase
[2025-09-12 05:50:19] [FACEBOOK] unknown
[2025-09-12 05:50:19] [TIKTOK] unknown
[2025-09-12 05:50:19] [GA4] purchase
[2025-09-12 07:41:42] [FACEBOOK] unknown
[2025-09-12 07:41:42] [TIKTOK] unknown
[2025-09-12 07:41:42] [GA4] purchase
[2025-09-12 07:45:56] [FACEBOOK] unknown
[2025-09-12 07:45:56] [TIKTOK] unknown
[2025-09-12 07:45:56] [GA4] purchase
[2025-09-12 07:46:44] [FACEBOOK] unknown
[2025-09-12 07:46:44] [TIKTOK] unknown
[2025-09-12 07:46:44] [GA4] purchase
[2025-09-12 08:04:55] [FACEBOOK] unknown
[2025-09-12 08:04:55] [TIKTOK] unknown
[2025-09-12 08:04:55] [GA4] purchase
[2025-09-12 08:50:47] [FACEBOOK] unknown
[2025-09-12 08:50:48] [TIKTOK] unknown
[2025-09-12 08:50:48] [GA4] purchase
[2025-09-12 08:50:52] [FACEBOOK] unknown
[2025-09-12 08:50:52] [TIKTOK] unknown
[2025-09-12 08:50:52] [GA4] purchase
[2025-09-12 08:53:13] [FACEBOOK] unknown
[2025-09-12 08:53:13] [TIKTOK] unknown
[2025-09-12 08:53:13] [GA4] purchase
[2025-09-12 08:53:17] [FACEBOOK] unknown
[2025-09-12 08:53:17] [TIKTOK] unknown
[2025-09-12 08:53:17] [GA4] purchase
[2025-09-12 08:56:18] [FACEBOOK] unknown
[2025-09-12 08:56:18] [TIKTOK] unknown
[2025-09-12 08:56:18] [GA4] purchase
[2025-09-12 09:09:28] [FACEBOOK] unknown
[2025-09-12 09:09:28] [TIKTOK] unknown
[2025-09-12 09:09:29] [GA4] purchase
[2025-09-12 09:45:55] [FACEBOOK] unknown
[2025-09-12 09:45:56] [TIKTOK] unknown
[2025-09-12 09:45:56] [GA4] purchase
[2025-09-12 10:33:49] [FACEBOOK] unknown
[2025-09-12 10:33:49] [TIKTOK] unknown
[2025-09-12 10:33:50] [GA4] purchase
[2025-09-12 18:39:32] [FACEBOOK] unknown
[2025-09-12 18:39:32] [TIKTOK] unknown
[2025-09-12 18:39:32] [GA4] purchase
[2025-09-12 18:42:09] [FACEBOOK] unknown
[2025-09-12 18:42:09] [TIKTOK] unknown
[2025-09-12 18:42:10] [GA4] purchase
[2025-09-12 18:44:28] [FACEBOOK] unknown
[2025-09-12 18:44:28] [TIKTOK] unknown
[2025-09-12 18:44:28] [GA4] purchase
[2025-09-12 19:41:41] [FACEBOOK] unknown
[2025-09-12 19:41:41] [TIKTOK] unknown
[2025-09-12 19:41:41] [GA4] purchase
[2025-09-12 19:43:50] [FACEBOOK] unknown
[2025-09-12 19:43:50] [TIKTOK] unknown
[2025-09-12 19:43:51] [GA4] purchase
[2025-09-12 19:51:41] [FACEBOOK] unknown
[2025-09-12 19:51:41] [TIKTOK] unknown
[2025-09-12 19:51:41] [GA4] purchase
[2025-09-12 20:09:51] [FACEBOOK] unknown
[2025-09-12 20:09:52] [TIKTOK] unknown
[2025-09-12 20:09:52] [GA4] purchase
[2025-09-12 20:10:10] [FACEBOOK] unknown
[2025-09-12 20:10:11] [TIKTOK] unknown
[2025-09-12 20:10:11] [GA4] purchase
[2025-09-12 20:10:12] [FACEBOOK] unknown
[2025-09-12 20:10:12] [TIKTOK] unknown
[2025-09-12 20:10:13] [GA4] purchase
[2025-09-12 20:54:13] [FACEBOOK] unknown
[2025-09-12 20:54:13] [TIKTOK] unknown
[2025-09-12 20:54:14] [GA4] purchase
[2025-09-12 22:57:39] [FACEBOOK] unknown
[2025-09-12 22:57:39] [TIKTOK] unknown
[2025-09-12 22:57:39] [GA4] purchase
[2025-09-13 05:42:15] [FACEBOOK] unknown
[2025-09-13 05:42:15] [TIKTOK] unknown
[2025-09-13 05:42:15] [GA4] purchase
[2025-09-13 05:47:31] [FACEBOOK] unknown
[2025-09-13 05:47:32] [TIKTOK] unknown
[2025-09-13 05:47:32] [GA4] purchase
[2025-09-13 05:47:46] [FACEBOOK] unknown
[2025-09-13 05:47:46] [TIKTOK] unknown
[2025-09-13 05:47:46] [GA4] purchase
[2025-09-13 07:01:02] [FACEBOOK] unknown
[2025-09-13 07:01:02] [TIKTOK] unknown
[2025-09-13 07:01:03] [GA4] purchase
[2025-09-13 07:01:07] [FACEBOOK] unknown
[2025-09-13 07:01:07] [TIKTOK] unknown
[2025-09-13 07:01:07] [GA4] purchase
[2025-09-13 07:07:31] [FACEBOOK] unknown
[2025-09-13 07:07:32] [TIKTOK] unknown
[2025-09-13 07:07:32] [GA4] purchase
[2025-09-13 07:17:09] [FACEBOOK] unknown
[2025-09-13 07:17:09] [TIKTOK] unknown
[2025-09-13 07:17:09] [GA4] purchase
[2025-09-13 07:17:12] [FACEBOOK] unknown
[2025-09-13 07:17:12] [TIKTOK] unknown
[2025-09-13 07:17:12] [GA4] purchase
[2025-09-13 07:29:17] [FACEBOOK] unknown
[2025-09-13 07:29:17] [TIKTOK] unknown
[2025-09-13 07:29:18] [GA4] purchase
[2025-09-13 08:09:08] [FACEBOOK] unknown
[2025-09-13 08:09:08] [TIKTOK] unknown
[2025-09-13 08:09:08] [GA4] purchase
[2025-09-13 13:46:44] [FACEBOOK] unknown
[2025-09-13 13:46:44] [TIKTOK] unknown
[2025-09-13 13:46:44] [GA4] begin_checkout
[2025-09-13 14:53:19] [FACEBOOK] unknown
[2025-09-13 14:53:19] [TIKTOK] unknown
[2025-09-13 14:53:19] [GA4] begin_checkout
[2025-09-13 15:28:31] [FACEBOOK] unknown
[2025-09-13 15:28:31] [TIKTOK] unknown
[2025-09-13 15:28:31] [GA4] begin_checkout
[2025-09-13 16:39:28] [FACEBOOK] unknown
[2025-09-13 16:39:28] [TIKTOK] unknown
[2025-09-13 16:39:28] [GA4] purchase
[2025-09-13 16:45:40] [FACEBOOK] unknown
[2025-09-13 16:45:40] [TIKTOK] unknown
[2025-09-13 16:45:40] [GA4] purchase
[2025-09-13 16:45:47] [FACEBOOK] unknown
[2025-09-13 16:45:48] [TIKTOK] unknown
[2025-09-13 16:45:48] [GA4] purchase
[2025-09-13 17:41:35] [FACEBOOK] unknown
[2025-09-13 17:41:36] [TIKTOK] unknown
[2025-09-13 17:41:36] [GA4] purchase
[2025-09-13 17:43:50] [FACEBOOK] unknown
[2025-09-13 17:43:50] [TIKTOK] unknown
[2025-09-13 17:43:50] [GA4] purchase
[2025-09-13 17:52:05] [FACEBOOK] unknown
[2025-09-13 17:52:05] [TIKTOK] unknown
[2025-09-13 17:52:05] [GA4] purchase
[2025-09-13 17:52:41] [FACEBOOK] unknown
[2025-09-13 17:52:41] [TIKTOK] unknown
[2025-09-13 17:52:41] [GA4] purchase
[2025-09-13 17:52:43] [FACEBOOK] unknown
[2025-09-13 17:52:43] [TIKTOK] unknown
[2025-09-13 17:52:44] [GA4] purchase
[2025-09-13 17:52:45] [FACEBOOK] unknown
[2025-09-13 17:52:46] [TIKTOK] unknown
[2025-09-13 17:52:46] [GA4] purchase
[2025-09-13 18:56:02] [FACEBOOK] unknown
[2025-09-13 18:56:02] [TIKTOK] unknown
[2025-09-13 18:56:02] [GA4] purchase
[2025-09-14 03:40:44] [FACEBOOK] unknown
[2025-09-14 03:40:44] [TIKTOK] unknown
[2025-09-14 03:40:45] [GA4] purchase
[2025-09-14 03:42:38] [FACEBOOK] unknown
[2025-09-14 03:42:38] [TIKTOK] unknown
[2025-09-14 03:42:38] [GA4] purchase
[2025-09-14 03:42:51] [FACEBOOK] unknown
[2025-09-14 03:42:51] [TIKTOK] unknown
[2025-09-14 03:42:51] [GA4] purchase
[2025-09-14 04:40:40] [FACEBOOK] unknown
[2025-09-14 04:40:40] [TIKTOK] unknown
[2025-09-14 04:40:41] [GA4] purchase
[2025-09-14 04:58:34] [FACEBOOK] unknown
[2025-09-14 04:58:34] [FACEBOOK] unknown
[2025-09-14 04:58:35] [TIKTOK] unknown
[2025-09-14 04:58:35] [TIKTOK] unknown
[2025-09-14 04:58:35] [GA4] purchase
[2025-09-14 04:58:35] [GA4] purchase
[2025-09-14 05:01:55] [FACEBOOK] unknown
[2025-09-14 05:01:55] [TIKTOK] unknown
[2025-09-14 05:01:56] [GA4] purchase
[2025-09-14 05:12:30] [FACEBOOK] unknown
[2025-09-14 05:12:30] [TIKTOK] unknown
[2025-09-14 05:12:30] [GA4] purchase
[2025-09-14 05:14:02] [FACEBOOK] unknown
[2025-09-14 05:14:02] [TIKTOK] unknown
[2025-09-14 05:14:02] [GA4] purchase
[2025-09-14 05:58:45] [FACEBOOK] unknown
[2025-09-14 05:58:45] [TIKTOK] unknown
[2025-09-14 05:58:45] [GA4] purchase
[2025-09-14 14:39:42] [FACEBOOK] unknown
[2025-09-14 14:39:42] [TIKTOK] unknown
[2025-09-14 14:39:43] [GA4] purchase
[2025-09-14 14:42:11] [FACEBOOK] unknown
[2025-09-14 14:42:12] [TIKTOK] unknown
[2025-09-14 14:42:12] [GA4] purchase
[2025-09-14 14:42:29] [FACEBOOK] unknown
[2025-09-14 14:42:29] [TIKTOK] unknown
[2025-09-14 14:42:29] [GA4] purchase
[2025-09-14 15:51:29] [FACEBOOK] unknown
[2025-09-14 15:51:29] [TIKTOK] unknown
[2025-09-14 15:51:29] [GA4] purchase
[2025-09-14 15:51:32] [FACEBOOK] unknown
[2025-09-14 15:51:32] [TIKTOK] unknown
[2025-09-14 15:51:33] [GA4] purchase
[2025-09-14 15:54:59] [FACEBOOK] unknown
[2025-09-14 15:54:59] [TIKTOK] unknown
[2025-09-14 15:55:00] [GA4] purchase
[2025-09-14 15:55:01] [FACEBOOK] unknown
[2025-09-14 15:55:01] [TIKTOK] unknown
[2025-09-14 15:55:02] [GA4] purchase
[2025-09-14 15:55:03] [FACEBOOK] unknown
[2025-09-14 15:55:03] [TIKTOK] unknown
[2025-09-14 15:55:03] [GA4] purchase
[2025-09-14 15:59:39] [FACEBOOK] unknown
[2025-09-14 15:59:39] [TIKTOK] unknown
[2025-09-14 15:59:39] [GA4] purchase
[2025-09-14 17:06:13] [FACEBOOK] unknown
[2025-09-14 17:06:13] [TIKTOK] unknown
[2025-09-14 17:06:13] [GA4] purchase
[2025-09-14 20:22:37] [FACEBOOK] unknown
[2025-09-14 20:22:37] [TIKTOK] unknown
[2025-09-14 20:22:37] [GA4] purchase
[2025-09-14 23:00:11] [FACEBOOK] unknown
[2025-09-14 23:00:11] [TIKTOK] unknown
[2025-09-14 23:00:12] [GA4] purchase
[2025-09-15 01:44:19] [FACEBOOK] unknown
[2025-09-15 01:44:19] [TIKTOK] unknown
[2025-09-15 01:44:19] [GA4] purchase
[2025-09-15 01:50:43] [FACEBOOK] unknown
[2025-09-15 01:50:43] [TIKTOK] unknown
[2025-09-15 01:50:44] [GA4] purchase
[2025-09-15 01:50:58] [FACEBOOK] unknown
[2025-09-15 01:50:58] [TIKTOK] unknown
[2025-09-15 01:50:59] [GA4] purchase
[2025-09-15 02:50:34] [FACEBOOK] unknown
[2025-09-15 02:50:35] [TIKTOK] unknown
[2025-09-15 02:50:35] [GA4] purchase
[2025-09-15 02:50:37] [FACEBOOK] unknown
[2025-09-15 02:50:37] [TIKTOK] unknown
[2025-09-15 02:50:37] [GA4] purchase
[2025-09-15 02:54:25] [FACEBOOK] unknown
[2025-09-15 02:54:25] [TIKTOK] unknown
[2025-09-15 02:54:26] [GA4] purchase
[2025-09-15 02:57:55] [FACEBOOK] unknown
[2025-09-15 02:57:55] [TIKTOK] unknown
[2025-09-15 02:57:55] [GA4] purchase
[2025-09-15 03:19:18] [FACEBOOK] unknown
[2025-09-15 03:19:19] [TIKTOK] unknown
[2025-09-15 03:19:19] [GA4] purchase
[2025-09-15 03:19:20] [FACEBOOK] unknown
[2025-09-15 03:19:20] [TIKTOK] unknown
[2025-09-15 03:19:22] [GA4] purchase
[2025-09-15 03:56:09] [FACEBOOK] unknown
[2025-09-15 03:56:09] [TIKTOK] unknown
[2025-09-15 03:56:09] [GA4] purchase
[2025-09-15 09:44:40] [FACEBOOK] unknown
[2025-09-15 09:44:41] [TIKTOK] unknown
[2025-09-15 09:44:41] [GA4] purchase
[2025-09-15 11:24:03] [FACEBOOK] unknown
[2025-09-15 11:24:03] [TIKTOK] unknown
[2025-09-15 11:24:04] [GA4] purchase
[2025-09-15 12:40:08] [FACEBOOK] unknown
[2025-09-15 12:40:08] [TIKTOK] unknown
[2025-09-15 12:40:08] [GA4] purchase
[2025-09-15 12:41:29] [FACEBOOK] unknown
[2025-09-15 12:41:29] [TIKTOK] unknown
[2025-09-15 12:41:30] [GA4] purchase
[2025-09-15 12:41:50] [FACEBOOK] unknown
[2025-09-15 12:41:50] [TIKTOK] unknown
[2025-09-15 12:41:50] [GA4] purchase
[2025-09-15 13:52:03] [FACEBOOK] unknown
[2025-09-15 13:52:03] [TIKTOK] unknown
[2025-09-15 13:52:03] [GA4] purchase
[2025-09-15 13:52:05] [FACEBOOK] unknown
[2025-09-15 13:52:06] [TIKTOK] unknown
[2025-09-15 13:52:06] [GA4] purchase
[2025-09-15 13:55:54] [FACEBOOK] unknown
[2025-09-15 13:55:54] [TIKTOK] unknown
[2025-09-15 13:55:54] [GA4] purchase
[2025-09-15 13:55:54] [FACEBOOK] unknown
[2025-09-15 13:55:54] [TIKTOK] unknown
[2025-09-15 13:55:55] [GA4] purchase
[2025-09-15 14:02:03] [FACEBOOK] unknown
[2025-09-15 14:02:04] [TIKTOK] unknown
[2025-09-15 14:02:04] [GA4] purchase
[2025-09-15 14:09:44] [FACEBOOK] unknown
[2025-09-15 14:09:44] [TIKTOK] unknown
[2025-09-15 14:09:44] [GA4] purchase
[2025-09-15 14:49:47] [FACEBOOK] unknown
[2025-09-15 14:49:47] [TIKTOK] unknown
[2025-09-15 14:49:47] [GA4] purchase
[2025-09-15 17:31:39] [FACEBOOK] unknown
[2025-09-15 17:31:39] [TIKTOK] unknown
[2025-09-15 17:31:39] [GA4] begin_checkout
[2025-09-15 20:56:08] [FACEBOOK] unknown
[2025-09-15 20:56:08] [TIKTOK] unknown
[2025-09-15 20:56:08] [GA4] purchase
[2025-09-15 22:42:02] [FACEBOOK] unknown
[2025-09-15 22:42:02] [TIKTOK] unknown
[2025-09-15 22:42:03] [GA4] purchase
[2025-09-15 23:43:23] [FACEBOOK] unknown
[2025-09-15 23:43:23] [TIKTOK] unknown
[2025-09-15 23:43:23] [GA4] purchase
[2025-09-15 23:48:45] [FACEBOOK] unknown
[2025-09-15 23:48:45] [TIKTOK] unknown
[2025-09-15 23:48:45] [GA4] purchase
[2025-09-16 00:40:34] [FACEBOOK] unknown
[2025-09-16 00:40:34] [TIKTOK] unknown
[2025-09-16 00:40:34] [GA4] purchase
[2025-09-16 00:40:54] [FACEBOOK] unknown
[2025-09-16 00:40:55] [TIKTOK] unknown
[2025-09-16 00:40:55] [GA4] purchase
[2025-09-16 00:42:07] [FACEBOOK] unknown
[2025-09-16 00:42:07] [TIKTOK] unknown
[2025-09-16 00:42:07] [GA4] purchase
[2025-09-16 00:45:34] [FACEBOOK] unknown
[2025-09-16 00:45:34] [TIKTOK] unknown
[2025-09-16 00:45:34] [GA4] purchase
[2025-09-16 00:45:35] [FACEBOOK] unknown
[2025-09-16 00:45:35] [TIKTOK] unknown
[2025-09-16 00:45:36] [GA4] purchase
[2025-09-16 00:48:49] [FACEBOOK] unknown
[2025-09-16 00:48:49] [TIKTOK] unknown
[2025-09-16 00:48:49] [GA4] purchase
[2025-09-16 01:56:40] [FACEBOOK] unknown
[2025-09-16 01:56:40] [TIKTOK] unknown
[2025-09-16 01:56:40] [GA4] purchase
[2025-09-16 03:04:06] [FACEBOOK] unknown
[2025-09-16 03:04:07] [TIKTOK] unknown
[2025-09-16 03:04:07] [GA4] purchase
[2025-09-16 03:13:39] [FACEBOOK] unknown
[2025-09-16 03:13:39] [TIKTOK] unknown
[2025-09-16 03:13:39] [GA4] purchase
[2025-09-16 07:41:51] [FACEBOOK] unknown
[2025-09-16 07:41:51] [TIKTOK] unknown
[2025-09-16 07:41:52] [GA4] purchase
[2025-09-16 09:44:47] [FACEBOOK] unknown
[2025-09-16 09:44:47] [TIKTOK] unknown
[2025-09-16 09:44:48] [GA4] purchase
[2025-09-16 10:48:05] [FACEBOOK] unknown
[2025-09-16 10:48:05] [TIKTOK] unknown
[2025-09-16 10:48:05] [GA4] purchase
[2025-09-16 10:56:08] [FACEBOOK] unknown
[2025-09-16 10:56:08] [TIKTOK] unknown
[2025-09-16 10:56:08] [GA4] purchase
[2025-09-16 11:03:18] [FACEBOOK] unknown
[2025-09-16 11:03:18] [TIKTOK] unknown
[2025-09-16 11:03:18] [GA4] purchase
[2025-09-16 11:03:29] [FACEBOOK] unknown
[2025-09-16 11:03:29] [TIKTOK] unknown
[2025-09-16 11:03:30] [GA4] purchase
[2025-09-16 11:09:42] [FACEBOOK] unknown
[2025-09-16 11:09:42] [TIKTOK] unknown
[2025-09-16 11:09:42] [GA4] purchase
[2025-09-16 11:45:31] [FACEBOOK] unknown
[2025-09-16 11:45:31] [TIKTOK] unknown
[2025-09-16 11:45:31] [FACEBOOK] unknown
[2025-09-16 11:45:31] [GA4] purchase
[2025-09-16 11:45:31] [TIKTOK] unknown
[2025-09-16 11:45:31] [GA4] purchase
[2025-09-16 11:47:08] [FACEBOOK] unknown
[2025-09-16 11:47:08] [TIKTOK] unknown
[2025-09-16 11:47:09] [GA4] purchase
[2025-09-16 12:47:07] [FACEBOOK] unknown
[2025-09-16 12:47:07] [TIKTOK] unknown
[2025-09-16 12:47:08] [GA4] purchase
[2025-09-16 19:11:22] [FACEBOOK] unknown
[2025-09-16 19:11:22] [TIKTOK] unknown
[2025-09-16 19:11:23] [GA4] purchase
[2025-09-16 20:50:08] [FACEBOOK] unknown
[2025-09-16 20:50:09] [TIKTOK] unknown
[2025-09-16 20:50:09] [GA4] purchase
[2025-09-16 21:42:36] [FACEBOOK] unknown
[2025-09-16 21:42:37] [TIKTOK] unknown
[2025-09-16 21:42:37] [GA4] purchase
[2025-09-16 21:42:45] [FACEBOOK] unknown
[2025-09-16 21:42:45] [TIKTOK] unknown
[2025-09-16 21:42:46] [GA4] purchase
[2025-09-16 21:46:10] [FACEBOOK] unknown
[2025-09-16 21:46:10] [TIKTOK] unknown
[2025-09-16 21:46:11] [GA4] purchase
[2025-09-16 21:50:50] [FACEBOOK] unknown
[2025-09-16 21:50:50] [TIKTOK] unknown
[2025-09-16 21:50:51] [GA4] purchase
[2025-09-16 21:50:55] [FACEBOOK] unknown
[2025-09-16 21:50:55] [TIKTOK] unknown
[2025-09-16 21:50:55] [GA4] purchase
[2025-09-16 23:05:58] [FACEBOOK] unknown
[2025-09-16 23:05:58] [TIKTOK] unknown
[2025-09-16 23:05:58] [GA4] purchase
[2025-09-16 23:06:06] [FACEBOOK] unknown
[2025-09-16 23:06:06] [TIKTOK] unknown
[2025-09-16 23:06:07] [GA4] purchase
[2025-09-16 23:06:10] [FACEBOOK] unknown
[2025-09-16 23:06:10] [TIKTOK] unknown
[2025-09-16 23:06:11] [GA4] purchase
[2025-09-16 23:49:00] [FACEBOOK] unknown
[2025-09-16 23:49:00] [TIKTOK] unknown
[2025-09-16 23:49:01] [GA4] purchase
[2025-09-17 05:47:15] [FACEBOOK] unknown
[2025-09-17 05:47:15] [TIKTOK] unknown
[2025-09-17 05:47:15] [GA4] purchase
[2025-09-17 07:46:51] [FACEBOOK] unknown
[2025-09-17 07:46:51] [TIKTOK] unknown
[2025-09-17 07:46:52] [GA4] purchase
[2025-09-17 08:41:53] [FACEBOOK] unknown
[2025-09-17 08:41:54] [TIKTOK] unknown
[2025-09-17 08:41:54] [GA4] purchase
[2025-09-17 08:45:56] [FACEBOOK] unknown
[2025-09-17 08:45:56] [TIKTOK] unknown
[2025-09-17 08:45:57] [GA4] purchase
[2025-09-17 08:47:55] [FACEBOOK] unknown
[2025-09-17 08:47:55] [TIKTOK] unknown
[2025-09-17 08:47:55] [GA4] purchase
[2025-09-17 08:52:23] [FACEBOOK] unknown
[2025-09-17 08:52:23] [TIKTOK] unknown
[2025-09-17 08:52:23] [GA4] purchase
[2025-09-17 08:53:25] [FACEBOOK] unknown
[2025-09-17 08:53:25] [TIKTOK] unknown
[2025-09-17 08:53:25] [GA4] purchase
[2025-09-17 09:44:52] [FACEBOOK] unknown
[2025-09-17 09:44:53] [TIKTOK] unknown
[2025-09-17 09:44:53] [GA4] purchase
[2025-09-17 09:44:59] [FACEBOOK] unknown
[2025-09-17 09:44:59] [TIKTOK] unknown
[2025-09-17 09:44:59] [GA4] purchase
[2025-09-17 09:45:02] [FACEBOOK] unknown
[2025-09-17 09:45:02] [TIKTOK] unknown
[2025-09-17 09:45:02] [GA4] purchase
[2025-09-17 10:42:09] [FACEBOOK] unknown
[2025-09-17 10:42:09] [TIKTOK] unknown
[2025-09-17 10:42:10] [GA4] purchase
[2025-09-17 16:51:03] [FACEBOOK] unknown
[2025-09-17 16:51:03] [TIKTOK] unknown
[2025-09-17 16:51:04] [GA4] purchase
[2025-09-17 18:40:20] [FACEBOOK] unknown
[2025-09-17 18:40:20] [TIKTOK] unknown
[2025-09-17 18:40:20] [GA4] purchase
[2025-09-17 19:42:28] [FACEBOOK] unknown
[2025-09-17 19:42:28] [TIKTOK] unknown
[2025-09-17 19:42:28] [GA4] purchase
[2025-09-17 19:42:39] [FACEBOOK] unknown
[2025-09-17 19:42:39] [TIKTOK] unknown
[2025-09-17 19:42:39] [GA4] purchase
[2025-09-17 19:43:42] [FACEBOOK] unknown
[2025-09-17 19:43:42] [TIKTOK] unknown
[2025-09-17 19:43:43] [GA4] purchase
[2025-09-17 19:44:43] [FACEBOOK] unknown
[2025-09-17 19:44:43] [TIKTOK] unknown
[2025-09-17 19:44:44] [GA4] purchase
[2025-09-17 19:44:56] [FACEBOOK] unknown
[2025-09-17 19:44:56] [TIKTOK] unknown
[2025-09-17 19:44:57] [GA4] purchase
[2025-09-17 19:50:16] [FACEBOOK] unknown
[2025-09-17 19:50:16] [TIKTOK] unknown
[2025-09-17 19:50:16] [GA4] purchase
[2025-09-17 20:53:48] [FACEBOOK] unknown
[2025-09-17 20:53:48] [TIKTOK] unknown
[2025-09-17 20:53:49] [GA4] purchase
[2025-09-17 20:53:59] [FACEBOOK] unknown
[2025-09-17 20:53:59] [TIKTOK] unknown
[2025-09-17 20:54:00] [GA4] purchase
[2025-09-17 20:54:04] [FACEBOOK] unknown
[2025-09-17 20:54:04] [TIKTOK] unknown
[2025-09-17 20:54:04] [GA4] purchase
[2025-09-17 21:41:02] [FACEBOOK] unknown
[2025-09-17 21:41:02] [TIKTOK] unknown
[2025-09-17 21:41:03] [GA4] purchase
[2025-09-18 01:06:54] [FACEBOOK] unknown
[2025-09-18 01:06:55] [TIKTOK] unknown
[2025-09-18 01:06:55] [GA4] purchase
[2025-09-18 03:46:02] [FACEBOOK] unknown
[2025-09-18 03:46:03] [TIKTOK] unknown
[2025-09-18 03:46:03] [GA4] purchase
[2025-09-18 05:41:25] [FACEBOOK] unknown
[2025-09-18 05:41:25] [TIKTOK] unknown
[2025-09-18 05:41:26] [GA4] purchase
[2025-09-18 06:42:39] [FACEBOOK] unknown
[2025-09-18 06:42:40] [TIKTOK] unknown
[2025-09-18 06:42:40] [GA4] purchase
[2025-09-18 06:44:35] [FACEBOOK] unknown
[2025-09-18 06:44:36] [TIKTOK] unknown
[2025-09-18 06:44:36] [GA4] purchase
[2025-09-18 06:52:54] [FACEBOOK] unknown
[2025-09-18 06:52:55] [TIKTOK] unknown
[2025-09-18 06:52:55] [GA4] purchase
[2025-09-18 06:53:03] [FACEBOOK] unknown
[2025-09-18 06:53:03] [TIKTOK] unknown
[2025-09-18 06:53:04] [GA4] purchase
[2025-09-18 06:58:41] [FACEBOOK] unknown
[2025-09-18 06:58:42] [TIKTOK] unknown
[2025-09-18 06:58:42] [GA4] purchase
[2025-09-18 07:48:49] [FACEBOOK] unknown
[2025-09-18 07:48:49] [TIKTOK] unknown
[2025-09-18 07:48:49] [GA4] purchase
[2025-09-18 07:48:51] [FACEBOOK] unknown
[2025-09-18 07:48:51] [TIKTOK] unknown
[2025-09-18 07:48:52] [GA4] purchase
[2025-09-18 07:49:47] [FACEBOOK] unknown
[2025-09-18 07:49:47] [TIKTOK] unknown
[2025-09-18 07:49:47] [GA4] purchase
[2025-09-18 08:41:50] [FACEBOOK] unknown
[2025-09-18 08:41:50] [TIKTOK] unknown
[2025-09-18 08:41:51] [GA4] purchase
[2025-09-18 11:44:55] [FACEBOOK] unknown
[2025-09-18 11:44:56] [TIKTOK] unknown
[2025-09-18 11:44:56] [GA4] purchase
[2025-09-18 14:42:23] [FACEBOOK] unknown
[2025-09-18 14:42:24] [TIKTOK] unknown
[2025-09-18 14:42:24] [GA4] purchase
[2025-09-18 15:48:43] [FACEBOOK] unknown
[2025-09-18 15:48:43] [TIKTOK] unknown
[2025-09-18 15:48:43] [GA4] purchase
[2025-09-18 17:44:23] [FACEBOOK] unknown
[2025-09-18 17:44:23] [TIKTOK] unknown
[2025-09-18 17:44:23] [GA4] purchase
[2025-09-18 17:44:35] [FACEBOOK] unknown
[2025-09-18 17:44:35] [TIKTOK] unknown
[2025-09-18 17:44:36] [GA4] purchase
[2025-09-18 17:51:56] [FACEBOOK] unknown
[2025-09-18 17:51:57] [TIKTOK] unknown
[2025-09-18 17:51:57] [GA4] purchase
[2025-09-18 17:52:54] [FACEBOOK] unknown
[2025-09-18 17:52:54] [TIKTOK] unknown
[2025-09-18 17:52:54] [GA4] purchase
[2025-09-18 17:53:16] [FACEBOOK] unknown
[2025-09-18 17:53:16] [TIKTOK] unknown
[2025-09-18 17:53:16] [GA4] purchase
[2025-09-18 18:59:51] [FACEBOOK] unknown
[2025-09-18 18:59:52] [TIKTOK] unknown
[2025-09-18 18:59:52] [GA4] purchase
[2025-09-18 19:00:04] [FACEBOOK] unknown
[2025-09-18 19:00:05] [TIKTOK] unknown
[2025-09-18 19:00:06] [GA4] purchase
[2025-09-18 19:00:07] [FACEBOOK] unknown
[2025-09-18 19:00:08] [TIKTOK] unknown
[2025-09-18 19:00:08] [GA4] purchase
[2025-09-18 19:54:35] [FACEBOOK] unknown
[2025-09-18 19:54:35] [TIKTOK] unknown
[2025-09-18 19:54:36] [GA4] purchase
[2025-09-18 22:19:55] [FACEBOOK] unknown
[2025-09-18 22:19:56] [TIKTOK] unknown
[2025-09-18 22:19:57] [GA4] purchase
[2025-09-19 01:54:55] [FACEBOOK] unknown
[2025-09-19 01:54:55] [TIKTOK] unknown
[2025-09-19 01:54:56] [GA4] purchase
[2025-09-19 02:43:33] [FACEBOOK] unknown
[2025-09-19 02:43:34] [TIKTOK] unknown
[2025-09-19 02:43:34] [GA4] purchase
[2025-09-19 04:40:58] [FACEBOOK] unknown
[2025-09-19 04:41:00] [TIKTOK] unknown
[2025-09-19 04:41:00] [GA4] purchase
[2025-09-19 04:43:33] [FACEBOOK] unknown
[2025-09-19 04:43:34] [TIKTOK] unknown
[2025-09-19 04:43:34] [GA4] purchase
[2025-09-19 04:43:37] [FACEBOOK] unknown
[2025-09-19 04:43:37] [TIKTOK] unknown
[2025-09-19 04:43:37] [GA4] purchase
[2025-09-19 04:45:40] [FACEBOOK] unknown
[2025-09-19 04:45:41] [TIKTOK] unknown
[2025-09-19 04:45:41] [GA4] purchase
[2025-09-19 04:57:03] [FACEBOOK] unknown
[2025-09-19 04:57:03] [TIKTOK] unknown
[2025-09-19 04:57:04] [GA4] purchase
[2025-09-19 05:48:03] [FACEBOOK] unknown
[2025-09-19 05:48:04] [TIKTOK] unknown
[2025-09-19 05:48:05] [GA4] purchase
[2025-09-19 05:48:07] [FACEBOOK] unknown
[2025-09-19 05:48:07] [TIKTOK] unknown
[2025-09-19 05:48:08] [GA4] purchase
[2025-09-19 05:49:59] [FACEBOOK] unknown
[2025-09-19 05:49:59] [TIKTOK] unknown
[2025-09-19 05:49:59] [GA4] purchase
[2025-09-19 06:49:50] [FACEBOOK] unknown
[2025-09-19 06:49:51] [TIKTOK] unknown
[2025-09-19 06:49:51] [GA4] purchase
[2025-09-19 08:47:27] [FACEBOOK] unknown
[2025-09-19 08:47:27] [TIKTOK] unknown
[2025-09-19 08:47:28] [GA4] purchase
[2025-09-19 12:42:58] [FACEBOOK] unknown
[2025-09-19 12:42:59] [TIKTOK] unknown
[2025-09-19 12:43:00] [GA4] purchase
[2025-09-19 13:46:30] [FACEBOOK] unknown
[2025-09-19 13:46:30] [TIKTOK] unknown
[2025-09-19 13:46:30] [GA4] purchase
[2025-09-19 14:10:55] [FACEBOOK] unknown
[2025-09-19 14:10:55] [TIKTOK] unknown
[2025-09-19 14:10:55] [GA4] begin_checkout
[2025-09-19 15:55:31] [FACEBOOK] unknown
[2025-09-19 15:55:32] [TIKTOK] unknown
[2025-09-19 15:55:32] [GA4] purchase
[2025-09-19 15:55:35] [FACEBOOK] unknown
[2025-09-19 15:55:36] [TIKTOK] unknown
[2025-09-19 15:55:36] [GA4] purchase
[2025-09-19 15:55:48] [FACEBOOK] unknown
[2025-09-19 15:55:49] [TIKTOK] unknown
[2025-09-19 15:55:49] [GA4] purchase
[2025-09-19 16:00:45] [FACEBOOK] unknown
[2025-09-19 16:00:45] [TIKTOK] unknown
[2025-09-19 16:00:46] [GA4] purchase
[2025-09-19 16:00:53] [FACEBOOK] unknown
[2025-09-19 16:00:53] [TIKTOK] unknown
[2025-09-19 16:00:54] [GA4] purchase
[2025-09-19 16:53:37] [FACEBOOK] unknown
[2025-09-19 16:53:38] [TIKTOK] unknown
[2025-09-19 16:53:39] [GA4] purchase
[2025-09-19 16:53:42] [FACEBOOK] unknown
[2025-09-19 16:53:43] [TIKTOK] unknown
[2025-09-19 16:53:43] [GA4] purchase
[2025-09-19 17:17:25] [FACEBOOK] unknown
[2025-09-19 17:17:25] [TIKTOK] unknown
[2025-09-19 17:17:26] [GA4] purchase
[2025-09-19 17:44:45] [FACEBOOK] unknown
[2025-09-19 17:44:46] [TIKTOK] unknown
[2025-09-19 17:44:47] [GA4] purchase
[2025-09-19 19:43:06] [FACEBOOK] unknown
[2025-09-19 19:43:07] [TIKTOK] unknown
[2025-09-19 19:43:07] [GA4] purchase
[2025-09-19 23:43:51] [FACEBOOK] unknown
[2025-09-19 23:43:51] [TIKTOK] unknown
[2025-09-19 23:43:51] [GA4] purchase
[2025-09-20 00:39:55] [FACEBOOK] unknown
[2025-09-20 00:39:56] [TIKTOK] unknown
[2025-09-20 00:39:56] [GA4] purchase
[2025-09-20 02:42:26] [FACEBOOK] unknown
[2025-09-20 02:42:26] [TIKTOK] unknown
[2025-09-20 02:42:26] [GA4] purchase
[2025-09-20 02:42:41] [FACEBOOK] unknown
[2025-09-20 02:42:42] [TIKTOK] unknown
[2025-09-20 02:42:43] [GA4] purchase
[2025-09-20 02:45:48] [FACEBOOK] unknown
[2025-09-20 02:45:49] [TIKTOK] unknown
[2025-09-20 02:45:49] [GA4] purchase
[2025-09-20 02:45:54] [FACEBOOK] unknown
[2025-09-20 02:45:54] [TIKTOK] unknown
[2025-09-20 02:45:55] [GA4] purchase
[2025-09-20 02:46:43] [FACEBOOK] unknown
[2025-09-20 02:46:43] [TIKTOK] unknown
[2025-09-20 02:46:43] [GA4] purchase
[2025-09-20 03:55:50] [FACEBOOK] unknown
[2025-09-20 03:55:51] [TIKTOK] unknown
[2025-09-20 03:55:51] [GA4] purchase
[2025-09-20 03:57:48] [FACEBOOK] unknown
[2025-09-20 03:57:48] [TIKTOK] unknown
[2025-09-20 03:57:48] [GA4] purchase
[2025-09-20 03:57:49] [FACEBOOK] unknown
[2025-09-20 03:57:49] [TIKTOK] unknown
[2025-09-20 03:57:49] [GA4] purchase
[2025-09-20 05:01:34] [FACEBOOK] unknown
[2025-09-20 05:01:35] [TIKTOK] unknown
[2025-09-20 05:01:35] [GA4] purchase
[2025-09-20 06:56:39] [FACEBOOK] unknown
[2025-09-20 06:56:40] [TIKTOK] unknown
[2025-09-20 06:56:41] [GA4] purchase
[2025-09-20 10:40:50] [FACEBOOK] unknown
[2025-09-20 10:40:51] [TIKTOK] unknown
[2025-09-20 10:40:52] [GA4] purchase
[2025-09-20 11:52:38] [FACEBOOK] unknown
[2025-09-20 11:52:39] [TIKTOK] unknown
[2025-09-20 11:52:39] [GA4] purchase
[2025-09-20 13:01:27] [FACEBOOK] unknown
[2025-09-20 13:01:27] [TIKTOK] unknown
[2025-09-20 13:01:27] [GA4] purchase
[2025-09-20 13:01:41] [FACEBOOK] unknown
[2025-09-20 13:01:41] [TIKTOK] unknown
[2025-09-20 13:01:42] [GA4] purchase
[2025-09-20 13:07:10] [FACEBOOK] unknown
[2025-09-20 13:07:11] [TIKTOK] unknown
[2025-09-20 13:07:11] [GA4] purchase
[2025-09-20 13:07:14] [FACEBOOK] unknown
[2025-09-20 13:07:15] [TIKTOK] unknown
[2025-09-20 13:07:15] [GA4] purchase
[2025-09-20 13:07:32] [FACEBOOK] unknown
[2025-09-20 13:07:33] [TIKTOK] unknown
[2025-09-20 13:07:33] [GA4] purchase
[2025-09-20 14:48:44] [FACEBOOK] unknown
[2025-09-20 14:48:44] [TIKTOK] unknown
[2025-09-20 14:48:44] [GA4] begin_checkout
[2025-09-20 15:06:44] [FACEBOOK] unknown
[2025-09-20 15:06:45] [TIKTOK] unknown
[2025-09-20 15:06:45] [GA4] purchase
[2025-09-20 15:07:40] [FACEBOOK] unknown
[2025-09-20 15:07:41] [TIKTOK] unknown
[2025-09-20 15:07:41] [GA4] purchase
[2025-09-20 15:07:43] [FACEBOOK] unknown
[2025-09-20 15:07:43] [TIKTOK] unknown
[2025-09-20 15:07:43] [GA4] purchase
[2025-09-20 15:53:45] [FACEBOOK] unknown
[2025-09-20 15:53:45] [TIKTOK] unknown
[2025-09-20 15:53:45] [GA4] purchase
[2025-09-20 18:05:12] [FACEBOOK] unknown
[2025-09-20 18:05:13] [TIKTOK] unknown
[2025-09-20 18:05:14] [GA4] purchase
[2025-09-20 21:52:21] [FACEBOOK] unknown
[2025-09-20 21:52:22] [TIKTOK] unknown
[2025-09-20 21:52:23] [GA4] purchase
[2025-09-20 22:43:58] [FACEBOOK] unknown
[2025-09-20 22:43:58] [TIKTOK] unknown
[2025-09-20 22:43:58] [GA4] purchase
[2025-09-20 23:40:30] [FACEBOOK] unknown
[2025-09-20 23:40:30] [FACEBOOK] unknown
[2025-09-20 23:40:30] [TIKTOK] unknown
[2025-09-20 23:40:30] [TIKTOK] unknown
[2025-09-20 23:40:31] [GA4] purchase
[2025-09-20 23:40:31] [GA4] purchase
[2025-09-20 23:54:32] [FACEBOOK] unknown
[2025-09-20 23:54:33] [TIKTOK] unknown
[2025-09-20 23:54:33] [GA4] purchase
[2025-09-20 23:57:33] [FACEBOOK] unknown
[2025-09-20 23:57:34] [TIKTOK] unknown
[2025-09-20 23:57:34] [GA4] purchase
[2025-09-20 23:59:53] [FACEBOOK] unknown
[2025-09-20 23:59:54] [TIKTOK] unknown
[2025-09-20 23:59:54] [GA4] purchase
[2025-09-21 01:48:40] [FACEBOOK] unknown
[2025-09-21 01:48:41] [TIKTOK] unknown
[2025-09-21 01:48:41] [GA4] purchase
[2025-09-21 01:49:27] [FACEBOOK] unknown
[2025-09-21 01:49:27] [TIKTOK] unknown
[2025-09-21 01:49:27] [GA4] purchase
[2025-09-21 01:49:29] [FACEBOOK] unknown
[2025-09-21 01:49:29] [TIKTOK] unknown
[2025-09-21 01:49:29] [GA4] purchase
[2025-09-21 02:59:54] [FACEBOOK] unknown
[2025-09-21 02:59:54] [TIKTOK] unknown
[2025-09-21 02:59:54] [GA4] purchase
[2025-09-21 04:56:04] [FACEBOOK] unknown
[2025-09-21 04:56:05] [TIKTOK] unknown
[2025-09-21 04:56:05] [GA4] purchase
[2025-09-21 08:42:27] [FACEBOOK] unknown
[2025-09-21 08:42:28] [TIKTOK] unknown
[2025-09-21 08:42:28] [GA4] purchase
[2025-09-21 09:41:59] [FACEBOOK] unknown
[2025-09-21 09:42:00] [TIKTOK] unknown
[2025-09-21 09:42:00] [GA4] purchase
[2025-09-21 10:44:07] [FACEBOOK] unknown
[2025-09-21 10:44:07] [TIKTOK] unknown
[2025-09-21 10:44:07] [GA4] purchase
[2025-09-21 10:51:14] [FACEBOOK] unknown
[2025-09-21 10:51:15] [TIKTOK] unknown
[2025-09-21 10:51:15] [GA4] purchase
[2025-09-21 10:51:17] [FACEBOOK] unknown
[2025-09-21 10:51:17] [TIKTOK] unknown
[2025-09-21 10:51:18] [GA4] purchase
[2025-09-21 10:51:38] [FACEBOOK] unknown
[2025-09-21 10:51:38] [TIKTOK] unknown
[2025-09-21 10:51:39] [GA4] purchase
[2025-09-21 10:58:01] [FACEBOOK] unknown
[2025-09-21 10:58:01] [TIKTOK] unknown
[2025-09-21 10:58:01] [GA4] purchase
[2025-09-21 12:43:36] [FACEBOOK] unknown
[2025-09-21 12:43:36] [TIKTOK] unknown
[2025-09-21 12:43:39] [GA4] purchase
[2025-09-21 12:43:46] [FACEBOOK] unknown
[2025-09-21 12:43:47] [TIKTOK] unknown
[2025-09-21 12:43:47] [GA4] purchase
[2025-09-21 12:43:48] [FACEBOOK] unknown
[2025-09-21 12:43:48] [TIKTOK] unknown
[2025-09-21 12:43:49] [GA4] purchase
[2025-09-21 13:57:53] [FACEBOOK] unknown
[2025-09-21 13:57:53] [TIKTOK] unknown
[2025-09-21 13:57:54] [GA4] purchase
[2025-09-21 15:53:17] [FACEBOOK] unknown
[2025-09-21 15:53:17] [TIKTOK] unknown
[2025-09-21 15:53:18] [GA4] purchase
[2025-09-21 19:49:21] [FACEBOOK] unknown
[2025-09-21 19:49:21] [TIKTOK] unknown
[2025-09-21 19:49:22] [GA4] purchase
[2025-09-21 20:00:32] [FACEBOOK] unknown
[2025-09-21 20:00:32] [TIKTOK] unknown
[2025-09-21 20:00:33] [GA4] purchase
[2025-09-21 21:47:45] [FACEBOOK] unknown
[2025-09-21 21:47:45] [TIKTOK] unknown
[2025-09-21 21:47:46] [GA4] purchase
[2025-09-21 21:47:49] [FACEBOOK] unknown
[2025-09-21 21:47:49] [TIKTOK] unknown
[2025-09-21 21:47:49] [GA4] purchase
[2025-09-21 21:56:59] [FACEBOOK] unknown
[2025-09-21 21:56:59] [TIKTOK] unknown
[2025-09-21 21:57:00] [GA4] purchase
[2025-09-21 22:02:11] [FACEBOOK] unknown
[2025-09-21 22:02:11] [TIKTOK] unknown
[2025-09-21 22:02:11] [GA4] purchase
[2025-09-21 22:10:52] [FACEBOOK] unknown
[2025-09-21 22:10:52] [TIKTOK] unknown
[2025-09-21 22:10:53] [GA4] purchase
[2025-09-21 23:43:47] [FACEBOOK] unknown
[2025-09-21 23:43:48] [TIKTOK] unknown
[2025-09-21 23:43:48] [GA4] purchase
[2025-09-21 23:44:53] [FACEBOOK] unknown
[2025-09-21 23:44:53] [TIKTOK] unknown
[2025-09-21 23:44:53] [GA4] purchase
[2025-09-21 23:44:54] [FACEBOOK] unknown
[2025-09-21 23:44:55] [TIKTOK] unknown
[2025-09-21 23:44:55] [GA4] purchase
[2025-09-22 00:57:35] [FACEBOOK] unknown
[2025-09-22 00:57:36] [TIKTOK] unknown
[2025-09-22 00:57:36] [GA4] purchase
[2025-09-22 03:02:49] [FACEBOOK] unknown
[2025-09-22 03:02:50] [TIKTOK] unknown
[2025-09-22 03:02:50] [GA4] purchase
[2025-09-22 06:43:36] [FACEBOOK] unknown
[2025-09-22 06:43:37] [TIKTOK] unknown
[2025-09-22 06:43:38] [GA4] purchase
[2025-09-22 06:46:58] [FACEBOOK] unknown
[2025-09-22 06:46:59] [TIKTOK] unknown
[2025-09-22 06:47:02] [GA4] purchase
[2025-09-22 08:50:37] [FACEBOOK] unknown
[2025-09-22 08:50:38] [TIKTOK] unknown
[2025-09-22 08:50:38] [GA4] purchase
[2025-09-22 08:53:36] [FACEBOOK] unknown
[2025-09-22 08:53:37] [TIKTOK] unknown
[2025-09-22 08:53:37] [GA4] purchase
[2025-09-22 09:05:56] [FACEBOOK] unknown
[2025-09-22 09:05:56] [TIKTOK] unknown
[2025-09-22 09:05:57] [GA4] purchase
[2025-09-22 09:18:08] [FACEBOOK] unknown
[2025-09-22 09:18:09] [TIKTOK] unknown
[2025-09-22 09:18:09] [GA4] purchase
[2025-09-22 09:18:28] [FACEBOOK] unknown
[2025-09-22 09:18:28] [TIKTOK] unknown
[2025-09-22 09:18:29] [GA4] purchase
[2025-09-22 10:49:18] [FACEBOOK] unknown
[2025-09-22 10:49:19] [TIKTOK] unknown
[2025-09-22 10:49:19] [GA4] purchase
[2025-09-22 10:49:38] [FACEBOOK] unknown
[2025-09-22 10:49:38] [TIKTOK] unknown
[2025-09-22 10:49:38] [FACEBOOK] unknown
[2025-09-22 10:49:38] [GA4] purchase
[2025-09-22 10:49:38] [TIKTOK] unknown
[2025-09-22 10:49:39] [GA4] purchase
[2025-09-22 11:42:36] [FACEBOOK] unknown
[2025-09-22 11:42:37] [TIKTOK] unknown
[2025-09-22 11:42:38] [GA4] purchase
[2025-09-22 13:47:12] [FACEBOOK] unknown
[2025-09-22 13:47:13] [TIKTOK] unknown
[2025-09-22 13:47:13] [GA4] purchase
[2025-09-22 15:14:17] [FACEBOOK] unknown
[2025-09-22 15:14:17] [TIKTOK] unknown
[2025-09-22 15:14:17] [GA4] begin_checkout
[2025-09-22 17:44:27] [FACEBOOK] unknown
[2025-09-22 17:44:28] [TIKTOK] unknown
[2025-09-22 17:44:28] [GA4] purchase
[2025-09-22 17:53:21] [FACEBOOK] unknown
[2025-09-22 17:53:22] [TIKTOK] unknown
[2025-09-22 17:53:23] [GA4] purchase
[2025-09-22 19:45:23] [FACEBOOK] unknown
[2025-09-22 19:45:24] [TIKTOK] unknown
[2025-09-22 19:45:24] [GA4] purchase
[2025-09-22 19:45:45] [FACEBOOK] unknown
[2025-09-22 19:45:46] [TIKTOK] unknown
[2025-09-22 19:45:46] [GA4] purchase
[2025-09-22 19:52:34] [FACEBOOK] unknown
[2025-09-22 19:52:34] [TIKTOK] unknown
[2025-09-22 19:52:35] [GA4] purchase
[2025-09-22 19:52:42] [FACEBOOK] unknown
[2025-09-22 19:52:43] [TIKTOK] unknown
[2025-09-22 19:52:43] [GA4] purchase
[2025-09-22 19:53:10] [FACEBOOK] unknown
[2025-09-22 19:53:10] [TIKTOK] unknown
[2025-09-22 19:53:11] [GA4] purchase
[2025-09-22 21:43:38] [FACEBOOK] unknown
[2025-09-22 21:43:39] [TIKTOK] unknown
[2025-09-22 21:43:39] [GA4] purchase
[2025-09-22 21:43:52] [FACEBOOK] unknown
[2025-09-22 21:43:53] [TIKTOK] unknown
[2025-09-22 21:43:54] [GA4] purchase
[2025-09-22 21:43:54] [FACEBOOK] unknown
[2025-09-22 21:43:55] [TIKTOK] unknown
[2025-09-22 21:43:55] [GA4] purchase
[2025-09-22 22:50:22] [FACEBOOK] unknown
[2025-09-22 22:50:22] [TIKTOK] unknown
[2025-09-22 22:50:23] [GA4] purchase
[2025-09-22 23:55:49] [FACEBOOK] unknown
[2025-09-22 23:55:49] [TIKTOK] unknown
[2025-09-22 23:55:50] [GA4] purchase
[2025-09-23 04:44:59] [FACEBOOK] unknown
[2025-09-23 04:45:00] [TIKTOK] unknown
[2025-09-23 04:45:00] [GA4] purchase
[2025-09-23 04:50:20] [FACEBOOK] unknown
[2025-09-23 04:50:21] [TIKTOK] unknown
[2025-09-23 04:50:22] [GA4] purchase
[2025-09-23 06:46:06] [FACEBOOK] unknown
[2025-09-23 06:46:07] [TIKTOK] unknown
[2025-09-23 06:46:07] [GA4] purchase
[2025-09-23 06:46:26] [FACEBOOK] unknown
[2025-09-23 06:46:26] [TIKTOK] unknown
[2025-09-23 06:46:27] [GA4] purchase
[2025-09-23 06:52:14] [FACEBOOK] unknown
[2025-09-23 06:52:15] [TIKTOK] unknown
[2025-09-23 06:52:15] [GA4] purchase
[2025-09-23 06:52:32] [FACEBOOK] unknown
[2025-09-23 06:52:32] [TIKTOK] unknown
[2025-09-23 06:52:33] [GA4] purchase
[2025-09-23 06:52:59] [FACEBOOK] unknown
[2025-09-23 06:53:00] [TIKTOK] unknown
[2025-09-23 06:53:00] [GA4] purchase
[2025-09-23 08:44:38] [FACEBOOK] unknown
[2025-09-23 08:44:40] [TIKTOK] unknown
[2025-09-23 08:44:40] [GA4] purchase
[2025-09-23 08:44:57] [FACEBOOK] unknown
[2025-09-23 08:44:58] [TIKTOK] unknown
[2025-09-23 08:44:58] [GA4] purchase
[2025-09-23 08:45:02] [FACEBOOK] unknown
[2025-09-23 08:45:02] [TIKTOK] unknown
[2025-09-23 08:45:03] [GA4] purchase
[2025-09-23 09:53:42] [FACEBOOK] unknown
[2025-09-23 09:53:43] [TIKTOK] unknown
[2025-09-23 09:53:43] [GA4] purchase
[2025-09-23 10:43:47] [FACEBOOK] unknown
[2025-09-23 10:43:47] [TIKTOK] unknown
[2025-09-23 10:43:48] [GA4] purchase
[2025-09-23 15:40:55] [FACEBOOK] unknown
[2025-09-23 15:40:56] [TIKTOK] unknown
[2025-09-23 15:40:56] [GA4] purchase
[2025-09-23 15:46:18] [FACEBOOK] unknown
[2025-09-23 15:46:19] [TIKTOK] unknown
[2025-09-23 15:46:19] [GA4] purchase
[2025-09-23 17:48:38] [FACEBOOK] unknown
[2025-09-23 17:48:39] [TIKTOK] unknown
[2025-09-23 17:48:39] [GA4] purchase
[2025-09-23 17:48:43] [FACEBOOK] unknown
[2025-09-23 17:48:43] [TIKTOK] unknown
[2025-09-23 17:48:43] [GA4] purchase
[2025-09-23 17:49:09] [FACEBOOK] unknown
[2025-09-23 17:49:10] [TIKTOK] unknown
[2025-09-23 17:49:10] [GA4] purchase
[2025-09-23 17:53:32] [FACEBOOK] unknown
[2025-09-23 17:53:33] [TIKTOK] unknown
[2025-09-23 17:53:33] [GA4] purchase
[2025-09-23 17:53:42] [FACEBOOK] unknown
[2025-09-23 17:53:43] [TIKTOK] unknown
[2025-09-23 17:53:43] [GA4] purchase
[2025-09-23 19:53:51] [FACEBOOK] unknown
[2025-09-23 19:53:52] [TIKTOK] unknown
[2025-09-23 19:53:52] [GA4] purchase
[2025-09-23 19:53:58] [FACEBOOK] unknown
[2025-09-23 19:53:59] [TIKTOK] unknown
[2025-09-23 19:53:59] [GA4] purchase
[2025-09-23 20:40:21] [FACEBOOK] unknown
[2025-09-23 20:40:22] [TIKTOK] unknown
[2025-09-23 20:40:22] [GA4] purchase
[2025-09-23 21:54:42] [FACEBOOK] unknown
[2025-09-23 21:54:43] [TIKTOK] unknown
[2025-09-23 21:54:43] [GA4] purchase
[2025-09-23 23:30:50] [FACEBOOK] unknown
[2025-09-23 23:30:51] [TIKTOK] unknown
[2025-09-23 23:30:51] [GA4] purchase
[2025-09-24 01:50:32] [FACEBOOK] unknown
[2025-09-24 01:50:32] [TIKTOK] unknown
[2025-09-24 01:50:32] [GA4] purchase
[2025-09-24 01:58:36] [FACEBOOK] unknown
[2025-09-24 01:58:37] [TIKTOK] unknown
[2025-09-24 01:58:37] [GA4] purchase
[2025-09-24 04:45:45] [FACEBOOK] unknown
[2025-09-24 04:45:46] [TIKTOK] unknown
[2025-09-24 04:45:46] [GA4] purchase
[2025-09-24 04:45:50] [FACEBOOK] unknown
[2025-09-24 04:45:51] [TIKTOK] unknown
[2025-09-24 04:45:51] [GA4] purchase
[2025-09-24 04:51:27] [FACEBOOK] unknown
[2025-09-24 04:51:28] [TIKTOK] unknown
[2025-09-24 04:51:28] [GA4] purchase
[2025-09-24 04:51:44] [FACEBOOK] unknown
[2025-09-24 04:51:44] [TIKTOK] unknown
[2025-09-24 04:51:44] [GA4] purchase
[2025-09-24 05:05:48] [FACEBOOK] unknown
[2025-09-24 05:05:48] [TIKTOK] unknown
[2025-09-24 05:05:48] [GA4] purchase
[2025-09-24 06:45:27] [FACEBOOK] unknown
[2025-09-24 06:45:28] [TIKTOK] unknown
[2025-09-24 06:45:28] [GA4] purchase
[2025-09-24 06:45:35] [FACEBOOK] unknown
[2025-09-24 06:45:35] [TIKTOK] unknown
[2025-09-24 06:45:36] [GA4] purchase
[2025-09-24 07:04:45] [FACEBOOK] unknown
[2025-09-24 07:04:45] [TIKTOK] unknown
[2025-09-24 07:04:46] [GA4] purchase
[2025-09-24 07:42:13] [FACEBOOK] unknown
[2025-09-24 07:42:14] [TIKTOK] unknown
[2025-09-24 07:42:14] [GA4] purchase
[2025-09-24 08:42:39] [FACEBOOK] unknown
[2025-09-24 08:42:39] [TIKTOK] unknown
[2025-09-24 08:42:39] [GA4] purchase
[2025-09-24 10:13:45] [FACEBOOK] unknown
[2025-09-24 10:13:46] [TIKTOK] unknown
[2025-09-24 10:13:46] [GA4] purchase
[2025-09-24 12:41:14] [FACEBOOK] unknown
[2025-09-24 12:41:15] [TIKTOK] unknown
[2025-09-24 12:41:15] [GA4] purchase
[2025-09-24 12:50:57] [FACEBOOK] unknown
[2025-09-24 12:50:58] [TIKTOK] unknown
[2025-09-24 12:50:58] [GA4] purchase
[2025-09-24 15:40:12] [FACEBOOK] unknown
[2025-09-24 15:40:13] [TIKTOK] unknown
[2025-09-24 15:40:13] [GA4] purchase
[2025-09-24 15:43:49] [FACEBOOK] unknown
[2025-09-24 15:43:50] [TIKTOK] unknown
[2025-09-24 15:43:50] [GA4] purchase
[2025-09-24 15:44:03] [FACEBOOK] unknown
[2025-09-24 15:44:04] [TIKTOK] unknown
[2025-09-24 15:44:04] [GA4] purchase
[2025-09-24 15:56:37] [FACEBOOK] unknown
[2025-09-24 15:56:37] [TIKTOK] unknown
[2025-09-24 15:56:38] [GA4] purchase
[2025-09-24 15:57:01] [FACEBOOK] unknown
[2025-09-24 15:57:01] [TIKTOK] unknown
[2025-09-24 15:57:01] [GA4] purchase
[2025-09-24 17:48:38] [FACEBOOK] unknown
[2025-09-24 17:48:39] [TIKTOK] unknown
[2025-09-24 17:48:39] [GA4] purchase
[2025-09-24 17:53:15] [FACEBOOK] unknown
[2025-09-24 17:53:15] [TIKTOK] unknown
[2025-09-24 17:53:16] [GA4] purchase
[2025-09-24 17:53:17] [FACEBOOK] unknown
[2025-09-24 17:53:17] [TIKTOK] unknown
[2025-09-24 17:53:17] [GA4] purchase
[2025-09-24 18:40:48] [FACEBOOK] unknown
[2025-09-24 18:40:49] [TIKTOK] unknown
[2025-09-24 18:40:50] [GA4] purchase
[2025-09-24 19:47:49] [FACEBOOK] unknown
[2025-09-24 19:47:49] [TIKTOK] unknown
[2025-09-24 19:47:50] [GA4] purchase
[2025-09-24 20:46:24] [FACEBOOK] unknown
[2025-09-24 20:46:24] [TIKTOK] unknown
[2025-09-24 20:46:24] [GA4] purchase
[2025-09-24 23:42:44] [FACEBOOK] unknown
[2025-09-24 23:42:44] [TIKTOK] unknown
[2025-09-24 23:42:44] [GA4] purchase
[2025-09-24 23:55:00] [FACEBOOK] unknown
[2025-09-24 23:55:01] [TIKTOK] unknown
[2025-09-24 23:55:01] [GA4] purchase
[2025-09-25 01:48:00] [FACEBOOK] unknown
[2025-09-25 01:48:00] [TIKTOK] unknown
[2025-09-25 01:48:00] [GA4] purchase
[2025-09-25 01:49:00] [FACEBOOK] unknown
[2025-09-25 01:49:00] [TIKTOK] unknown
[2025-09-25 01:49:00] [GA4] purchase
[2025-09-25 01:52:14] [FACEBOOK] unknown
[2025-09-25 01:52:14] [TIKTOK] unknown
[2025-09-25 01:52:14] [GA4] purchase
[2025-09-25 02:16:08] [FACEBOOK] unknown
[2025-09-25 02:16:09] [TIKTOK] unknown
[2025-09-25 02:16:09] [GA4] begin_checkout
[2025-09-25 02:52:21] [FACEBOOK] unknown
[2025-09-25 02:52:21] [TIKTOK] unknown
[2025-09-25 02:52:22] [GA4] purchase
[2025-09-25 02:52:42] [FACEBOOK] unknown
[2025-09-25 02:52:43] [TIKTOK] unknown
[2025-09-25 02:52:43] [GA4] purchase
[2025-09-25 05:04:03] [FACEBOOK] unknown
[2025-09-25 05:04:04] [TIKTOK] unknown
[2025-09-25 05:04:04] [GA4] purchase
[2025-09-25 05:04:18] [FACEBOOK] unknown
[2025-09-25 05:04:18] [TIKTOK] unknown
[2025-09-25 05:04:18] [GA4] purchase
[2025-09-25 05:08:41] [FACEBOOK] unknown
[2025-09-25 05:08:41] [TIKTOK] unknown
[2025-09-25 05:08:41] [GA4] purchase
[2025-09-25 05:08:43] [FACEBOOK] unknown
[2025-09-25 05:08:43] [TIKTOK] unknown
[2025-09-25 05:08:43] [GA4] purchase
[2025-09-25 06:48:45] [FACEBOOK] unknown
[2025-09-25 06:48:45] [TIKTOK] unknown
[2025-09-25 06:48:46] [GA4] purchase
[2025-09-25 07:49:28] [FACEBOOK] unknown
[2025-09-25 07:49:29] [TIKTOK] unknown
[2025-09-25 07:49:29] [GA4] purchase
[2025-09-25 10:39:37] [FACEBOOK] unknown
[2025-09-25 10:39:37] [TIKTOK] unknown
[2025-09-25 10:39:37] [GA4] purchase
[2025-09-25 10:43:17] [FACEBOOK] unknown
[2025-09-25 10:43:18] [TIKTOK] unknown
[2025-09-25 10:43:18] [GA4] purchase
[2025-09-25 12:44:40] [FACEBOOK] unknown
[2025-09-25 12:44:40] [TIKTOK] unknown
[2025-09-25 12:44:41] [GA4] purchase
[2025-09-25 12:44:58] [FACEBOOK] unknown
[2025-09-25 12:44:59] [TIKTOK] unknown
[2025-09-25 12:44:59] [GA4] purchase
[2025-09-25 12:49:34] [FACEBOOK] unknown
[2025-09-25 12:49:35] [TIKTOK] unknown
[2025-09-25 12:49:35] [GA4] purchase
[2025-09-25 13:39:27] [FACEBOOK] unknown
[2025-09-25 13:39:27] [TIKTOK] unknown
[2025-09-25 13:39:27] [GA4] purchase
[2025-09-25 13:45:44] [FACEBOOK] unknown
[2025-09-25 13:45:44] [TIKTOK] unknown
[2025-09-25 13:45:44] [GA4] purchase
[2025-09-25 15:45:23] [FACEBOOK] unknown
[2025-09-25 15:45:23] [TIKTOK] unknown
[2025-09-25 15:45:23] [GA4] purchase
[2025-09-25 15:47:38] [FACEBOOK] unknown
[2025-09-25 15:47:39] [TIKTOK] unknown
[2025-09-25 15:47:39] [GA4] purchase
[2025-09-25 15:47:42] [FACEBOOK] unknown
[2025-09-25 15:47:42] [TIKTOK] unknown
[2025-09-25 15:47:42] [GA4] purchase
[2025-09-25 15:47:44] [FACEBOOK] unknown
[2025-09-25 15:47:44] [TIKTOK] unknown
[2025-09-25 15:47:44] [GA4] purchase
[2025-09-25 16:00:31] [FACEBOOK] unknown
[2025-09-25 16:00:31] [TIKTOK] unknown
[2025-09-25 16:00:31] [GA4] begin_checkout
[2025-09-25 17:51:12] [FACEBOOK] unknown
[2025-09-25 17:51:13] [TIKTOK] unknown
[2025-09-25 17:51:13] [GA4] purchase
[2025-09-25 18:50:30] [FACEBOOK] unknown
[2025-09-25 18:50:30] [TIKTOK] unknown
[2025-09-25 18:50:31] [GA4] purchase
[2025-09-25 19:46:23] [FACEBOOK] unknown
[2025-09-25 19:46:23] [TIKTOK] unknown
[2025-09-25 19:46:23] [GA4] begin_checkout
[2025-09-25 21:39:38] [FACEBOOK] unknown
[2025-09-25 21:39:38] [TIKTOK] unknown
[2025-09-25 21:39:38] [GA4] purchase
[2025-09-25 21:43:51] [FACEBOOK] unknown
[2025-09-25 21:43:51] [TIKTOK] unknown
[2025-09-25 21:43:52] [GA4] purchase
[2025-09-25 23:43:18] [FACEBOOK] unknown
[2025-09-25 23:43:18] [TIKTOK] unknown
[2025-09-25 23:43:18] [GA4] purchase
[2025-09-25 23:53:30] [FACEBOOK] unknown
[2025-09-25 23:53:30] [TIKTOK] unknown
[2025-09-25 23:53:31] [GA4] purchase
[2025-09-25 23:53:34] [FACEBOOK] unknown
[2025-09-25 23:53:34] [TIKTOK] unknown
[2025-09-25 23:53:34] [GA4] purchase
[2025-09-26 00:39:50] [FACEBOOK] unknown
[2025-09-26 00:39:50] [TIKTOK] unknown
[2025-09-26 00:39:50] [GA4] purchase
[2025-09-26 00:43:53] [FACEBOOK] unknown
[2025-09-26 00:43:53] [TIKTOK] unknown
[2025-09-26 00:43:54] [GA4] purchase
[2025-09-26 02:43:07] [FACEBOOK] unknown
[2025-09-26 02:43:07] [TIKTOK] unknown
[2025-09-26 02:43:08] [GA4] purchase
[2025-09-26 02:47:16] [FACEBOOK] unknown
[2025-09-26 02:47:16] [TIKTOK] unknown
[2025-09-26 02:47:16] [GA4] purchase
[2025-09-26 02:47:18] [FACEBOOK] unknown
[2025-09-26 02:47:18] [TIKTOK] unknown
[2025-09-26 02:47:19] [GA4] purchase
[2025-09-26 02:48:25] [FACEBOOK] unknown
[2025-09-26 02:48:25] [TIKTOK] unknown
[2025-09-26 02:48:25] [GA4] purchase
[2025-09-26 05:07:00] [FACEBOOK] unknown
[2025-09-26 05:07:01] [TIKTOK] unknown
[2025-09-26 05:07:01] [GA4] purchase
[2025-09-26 05:55:00] [FACEBOOK] unknown
[2025-09-26 05:55:00] [TIKTOK] unknown
[2025-09-26 05:55:01] [GA4] purchase
[2025-09-26 07:41:27] [FACEBOOK] unknown
[2025-09-26 07:41:28] [TIKTOK] unknown
[2025-09-26 07:41:28] [GA4] purchase
[2025-09-26 08:45:33] [FACEBOOK] unknown
[2025-09-26 08:45:33] [TIKTOK] unknown
[2025-09-26 08:45:34] [GA4] purchase
[2025-09-26 10:40:07] [FACEBOOK] unknown
[2025-09-26 10:40:08] [TIKTOK] unknown
[2025-09-26 10:40:08] [GA4] purchase
[2025-09-26 10:52:18] [FACEBOOK] unknown
[2025-09-26 10:52:18] [TIKTOK] unknown
[2025-09-26 10:52:19] [GA4] purchase
[2025-09-26 10:52:25] [FACEBOOK] unknown
[2025-09-26 10:52:26] [TIKTOK] unknown
[2025-09-26 10:52:26] [GA4] purchase
[2025-09-26 11:46:54] [FACEBOOK] unknown
[2025-09-26 11:46:54] [TIKTOK] unknown
[2025-09-26 11:46:54] [GA4] purchase
[2025-09-26 13:41:38] [FACEBOOK] unknown
[2025-09-26 13:41:38] [TIKTOK] unknown
[2025-09-26 13:41:38] [GA4] purchase
[2025-09-26 13:42:16] [FACEBOOK] unknown
[2025-09-26 13:42:16] [TIKTOK] unknown
[2025-09-26 13:42:16] [GA4] purchase
[2025-09-26 13:44:21] [FACEBOOK] unknown
[2025-09-26 13:44:22] [TIKTOK] unknown
[2025-09-26 13:44:22] [GA4] purchase
[2025-09-26 13:44:24] [FACEBOOK] unknown
[2025-09-26 13:44:24] [TIKTOK] unknown
[2025-09-26 13:44:24] [GA4] purchase
[2025-09-26 15:43:30] [FACEBOOK] unknown
[2025-09-26 15:43:30] [TIKTOK] unknown
[2025-09-26 15:43:31] [GA4] purchase
[2025-09-26 16:49:57] [FACEBOOK] unknown
[2025-09-26 16:49:57] [TIKTOK] unknown
[2025-09-26 16:49:57] [GA4] purchase
[2025-09-26 18:40:09] [FACEBOOK] unknown
[2025-09-26 18:40:10] [TIKTOK] unknown
[2025-09-26 18:40:10] [GA4] purchase
[2025-09-26 19:42:00] [FACEBOOK] unknown
[2025-09-26 19:42:01] [TIKTOK] unknown
[2025-09-26 19:42:01] [GA4] purchase
[2025-09-26 21:05:02] [FACEBOOK] unknown
[2025-09-26 21:05:02] [TIKTOK] unknown
[2025-09-26 21:05:03] [GA4] purchase
[2025-09-26 21:46:28] [FACEBOOK] unknown
[2025-09-26 21:46:29] [TIKTOK] unknown
[2025-09-26 21:46:29] [GA4] purchase
[2025-09-26 21:46:34] [FACEBOOK] unknown
[2025-09-26 21:46:34] [TIKTOK] unknown
[2025-09-26 21:46:34] [GA4] purchase
[2025-09-26 22:44:56] [FACEBOOK] unknown
[2025-09-26 22:44:56] [TIKTOK] unknown
[2025-09-26 22:44:57] [GA4] purchase
[2025-09-27 00:44:35] [FACEBOOK] unknown
[2025-09-27 00:44:36] [TIKTOK] unknown
[2025-09-27 00:44:36] [GA4] purchase
[2025-09-27 00:47:01] [FACEBOOK] unknown
[2025-09-27 00:47:02] [TIKTOK] unknown
[2025-09-27 00:47:02] [GA4] purchase
[2025-09-27 00:48:14] [FACEBOOK] unknown
[2025-09-27 00:48:15] [TIKTOK] unknown
[2025-09-27 00:48:15] [GA4] purchase
[2025-09-27 00:48:19] [FACEBOOK] unknown
[2025-09-27 00:48:20] [TIKTOK] unknown
[2025-09-27 00:48:20] [GA4] purchase
[2025-09-27 03:16:29] [FACEBOOK] unknown
[2025-09-27 03:16:29] [TIKTOK] unknown
[2025-09-27 03:16:29] [GA4] purchase
[2025-09-27 03:47:27] [FACEBOOK] unknown
[2025-09-27 03:47:28] [TIKTOK] unknown
[2025-09-27 03:47:28] [GA4] purchase
[2025-09-27 04:45:23] [FACEBOOK] unknown
[2025-09-27 04:45:23] [TIKTOK] unknown
[2025-09-27 04:45:23] [GA4] purchase
[2025-09-27 06:55:13] [FACEBOOK] unknown
[2025-09-27 06:55:13] [TIKTOK] unknown
[2025-09-27 06:55:13] [GA4] purchase
[2025-09-27 06:56:41] [FACEBOOK] unknown
[2025-09-27 06:56:42] [TIKTOK] unknown
[2025-09-27 06:56:42] [GA4] purchase
[2025-09-27 07:41:12] [FACEBOOK] unknown
[2025-09-27 07:41:12] [TIKTOK] unknown
[2025-09-27 07:41:13] [GA4] purchase
[2025-09-27 08:39:50] [FACEBOOK] unknown
[2025-09-27 08:39:50] [TIKTOK] unknown
[2025-09-27 08:39:50] [GA4] purchase
[2025-09-27 08:43:49] [FACEBOOK] unknown
[2025-09-27 08:43:50] [TIKTOK] unknown
[2025-09-27 08:43:50] [GA4] purchase
[2025-09-27 09:40:18] [FACEBOOK] unknown
[2025-09-27 09:40:18] [TIKTOK] unknown
[2025-09-27 09:40:19] [GA4] purchase
[2025-09-27 11:04:58] [FACEBOOK] unknown
[2025-09-27 11:04:58] [TIKTOK] unknown
[2025-09-27 11:04:59] [GA4] purchase
[2025-09-27 11:09:15] [FACEBOOK] unknown
[2025-09-27 11:09:15] [TIKTOK] unknown
[2025-09-27 11:09:15] [GA4] begin_checkout
[2025-09-27 11:48:20] [FACEBOOK] unknown
[2025-09-27 11:48:20] [TIKTOK] unknown
[2025-09-27 11:48:21] [GA4] purchase
[2025-09-27 11:51:31] [FACEBOOK] unknown
[2025-09-27 11:51:32] [TIKTOK] unknown
[2025-09-27 11:51:32] [GA4] purchase
[2025-09-27 11:51:34] [FACEBOOK] unknown
[2025-09-27 11:51:34] [TIKTOK] unknown
[2025-09-27 11:51:34] [GA4] purchase
[2025-09-27 13:47:49] [FACEBOOK] unknown
[2025-09-27 13:47:49] [TIKTOK] unknown
[2025-09-27 13:47:50] [GA4] purchase
[2025-09-27 14:45:42] [FACEBOOK] unknown
[2025-09-27 14:45:43] [TIKTOK] unknown
[2025-09-27 14:45:43] [GA4] purchase
[2025-09-27 15:41:33] [FACEBOOK] unknown
[2025-09-27 15:41:34] [TIKTOK] unknown
[2025-09-27 15:41:34] [GA4] purchase
[2025-09-27 17:44:01] [FACEBOOK] unknown
[2025-09-27 17:44:01] [TIKTOK] unknown
[2025-09-27 17:44:02] [GA4] purchase
[2025-09-27 17:48:44] [FACEBOOK] unknown
[2025-09-27 17:48:44] [TIKTOK] unknown
[2025-09-27 17:48:45] [GA4] purchase
[2025-09-27 17:50:09] [FACEBOOK] unknown
[2025-09-27 17:50:10] [TIKTOK] unknown
[2025-09-27 17:50:10] [GA4] purchase
[2025-09-27 18:59:32] [FACEBOOK] unknown
[2025-09-27 18:59:32] [TIKTOK] unknown
[2025-09-27 18:59:32] [GA4] purchase
[2025-09-27 19:39:29] [FACEBOOK] unknown
[2025-09-27 19:39:29] [TIKTOK] unknown
[2025-09-27 19:39:29] [GA4] purchase
[2025-09-27 20:32:14] [FACEBOOK] unknown
[2025-09-27 20:32:14] [TIKTOK] unknown
[2025-09-27 20:32:14] [GA4] begin_checkout
[2025-09-27 20:44:22] [FACEBOOK] unknown
[2025-09-27 20:44:22] [TIKTOK] unknown
[2025-09-27 20:44:23] [GA4] purchase
[2025-09-27 21:47:48] [FACEBOOK] unknown
[2025-09-27 21:47:48] [TIKTOK] unknown
[2025-09-27 21:47:48] [GA4] purchase
[2025-09-27 22:44:23] [FACEBOOK] unknown
[2025-09-27 22:44:24] [TIKTOK] unknown
[2025-09-27 22:44:24] [GA4] purchase
[2025-09-27 22:49:27] [FACEBOOK] unknown
[2025-09-27 22:49:27] [TIKTOK] unknown
[2025-09-27 22:49:27] [GA4] purchase
[2025-09-27 22:49:29] [FACEBOOK] unknown
[2025-09-27 22:49:29] [TIKTOK] unknown
[2025-09-27 22:49:29] [GA4] purchase
[2025-09-28 00:45:40] [FACEBOOK] unknown
[2025-09-28 00:45:40] [TIKTOK] unknown
[2025-09-28 00:45:41] [GA4] purchase
[2025-09-28 01:51:05] [FACEBOOK] unknown
[2025-09-28 01:51:05] [TIKTOK] unknown
[2025-09-28 01:51:05] [GA4] purchase
[2025-09-28 02:39:47] [FACEBOOK] unknown
[2025-09-28 02:39:47] [TIKTOK] unknown
[2025-09-28 02:39:47] [GA4] purchase
[2025-09-28 04:46:50] [FACEBOOK] unknown
[2025-09-28 04:46:50] [TIKTOK] unknown
[2025-09-28 04:46:51] [GA4] purchase
[2025-09-28 04:50:03] [FACEBOOK] unknown
[2025-09-28 04:50:04] [TIKTOK] unknown
[2025-09-28 04:50:04] [GA4] purchase
[2025-09-28 04:53:57] [FACEBOOK] unknown
[2025-09-28 04:53:58] [TIKTOK] unknown
[2025-09-28 04:53:58] [GA4] purchase
[2025-09-28 05:53:57] [FACEBOOK] unknown
[2025-09-28 05:53:57] [TIKTOK] unknown
[2025-09-28 05:53:57] [GA4] purchase
[2025-09-28 05:55:20] [FACEBOOK] unknown
[2025-09-28 05:55:20] [TIKTOK] unknown
[2025-09-28 05:55:20] [GA4] purchase
[2025-09-28 08:09:01] [FACEBOOK] unknown
[2025-09-28 08:09:01] [TIKTOK] unknown
[2025-09-28 08:09:01] [GA4] purchase
[2025-09-28 08:21:38] [FACEBOOK] unknown
[2025-09-28 08:21:38] [TIKTOK] unknown
[2025-09-28 08:21:38] [GA4] purchase
[2025-09-28 08:46:45] [FACEBOOK] unknown
[2025-09-28 08:46:46] [TIKTOK] unknown
[2025-09-28 08:46:46] [GA4] purchase
[2025-09-28 09:44:22] [FACEBOOK] unknown
[2025-09-28 09:44:22] [TIKTOK] unknown
[2025-09-28 09:44:22] [GA4] purchase
[2025-09-28 09:44:24] [FACEBOOK] unknown
[2025-09-28 09:44:24] [TIKTOK] unknown
[2025-09-28 09:44:24] [GA4] purchase
[2025-09-28 11:51:28] [FACEBOOK] unknown
[2025-09-28 11:51:29] [TIKTOK] unknown
[2025-09-28 11:51:29] [GA4] purchase
[2025-09-28 12:42:52] [FACEBOOK] unknown
[2025-09-28 12:42:53] [TIKTOK] unknown
[2025-09-28 12:42:53] [GA4] purchase
[2025-09-28 13:02:15] [FACEBOOK] unknown
[2025-09-28 13:02:16] [TIKTOK] unknown
[2025-09-28 13:02:16] [GA4] purchase
[2025-09-28 15:41:40] [FACEBOOK] unknown
[2025-09-28 15:41:40] [TIKTOK] unknown
[2025-09-28 15:41:40] [GA4] purchase
[2025-09-28 15:42:26] [FACEBOOK] unknown
[2025-09-28 15:42:26] [TIKTOK] unknown
[2025-09-28 15:42:27] [GA4] purchase
[2025-09-28 15:46:09] [FACEBOOK] unknown
[2025-09-28 15:46:10] [TIKTOK] unknown
[2025-09-28 15:46:11] [GA4] purchase
[2025-09-28 16:46:56] [FACEBOOK] unknown
[2025-09-28 16:46:56] [TIKTOK] unknown
[2025-09-28 16:46:56] [GA4] purchase
[2025-09-28 16:47:01] [FACEBOOK] unknown
[2025-09-28 16:47:01] [TIKTOK] unknown
[2025-09-28 16:47:01] [GA4] purchase
[2025-09-28 17:45:38] [FACEBOOK] unknown
[2025-09-28 17:45:38] [TIKTOK] unknown
[2025-09-28 17:45:38] [GA4] purchase
[2025-09-28 18:08:22] [FACEBOOK] unknown
[2025-09-28 18:08:22] [TIKTOK] unknown
[2025-09-28 18:08:23] [GA4] purchase
[2025-09-28 18:28:25] [FACEBOOK] unknown
[2025-09-28 18:28:26] [TIKTOK] unknown
[2025-09-28 18:28:26] [GA4] purchase
[2025-09-28 18:30:37] [FACEBOOK] unknown
[2025-09-28 18:30:37] [TIKTOK] unknown
[2025-09-28 18:30:37] [GA4] purchase
[2025-09-28 18:31:32] [FACEBOOK] unknown
[2025-09-28 18:31:32] [TIKTOK] unknown
[2025-09-28 18:31:33] [GA4] purchase
[2025-09-28 19:07:40] [FACEBOOK] unknown
[2025-09-28 19:07:40] [TIKTOK] unknown
[2025-09-28 19:07:40] [GA4] purchase
[2025-09-28 19:19:05] [FACEBOOK] unknown
[2025-09-28 19:19:05] [TIKTOK] unknown
[2025-09-28 19:19:06] [GA4] purchase
[2025-09-28 19:37:45] [FACEBOOK] unknown
[2025-09-28 19:37:46] [TIKTOK] unknown
[2025-09-28 19:37:46] [GA4] purchase
[2025-09-28 19:39:23] [FACEBOOK] unknown
[2025-09-28 19:39:23] [TIKTOK] unknown
[2025-09-28 19:39:23] [GA4] purchase
[2025-09-28 19:50:18] [FACEBOOK] unknown
[2025-09-28 19:50:18] [TIKTOK] unknown
[2025-09-28 19:50:19] [GA4] purchase
[2025-09-28 19:52:15] [FACEBOOK] unknown
[2025-09-28 19:52:15] [TIKTOK] unknown
[2025-09-28 19:52:15] [GA4] purchase
[2025-09-28 19:52:22] [FACEBOOK] unknown
[2025-09-28 19:52:22] [TIKTOK] unknown
[2025-09-28 19:52:22] [GA4] purchase
[2025-09-28 20:08:11] [FACEBOOK] unknown
[2025-09-28 20:08:11] [TIKTOK] unknown
[2025-09-28 20:08:12] [GA4] purchase
[2025-09-28 22:41:11] [FACEBOOK] unknown
[2025-09-28 22:41:11] [TIKTOK] unknown
[2025-09-28 22:41:11] [GA4] begin_checkout
[2025-09-29 04:56:27] [FACEBOOK] unknown
[2025-09-29 04:56:27] [TIKTOK] unknown
[2025-09-29 04:56:27] [GA4] purchase
[2025-09-29 04:58:18] [FACEBOOK] unknown
[2025-09-29 04:58:18] [TIKTOK] unknown
[2025-09-29 04:58:18] [GA4] purchase
[2025-09-29 05:02:25] [FACEBOOK] unknown
[2025-09-29 05:02:25] [TIKTOK] unknown
[2025-09-29 05:02:26] [GA4] purchase
[2025-09-29 05:25:14] [FACEBOOK] unknown
[2025-09-29 05:25:15] [TIKTOK] unknown
[2025-09-29 05:25:15] [GA4] purchase
[2025-09-29 05:41:24] [FACEBOOK] unknown
[2025-09-29 05:41:24] [TIKTOK] unknown
[2025-09-29 05:41:24] [GA4] purchase
[2025-09-29 05:46:35] [FACEBOOK] unknown
[2025-09-29 05:46:35] [TIKTOK] unknown
[2025-09-29 05:46:35] [GA4] purchase
[2025-09-29 05:55:36] [FACEBOOK] unknown
[2025-09-29 05:55:37] [TIKTOK] unknown
[2025-09-29 05:55:37] [GA4] purchase
[2025-09-29 06:01:26] [FACEBOOK] unknown
[2025-09-29 06:01:26] [TIKTOK] unknown
[2025-09-29 06:01:26] [GA4] purchase
[2025-09-29 06:04:57] [FACEBOOK] unknown
[2025-09-29 06:04:58] [TIKTOK] unknown
[2025-09-29 06:04:58] [GA4] purchase
[2025-09-29 06:52:59] [FACEBOOK] unknown
[2025-09-29 06:53:00] [TIKTOK] unknown
[2025-09-29 06:53:00] [GA4] purchase
[2025-09-29 06:53:43] [FACEBOOK] unknown
[2025-09-29 06:53:43] [TIKTOK] unknown
[2025-09-29 06:53:43] [GA4] purchase
[2025-09-29 06:53:45] [FACEBOOK] unknown
[2025-09-29 06:53:46] [TIKTOK] unknown
[2025-09-29 06:53:46] [GA4] purchase
[2025-09-29 06:57:50] [FACEBOOK] unknown
[2025-09-29 06:57:50] [TIKTOK] unknown
[2025-09-29 06:57:50] [GA4] purchase
[2025-09-29 15:44:32] [FACEBOOK] unknown
[2025-09-29 15:44:32] [TIKTOK] unknown
[2025-09-29 15:44:32] [GA4] purchase
[2025-09-29 15:44:53] [FACEBOOK] unknown
[2025-09-29 15:44:53] [TIKTOK] unknown
[2025-09-29 15:44:53] [GA4] purchase
[2025-09-29 16:03:45] [FACEBOOK] unknown
[2025-09-29 16:03:45] [TIKTOK] unknown
[2025-09-29 16:03:45] [GA4] purchase
[2025-09-29 16:04:21] [FACEBOOK] unknown
[2025-09-29 16:04:21] [TIKTOK] unknown
[2025-09-29 16:04:22] [GA4] purchase
[2025-09-29 16:08:04] [FACEBOOK] unknown
[2025-09-29 16:08:05] [TIKTOK] unknown
[2025-09-29 16:08:05] [GA4] purchase
[2025-09-29 16:53:14] [FACEBOOK] unknown
[2025-09-29 16:53:15] [TIKTOK] unknown
[2025-09-29 16:53:15] [GA4] purchase
[2025-09-29 17:00:21] [FACEBOOK] unknown
[2025-09-29 17:00:22] [TIKTOK] unknown
[2025-09-29 17:00:23] [GA4] purchase
[2025-09-29 17:07:03] [FACEBOOK] unknown
[2025-09-29 17:07:03] [TIKTOK] unknown
[2025-09-29 17:07:03] [GA4] purchase
[2025-09-29 17:09:39] [FACEBOOK] unknown
[2025-09-29 17:09:39] [TIKTOK] unknown
[2025-09-29 17:09:39] [GA4] purchase
[2025-09-29 17:48:29] [FACEBOOK] unknown
[2025-09-29 17:48:30] [TIKTOK] unknown
[2025-09-29 17:48:30] [GA4] purchase
[2025-09-29 17:49:51] [FACEBOOK] unknown
[2025-09-29 17:49:51] [TIKTOK] unknown
[2025-09-29 17:49:52] [GA4] purchase
[2025-09-29 17:49:58] [FACEBOOK] unknown
[2025-09-29 17:49:58] [TIKTOK] unknown
[2025-09-29 17:49:59] [GA4] purchase
[2025-09-29 17:54:27] [FACEBOOK] unknown
[2025-09-29 17:54:27] [TIKTOK] unknown
[2025-09-29 17:54:28] [GA4] purchase
[2025-09-30 02:43:21] [FACEBOOK] unknown
[2025-09-30 02:43:21] [TIKTOK] unknown
[2025-09-30 02:43:22] [GA4] purchase
[2025-09-30 02:45:35] [FACEBOOK] unknown
[2025-09-30 02:45:35] [TIKTOK] unknown
[2025-09-30 02:45:36] [GA4] purchase
[2025-09-30 02:47:29] [FACEBOOK] unknown
[2025-09-30 02:47:29] [TIKTOK] unknown
[2025-09-30 02:47:29] [GA4] purchase
[2025-09-30 03:10:06] [FACEBOOK] unknown
[2025-09-30 03:10:06] [TIKTOK] unknown
[2025-09-30 03:10:06] [GA4] purchase
[2025-09-30 03:10:20] [FACEBOOK] unknown
[2025-09-30 03:10:20] [TIKTOK] unknown
[2025-09-30 03:10:20] [GA4] purchase
[2025-09-30 03:44:41] [FACEBOOK] unknown
[2025-09-30 03:44:42] [TIKTOK] unknown
[2025-09-30 03:44:42] [GA4] purchase
[2025-09-30 03:55:23] [FACEBOOK] unknown
[2025-09-30 03:55:23] [TIKTOK] unknown
[2025-09-30 03:55:24] [GA4] purchase
[2025-09-30 04:06:53] [FACEBOOK] unknown
[2025-09-30 04:06:53] [TIKTOK] unknown
[2025-09-30 04:06:53] [GA4] purchase
[2025-09-30 04:15:41] [FACEBOOK] unknown
[2025-09-30 04:15:41] [TIKTOK] unknown
[2025-09-30 04:15:41] [GA4] purchase
[2025-09-30 04:47:49] [FACEBOOK] unknown
[2025-09-30 04:47:49] [TIKTOK] unknown
[2025-09-30 04:47:50] [GA4] purchase
[2025-09-30 04:48:28] [FACEBOOK] unknown
[2025-09-30 04:48:29] [TIKTOK] unknown
[2025-09-30 04:48:29] [GA4] purchase
[2025-09-30 04:48:31] [FACEBOOK] unknown
[2025-09-30 04:48:32] [TIKTOK] unknown
[2025-09-30 04:48:32] [GA4] purchase
[2025-09-30 04:54:48] [FACEBOOK] unknown
[2025-09-30 04:54:48] [TIKTOK] unknown
[2025-09-30 04:54:49] [GA4] purchase
[2025-09-30 08:24:29] [FACEBOOK] unknown
[2025-09-30 08:24:29] [TIKTOK] unknown
[2025-09-30 08:24:30] [GA4] purchase
[2025-09-30 11:30:14] [FACEBOOK] unknown
[2025-09-30 11:30:14] [TIKTOK] unknown
[2025-09-30 11:30:15] [GA4] purchase
[2025-09-30 11:52:43] [FACEBOOK] unknown
[2025-09-30 11:52:43] [TIKTOK] unknown
[2025-09-30 11:52:44] [GA4] purchase
[2025-09-30 12:13:11] [FACEBOOK] unknown
[2025-09-30 12:13:11] [TIKTOK] unknown
[2025-09-30 12:13:11] [GA4] purchase
[2025-09-30 12:17:49] [FACEBOOK] unknown
[2025-09-30 12:17:49] [TIKTOK] unknown
[2025-09-30 12:17:50] [GA4] purchase
[2025-09-30 12:22:24] [FACEBOOK] unknown
[2025-09-30 12:22:24] [TIKTOK] unknown
[2025-09-30 12:22:24] [GA4] purchase
[2025-09-30 12:48:35] [FACEBOOK] unknown
[2025-09-30 12:48:35] [TIKTOK] unknown
[2025-09-30 12:48:36] [GA4] purchase
[2025-09-30 12:54:14] [FACEBOOK] unknown
[2025-09-30 12:54:15] [TIKTOK] unknown
[2025-09-30 12:54:15] [GA4] purchase
[2025-09-30 13:02:22] [FACEBOOK] unknown
[2025-09-30 13:02:22] [TIKTOK] unknown
[2025-09-30 13:02:22] [GA4] purchase
[2025-09-30 13:03:04] [FACEBOOK] unknown
[2025-09-30 13:03:05] [TIKTOK] unknown
[2025-09-30 13:03:05] [GA4] purchase
[2025-09-30 13:12:03] [FACEBOOK] unknown
[2025-09-30 13:12:04] [TIKTOK] unknown
[2025-09-30 13:12:04] [GA4] purchase
[2025-09-30 13:14:54] [FACEBOOK] unknown
[2025-09-30 13:14:54] [TIKTOK] unknown
[2025-09-30 13:14:54] [GA4] purchase
[2025-09-30 13:15:01] [FACEBOOK] unknown
[2025-09-30 13:15:01] [TIKTOK] unknown
[2025-09-30 13:15:02] [GA4] purchase
[2025-09-30 13:26:35] [FACEBOOK] unknown
[2025-09-30 13:26:35] [TIKTOK] unknown
[2025-09-30 13:26:36] [GA4] purchase
[2025-09-30 21:45:12] [FACEBOOK] unknown
[2025-09-30 21:45:13] [TIKTOK] unknown
[2025-09-30 21:45:13] [GA4] purchase
[2025-09-30 22:42:17] [FACEBOOK] unknown
[2025-09-30 22:42:17] [TIKTOK] unknown
[2025-09-30 22:42:18] [GA4] purchase
[2025-09-30 22:47:59] [FACEBOOK] unknown
[2025-09-30 22:47:59] [TIKTOK] unknown
[2025-09-30 22:47:59] [GA4] purchase
[2025-09-30 23:08:26] [FACEBOOK] unknown
[2025-09-30 23:08:26] [TIKTOK] unknown
[2025-09-30 23:08:27] [GA4] purchase
[2025-09-30 23:08:53] [FACEBOOK] unknown
[2025-09-30 23:08:54] [TIKTOK] unknown
[2025-09-30 23:08:54] [GA4] purchase
[2025-09-30 23:45:10] [FACEBOOK] unknown
[2025-09-30 23:45:11] [TIKTOK] unknown
[2025-09-30 23:45:11] [GA4] purchase
[2025-09-30 23:56:41] [FACEBOOK] unknown
[2025-09-30 23:56:41] [TIKTOK] unknown
[2025-09-30 23:56:41] [GA4] purchase
[2025-10-01 00:04:20] [FACEBOOK] unknown
[2025-10-01 00:04:20] [TIKTOK] unknown
[2025-10-01 00:04:21] [GA4] purchase
[2025-10-01 00:11:10] [FACEBOOK] unknown
[2025-10-01 00:11:10] [TIKTOK] unknown
[2025-10-01 00:11:10] [GA4] purchase
[2025-10-01 00:11:16] [FACEBOOK] unknown
[2025-10-01 00:11:16] [TIKTOK] unknown
[2025-10-01 00:11:16] [GA4] purchase
[2025-10-01 00:17:31] [FACEBOOK] unknown
[2025-10-01 00:17:31] [TIKTOK] unknown
[2025-10-01 00:17:32] [GA4] purchase
[2025-10-01 00:24:41] [FACEBOOK] unknown
[2025-10-01 00:24:42] [TIKTOK] unknown
[2025-10-01 00:24:42] [GA4] purchase
[2025-10-01 00:28:20] [FACEBOOK] unknown
[2025-10-01 00:28:20] [TIKTOK] unknown
[2025-10-01 00:28:20] [GA4] purchase
[2025-10-01 08:45:02] [FACEBOOK] unknown
[2025-10-01 08:45:02] [TIKTOK] unknown
[2025-10-01 08:45:04] [GA4] purchase
[2025-10-01 09:41:49] [FACEBOOK] unknown
[2025-10-01 09:41:50] [TIKTOK] unknown
[2025-10-01 09:41:50] [GA4] purchase
[2025-10-01 09:47:25] [FACEBOOK] unknown
[2025-10-01 09:47:26] [TIKTOK] unknown
[2025-10-01 09:47:26] [GA4] purchase
[2025-10-01 09:49:37] [FACEBOOK] unknown
[2025-10-01 09:49:37] [TIKTOK] unknown
[2025-10-01 09:49:38] [GA4] purchase
[2025-10-01 10:04:01] [FACEBOOK] unknown
[2025-10-01 10:04:02] [TIKTOK] unknown
[2025-10-01 10:04:02] [GA4] purchase
[2025-10-01 10:42:58] [FACEBOOK] unknown
[2025-10-01 10:42:59] [TIKTOK] unknown
[2025-10-01 10:42:59] [GA4] purchase
[2025-10-01 10:44:44] [FACEBOOK] unknown
[2025-10-01 10:44:44] [TIKTOK] unknown
[2025-10-01 10:44:44] [GA4] purchase
[2025-10-01 10:52:35] [FACEBOOK] unknown
[2025-10-01 10:52:36] [TIKTOK] unknown
[2025-10-01 10:52:36] [GA4] purchase
[2025-10-01 10:59:08] [FACEBOOK] unknown
[2025-10-01 10:59:08] [TIKTOK] unknown
[2025-10-01 10:59:09] [GA4] purchase
[2025-10-01 11:04:00] [FACEBOOK] unknown
[2025-10-01 11:04:00] [TIKTOK] unknown
[2025-10-01 11:04:00] [GA4] purchase
[2025-10-01 11:05:02] [FACEBOOK] unknown
[2025-10-01 11:05:02] [TIKTOK] unknown
[2025-10-01 11:05:03] [GA4] purchase
[2025-10-01 11:05:09] [FACEBOOK] unknown
[2025-10-01 11:05:09] [TIKTOK] unknown
[2025-10-01 11:05:10] [GA4] purchase
[2025-10-01 11:06:29] [FACEBOOK] unknown
[2025-10-01 11:06:30] [TIKTOK] unknown
[2025-10-01 11:06:30] [GA4] purchase
[2025-10-01 19:41:41] [FACEBOOK] unknown
[2025-10-01 19:41:41] [TIKTOK] unknown
[2025-10-01 19:41:42] [GA4] purchase
[2025-10-01 20:42:22] [FACEBOOK] unknown
[2025-10-01 20:42:22] [TIKTOK] unknown
[2025-10-01 20:42:22] [GA4] purchase
[2025-10-01 20:50:42] [FACEBOOK] unknown
[2025-10-01 20:50:42] [TIKTOK] unknown
[2025-10-01 20:50:43] [GA4] purchase
[2025-10-01 20:53:37] [FACEBOOK] unknown
[2025-10-01 20:53:37] [TIKTOK] unknown
[2025-10-01 20:53:38] [GA4] purchase
[2025-10-01 21:21:56] [FACEBOOK] unknown
[2025-10-01 21:21:56] [TIKTOK] unknown
[2025-10-01 21:21:57] [GA4] purchase
[2025-10-01 21:43:22] [FACEBOOK] unknown
[2025-10-01 21:43:22] [TIKTOK] unknown
[2025-10-01 21:43:23] [GA4] purchase
[2025-10-01 21:46:37] [FACEBOOK] unknown
[2025-10-01 21:46:37] [TIKTOK] unknown
[2025-10-01 21:46:37] [GA4] purchase
[2025-10-01 22:00:39] [FACEBOOK] unknown
[2025-10-01 22:00:39] [TIKTOK] unknown
[2025-10-01 22:00:40] [GA4] purchase
[2025-10-01 22:01:51] [FACEBOOK] unknown
[2025-10-01 22:01:51] [TIKTOK] unknown
[2025-10-01 22:01:51] [GA4] purchase
[2025-10-01 22:03:16] [FACEBOOK] unknown
[2025-10-01 22:03:16] [TIKTOK] unknown
[2025-10-01 22:03:17] [GA4] purchase
[2025-10-01 22:04:22] [FACEBOOK] unknown
[2025-10-01 22:04:23] [TIKTOK] unknown
[2025-10-01 22:04:23] [GA4] purchase
[2025-10-01 22:04:27] [FACEBOOK] unknown
[2025-10-01 22:04:27] [TIKTOK] unknown
[2025-10-01 22:04:28] [GA4] purchase
[2025-10-01 22:15:10] [FACEBOOK] unknown
[2025-10-01 22:15:10] [TIKTOK] unknown
[2025-10-01 22:15:11] [GA4] purchase
[2025-10-02 06:43:34] [FACEBOOK] unknown
[2025-10-02 06:43:35] [TIKTOK] unknown
[2025-10-02 06:43:35] [GA4] purchase
[2025-10-02 07:42:23] [FACEBOOK] unknown
[2025-10-02 07:42:23] [TIKTOK] unknown
[2025-10-02 07:42:23] [GA4] purchase
[2025-10-02 07:47:35] [FACEBOOK] unknown
[2025-10-02 07:47:35] [TIKTOK] unknown
[2025-10-02 07:47:35] [GA4] purchase
[2025-10-02 07:56:37] [FACEBOOK] unknown
[2025-10-02 07:56:38] [TIKTOK] unknown
[2025-10-02 07:56:38] [GA4] purchase
[2025-10-02 07:56:59] [FACEBOOK] unknown
[2025-10-02 07:56:59] [TIKTOK] unknown
[2025-10-02 07:56:59] [GA4] purchase
[2025-10-02 08:41:50] [FACEBOOK] unknown
[2025-10-02 08:41:51] [TIKTOK] unknown
[2025-10-02 08:41:51] [GA4] purchase
[2025-10-02 08:44:58] [FACEBOOK] unknown
[2025-10-02 08:44:58] [TIKTOK] unknown
[2025-10-02 08:44:59] [GA4] purchase
[2025-10-02 08:47:04] [FACEBOOK] unknown
[2025-10-02 08:47:05] [TIKTOK] unknown
[2025-10-02 08:47:05] [GA4] purchase
[2025-10-02 08:48:30] [FACEBOOK] unknown
[2025-10-02 08:48:30] [TIKTOK] unknown
[2025-10-02 08:48:30] [GA4] purchase
[2025-10-02 08:48:34] [FACEBOOK] unknown
[2025-10-02 08:48:35] [TIKTOK] unknown
[2025-10-02 08:48:35] [GA4] purchase
[2025-10-02 08:49:50] [FACEBOOK] unknown
[2025-10-02 08:49:51] [TIKTOK] unknown
[2025-10-02 08:49:51] [GA4] purchase
[2025-10-02 09:10:40] [FACEBOOK] unknown
[2025-10-02 09:10:41] [TIKTOK] unknown
[2025-10-02 09:10:41] [GA4] purchase
[2025-10-02 09:11:21] [FACEBOOK] unknown
[2025-10-02 09:11:21] [TIKTOK] unknown
[2025-10-02 09:11:21] [GA4] purchase
[2025-10-02 17:40:40] [FACEBOOK] unknown
[2025-10-02 17:40:41] [TIKTOK] unknown
[2025-10-02 17:40:41] [GA4] purchase
[2025-10-02 18:40:46] [FACEBOOK] unknown
[2025-10-02 18:40:46] [TIKTOK] unknown
[2025-10-02 18:40:46] [GA4] purchase
[2025-10-02 18:48:03] [FACEBOOK] unknown
[2025-10-02 18:48:03] [TIKTOK] unknown
[2025-10-02 18:48:04] [GA4] purchase
[2025-10-02 19:00:21] [FACEBOOK] unknown
[2025-10-02 19:00:22] [TIKTOK] unknown
[2025-10-02 19:00:22] [GA4] purchase
[2025-10-02 19:01:08] [FACEBOOK] unknown
[2025-10-02 19:01:08] [TIKTOK] unknown
[2025-10-02 19:01:08] [GA4] purchase
[2025-10-02 19:06:59] [FACEBOOK] unknown
[2025-10-02 19:06:59] [TIKTOK] unknown
[2025-10-02 19:06:59] [GA4] purchase
[2025-10-02 19:41:16] [FACEBOOK] unknown
[2025-10-02 19:41:16] [TIKTOK] unknown
[2025-10-02 19:41:17] [GA4] purchase
[2025-10-02 19:44:38] [FACEBOOK] unknown
[2025-10-02 19:44:38] [TIKTOK] unknown
[2025-10-02 19:44:38] [GA4] purchase
[2025-10-02 19:48:08] [FACEBOOK] unknown
[2025-10-02 19:48:08] [TIKTOK] unknown
[2025-10-02 19:48:08] [GA4] purchase
[2025-10-02 20:02:35] [FACEBOOK] unknown
[2025-10-02 20:02:35] [TIKTOK] unknown
[2025-10-02 20:02:35] [GA4] purchase
[2025-10-02 20:04:22] [FACEBOOK] unknown
[2025-10-02 20:04:23] [TIKTOK] unknown
[2025-10-02 20:04:23] [GA4] purchase
[2025-10-02 20:04:26] [FACEBOOK] unknown
[2025-10-02 20:04:26] [TIKTOK] unknown
[2025-10-02 20:04:27] [GA4] purchase
[2025-10-02 20:06:50] [FACEBOOK] unknown
[2025-10-02 20:06:50] [TIKTOK] unknown
[2025-10-02 20:06:51] [GA4] purchase
[2025-10-02 20:09:07] [FACEBOOK] unknown
[2025-10-02 20:09:07] [TIKTOK] unknown
[2025-10-02 20:09:07] [GA4] purchase
[2025-10-03 04:40:53] [FACEBOOK] unknown
[2025-10-03 04:40:54] [TIKTOK] unknown
[2025-10-03 04:40:54] [GA4] purchase
[2025-10-03 05:40:33] [FACEBOOK] unknown
[2025-10-03 05:40:33] [TIKTOK] unknown
[2025-10-03 05:40:33] [GA4] purchase
[2025-10-03 05:41:52] [FACEBOOK] unknown
[2025-10-03 05:41:52] [TIKTOK] unknown
[2025-10-03 05:41:53] [GA4] purchase
[2025-10-03 05:44:40] [FACEBOOK] unknown
[2025-10-03 05:44:40] [TIKTOK] unknown
[2025-10-03 05:44:40] [GA4] purchase
[2025-10-03 05:45:26] [FACEBOOK] unknown
[2025-10-03 05:45:26] [TIKTOK] unknown
[2025-10-03 05:45:26] [GA4] purchase
[2025-10-03 06:51:09] [FACEBOOK] unknown
[2025-10-03 06:51:09] [TIKTOK] unknown
[2025-10-03 06:51:10] [GA4] purchase
[2025-10-03 06:56:19] [FACEBOOK] unknown
[2025-10-03 06:56:19] [TIKTOK] unknown
[2025-10-03 06:56:20] [GA4] purchase
[2025-10-03 06:57:09] [FACEBOOK] unknown
[2025-10-03 06:57:09] [TIKTOK] unknown
[2025-10-03 06:57:10] [GA4] purchase
[2025-10-03 06:57:29] [FACEBOOK] unknown
[2025-10-03 06:57:30] [TIKTOK] unknown
[2025-10-03 06:57:30] [GA4] purchase
[2025-10-03 06:57:34] [FACEBOOK] unknown
[2025-10-03 06:57:34] [TIKTOK] unknown
[2025-10-03 06:57:35] [GA4] purchase
[2025-10-03 06:58:34] [FACEBOOK] unknown
[2025-10-03 06:58:34] [TIKTOK] unknown
[2025-10-03 06:58:35] [GA4] purchase
[2025-10-03 07:05:43] [FACEBOOK] unknown
[2025-10-03 07:05:43] [TIKTOK] unknown
[2025-10-03 07:05:43] [GA4] purchase
[2025-10-03 07:11:45] [FACEBOOK] unknown
[2025-10-03 07:11:46] [TIKTOK] unknown
[2025-10-03 07:11:46] [GA4] purchase
[2025-10-03 13:46:41] [FACEBOOK] unknown
[2025-10-03 13:46:41] [TIKTOK] unknown
[2025-10-03 13:46:41] [GA4] purchase
[2025-10-03 15:40:25] [FACEBOOK] unknown
[2025-10-03 15:40:26] [TIKTOK] unknown
[2025-10-03 15:40:26] [GA4] purchase
[2025-10-03 16:43:07] [FACEBOOK] unknown
[2025-10-03 16:43:08] [TIKTOK] unknown
[2025-10-03 16:43:08] [GA4] purchase
[2025-10-03 16:45:56] [FACEBOOK] unknown
[2025-10-03 16:45:56] [TIKTOK] unknown
[2025-10-03 16:45:57] [GA4] purchase
[2025-10-03 16:46:03] [FACEBOOK] unknown
[2025-10-03 16:46:03] [TIKTOK] unknown
[2025-10-03 16:46:03] [GA4] purchase
[2025-10-03 16:50:46] [FACEBOOK] unknown
[2025-10-03 16:50:47] [TIKTOK] unknown
[2025-10-03 16:50:47] [GA4] purchase
[2025-10-03 17:35:51] [FACEBOOK] unknown
[2025-10-03 17:35:51] [TIKTOK] unknown
[2025-10-03 17:35:51] [GA4] begin_checkout
[2025-10-03 17:43:42] [FACEBOOK] unknown
[2025-10-03 17:43:42] [TIKTOK] unknown
[2025-10-03 17:43:43] [GA4] purchase
[2025-10-03 17:48:01] [FACEBOOK] unknown
[2025-10-03 17:48:01] [TIKTOK] unknown
[2025-10-03 17:48:02] [GA4] purchase
[2025-10-03 17:53:01] [FACEBOOK] unknown
[2025-10-03 17:53:01] [TIKTOK] unknown
[2025-10-03 17:53:02] [GA4] purchase
[2025-10-03 17:57:04] [FACEBOOK] unknown
[2025-10-03 17:57:04] [TIKTOK] unknown
[2025-10-03 17:57:05] [GA4] purchase
[2025-10-03 18:01:40] [FACEBOOK] unknown
[2025-10-03 18:01:40] [TIKTOK] unknown
[2025-10-03 18:01:41] [GA4] purchase
[2025-10-03 18:04:05] [FACEBOOK] unknown
[2025-10-03 18:04:05] [TIKTOK] unknown
[2025-10-03 18:04:06] [GA4] purchase
[2025-10-03 18:04:14] [FACEBOOK] unknown
[2025-10-03 18:04:15] [TIKTOK] unknown
[2025-10-03 18:04:15] [GA4] purchase
[2025-10-03 18:08:13] [FACEBOOK] unknown
[2025-10-03 18:08:13] [TIKTOK] unknown
[2025-10-03 18:08:14] [GA4] purchase
[2025-10-04 02:40:34] [FACEBOOK] unknown
[2025-10-04 02:40:34] [TIKTOK] unknown
[2025-10-04 02:40:34] [GA4] purchase
[2025-10-04 03:41:47] [FACEBOOK] unknown
[2025-10-04 03:41:48] [TIKTOK] unknown
[2025-10-04 03:41:48] [GA4] purchase
[2025-10-04 03:45:49] [FACEBOOK] unknown
[2025-10-04 03:45:49] [TIKTOK] unknown
[2025-10-04 03:45:49] [GA4] purchase
[2025-10-04 03:45:53] [FACEBOOK] unknown
[2025-10-04 03:45:54] [TIKTOK] unknown
[2025-10-04 03:45:54] [GA4] purchase
[2025-10-04 03:53:07] [FACEBOOK] unknown
[2025-10-04 03:53:08] [TIKTOK] unknown
[2025-10-04 03:53:08] [GA4] purchase
[2025-10-04 04:46:15] [FACEBOOK] unknown
[2025-10-04 04:46:15] [TIKTOK] unknown
[2025-10-04 04:46:16] [GA4] purchase
[2025-10-04 04:46:24] [FACEBOOK] unknown
[2025-10-04 04:46:24] [TIKTOK] unknown
[2025-10-04 04:46:24] [GA4] purchase
[2025-10-04 04:50:46] [FACEBOOK] unknown
[2025-10-04 04:50:46] [TIKTOK] unknown
[2025-10-04 04:50:47] [GA4] purchase
[2025-10-04 04:57:22] [FACEBOOK] unknown
[2025-10-04 04:57:22] [TIKTOK] unknown
[2025-10-04 04:57:23] [GA4] purchase
[2025-10-04 05:01:43] [FACEBOOK] unknown
[2025-10-04 05:01:43] [TIKTOK] unknown
[2025-10-04 05:01:44] [GA4] purchase
[2025-10-04 05:03:16] [FACEBOOK] unknown
[2025-10-04 05:03:16] [TIKTOK] unknown
[2025-10-04 05:03:17] [GA4] purchase
[2025-10-04 05:03:19] [FACEBOOK] unknown
[2025-10-04 05:03:19] [TIKTOK] unknown
[2025-10-04 05:03:20] [GA4] purchase
[2025-10-04 05:10:34] [FACEBOOK] unknown
[2025-10-04 05:10:34] [TIKTOK] unknown
[2025-10-04 05:10:34] [GA4] purchase
[2025-10-04 13:46:49] [FACEBOOK] unknown
[2025-10-04 13:46:49] [TIKTOK] unknown
[2025-10-04 13:46:50] [GA4] purchase
[2025-10-04 13:47:00] [FACEBOOK] unknown
[2025-10-04 13:47:00] [TIKTOK] unknown
[2025-10-04 13:47:00] [GA4] purchase
[2025-10-04 14:45:38] [FACEBOOK] unknown
[2025-10-04 14:45:38] [TIKTOK] unknown
[2025-10-04 14:45:38] [GA4] purchase
[2025-10-04 14:54:53] [FACEBOOK] unknown
[2025-10-04 14:54:54] [TIKTOK] unknown
[2025-10-04 14:54:54] [GA4] purchase
[2025-10-04 14:55:06] [FACEBOOK] unknown
[2025-10-04 14:55:06] [TIKTOK] unknown
[2025-10-04 14:55:06] [GA4] purchase
[2025-10-04 15:41:29] [FACEBOOK] unknown
[2025-10-04 15:41:29] [TIKTOK] unknown
[2025-10-04 15:41:29] [GA4] purchase
[2025-10-04 15:49:11] [FACEBOOK] unknown
[2025-10-04 15:49:11] [TIKTOK] unknown
[2025-10-04 15:49:11] [GA4] purchase
[2025-10-04 16:01:05] [FACEBOOK] unknown
[2025-10-04 16:01:05] [TIKTOK] unknown
[2025-10-04 16:01:05] [GA4] purchase
[2025-10-04 16:02:35] [FACEBOOK] unknown
[2025-10-04 16:02:35] [TIKTOK] unknown
[2025-10-04 16:02:35] [GA4] purchase
[2025-10-04 16:03:29] [FACEBOOK] unknown
[2025-10-04 16:03:30] [TIKTOK] unknown
[2025-10-04 16:03:30] [GA4] purchase
[2025-10-04 16:03:47] [FACEBOOK] unknown
[2025-10-04 16:03:48] [TIKTOK] unknown
[2025-10-04 16:03:48] [GA4] purchase
[2025-10-04 16:03:53] [FACEBOOK] unknown
[2025-10-04 16:03:53] [TIKTOK] unknown
[2025-10-04 16:03:53] [GA4] purchase
[2025-10-04 16:10:19] [FACEBOOK] unknown
[2025-10-04 16:10:20] [TIKTOK] unknown
[2025-10-04 16:10:20] [GA4] purchase
[2025-10-05 00:44:14] [FACEBOOK] unknown
[2025-10-05 00:44:15] [TIKTOK] unknown
[2025-10-05 00:44:15] [GA4] purchase
[2025-10-05 00:44:27] [FACEBOOK] unknown
[2025-10-05 00:44:27] [TIKTOK] unknown
[2025-10-05 00:44:28] [GA4] purchase
[2025-10-05 01:44:10] [FACEBOOK] unknown
[2025-10-05 01:44:10] [TIKTOK] unknown
[2025-10-05 01:44:11] [GA4] purchase
[2025-10-05 01:44:27] [FACEBOOK] unknown
[2025-10-05 01:44:27] [TIKTOK] unknown
[2025-10-05 01:44:27] [GA4] purchase
[2025-10-05 01:45:04] [FACEBOOK] unknown
[2025-10-05 01:45:04] [TIKTOK] unknown
[2025-10-05 01:45:04] [GA4] purchase
[2025-10-05 02:44:18] [FACEBOOK] unknown
[2025-10-05 02:44:18] [TIKTOK] unknown
[2025-10-05 02:44:18] [GA4] purchase
[2025-10-05 02:45:25] [FACEBOOK] unknown
[2025-10-05 02:45:26] [TIKTOK] unknown
[2025-10-05 02:45:26] [GA4] purchase
[2025-10-05 02:52:03] [FACEBOOK] unknown
[2025-10-05 02:52:03] [TIKTOK] unknown
[2025-10-05 02:52:04] [GA4] purchase
[2025-10-05 02:55:06] [FACEBOOK] unknown
[2025-10-05 02:55:06] [TIKTOK] unknown
[2025-10-05 02:55:06] [GA4] purchase
[2025-10-05 03:03:40] [FACEBOOK] unknown
[2025-10-05 03:03:40] [TIKTOK] unknown
[2025-10-05 03:03:41] [GA4] purchase
[2025-10-05 03:08:57] [FACEBOOK] unknown
[2025-10-05 03:08:57] [TIKTOK] unknown
[2025-10-05 03:08:57] [GA4] purchase
[2025-10-05 03:09:02] [FACEBOOK] unknown
[2025-10-05 03:09:02] [TIKTOK] unknown
[2025-10-05 03:09:02] [GA4] purchase
[2025-10-05 03:10:21] [FACEBOOK] unknown
[2025-10-05 03:10:21] [TIKTOK] unknown
[2025-10-05 03:10:22] [GA4] purchase
[2025-10-05 11:42:15] [FACEBOOK] unknown
[2025-10-05 11:42:15] [TIKTOK] unknown
[2025-10-05 11:42:16] [GA4] purchase
[2025-10-05 11:46:07] [FACEBOOK] unknown
[2025-10-05 11:46:08] [TIKTOK] unknown
[2025-10-05 11:46:08] [GA4] purchase
[2025-10-05 12:47:27] [FACEBOOK] unknown
[2025-10-05 12:47:27] [TIKTOK] unknown
[2025-10-05 12:47:28] [GA4] purchase
[2025-10-05 12:47:30] [FACEBOOK] unknown
[2025-10-05 12:47:31] [TIKTOK] unknown
[2025-10-05 12:47:31] [GA4] purchase
[2025-10-05 12:53:12] [FACEBOOK] unknown
[2025-10-05 12:53:13] [TIKTOK] unknown
[2025-10-05 12:53:13] [GA4] purchase
[2025-10-05 12:57:41] [FACEBOOK] unknown
[2025-10-05 12:57:41] [TIKTOK] unknown
[2025-10-05 12:57:42] [GA4] purchase
[2025-10-05 13:41:26] [FACEBOOK] unknown
[2025-10-05 13:41:26] [TIKTOK] unknown
[2025-10-05 13:41:26] [GA4] purchase
[2025-10-05 13:44:17] [FACEBOOK] unknown
[2025-10-05 13:44:17] [TIKTOK] unknown
[2025-10-05 13:44:18] [GA4] purchase
[2025-10-05 13:46:47] [FACEBOOK] unknown
[2025-10-05 13:46:47] [TIKTOK] unknown
[2025-10-05 13:46:47] [GA4] purchase
[2025-10-05 13:48:52] [FACEBOOK] unknown
[2025-10-05 13:48:52] [TIKTOK] unknown
[2025-10-05 13:48:53] [GA4] purchase
[2025-10-05 13:49:08] [FACEBOOK] unknown
[2025-10-05 13:49:08] [TIKTOK] unknown
[2025-10-05 13:49:08] [GA4] purchase
[2025-10-05 13:49:17] [FACEBOOK] unknown
[2025-10-05 13:49:17] [TIKTOK] unknown
[2025-10-05 13:49:18] [GA4] purchase
[2025-10-05 13:53:38] [FACEBOOK] unknown
[2025-10-05 13:53:38] [TIKTOK] unknown
[2025-10-05 13:53:39] [GA4] purchase
[2025-10-05 22:42:13] [FACEBOOK] unknown
[2025-10-05 22:42:14] [TIKTOK] unknown
[2025-10-05 22:42:14] [GA4] purchase
[2025-10-05 22:42:21] [FACEBOOK] unknown
[2025-10-05 22:42:22] [TIKTOK] unknown
[2025-10-05 22:42:22] [GA4] purchase
[2025-10-05 23:44:58] [FACEBOOK] unknown
[2025-10-05 23:44:58] [TIKTOK] unknown
[2025-10-05 23:44:59] [GA4] purchase
[2025-10-05 23:48:55] [FACEBOOK] unknown
[2025-10-05 23:48:55] [TIKTOK] unknown
[2025-10-05 23:48:56] [GA4] purchase
[2025-10-05 23:49:05] [FACEBOOK] unknown
[2025-10-05 23:49:05] [TIKTOK] unknown
[2025-10-05 23:49:06] [GA4] purchase
[2025-10-06 00:10:13] [FACEBOOK] unknown
[2025-10-06 00:10:13] [TIKTOK] unknown
[2025-10-06 00:10:13] [GA4] purchase
[2025-10-06 00:41:08] [FACEBOOK] unknown
[2025-10-06 00:41:08] [TIKTOK] unknown
[2025-10-06 00:41:09] [GA4] purchase
[2025-10-06 00:42:59] [FACEBOOK] unknown
[2025-10-06 00:42:59] [TIKTOK] unknown
[2025-10-06 00:42:59] [GA4] purchase
[2025-10-06 00:44:04] [FACEBOOK] unknown
[2025-10-06 00:44:04] [TIKTOK] unknown
[2025-10-06 00:44:04] [GA4] purchase
[2025-10-06 00:45:01] [FACEBOOK] unknown
[2025-10-06 00:45:01] [TIKTOK] unknown
[2025-10-06 00:45:01] [GA4] purchase
[2025-10-06 00:46:51] [FACEBOOK] unknown
[2025-10-06 00:46:51] [TIKTOK] unknown
[2025-10-06 00:46:51] [GA4] purchase
[2025-10-06 00:46:54] [FACEBOOK] unknown
[2025-10-06 00:46:54] [TIKTOK] unknown
[2025-10-06 00:46:54] [GA4] purchase
[2025-10-06 00:49:59] [FACEBOOK] unknown
[2025-10-06 00:49:59] [TIKTOK] unknown
[2025-10-06 00:49:59] [GA4] purchase
[2025-10-06 02:34:31] [FACEBOOK] unknown
[2025-10-06 02:34:31] [TIKTOK] unknown
[2025-10-06 02:34:31] [GA4] begin_checkout
[2025-10-06 02:34:34] [FACEBOOK] unknown
[2025-10-06 02:34:34] [TIKTOK] unknown
[2025-10-06 02:34:34] [GA4] begin_checkout
[2025-10-06 09:47:19] [FACEBOOK] unknown
[2025-10-06 09:47:19] [TIKTOK] unknown
[2025-10-06 09:47:19] [GA4] purchase
[2025-10-06 09:50:18] [FACEBOOK] unknown
[2025-10-06 09:50:18] [TIKTOK] unknown
[2025-10-06 09:50:18] [GA4] purchase
[2025-10-06 10:40:35] [FACEBOOK] unknown
[2025-10-06 10:40:35] [TIKTOK] unknown
[2025-10-06 10:40:36] [GA4] purchase
[2025-10-06 10:40:37] [FACEBOOK] unknown
[2025-10-06 10:40:37] [TIKTOK] unknown
[2025-10-06 10:40:37] [GA4] purchase
[2025-10-06 10:48:55] [FACEBOOK] unknown
[2025-10-06 10:48:55] [TIKTOK] unknown
[2025-10-06 10:48:56] [GA4] purchase
[2025-10-06 10:57:41] [FACEBOOK] unknown
[2025-10-06 10:57:41] [TIKTOK] unknown
[2025-10-06 10:57:41] [GA4] purchase
[2025-10-06 11:40:45] [FACEBOOK] unknown
[2025-10-06 11:40:45] [TIKTOK] unknown
[2025-10-06 11:40:45] [GA4] purchase
[2025-10-06 11:44:43] [FACEBOOK] unknown
[2025-10-06 11:44:43] [TIKTOK] unknown
[2025-10-06 11:44:43] [GA4] purchase
[2025-10-06 11:45:45] [FACEBOOK] unknown
[2025-10-06 11:45:45] [TIKTOK] unknown
[2025-10-06 11:45:45] [GA4] purchase
[2025-10-06 11:48:53] [FACEBOOK] unknown
[2025-10-06 11:48:53] [TIKTOK] unknown
[2025-10-06 11:48:54] [GA4] purchase
[2025-10-06 11:48:57] [FACEBOOK] unknown
[2025-10-06 11:48:57] [TIKTOK] unknown
[2025-10-06 11:48:57] [GA4] purchase
[2025-10-06 11:51:30] [FACEBOOK] unknown
[2025-10-06 11:51:30] [TIKTOK] unknown
[2025-10-06 11:51:31] [GA4] purchase
[2025-10-06 11:56:15] [FACEBOOK] unknown
[2025-10-06 11:56:15] [TIKTOK] unknown
[2025-10-06 11:56:15] [GA4] purchase
[2025-10-06 20:43:08] [FACEBOOK] unknown
[2025-10-06 20:43:09] [TIKTOK] unknown
[2025-10-06 20:43:09] [GA4] purchase
[2025-10-06 20:46:28] [FACEBOOK] unknown
[2025-10-06 20:46:28] [TIKTOK] unknown
[2025-10-06 20:46:29] [GA4] purchase
[2025-10-06 20:47:00] [FACEBOOK] unknown
[2025-10-06 20:47:00] [TIKTOK] unknown
[2025-10-06 20:47:00] [GA4] purchase
[2025-10-06 20:51:12] [FACEBOOK] unknown
[2025-10-06 20:51:12] [TIKTOK] unknown
[2025-10-06 20:51:12] [GA4] purchase
[2025-10-06 21:41:07] [FACEBOOK] unknown
[2025-10-06 21:41:07] [TIKTOK] unknown
[2025-10-06 21:41:07] [GA4] purchase
[2025-10-06 21:46:27] [FACEBOOK] unknown
[2025-10-06 21:46:27] [TIKTOK] unknown
[2025-10-06 21:46:27] [GA4] purchase
[2025-10-06 22:43:59] [FACEBOOK] unknown
[2025-10-06 22:43:59] [TIKTOK] unknown
[2025-10-06 22:44:00] [GA4] purchase
[2025-10-06 22:48:08] [FACEBOOK] unknown
[2025-10-06 22:48:08] [TIKTOK] unknown
[2025-10-06 22:48:09] [GA4] purchase
[2025-10-06 22:48:57] [FACEBOOK] unknown
[2025-10-06 22:48:57] [TIKTOK] unknown
[2025-10-06 22:48:58] [GA4] purchase
[2025-10-06 22:59:51] [FACEBOOK] unknown
[2025-10-06 22:59:51] [TIKTOK] unknown
[2025-10-06 22:59:51] [GA4] purchase
[2025-10-06 23:01:03] [FACEBOOK] unknown
[2025-10-06 23:01:03] [TIKTOK] unknown
[2025-10-06 23:01:03] [GA4] purchase
[2025-10-06 23:01:08] [FACEBOOK] unknown
[2025-10-06 23:01:08] [TIKTOK] unknown
[2025-10-06 23:01:09] [GA4] purchase
[2025-10-06 23:05:29] [FACEBOOK] unknown
[2025-10-06 23:05:29] [TIKTOK] unknown
[2025-10-06 23:05:29] [GA4] purchase
[2025-10-07 07:41:54] [FACEBOOK] unknown
[2025-10-07 07:41:54] [TIKTOK] unknown
[2025-10-07 07:41:54] [GA4] purchase
[2025-10-07 07:44:47] [FACEBOOK] unknown
[2025-10-07 07:44:47] [TIKTOK] unknown
[2025-10-07 07:44:48] [GA4] purchase
[2025-10-07 07:53:55] [FACEBOOK] unknown
[2025-10-07 07:53:55] [TIKTOK] unknown
[2025-10-07 07:53:55] [GA4] purchase
[2025-10-07 07:58:59] [FACEBOOK] unknown
[2025-10-07 07:58:59] [TIKTOK] unknown
[2025-10-07 07:59:00] [GA4] purchase
[2025-10-07 08:44:56] [FACEBOOK] unknown
[2025-10-07 08:44:56] [TIKTOK] unknown
[2025-10-07 08:44:57] [GA4] purchase
[2025-10-07 08:49:49] [FACEBOOK] unknown
[2025-10-07 08:49:50] [TIKTOK] unknown
[2025-10-07 08:49:50] [GA4] purchase
[2025-10-07 09:40:15] [FACEBOOK] unknown
[2025-10-07 09:40:15] [TIKTOK] unknown
[2025-10-07 09:40:16] [GA4] purchase
[2025-10-07 09:44:37] [FACEBOOK] unknown
[2025-10-07 09:44:37] [TIKTOK] unknown
[2025-10-07 09:44:38] [GA4] purchase
[2025-10-07 09:46:46] [FACEBOOK] unknown
[2025-10-07 09:46:47] [TIKTOK] unknown
[2025-10-07 09:46:47] [GA4] purchase
[2025-10-07 09:47:22] [FACEBOOK] unknown
[2025-10-07 09:47:23] [TIKTOK] unknown
[2025-10-07 09:47:23] [GA4] purchase
[2025-10-07 09:47:51] [FACEBOOK] unknown
[2025-10-07 09:47:51] [TIKTOK] unknown
[2025-10-07 09:47:51] [GA4] purchase
[2025-10-07 09:47:55] [FACEBOOK] unknown
[2025-10-07 09:47:55] [TIKTOK] unknown
[2025-10-07 09:47:55] [GA4] purchase
[2025-10-07 09:50:49] [FACEBOOK] unknown
[2025-10-07 09:50:50] [TIKTOK] unknown
[2025-10-07 09:50:50] [GA4] purchase
[2025-10-07 13:31:01] [FACEBOOK] unknown
[2025-10-07 13:31:01] [TIKTOK] unknown
[2025-10-07 13:31:01] [GA4] begin_checkout
[2025-10-07 13:31:18] [FACEBOOK] unknown
[2025-10-07 13:31:18] [TIKTOK] unknown
[2025-10-07 13:31:18] [GA4] begin_checkout
[2025-10-07 13:31:20] [FACEBOOK] unknown
[2025-10-07 13:31:20] [TIKTOK] unknown
[2025-10-07 13:31:20] [GA4] begin_checkout
[2025-10-07 13:31:24] [FACEBOOK] unknown
[2025-10-07 13:31:24] [TIKTOK] unknown
[2025-10-07 13:31:24] [GA4] begin_checkout
[2025-10-07 13:31:27] [FACEBOOK] unknown
[2025-10-07 13:31:27] [TIKTOK] unknown
[2025-10-07 13:31:27] [GA4] begin_checkout
[2025-10-07 13:31:30] [FACEBOOK] unknown
[2025-10-07 13:31:30] [TIKTOK] unknown
[2025-10-07 13:31:30] [GA4] begin_checkout
[2025-10-07 13:31:33] [FACEBOOK] unknown
[2025-10-07 13:31:33] [TIKTOK] unknown
[2025-10-07 13:31:33] [GA4] begin_checkout
[2025-10-07 13:31:37] [FACEBOOK] unknown
[2025-10-07 13:31:37] [TIKTOK] unknown
[2025-10-07 13:31:37] [GA4] begin_checkout
[2025-10-07 13:31:40] [FACEBOOK] unknown
[2025-10-07 13:31:40] [TIKTOK] unknown
[2025-10-07 13:31:40] [GA4] begin_checkout
[2025-10-07 13:31:43] [FACEBOOK] unknown
[2025-10-07 13:31:43] [TIKTOK] unknown
[2025-10-07 13:31:43] [GA4] begin_checkout
[2025-10-07 13:31:46] [FACEBOOK] unknown
[2025-10-07 13:31:46] [TIKTOK] unknown
[2025-10-07 13:31:46] [GA4] begin_checkout
[2025-10-07 13:31:49] [FACEBOOK] unknown
[2025-10-07 13:31:49] [TIKTOK] unknown
[2025-10-07 13:31:49] [GA4] begin_checkout
[2025-10-07 13:31:51] [FACEBOOK] unknown
[2025-10-07 13:31:51] [TIKTOK] unknown
[2025-10-07 13:31:51] [GA4] begin_checkout
[2025-10-07 13:31:55] [FACEBOOK] unknown
[2025-10-07 13:31:55] [TIKTOK] unknown
[2025-10-07 13:31:55] [GA4] begin_checkout
[2025-10-07 13:32:00] [FACEBOOK] unknown
[2025-10-07 13:32:00] [TIKTOK] unknown
[2025-10-07 13:32:00] [GA4] begin_checkout
[2025-10-07 13:32:07] [FACEBOOK] unknown
[2025-10-07 13:32:07] [TIKTOK] unknown
[2025-10-07 13:32:07] [GA4] begin_checkout
[2025-10-07 18:39:29] [FACEBOOK] unknown
[2025-10-07 18:39:29] [TIKTOK] unknown
[2025-10-07 18:39:29] [GA4] purchase
[2025-10-07 18:39:38] [FACEBOOK] unknown
[2025-10-07 18:39:39] [TIKTOK] unknown
[2025-10-07 18:39:39] [GA4] purchase
[2025-10-07 18:49:48] [FACEBOOK] unknown
[2025-10-07 18:49:49] [TIKTOK] unknown
[2025-10-07 18:49:49] [GA4] purchase
[2025-10-07 18:53:13] [FACEBOOK] unknown
[2025-10-07 18:53:13] [TIKTOK] unknown
[2025-10-07 18:53:13] [GA4] purchase
[2025-10-07 19:23:28] [FACEBOOK] unknown
[2025-10-07 19:23:28] [TIKTOK] unknown
[2025-10-07 19:23:28] [GA4] begin_checkout
[2025-10-07 19:30:48] [FACEBOOK] unknown
[2025-10-07 19:30:48] [TIKTOK] unknown
[2025-10-07 19:30:48] [GA4] begin_checkout
[2025-10-07 19:42:24] [FACEBOOK] unknown
[2025-10-07 19:42:24] [TIKTOK] unknown
[2025-10-07 19:42:25] [GA4] purchase
[2025-10-07 19:47:01] [FACEBOOK] unknown
[2025-10-07 19:47:01] [TIKTOK] unknown
[2025-10-07 19:47:02] [GA4] purchase
[2025-10-07 20:41:46] [FACEBOOK] unknown
[2025-10-07 20:41:46] [TIKTOK] unknown
[2025-10-07 20:41:46] [GA4] begin_checkout
[2025-10-07 20:42:07] [FACEBOOK] unknown
[2025-10-07 20:42:07] [TIKTOK] unknown
[2025-10-07 20:42:08] [GA4] purchase
[2025-10-07 20:46:02] [FACEBOOK] unknown
[2025-10-07 20:46:02] [TIKTOK] unknown
[2025-10-07 20:46:03] [GA4] purchase
[2025-10-07 20:46:13] [FACEBOOK] unknown
[2025-10-07 20:46:14] [TIKTOK] unknown
[2025-10-07 20:46:14] [GA4] purchase
[2025-10-07 20:46:21] [FACEBOOK] unknown
[2025-10-07 20:46:21] [TIKTOK] unknown
[2025-10-07 20:46:21] [GA4] purchase
[2025-10-07 20:48:14] [FACEBOOK] unknown
[2025-10-07 20:48:15] [TIKTOK] unknown
[2025-10-07 20:48:15] [GA4] purchase
[2025-10-07 20:52:59] [FACEBOOK] unknown
[2025-10-07 20:52:59] [TIKTOK] unknown
[2025-10-07 20:52:59] [GA4] purchase
[2025-10-07 20:55:31] [FACEBOOK] unknown
[2025-10-07 20:55:31] [TIKTOK] unknown
[2025-10-07 20:55:31] [GA4] purchase
[2025-10-07 21:16:24] [FACEBOOK] unknown
[2025-10-07 21:16:24] [TIKTOK] unknown
[2025-10-07 21:16:24] [GA4] begin_checkout
[2025-10-07 21:58:11] [FACEBOOK] unknown
[2025-10-07 21:58:11] [TIKTOK] unknown
[2025-10-07 21:58:11] [GA4] begin_checkout
[2025-10-08 01:16:38] [FACEBOOK] unknown
[2025-10-08 01:16:38] [TIKTOK] unknown
[2025-10-08 01:16:38] [GA4] begin_checkout
[2025-10-08 01:40:09] [FACEBOOK] unknown
[2025-10-08 01:40:09] [TIKTOK] unknown
[2025-10-08 01:40:09] [GA4] begin_checkout
[2025-10-08 01:47:21] [FACEBOOK] unknown
[2025-10-08 01:47:21] [TIKTOK] unknown
[2025-10-08 01:47:21] [GA4] begin_checkout
[2025-10-08 05:44:39] [FACEBOOK] unknown
[2025-10-08 05:44:39] [TIKTOK] unknown
[2025-10-08 05:44:39] [GA4] purchase
[2025-10-08 05:48:01] [FACEBOOK] unknown
[2025-10-08 05:48:01] [TIKTOK] unknown
[2025-10-08 05:48:02] [GA4] purchase
[2025-10-08 05:53:24] [FACEBOOK] unknown
[2025-10-08 05:53:24] [TIKTOK] unknown
[2025-10-08 05:53:24] [GA4] purchase
[2025-10-08 05:55:57] [FACEBOOK] unknown
[2025-10-08 05:55:57] [TIKTOK] unknown
[2025-10-08 05:55:57] [GA4] purchase
[2025-10-08 06:48:30] [FACEBOOK] unknown
[2025-10-08 06:48:31] [TIKTOK] unknown
[2025-10-08 06:48:31] [GA4] purchase
[2025-10-08 06:50:07] [FACEBOOK] unknown
[2025-10-08 06:50:07] [TIKTOK] unknown
[2025-10-08 06:50:07] [GA4] purchase
[2025-10-08 07:40:55] [FACEBOOK] unknown
[2025-10-08 07:40:55] [TIKTOK] unknown
[2025-10-08 07:40:55] [GA4] purchase
[2025-10-08 07:41:50] [FACEBOOK] unknown
[2025-10-08 07:41:51] [TIKTOK] unknown
[2025-10-08 07:41:51] [GA4] purchase
[2025-10-08 07:41:54] [FACEBOOK] unknown
[2025-10-08 07:41:55] [TIKTOK] unknown
[2025-10-08 07:41:55] [GA4] purchase
[2025-10-08 07:41:59] [FACEBOOK] unknown
[2025-10-08 07:41:59] [TIKTOK] unknown
[2025-10-08 07:41:59] [GA4] purchase
[2025-10-08 07:47:36] [FACEBOOK] unknown
[2025-10-08 07:47:36] [TIKTOK] unknown
[2025-10-08 07:47:36] [GA4] purchase
[2025-10-08 08:00:14] [FACEBOOK] unknown
[2025-10-08 08:00:14] [TIKTOK] unknown
[2025-10-08 08:00:15] [GA4] purchase
[2025-10-08 08:01:06] [FACEBOOK] unknown
[2025-10-08 08:01:06] [TIKTOK] unknown
[2025-10-08 08:01:07] [GA4] purchase
[2025-10-08 16:44:32] [FACEBOOK] unknown
[2025-10-08 16:44:32] [TIKTOK] unknown
[2025-10-08 16:44:33] [GA4] purchase
[2025-10-08 16:44:43] [FACEBOOK] unknown
[2025-10-08 16:44:43] [TIKTOK] unknown
[2025-10-08 16:44:43] [GA4] purchase
[2025-10-08 16:46:17] [FACEBOOK] unknown
[2025-10-08 16:46:18] [TIKTOK] unknown
[2025-10-08 16:46:18] [GA4] purchase
[2025-10-08 16:48:41] [FACEBOOK] unknown
[2025-10-08 16:48:41] [TIKTOK] unknown
[2025-10-08 16:48:41] [GA4] purchase
[2025-10-08 17:40:54] [FACEBOOK] unknown
[2025-10-08 17:40:54] [TIKTOK] unknown
[2025-10-08 17:40:54] [GA4] purchase
[2025-10-08 17:47:17] [FACEBOOK] unknown
[2025-10-08 17:47:17] [TIKTOK] unknown
[2025-10-08 17:47:17] [GA4] purchase
[2025-10-08 18:40:38] [FACEBOOK] unknown
[2025-10-08 18:40:38] [TIKTOK] unknown
[2025-10-08 18:40:39] [GA4] purchase
[2025-10-08 18:41:12] [FACEBOOK] unknown
[2025-10-08 18:41:13] [TIKTOK] unknown
[2025-10-08 18:41:13] [GA4] purchase
[2025-10-08 18:43:21] [FACEBOOK] unknown
[2025-10-08 18:43:21] [TIKTOK] unknown
[2025-10-08 18:43:21] [GA4] purchase
[2025-10-08 18:45:15] [FACEBOOK] unknown
[2025-10-08 18:45:15] [TIKTOK] unknown
[2025-10-08 18:45:16] [GA4] purchase
[2025-10-08 18:46:24] [FACEBOOK] unknown
[2025-10-08 18:46:24] [TIKTOK] unknown
[2025-10-08 18:46:24] [GA4] purchase
[2025-10-08 18:46:27] [FACEBOOK] unknown
[2025-10-08 18:46:27] [TIKTOK] unknown
[2025-10-08 18:46:28] [GA4] purchase
[2025-10-08 18:47:57] [FACEBOOK] unknown
[2025-10-08 18:47:57] [TIKTOK] unknown
[2025-10-08 18:47:57] [GA4] purchase
[2025-10-09 08:54:43] [FACEBOOK] unknown
[2025-10-09 08:54:43] [TIKTOK] unknown
[2025-10-09 08:54:43] [GA4] begin_checkout
[2025-10-09 10:01:20] [FACEBOOK] unknown
[2025-10-09 10:01:20] [TIKTOK] unknown
[2025-10-09 10:01:20] [GA4] begin_checkout
[2025-10-09 14:48:06] [FACEBOOK] unknown
[2025-10-09 14:48:06] [TIKTOK] unknown
[2025-10-09 14:48:06] [GA4] purchase
[2025-10-09 15:20:22] [FACEBOOK] unknown
[2025-10-09 15:20:22] [TIKTOK] unknown
[2025-10-09 15:20:22] [GA4] begin_checkout
[2025-10-09 18:22:50] [FACEBOOK] unknown
[2025-10-09 18:22:50] [TIKTOK] unknown
[2025-10-09 18:22:50] [GA4] begin_checkout
[2025-10-09 18:47:05] [FACEBOOK] unknown
[2025-10-09 18:47:05] [TIKTOK] unknown
[2025-10-09 18:47:05] [GA4] purchase
[2025-10-09 18:50:24] [FACEBOOK] unknown
[2025-10-09 18:50:24] [TIKTOK] unknown
[2025-10-09 18:50:24] [GA4] purchase
[2025-10-09 18:50:38] [FACEBOOK] unknown
[2025-10-09 18:50:38] [TIKTOK] unknown
[2025-10-09 18:50:38] [GA4] purchase
[2025-10-09 18:50:48] [FACEBOOK] unknown
[2025-10-09 18:50:48] [TIKTOK] unknown
[2025-10-09 18:50:48] [GA4] purchase
[2025-10-09 18:52:09] [FACEBOOK] unknown
[2025-10-09 18:52:09] [TIKTOK] unknown
[2025-10-09 18:52:09] [GA4] purchase
[2025-10-09 18:52:47] [FACEBOOK] unknown
[2025-10-09 18:52:47] [TIKTOK] unknown
[2025-10-09 18:52:48] [GA4] purchase
[2025-10-09 18:52:50] [FACEBOOK] unknown
[2025-10-09 18:52:50] [TIKTOK] unknown
[2025-10-09 18:52:50] [GA4] purchase
[2025-10-09 18:53:47] [FACEBOOK] unknown
[2025-10-09 18:53:47] [TIKTOK] unknown
[2025-10-09 18:53:48] [GA4] purchase
[2025-10-09 18:53:49] [FACEBOOK] unknown
[2025-10-09 18:53:49] [TIKTOK] unknown
[2025-10-09 18:53:49] [GA4] purchase
[2025-10-09 18:53:58] [FACEBOOK] unknown
[2025-10-09 18:53:58] [TIKTOK] unknown
[2025-10-09 18:53:58] [GA4] purchase
[2025-10-09 18:55:21] [FACEBOOK] unknown
[2025-10-09 18:55:21] [TIKTOK] unknown
[2025-10-09 18:55:21] [GA4] purchase
[2025-10-09 23:49:36] [FACEBOOK] unknown
[2025-10-09 23:49:36] [TIKTOK] unknown
[2025-10-09 23:49:36] [GA4] begin_checkout
[2025-10-10 01:41:00] [FACEBOOK] unknown
[2025-10-10 01:41:00] [TIKTOK] unknown
[2025-10-10 01:41:00] [GA4] purchase
[2025-10-10 05:40:25] [FACEBOOK] unknown
[2025-10-10 05:40:26] [TIKTOK] unknown
[2025-10-10 05:40:26] [GA4] purchase
[2025-10-10 05:40:54] [FACEBOOK] unknown
[2025-10-10 05:40:54] [TIKTOK] unknown
[2025-10-10 05:40:54] [GA4] purchase
[2025-10-10 05:41:50] [FACEBOOK] unknown
[2025-10-10 05:41:50] [TIKTOK] unknown
[2025-10-10 05:41:50] [GA4] purchase
[2025-10-10 05:41:57] [FACEBOOK] unknown
[2025-10-10 05:41:57] [TIKTOK] unknown
[2025-10-10 05:41:57] [GA4] purchase
[2025-10-10 05:43:55] [FACEBOOK] unknown
[2025-10-10 05:43:55] [TIKTOK] unknown
[2025-10-10 05:43:55] [GA4] purchase
[2025-10-10 05:43:57] [FACEBOOK] unknown
[2025-10-10 05:43:57] [TIKTOK] unknown
[2025-10-10 05:43:57] [GA4] purchase
[2025-10-10 05:44:10] [FACEBOOK] unknown
[2025-10-10 05:44:10] [TIKTOK] unknown
[2025-10-10 05:44:11] [GA4] purchase
[2025-10-10 05:46:46] [FACEBOOK] unknown
[2025-10-10 05:46:46] [TIKTOK] unknown
[2025-10-10 05:46:46] [GA4] purchase
[2025-10-10 05:48:08] [FACEBOOK] unknown
[2025-10-10 05:48:08] [TIKTOK] unknown
[2025-10-10 05:48:08] [GA4] purchase
[2025-10-10 05:48:18] [FACEBOOK] unknown
[2025-10-10 05:48:19] [TIKTOK] unknown
[2025-10-10 05:48:19] [GA4] purchase
[2025-10-10 05:48:26] [FACEBOOK] unknown
[2025-10-10 05:48:26] [TIKTOK] unknown
[2025-10-10 05:48:26] [GA4] purchase
[2025-10-10 11:52:03] [FACEBOOK] unknown
[2025-10-10 11:52:03] [TIKTOK] unknown
[2025-10-10 11:52:04] [GA4] purchase
[2025-10-10 16:43:32] [FACEBOOK] unknown
[2025-10-10 16:43:32] [TIKTOK] unknown
[2025-10-10 16:43:33] [GA4] purchase
[2025-10-10 16:44:00] [FACEBOOK] unknown
[2025-10-10 16:44:00] [TIKTOK] unknown
[2025-10-10 16:44:01] [GA4] purchase
[2025-10-10 16:44:53] [FACEBOOK] unknown
[2025-10-10 16:44:53] [TIKTOK] unknown
[2025-10-10 16:44:53] [GA4] purchase
[2025-10-10 16:46:25] [FACEBOOK] unknown
[2025-10-10 16:46:26] [TIKTOK] unknown
[2025-10-10 16:46:26] [GA4] purchase
[2025-10-10 16:46:28] [FACEBOOK] unknown
[2025-10-10 16:46:28] [TIKTOK] unknown
[2025-10-10 16:46:28] [GA4] purchase
[2025-10-10 16:47:51] [FACEBOOK] unknown
[2025-10-10 16:47:51] [TIKTOK] unknown
[2025-10-10 16:47:52] [GA4] purchase
[2025-10-10 16:47:57] [FACEBOOK] unknown
[2025-10-10 16:47:58] [TIKTOK] unknown
[2025-10-10 16:47:58] [GA4] purchase
[2025-10-10 16:48:42] [FACEBOOK] unknown
[2025-10-10 16:48:43] [TIKTOK] unknown
[2025-10-10 16:48:43] [GA4] purchase
[2025-10-10 16:51:23] [FACEBOOK] unknown
[2025-10-10 16:51:23] [TIKTOK] unknown
[2025-10-10 16:51:23] [GA4] purchase
[2025-10-10 16:51:34] [FACEBOOK] unknown
[2025-10-10 16:51:35] [TIKTOK] unknown
[2025-10-10 16:51:35] [GA4] purchase
[2025-10-10 16:51:46] [FACEBOOK] unknown
[2025-10-10 16:51:46] [TIKTOK] unknown
[2025-10-10 16:51:46] [GA4] purchase
[2025-10-10 17:05:32] [FACEBOOK] unknown
[2025-10-10 17:05:32] [TIKTOK] unknown
[2025-10-10 17:05:32] [GA4] purchase
[2025-10-10 17:23:55] [FACEBOOK] unknown
[2025-10-10 17:23:55] [TIKTOK] unknown
[2025-10-10 17:23:55] [GA4] begin_checkout
[2025-10-10 22:47:32] [FACEBOOK] unknown
[2025-10-10 22:47:33] [TIKTOK] unknown
[2025-10-10 22:47:33] [GA4] purchase
[2025-10-11 03:39:55] [FACEBOOK] unknown
[2025-10-11 03:39:55] [TIKTOK] unknown
[2025-10-11 03:39:56] [GA4] purchase
[2025-10-11 03:40:50] [FACEBOOK] unknown
[2025-10-11 03:40:51] [TIKTOK] unknown
[2025-10-11 03:40:51] [GA4] purchase
[2025-10-11 03:42:11] [FACEBOOK] unknown
[2025-10-11 03:42:11] [TIKTOK] unknown
[2025-10-11 03:42:11] [GA4] purchase
[2025-10-11 03:42:26] [FACEBOOK] unknown
[2025-10-11 03:42:26] [TIKTOK] unknown
[2025-10-11 03:42:26] [GA4] purchase
[2025-10-11 03:42:30] [FACEBOOK] unknown
[2025-10-11 03:42:30] [TIKTOK] unknown
[2025-10-11 03:42:30] [GA4] purchase
[2025-10-11 03:42:46] [FACEBOOK] unknown
[2025-10-11 03:42:46] [TIKTOK] unknown
[2025-10-11 03:42:47] [GA4] purchase
[2025-10-11 03:43:22] [FACEBOOK] unknown
[2025-10-11 03:43:22] [TIKTOK] unknown
[2025-10-11 03:43:22] [GA4] purchase
[2025-10-11 03:43:37] [FACEBOOK] unknown
[2025-10-11 03:43:37] [TIKTOK] unknown
[2025-10-11 03:43:38] [GA4] purchase
[2025-10-11 03:43:54] [FACEBOOK] unknown
[2025-10-11 03:43:54] [TIKTOK] unknown
[2025-10-11 03:43:54] [GA4] purchase
[2025-10-11 03:44:07] [FACEBOOK] unknown
[2025-10-11 03:44:07] [TIKTOK] unknown
[2025-10-11 03:44:07] [GA4] purchase
[2025-10-11 03:44:29] [FACEBOOK] unknown
[2025-10-11 03:44:29] [TIKTOK] unknown
[2025-10-11 03:44:30] [GA4] purchase
[2025-10-11 09:42:01] [FACEBOOK] unknown
[2025-10-11 09:42:02] [TIKTOK] unknown
[2025-10-11 09:42:02] [GA4] purchase
[2025-10-11 14:40:26] [FACEBOOK] unknown
[2025-10-11 14:40:26] [TIKTOK] unknown
[2025-10-11 14:40:26] [GA4] purchase
[2025-10-11 14:40:43] [FACEBOOK] unknown
[2025-10-11 14:40:43] [TIKTOK] unknown
[2025-10-11 14:40:43] [GA4] purchase
[2025-10-11 14:42:53] [FACEBOOK] unknown
[2025-10-11 14:42:53] [TIKTOK] unknown
[2025-10-11 14:42:53] [GA4] purchase
[2025-10-11 14:43:56] [FACEBOOK] unknown
[2025-10-11 14:43:56] [TIKTOK] unknown
[2025-10-11 14:43:57] [GA4] purchase
[2025-10-11 14:43:58] [FACEBOOK] unknown
[2025-10-11 14:43:58] [TIKTOK] unknown
[2025-10-11 14:43:59] [GA4] purchase
[2025-10-11 14:44:45] [FACEBOOK] unknown
[2025-10-11 14:44:45] [TIKTOK] unknown
[2025-10-11 14:44:46] [GA4] purchase
[2025-10-11 14:44:54] [FACEBOOK] unknown
[2025-10-11 14:44:54] [TIKTOK] unknown
[2025-10-11 14:44:54] [GA4] purchase
[2025-10-11 14:45:45] [FACEBOOK] unknown
[2025-10-11 14:45:45] [TIKTOK] unknown
[2025-10-11 14:45:45] [GA4] purchase
[2025-10-11 14:47:35] [FACEBOOK] unknown
[2025-10-11 14:47:35] [TIKTOK] unknown
[2025-10-11 14:47:36] [GA4] purchase
[2025-10-11 14:47:39] [FACEBOOK] unknown
[2025-10-11 14:47:39] [TIKTOK] unknown
[2025-10-11 14:47:40] [GA4] purchase
[2025-10-11 14:48:03] [FACEBOOK] unknown
[2025-10-11 14:48:03] [TIKTOK] unknown
[2025-10-11 14:48:04] [GA4] purchase
[2025-10-11 18:20:59] [FACEBOOK] unknown
[2025-10-11 18:20:59] [TIKTOK] unknown
[2025-10-11 18:20:59] [GA4] purchase
[2025-10-11 20:51:17] [FACEBOOK] unknown
[2025-10-11 20:51:17] [TIKTOK] unknown
[2025-10-11 20:51:18] [GA4] purchase
[2025-10-12 00:58:54] [FACEBOOK] unknown
[2025-10-12 00:58:54] [TIKTOK] unknown
[2025-10-12 00:58:54] [GA4] begin_checkout
[2025-10-12 00:58:57] [FACEBOOK] unknown
[2025-10-12 00:58:57] [TIKTOK] unknown
[2025-10-12 00:58:57] [GA4] begin_checkout
[2025-10-12 01:41:12] [FACEBOOK] unknown
[2025-10-12 01:41:13] [TIKTOK] unknown
[2025-10-12 01:41:13] [GA4] purchase
[2025-10-12 01:42:31] [FACEBOOK] unknown
[2025-10-12 01:42:31] [TIKTOK] unknown
[2025-10-12 01:42:32] [GA4] purchase
[2025-10-12 01:43:46] [FACEBOOK] unknown
[2025-10-12 01:43:46] [TIKTOK] unknown
[2025-10-12 01:43:46] [GA4] purchase
[2025-10-12 01:44:01] [FACEBOOK] unknown
[2025-10-12 01:44:01] [TIKTOK] unknown
[2025-10-12 01:44:01] [GA4] purchase
[2025-10-12 01:45:31] [FACEBOOK] unknown
[2025-10-12 01:45:31] [TIKTOK] unknown
[2025-10-12 01:45:31] [GA4] purchase
[2025-10-12 01:45:36] [FACEBOOK] unknown
[2025-10-12 01:45:36] [TIKTOK] unknown
[2025-10-12 01:45:36] [GA4] purchase
[2025-10-12 01:48:05] [FACEBOOK] unknown
[2025-10-12 01:48:05] [TIKTOK] unknown
[2025-10-12 01:48:05] [GA4] purchase
[2025-10-12 01:51:21] [FACEBOOK] unknown
[2025-10-12 01:51:22] [TIKTOK] unknown
[2025-10-12 01:51:22] [GA4] purchase
[2025-10-12 01:51:33] [FACEBOOK] unknown
[2025-10-12 01:51:33] [TIKTOK] unknown
[2025-10-12 01:51:33] [GA4] purchase
[2025-10-12 01:53:55] [FACEBOOK] unknown
[2025-10-12 01:53:55] [TIKTOK] unknown
[2025-10-12 01:53:55] [GA4] purchase
[2025-10-12 01:54:04] [FACEBOOK] unknown
[2025-10-12 01:54:04] [TIKTOK] unknown
[2025-10-12 01:54:04] [GA4] purchase
[2025-10-12 04:41:47] [FACEBOOK] unknown
[2025-10-12 04:41:47] [TIKTOK] unknown
[2025-10-12 04:41:47] [GA4] purchase
[2025-10-12 07:19:38] [FACEBOOK] unknown
[2025-10-12 07:19:38] [TIKTOK] unknown
[2025-10-12 07:19:38] [GA4] begin_checkout
[2025-10-12 07:51:54] [FACEBOOK] unknown
[2025-10-12 07:51:54] [TIKTOK] unknown
[2025-10-12 07:51:54] [GA4] purchase
[2025-10-12 12:40:02] [FACEBOOK] unknown
[2025-10-12 12:40:02] [TIKTOK] unknown
[2025-10-12 12:40:03] [GA4] purchase
[2025-10-12 12:40:23] [FACEBOOK] unknown
[2025-10-12 12:40:23] [TIKTOK] unknown
[2025-10-12 12:40:23] [GA4] purchase
[2025-10-12 12:44:19] [FACEBOOK] unknown
[2025-10-12 12:44:20] [TIKTOK] unknown
[2025-10-12 12:44:20] [GA4] purchase
[2025-10-12 12:45:17] [FACEBOOK] unknown
[2025-10-12 12:45:17] [TIKTOK] unknown
[2025-10-12 12:45:17] [GA4] purchase
[2025-10-12 12:45:19] [FACEBOOK] unknown
[2025-10-12 12:45:19] [TIKTOK] unknown
[2025-10-12 12:45:19] [GA4] purchase
[2025-10-12 12:45:39] [FACEBOOK] unknown
[2025-10-12 12:45:39] [TIKTOK] unknown
[2025-10-12 12:45:39] [GA4] purchase
[2025-10-12 12:45:48] [FACEBOOK] unknown
[2025-10-12 12:45:49] [TIKTOK] unknown
[2025-10-12 12:45:49] [GA4] purchase
[2025-10-12 12:46:16] [FACEBOOK] unknown
[2025-10-12 12:46:16] [TIKTOK] unknown
[2025-10-12 12:46:16] [GA4] purchase
[2025-10-12 12:46:25] [FACEBOOK] unknown
[2025-10-12 12:46:26] [TIKTOK] unknown
[2025-10-12 12:46:26] [GA4] purchase
[2025-10-12 12:46:35] [FACEBOOK] unknown
[2025-10-12 12:46:35] [TIKTOK] unknown
[2025-10-12 12:46:35] [GA4] purchase
[2025-10-12 12:49:51] [FACEBOOK] unknown
[2025-10-12 12:49:51] [TIKTOK] unknown
[2025-10-12 12:49:52] [GA4] purchase
[2025-10-12 15:39:26] [FACEBOOK] unknown
[2025-10-12 15:39:26] [TIKTOK] unknown
[2025-10-12 15:39:26] [GA4] purchase
[2025-10-12 18:52:47] [FACEBOOK] unknown
[2025-10-12 18:52:47] [TIKTOK] unknown
[2025-10-12 18:52:47] [GA4] purchase
[2025-10-12 23:46:05] [FACEBOOK] unknown
[2025-10-12 23:46:06] [TIKTOK] unknown
[2025-10-12 23:46:06] [GA4] purchase
[2025-10-12 23:47:56] [FACEBOOK] unknown
[2025-10-12 23:47:56] [TIKTOK] unknown
[2025-10-12 23:47:57] [GA4] purchase
[2025-10-12 23:49:33] [FACEBOOK] unknown
[2025-10-12 23:49:33] [TIKTOK] unknown
[2025-10-12 23:49:33] [GA4] purchase
[2025-10-12 23:49:35] [FACEBOOK] unknown
[2025-10-12 23:49:35] [TIKTOK] unknown
[2025-10-12 23:49:35] [GA4] purchase
[2025-10-12 23:49:50] [FACEBOOK] unknown
[2025-10-12 23:49:50] [TIKTOK] unknown
[2025-10-12 23:49:51] [GA4] purchase
[2025-10-12 23:52:17] [FACEBOOK] unknown
[2025-10-12 23:52:17] [TIKTOK] unknown
[2025-10-12 23:52:17] [GA4] purchase
[2025-10-12 23:52:32] [FACEBOOK] unknown
[2025-10-12 23:52:33] [TIKTOK] unknown
[2025-10-12 23:52:33] [GA4] purchase
[2025-10-12 23:52:42] [FACEBOOK] unknown
[2025-10-12 23:52:42] [TIKTOK] unknown
[2025-10-12 23:52:42] [GA4] purchase
[2025-10-12 23:54:59] [FACEBOOK] unknown
[2025-10-12 23:54:59] [TIKTOK] unknown
[2025-10-12 23:54:59] [GA4] purchase
[2025-10-12 23:55:05] [FACEBOOK] unknown
[2025-10-12 23:55:05] [TIKTOK] unknown
[2025-10-12 23:55:05] [GA4] purchase
[2025-10-13 00:03:34] [FACEBOOK] unknown
[2025-10-13 00:03:35] [TIKTOK] unknown
[2025-10-13 00:03:35] [GA4] purchase
[2025-10-13 01:40:32] [FACEBOOK] unknown
[2025-10-13 01:40:32] [TIKTOK] unknown
[2025-10-13 01:40:33] [GA4] purchase
[2025-10-13 05:49:47] [FACEBOOK] unknown
[2025-10-13 05:49:47] [TIKTOK] unknown
[2025-10-13 05:49:48] [GA4] purchase
[2025-10-13 10:40:26] [FACEBOOK] unknown
[2025-10-13 10:40:26] [TIKTOK] unknown
[2025-10-13 10:40:27] [GA4] purchase
[2025-10-13 10:40:50] [FACEBOOK] unknown
[2025-10-13 10:40:50] [TIKTOK] unknown
[2025-10-13 10:40:51] [GA4] purchase
[2025-10-13 10:44:38] [FACEBOOK] unknown
[2025-10-13 10:44:38] [TIKTOK] unknown
[2025-10-13 10:44:38] [GA4] purchase
[2025-10-13 10:44:42] [FACEBOOK] unknown
[2025-10-13 10:44:42] [TIKTOK] unknown
[2025-10-13 10:44:42] [GA4] purchase
[2025-10-13 10:44:46] [FACEBOOK] unknown
[2025-10-13 10:44:46] [TIKTOK] unknown
[2025-10-13 10:44:46] [GA4] purchase
[2025-10-13 10:44:48] [FACEBOOK] unknown
[2025-10-13 10:44:48] [TIKTOK] unknown
[2025-10-13 10:44:48] [GA4] purchase
[2025-10-13 10:45:03] [FACEBOOK] unknown
[2025-10-13 10:45:04] [TIKTOK] unknown
[2025-10-13 10:45:04] [GA4] purchase
[2025-10-13 10:45:13] [FACEBOOK] unknown
[2025-10-13 10:45:13] [TIKTOK] unknown
[2025-10-13 10:45:14] [GA4] purchase
[2025-10-13 10:45:46] [FACEBOOK] unknown
[2025-10-13 10:45:46] [TIKTOK] unknown
[2025-10-13 10:45:47] [GA4] purchase
[2025-10-13 10:45:59] [FACEBOOK] unknown
[2025-10-13 10:45:59] [TIKTOK] unknown
[2025-10-13 10:45:59] [GA4] purchase
[2025-10-13 10:46:16] [FACEBOOK] unknown
[2025-10-13 10:46:17] [TIKTOK] unknown
[2025-10-13 10:46:17] [GA4] purchase
[2025-10-13 12:40:33] [FACEBOOK] unknown
[2025-10-13 12:40:33] [TIKTOK] unknown
[2025-10-13 12:40:34] [GA4] purchase
[2025-10-13 16:43:27] [FACEBOOK] unknown
[2025-10-13 16:43:27] [TIKTOK] unknown
[2025-10-13 16:43:28] [GA4] purchase
[2025-10-13 21:39:53] [FACEBOOK] unknown
[2025-10-13 21:39:53] [TIKTOK] unknown
[2025-10-13 21:39:54] [GA4] purchase
[2025-10-13 21:40:44] [FACEBOOK] unknown
[2025-10-13 21:40:45] [TIKTOK] unknown
[2025-10-13 21:40:45] [GA4] purchase
[2025-10-13 21:43:36] [FACEBOOK] unknown
[2025-10-13 21:43:36] [TIKTOK] unknown
[2025-10-13 21:43:36] [GA4] purchase
[2025-10-13 21:43:39] [FACEBOOK] unknown
[2025-10-13 21:43:39] [TIKTOK] unknown
[2025-10-13 21:43:39] [GA4] purchase
[2025-10-13 21:44:25] [FACEBOOK] unknown
[2025-10-13 21:44:25] [TIKTOK] unknown
[2025-10-13 21:44:26] [GA4] purchase
[2025-10-13 21:44:41] [FACEBOOK] unknown
[2025-10-13 21:44:41] [TIKTOK] unknown
[2025-10-13 21:44:42] [GA4] purchase
[2025-10-13 21:45:31] [FACEBOOK] unknown
[2025-10-13 21:45:31] [TIKTOK] unknown
[2025-10-13 21:45:31] [GA4] purchase
[2025-10-13 21:45:41] [FACEBOOK] unknown
[2025-10-13 21:45:41] [TIKTOK] unknown
[2025-10-13 21:45:42] [GA4] purchase
[2025-10-13 21:47:03] [FACEBOOK] unknown
[2025-10-13 21:47:03] [TIKTOK] unknown
[2025-10-13 21:47:03] [GA4] purchase
[2025-10-13 21:52:23] [FACEBOOK] unknown
[2025-10-13 21:52:24] [TIKTOK] unknown
[2025-10-13 21:52:24] [GA4] purchase
[2025-10-13 22:30:24] [FACEBOOK] unknown
[2025-10-13 22:30:24] [TIKTOK] unknown
[2025-10-13 22:30:24] [GA4] begin_checkout
[2025-10-13 23:42:54] [FACEBOOK] unknown
[2025-10-13 23:42:55] [TIKTOK] unknown
[2025-10-13 23:42:55] [GA4] purchase
[2025-10-14 03:41:48] [FACEBOOK] unknown
[2025-10-14 03:41:50] [TIKTOK] unknown
[2025-10-14 03:41:50] [GA4] purchase
[2025-10-14 07:44:02] [FACEBOOK] unknown
[2025-10-14 07:44:02] [TIKTOK] unknown
[2025-10-14 07:44:02] [GA4] purchase
[2025-10-14 08:45:46] [FACEBOOK] unknown
[2025-10-14 08:45:47] [TIKTOK] unknown
[2025-10-14 08:45:48] [GA4] purchase
[2025-10-14 08:46:19] [FACEBOOK] unknown
[2025-10-14 08:46:19] [TIKTOK] unknown
[2025-10-14 08:46:20] [GA4] purchase
[2025-10-14 08:47:30] [FACEBOOK] unknown
[2025-10-14 08:47:30] [TIKTOK] unknown
[2025-10-14 08:47:30] [GA4] purchase
[2025-10-14 08:48:44] [FACEBOOK] unknown
[2025-10-14 08:48:44] [TIKTOK] unknown
[2025-10-14 08:48:45] [GA4] purchase
[2025-10-14 09:00:48] [FACEBOOK] unknown
[2025-10-14 09:00:48] [TIKTOK] unknown
[2025-10-14 09:00:49] [GA4] purchase
[2025-10-14 09:01:04] [FACEBOOK] unknown
[2025-10-14 09:01:05] [TIKTOK] unknown
[2025-10-14 09:01:05] [GA4] purchase
[2025-10-14 09:01:09] [FACEBOOK] unknown
[2025-10-14 09:01:09] [TIKTOK] unknown
[2025-10-14 09:01:09] [GA4] purchase
[2025-10-14 09:01:23] [FACEBOOK] unknown
[2025-10-14 09:01:23] [TIKTOK] unknown
[2025-10-14 09:01:23] [GA4] purchase
[2025-10-14 09:01:55] [FACEBOOK] unknown
[2025-10-14 09:01:56] [TIKTOK] unknown
[2025-10-14 09:01:56] [GA4] purchase
[2025-10-14 10:48:59] [FACEBOOK] unknown
[2025-10-14 10:48:59] [TIKTOK] unknown
[2025-10-14 10:48:59] [GA4] purchase
[2025-10-14 14:40:53] [FACEBOOK] unknown
[2025-10-14 14:40:53] [TIKTOK] unknown
[2025-10-14 14:40:54] [GA4] purchase
[2025-10-14 18:41:54] [FACEBOOK] unknown
[2025-10-14 18:41:55] [TIKTOK] unknown
[2025-10-14 18:41:55] [GA4] purchase
[2025-10-14 18:56:00] [FACEBOOK] unknown
[2025-10-14 18:56:01] [TIKTOK] unknown
[2025-10-14 18:56:01] [GA4] purchase
[2025-10-14 19:40:51] [FACEBOOK] unknown
[2025-10-14 19:40:51] [TIKTOK] unknown
[2025-10-14 19:40:51] [GA4] purchase
[2025-10-14 19:41:49] [FACEBOOK] unknown
[2025-10-14 19:41:49] [TIKTOK] unknown
[2025-10-14 19:41:49] [GA4] purchase
[2025-10-14 19:41:58] [FACEBOOK] unknown
[2025-10-14 19:41:58] [TIKTOK] unknown
[2025-10-14 19:41:58] [GA4] purchase
[2025-10-14 19:43:03] [FACEBOOK] unknown
[2025-10-14 19:43:03] [TIKTOK] unknown
[2025-10-14 19:43:03] [GA4] purchase
[2025-10-14 19:43:20] [FACEBOOK] unknown
[2025-10-14 19:43:20] [TIKTOK] unknown
[2025-10-14 19:43:20] [GA4] purchase
[2025-10-14 19:43:28] [FACEBOOK] unknown
[2025-10-14 19:43:28] [TIKTOK] unknown
[2025-10-14 19:43:28] [GA4] purchase
[2025-10-14 19:44:47] [FACEBOOK] unknown
[2025-10-14 19:44:47] [TIKTOK] unknown
[2025-10-14 19:44:48] [GA4] purchase
[2025-10-14 19:45:20] [FACEBOOK] unknown
[2025-10-14 19:45:20] [TIKTOK] unknown
[2025-10-14 19:45:21] [GA4] purchase
[2025-10-14 19:45:25] [FACEBOOK] unknown
[2025-10-14 19:45:25] [TIKTOK] unknown
[2025-10-14 19:45:25] [GA4] purchase
[2025-10-14 21:45:00] [FACEBOOK] unknown
[2025-10-14 21:45:00] [TIKTOK] unknown
[2025-10-14 21:45:00] [GA4] purchase
[2025-10-15 01:41:35] [FACEBOOK] unknown
[2025-10-15 01:41:35] [TIKTOK] unknown
[2025-10-15 01:41:36] [GA4] purchase
[2025-10-15 02:39:35] [FACEBOOK] unknown
[2025-10-15 02:39:35] [TIKTOK] unknown
[2025-10-15 02:39:35] [GA4] purchase
[2025-10-15 05:00:03] [FACEBOOK] unknown
[2025-10-15 05:00:04] [TIKTOK] unknown
[2025-10-15 05:00:05] [GA4] purchase
[2025-10-15 05:46:42] [FACEBOOK] unknown
[2025-10-15 05:46:42] [TIKTOK] unknown
[2025-10-15 05:46:42] [GA4] purchase
[2025-10-15 06:41:39] [FACEBOOK] unknown
[2025-10-15 06:41:39] [TIKTOK] unknown
[2025-10-15 06:41:39] [GA4] purchase
[2025-10-15 06:44:54] [FACEBOOK] unknown
[2025-10-15 06:44:54] [TIKTOK] unknown
[2025-10-15 06:44:54] [GA4] purchase
[2025-10-15 06:54:08] [FACEBOOK] unknown
[2025-10-15 06:54:08] [TIKTOK] unknown
[2025-10-15 06:54:09] [GA4] purchase
[2025-10-15 06:54:10] [FACEBOOK] unknown
[2025-10-15 06:54:10] [TIKTOK] unknown
[2025-10-15 06:54:10] [GA4] purchase
[2025-10-15 06:54:30] [FACEBOOK] unknown
[2025-10-15 06:54:30] [TIKTOK] unknown
[2025-10-15 06:54:30] [GA4] purchase
[2025-10-15 06:55:51] [FACEBOOK] unknown
[2025-10-15 06:55:51] [TIKTOK] unknown
[2025-10-15 06:55:51] [GA4] purchase
[2025-10-15 06:56:14] [FACEBOOK] unknown
[2025-10-15 06:56:14] [TIKTOK] unknown
[2025-10-15 06:56:14] [GA4] purchase
[2025-10-15 06:58:00] [FACEBOOK] unknown
[2025-10-15 06:58:00] [TIKTOK] unknown
[2025-10-15 06:58:01] [GA4] purchase
[2025-10-15 06:58:46] [FACEBOOK] unknown
[2025-10-15 06:58:46] [TIKTOK] unknown
[2025-10-15 06:58:46] [GA4] purchase
[2025-10-15 08:39:50] [FACEBOOK] unknown
[2025-10-15 08:39:50] [TIKTOK] unknown
[2025-10-15 08:39:50] [GA4] purchase
[2025-10-15 12:46:33] [FACEBOOK] unknown
[2025-10-15 12:46:33] [TIKTOK] unknown
[2025-10-15 12:46:34] [GA4] purchase
[2025-10-15 15:52:13] [FACEBOOK] unknown
[2025-10-15 15:52:13] [TIKTOK] unknown
[2025-10-15 15:52:14] [GA4] purchase
[2025-10-15 16:49:41] [FACEBOOK] unknown
[2025-10-15 16:49:42] [TIKTOK] unknown
[2025-10-15 16:49:42] [GA4] purchase
[2025-10-15 17:41:20] [FACEBOOK] unknown
[2025-10-15 17:41:21] [TIKTOK] unknown
[2025-10-15 17:41:21] [GA4] purchase
[2025-10-15 17:46:44] [FACEBOOK] unknown
[2025-10-15 17:46:44] [TIKTOK] unknown
[2025-10-15 17:46:44] [GA4] purchase
[2025-10-15 17:46:46] [FACEBOOK] unknown
[2025-10-15 17:46:46] [TIKTOK] unknown
[2025-10-15 17:46:46] [GA4] purchase
[2025-10-15 17:47:11] [FACEBOOK] unknown
[2025-10-15 17:47:12] [TIKTOK] unknown
[2025-10-15 17:47:12] [GA4] purchase
[2025-10-15 17:47:29] [FACEBOOK] unknown
[2025-10-15 17:47:30] [TIKTOK] unknown
[2025-10-15 17:47:30] [GA4] purchase
[2025-10-15 17:47:45] [FACEBOOK] unknown
[2025-10-15 17:47:46] [TIKTOK] unknown
[2025-10-15 17:47:46] [GA4] purchase
[2025-10-15 17:48:21] [FACEBOOK] unknown
[2025-10-15 17:48:21] [TIKTOK] unknown
[2025-10-15 17:48:22] [GA4] purchase
[2025-10-15 17:48:32] [FACEBOOK] unknown
[2025-10-15 17:48:32] [TIKTOK] unknown
[2025-10-15 17:48:33] [GA4] purchase
[2025-10-15 18:49:46] [FACEBOOK] unknown
[2025-10-15 18:49:46] [TIKTOK] unknown
[2025-10-15 18:49:47] [GA4] purchase
[2025-10-15 23:50:33] [FACEBOOK] unknown
[2025-10-15 23:50:33] [TIKTOK] unknown
[2025-10-15 23:50:34] [GA4] purchase
[2025-10-16 00:37:40] [FACEBOOK] unknown
[2025-10-16 00:37:40] [TIKTOK] unknown
[2025-10-16 00:37:40] [GA4] begin_checkout
[2025-10-16 02:40:39] [FACEBOOK] unknown
[2025-10-16 02:40:40] [TIKTOK] unknown
[2025-10-16 02:40:40] [GA4] purchase
[2025-10-16 03:50:45] [FACEBOOK] unknown
[2025-10-16 03:50:46] [TIKTOK] unknown
[2025-10-16 03:50:46] [GA4] purchase
[2025-10-16 04:46:37] [FACEBOOK] unknown
[2025-10-16 04:46:38] [TIKTOK] unknown
[2025-10-16 04:46:38] [GA4] purchase
[2025-10-16 04:48:24] [FACEBOOK] unknown
[2025-10-16 04:48:24] [TIKTOK] unknown
[2025-10-16 04:48:24] [FACEBOOK] unknown
[2025-10-16 04:48:24] [GA4] purchase
[2025-10-16 04:48:24] [TIKTOK] unknown
[2025-10-16 04:48:25] [GA4] purchase
[2025-10-16 04:49:03] [FACEBOOK] unknown
[2025-10-16 04:49:04] [TIKTOK] unknown
[2025-10-16 04:49:04] [GA4] purchase
[2025-10-16 04:49:34] [FACEBOOK] unknown
[2025-10-16 04:49:34] [TIKTOK] unknown
[2025-10-16 04:49:34] [GA4] purchase
[2025-10-16 04:50:46] [FACEBOOK] unknown
[2025-10-16 04:50:46] [TIKTOK] unknown
[2025-10-16 04:50:47] [GA4] purchase
[2025-10-16 04:51:47] [FACEBOOK] unknown
[2025-10-16 04:51:47] [TIKTOK] unknown
[2025-10-16 04:51:48] [GA4] purchase
[2025-10-16 04:57:58] [FACEBOOK] unknown
[2025-10-16 04:57:58] [TIKTOK] unknown
[2025-10-16 04:57:58] [GA4] purchase
[2025-10-16 05:43:47] [FACEBOOK] unknown
[2025-10-16 05:43:47] [TIKTOK] unknown
[2025-10-16 05:43:47] [GA4] purchase
[2025-10-16 10:50:38] [FACEBOOK] unknown
[2025-10-16 10:50:38] [TIKTOK] unknown
[2025-10-16 10:50:39] [GA4] purchase
[2025-10-16 13:41:31] [FACEBOOK] unknown
[2025-10-16 13:41:32] [TIKTOK] unknown
[2025-10-16 13:41:32] [GA4] purchase
[2025-10-16 14:44:32] [FACEBOOK] unknown
[2025-10-16 14:44:33] [TIKTOK] unknown
[2025-10-16 14:44:33] [GA4] purchase
[2025-10-16 15:41:46] [FACEBOOK] unknown
[2025-10-16 15:41:46] [TIKTOK] unknown
[2025-10-16 15:41:47] [GA4] purchase
[2025-10-16 15:43:39] [FACEBOOK] unknown
[2025-10-16 15:43:40] [TIKTOK] unknown
[2025-10-16 15:43:40] [GA4] purchase
[2025-10-16 15:43:42] [FACEBOOK] unknown
[2025-10-16 15:43:42] [TIKTOK] unknown
[2025-10-16 15:43:42] [GA4] purchase
[2025-10-16 15:51:12] [FACEBOOK] unknown
[2025-10-16 15:51:12] [TIKTOK] unknown
[2025-10-16 15:51:12] [GA4] purchase
[2025-10-16 15:52:35] [FACEBOOK] unknown
[2025-10-16 15:52:35] [TIKTOK] unknown
[2025-10-16 15:52:35] [GA4] purchase
[2025-10-16 16:00:15] [FACEBOOK] unknown
[2025-10-16 16:00:15] [TIKTOK] unknown
[2025-10-16 16:00:15] [GA4] purchase
[2025-10-16 16:00:28] [FACEBOOK] unknown
[2025-10-16 16:00:28] [TIKTOK] unknown
[2025-10-16 16:00:28] [GA4] purchase
[2025-10-16 16:00:42] [FACEBOOK] unknown
[2025-10-16 16:00:43] [TIKTOK] unknown
[2025-10-16 16:00:43] [GA4] purchase
[2025-10-16 16:46:43] [FACEBOOK] unknown
[2025-10-16 16:46:44] [TIKTOK] unknown
[2025-10-16 16:46:44] [GA4] purchase
[2025-10-16 18:56:53] [FACEBOOK] unknown
[2025-10-16 18:56:53] [TIKTOK] unknown
[2025-10-16 18:56:53] [GA4] purchase
[2025-10-16 19:56:03] [FACEBOOK] unknown
[2025-10-16 19:56:03] [TIKTOK] unknown
[2025-10-16 19:56:04] [GA4] purchase
[2025-10-16 21:43:02] [FACEBOOK] unknown
[2025-10-16 21:43:02] [TIKTOK] unknown
[2025-10-16 21:43:02] [GA4] purchase
[2025-10-17 00:40:33] [FACEBOOK] unknown
[2025-10-17 00:40:34] [TIKTOK] unknown
[2025-10-17 00:40:34] [GA4] purchase
[2025-10-17 01:52:48] [FACEBOOK] unknown
[2025-10-17 01:52:48] [TIKTOK] unknown
[2025-10-17 01:52:48] [GA4] purchase
[2025-10-17 02:47:31] [FACEBOOK] unknown
[2025-10-17 02:47:31] [TIKTOK] unknown
[2025-10-17 02:47:31] [GA4] purchase
[2025-10-17 02:48:10] [FACEBOOK] unknown
[2025-10-17 02:48:10] [TIKTOK] unknown
[2025-10-17 02:48:11] [GA4] purchase
[2025-10-17 02:48:12] [FACEBOOK] unknown
[2025-10-17 02:48:12] [TIKTOK] unknown
[2025-10-17 02:48:12] [GA4] purchase
[2025-10-17 02:48:37] [FACEBOOK] unknown
[2025-10-17 02:48:37] [TIKTOK] unknown
[2025-10-17 02:48:38] [GA4] purchase
[2025-10-17 02:48:48] [FACEBOOK] unknown
[2025-10-17 02:48:49] [TIKTOK] unknown
[2025-10-17 02:48:49] [GA4] purchase
[2025-10-17 02:51:20] [FACEBOOK] unknown
[2025-10-17 02:51:20] [TIKTOK] unknown
[2025-10-17 02:51:21] [GA4] purchase
[2025-10-17 02:51:37] [FACEBOOK] unknown
[2025-10-17 02:51:37] [TIKTOK] unknown
[2025-10-17 02:51:38] [GA4] purchase
[2025-10-17 02:53:57] [FACEBOOK] unknown
[2025-10-17 02:53:57] [TIKTOK] unknown
[2025-10-17 02:53:58] [GA4] purchase
[2025-10-17 03:40:05] [FACEBOOK] unknown
[2025-10-17 03:40:05] [TIKTOK] unknown
[2025-10-17 03:40:05] [GA4] purchase
[2025-10-17 05:46:27] [FACEBOOK] unknown
[2025-10-17 05:46:27] [TIKTOK] unknown
[2025-10-17 05:46:28] [GA4] purchase
[2025-10-17 07:55:33] [FACEBOOK] unknown
[2025-10-17 07:55:34] [TIKTOK] unknown
[2025-10-17 07:55:34] [GA4] purchase
[2025-10-17 11:43:21] [FACEBOOK] unknown
[2025-10-17 11:43:22] [TIKTOK] unknown
[2025-10-17 11:43:22] [GA4] purchase
[2025-10-17 12:42:27] [FACEBOOK] unknown
[2025-10-17 12:42:27] [TIKTOK] unknown
[2025-10-17 12:42:27] [GA4] purchase
[2025-10-17 13:40:42] [FACEBOOK] unknown
[2025-10-17 13:40:42] [TIKTOK] unknown
[2025-10-17 13:40:42] [GA4] purchase
[2025-10-17 13:41:55] [FACEBOOK] unknown
[2025-10-17 13:41:55] [TIKTOK] unknown
[2025-10-17 13:41:56] [GA4] purchase
[2025-10-17 13:41:57] [FACEBOOK] unknown
[2025-10-17 13:41:57] [TIKTOK] unknown
[2025-10-17 13:41:58] [GA4] purchase
[2025-10-17 13:43:01] [FACEBOOK] unknown
[2025-10-17 13:43:02] [TIKTOK] unknown
[2025-10-17 13:43:02] [GA4] purchase
[2025-10-17 13:43:25] [FACEBOOK] unknown
[2025-10-17 13:43:25] [TIKTOK] unknown
[2025-10-17 13:43:25] [GA4] purchase
[2025-10-17 13:44:30] [FACEBOOK] unknown
[2025-10-17 13:44:30] [TIKTOK] unknown
[2025-10-17 13:44:30] [GA4] purchase
[2025-10-17 13:45:45] [FACEBOOK] unknown
[2025-10-17 13:45:46] [TIKTOK] unknown
[2025-10-17 13:45:46] [GA4] purchase
[2025-10-17 13:50:05] [FACEBOOK] unknown
[2025-10-17 13:50:06] [TIKTOK] unknown
[2025-10-17 13:50:06] [GA4] purchase
[2025-10-17 14:39:37] [FACEBOOK] unknown
[2025-10-17 14:39:37] [TIKTOK] unknown
[2025-10-17 14:39:38] [GA4] purchase
[2025-10-17 16:51:14] [FACEBOOK] unknown
[2025-10-17 16:51:15] [TIKTOK] unknown
[2025-10-17 16:51:15] [GA4] purchase
[2025-10-17 19:00:18] [FACEBOOK] unknown
[2025-10-17 19:00:18] [TIKTOK] unknown
[2025-10-17 19:00:18] [GA4] purchase
[2025-10-17 22:40:29] [FACEBOOK] unknown
[2025-10-17 22:40:29] [TIKTOK] unknown
[2025-10-17 22:40:29] [GA4] purchase
[2025-10-17 23:59:44] [FACEBOOK] unknown
[2025-10-17 23:59:45] [TIKTOK] unknown
[2025-10-17 23:59:45] [GA4] purchase
[2025-10-18 00:43:57] [FACEBOOK] unknown
[2025-10-18 00:43:57] [TIKTOK] unknown
[2025-10-18 00:43:58] [GA4] purchase
[2025-10-18 00:47:11] [FACEBOOK] unknown
[2025-10-18 00:47:11] [TIKTOK] unknown
[2025-10-18 00:47:11] [GA4] purchase
[2025-10-18 00:53:57] [FACEBOOK] unknown
[2025-10-18 00:53:58] [TIKTOK] unknown
[2025-10-18 00:53:58] [GA4] purchase
[2025-10-18 00:56:13] [FACEBOOK] unknown
[2025-10-18 00:56:14] [TIKTOK] unknown
[2025-10-18 00:56:14] [GA4] purchase
[2025-10-18 00:57:39] [FACEBOOK] unknown
[2025-10-18 00:57:39] [TIKTOK] unknown
[2025-10-18 00:57:40] [GA4] purchase
[2025-10-18 01:22:28] [FACEBOOK] unknown
[2025-10-18 01:22:29] [TIKTOK] unknown
[2025-10-18 01:22:29] [GA4] purchase
[2025-10-18 01:22:38] [FACEBOOK] unknown
[2025-10-18 01:22:38] [TIKTOK] unknown
[2025-10-18 01:22:39] [GA4] purchase
[2025-10-18 01:23:08] [FACEBOOK] unknown
[2025-10-18 01:23:08] [TIKTOK] unknown
[2025-10-18 01:23:08] [GA4] purchase
[2025-10-18 01:23:26] [FACEBOOK] unknown
[2025-10-18 01:23:26] [TIKTOK] unknown
[2025-10-18 01:23:26] [GA4] purchase
[2025-10-18 02:21:00] [FACEBOOK] unknown
[2025-10-18 02:21:00] [TIKTOK] unknown
[2025-10-18 02:21:00] [GA4] begin_checkout
[2025-10-18 03:44:04] [FACEBOOK] unknown
[2025-10-18 03:44:04] [TIKTOK] unknown
[2025-10-18 03:44:04] [GA4] purchase
[2025-10-18 05:55:13] [FACEBOOK] unknown
[2025-10-18 05:55:13] [TIKTOK] unknown
[2025-10-18 05:55:13] [GA4] purchase
[2025-10-18 09:44:40] [FACEBOOK] unknown
[2025-10-18 09:44:41] [TIKTOK] unknown
[2025-10-18 09:44:41] [GA4] purchase
[2025-10-18 10:45:24] [FACEBOOK] unknown
[2025-10-18 10:45:24] [TIKTOK] unknown
[2025-10-18 10:45:25] [GA4] purchase
[2025-10-18 11:39:36] [FACEBOOK] unknown
[2025-10-18 11:39:36] [TIKTOK] unknown
[2025-10-18 11:39:36] [GA4] purchase
[2025-10-18 11:40:01] [FACEBOOK] unknown
[2025-10-18 11:40:02] [TIKTOK] unknown
[2025-10-18 11:40:02] [GA4] purchase
[2025-10-18 11:48:42] [FACEBOOK] unknown
[2025-10-18 11:48:42] [TIKTOK] unknown
[2025-10-18 11:48:42] [GA4] purchase
[2025-10-18 11:51:49] [FACEBOOK] unknown
[2025-10-18 11:51:50] [TIKTOK] unknown
[2025-10-18 11:51:50] [GA4] purchase
[2025-10-18 11:51:52] [FACEBOOK] unknown
[2025-10-18 11:51:52] [TIKTOK] unknown
[2025-10-18 11:51:53] [GA4] purchase
[2025-10-18 11:55:16] [FACEBOOK] unknown
[2025-10-18 11:55:17] [TIKTOK] unknown
[2025-10-18 11:55:17] [GA4] purchase
[2025-10-18 11:55:20] [FACEBOOK] unknown
[2025-10-18 11:55:20] [TIKTOK] unknown
[2025-10-18 11:55:21] [GA4] purchase
[2025-10-18 11:58:59] [FACEBOOK] unknown
[2025-10-18 11:58:59] [FACEBOOK] unknown
[2025-10-18 11:58:59] [TIKTOK] unknown
[2025-10-18 11:59:00] [TIKTOK] unknown
[2025-10-18 11:59:00] [GA4] purchase
[2025-10-18 11:59:00] [GA4] purchase
[2025-10-18 14:46:00] [FACEBOOK] unknown
[2025-10-18 14:46:00] [TIKTOK] unknown
[2025-10-18 14:46:01] [GA4] purchase
[2025-10-18 16:51:37] [FACEBOOK] unknown
[2025-10-18 16:51:38] [TIKTOK] unknown
[2025-10-18 16:51:38] [GA4] purchase
[2025-10-18 20:46:38] [FACEBOOK] unknown
[2025-10-18 20:46:39] [TIKTOK] unknown
[2025-10-18 20:46:39] [GA4] purchase
[2025-10-18 21:45:08] [FACEBOOK] unknown
[2025-10-18 21:45:08] [TIKTOK] unknown
[2025-10-18 21:45:09] [GA4] purchase
[2025-10-18 22:44:32] [FACEBOOK] unknown
[2025-10-18 22:44:32] [TIKTOK] unknown
[2025-10-18 22:44:33] [GA4] purchase
[2025-10-18 22:44:53] [FACEBOOK] unknown
[2025-10-18 22:44:53] [TIKTOK] unknown
[2025-10-18 22:44:54] [GA4] purchase
[2025-10-18 22:47:02] [FACEBOOK] unknown
[2025-10-18 22:47:02] [TIKTOK] unknown
[2025-10-18 22:47:02] [GA4] purchase
[2025-10-18 22:47:05] [FACEBOOK] unknown
[2025-10-18 22:47:05] [TIKTOK] unknown
[2025-10-18 22:47:05] [GA4] purchase
[2025-10-18 22:47:20] [FACEBOOK] unknown
[2025-10-18 22:47:21] [TIKTOK] unknown
[2025-10-18 22:47:21] [GA4] purchase
[2025-10-18 22:47:24] [FACEBOOK] unknown
[2025-10-18 22:47:25] [TIKTOK] unknown
[2025-10-18 22:47:25] [GA4] purchase
[2025-10-18 22:56:48] [FACEBOOK] unknown
[2025-10-18 22:56:48] [TIKTOK] unknown
[2025-10-18 22:56:48] [GA4] purchase
[2025-10-18 22:56:53] [FACEBOOK] unknown
[2025-10-18 22:56:53] [TIKTOK] unknown
[2025-10-18 22:56:54] [GA4] purchase
[2025-10-18 22:57:02] [FACEBOOK] unknown
[2025-10-18 22:57:02] [TIKTOK] unknown
[2025-10-18 22:57:02] [GA4] purchase
[2025-10-19 00:59:05] [FACEBOOK] unknown
[2025-10-19 00:59:05] [TIKTOK] unknown
[2025-10-19 00:59:05] [GA4] purchase
[2025-10-19 01:31:22] [FACEBOOK] unknown
[2025-10-19 01:31:22] [TIKTOK] unknown
[2025-10-19 01:31:22] [GA4] begin_checkout
[2025-10-19 03:49:45] [FACEBOOK] unknown
[2025-10-19 03:49:46] [TIKTOK] unknown
[2025-10-19 03:49:46] [GA4] purchase
[2025-10-19 07:41:20] [FACEBOOK] unknown
[2025-10-19 07:41:21] [TIKTOK] unknown
[2025-10-19 07:41:21] [GA4] purchase
[2025-10-19 08:42:20] [FACEBOOK] unknown
[2025-10-19 08:42:20] [TIKTOK] unknown
[2025-10-19 08:42:20] [GA4] purchase
[2025-10-19 09:41:16] [FACEBOOK] unknown
[2025-10-19 09:41:16] [TIKTOK] unknown
[2025-10-19 09:41:16] [GA4] purchase
[2025-10-19 09:41:33] [FACEBOOK] unknown
[2025-10-19 09:41:33] [TIKTOK] unknown
[2025-10-19 09:41:34] [GA4] purchase
[2025-10-19 09:42:22] [FACEBOOK] unknown
[2025-10-19 09:42:22] [TIKTOK] unknown
[2025-10-19 09:42:22] [GA4] purchase
[2025-10-19 09:49:54] [FACEBOOK] unknown
[2025-10-19 09:49:54] [TIKTOK] unknown
[2025-10-19 09:49:55] [GA4] purchase
[2025-10-19 09:52:30] [FACEBOOK] unknown
[2025-10-19 09:52:30] [TIKTOK] unknown
[2025-10-19 09:52:30] [GA4] purchase
[2025-10-19 09:52:38] [FACEBOOK] unknown
[2025-10-19 09:52:38] [TIKTOK] unknown
[2025-10-19 09:52:38] [GA4] purchase
[2025-10-19 09:52:42] [FACEBOOK] unknown
[2025-10-19 09:52:42] [TIKTOK] unknown
[2025-10-19 09:52:42] [GA4] purchase
[2025-10-19 09:55:47] [FACEBOOK] unknown
[2025-10-19 09:55:47] [TIKTOK] unknown
[2025-10-19 09:55:47] [GA4] purchase
[2025-10-19 09:55:51] [FACEBOOK] unknown
[2025-10-19 09:55:51] [TIKTOK] unknown
[2025-10-19 09:55:52] [GA4] purchase
[2025-10-19 11:51:39] [FACEBOOK] unknown
[2025-10-19 11:51:40] [TIKTOK] unknown
[2025-10-19 11:51:40] [GA4] purchase
[2025-10-19 14:48:45] [FACEBOOK] unknown
[2025-10-19 14:48:45] [TIKTOK] unknown
[2025-10-19 14:48:45] [GA4] purchase
[2025-10-19 18:30:31] [FACEBOOK] unknown
[2025-10-19 18:30:31] [TIKTOK] unknown
[2025-10-19 18:30:31] [GA4] begin_checkout
[2025-10-19 18:39:56] [FACEBOOK] unknown
[2025-10-19 18:39:56] [TIKTOK] unknown
[2025-10-19 18:39:56] [GA4] purchase
[2025-10-19 19:44:44] [FACEBOOK] unknown
[2025-10-19 19:44:44] [TIKTOK] unknown
[2025-10-19 19:44:44] [GA4] purchase
[2025-10-19 20:40:21] [FACEBOOK] unknown
[2025-10-19 20:40:21] [TIKTOK] unknown
[2025-10-19 20:40:22] [GA4] purchase
[2025-10-19 20:40:47] [FACEBOOK] unknown
[2025-10-19 20:40:47] [TIKTOK] unknown
[2025-10-19 20:40:47] [GA4] purchase
[2025-10-19 20:41:27] [FACEBOOK] unknown
[2025-10-19 20:41:27] [TIKTOK] unknown
[2025-10-19 20:41:27] [GA4] purchase
[2025-10-19 20:43:40] [FACEBOOK] unknown
[2025-10-19 20:43:40] [TIKTOK] unknown
[2025-10-19 20:43:40] [GA4] purchase
[2025-10-19 20:50:05] [FACEBOOK] unknown
[2025-10-19 20:50:05] [TIKTOK] unknown
[2025-10-19 20:50:06] [GA4] purchase
[2025-10-19 20:51:02] [FACEBOOK] unknown
[2025-10-19 20:51:02] [TIKTOK] unknown
[2025-10-19 20:51:02] [GA4] purchase
[2025-10-19 20:51:10] [FACEBOOK] unknown
[2025-10-19 20:51:10] [TIKTOK] unknown
[2025-10-19 20:51:10] [GA4] purchase
[2025-10-19 20:51:24] [FACEBOOK] unknown
[2025-10-19 20:51:24] [TIKTOK] unknown
[2025-10-19 20:51:24] [GA4] purchase
[2025-10-19 20:52:02] [FACEBOOK] unknown
[2025-10-19 20:52:02] [TIKTOK] unknown
[2025-10-19 20:52:02] [GA4] purchase
[2025-10-19 21:18:54] [FACEBOOK] unknown
[2025-10-19 21:18:54] [TIKTOK] unknown
[2025-10-19 21:18:54] [GA4] begin_checkout
[2025-10-19 22:57:34] [FACEBOOK] unknown
[2025-10-19 22:57:34] [TIKTOK] unknown
[2025-10-19 22:57:35] [GA4] purchase
[2025-10-20 01:48:02] [FACEBOOK] unknown
[2025-10-20 01:48:02] [TIKTOK] unknown
[2025-10-20 01:48:03] [GA4] purchase
[2025-10-20 05:49:11] [FACEBOOK] unknown
[2025-10-20 05:49:11] [TIKTOK] unknown
[2025-10-20 05:49:11] [GA4] purchase
[2025-10-20 06:14:43] [FACEBOOK] unknown
[2025-10-20 06:14:43] [TIKTOK] unknown
[2025-10-20 06:14:43] [GA4] begin_checkout
[2025-10-20 06:40:28] [FACEBOOK] unknown
[2025-10-20 06:40:28] [TIKTOK] unknown
[2025-10-20 06:40:28] [GA4] purchase
[2025-10-20 07:39:28] [FACEBOOK] unknown
[2025-10-20 07:39:29] [TIKTOK] unknown
[2025-10-20 07:39:29] [GA4] purchase
[2025-10-20 07:39:52] [FACEBOOK] unknown
[2025-10-20 07:39:52] [TIKTOK] unknown
[2025-10-20 07:39:52] [GA4] purchase
[2025-10-20 07:41:28] [FACEBOOK] unknown
[2025-10-20 07:41:28] [TIKTOK] unknown
[2025-10-20 07:41:28] [GA4] purchase
[2025-10-20 07:41:53] [FACEBOOK] unknown
[2025-10-20 07:41:53] [TIKTOK] unknown
[2025-10-20 07:41:53] [GA4] purchase
[2025-10-20 07:41:54] [FACEBOOK] unknown
[2025-10-20 07:41:54] [TIKTOK] unknown
[2025-10-20 07:41:55] [GA4] purchase
[2025-10-20 07:45:38] [FACEBOOK] unknown
[2025-10-20 07:45:38] [TIKTOK] unknown
[2025-10-20 07:45:39] [GA4] purchase
[2025-10-20 07:45:52] [FACEBOOK] unknown
[2025-10-20 07:45:53] [TIKTOK] unknown
[2025-10-20 07:45:53] [GA4] purchase
[2025-10-20 07:45:57] [FACEBOOK] unknown
[2025-10-20 07:45:57] [TIKTOK] unknown
[2025-10-20 07:45:57] [GA4] purchase
[2025-10-20 07:46:36] [FACEBOOK] unknown
[2025-10-20 07:46:36] [TIKTOK] unknown
[2025-10-20 07:46:37] [GA4] purchase
[2025-10-20 09:45:56] [FACEBOOK] unknown
[2025-10-20 09:45:57] [TIKTOK] unknown
[2025-10-20 09:45:57] [GA4] purchase
[2025-10-20 10:47:46] [FACEBOOK] unknown
[2025-10-20 10:47:46] [TIKTOK] unknown
[2025-10-20 10:47:46] [GA4] begin_checkout
[2025-10-20 11:00:08] [FACEBOOK] unknown
[2025-10-20 11:00:08] [TIKTOK] unknown
[2025-10-20 11:00:08] [GA4] begin_checkout
[2025-10-20 11:07:53] [FACEBOOK] unknown
[2025-10-20 11:07:53] [TIKTOK] unknown
[2025-10-20 11:07:53] [GA4] begin_checkout
[2025-10-20 11:15:30] [FACEBOOK] unknown
[2025-10-20 11:15:30] [TIKTOK] unknown
[2025-10-20 11:15:30] [GA4] begin_checkout
[2025-10-20 11:23:45] [FACEBOOK] unknown
[2025-10-20 11:23:45] [TIKTOK] unknown
[2025-10-20 11:23:45] [GA4] begin_checkout
[2025-10-20 11:31:34] [FACEBOOK] unknown
[2025-10-20 11:31:34] [TIKTOK] unknown
[2025-10-20 11:31:34] [GA4] begin_checkout
[2025-10-20 11:39:21] [FACEBOOK] unknown
[2025-10-20 11:39:21] [TIKTOK] unknown
[2025-10-20 11:39:21] [GA4] begin_checkout
[2025-10-20 11:48:27] [FACEBOOK] unknown
[2025-10-20 11:48:27] [TIKTOK] unknown
[2025-10-20 11:48:27] [GA4] begin_checkout
[2025-10-20 11:56:02] [FACEBOOK] unknown
[2025-10-20 11:56:02] [TIKTOK] unknown
[2025-10-20 11:56:02] [GA4] begin_checkout
[2025-10-20 12:03:40] [FACEBOOK] unknown
[2025-10-20 12:03:40] [TIKTOK] unknown
[2025-10-20 12:03:40] [GA4] begin_checkout
[2025-10-20 12:11:24] [FACEBOOK] unknown
[2025-10-20 12:11:24] [TIKTOK] unknown
[2025-10-20 12:11:24] [GA4] begin_checkout
[2025-10-20 12:19:01] [FACEBOOK] unknown
[2025-10-20 12:19:01] [TIKTOK] unknown
[2025-10-20 12:19:01] [GA4] begin_checkout
[2025-10-20 12:26:41] [FACEBOOK] unknown
[2025-10-20 12:26:41] [TIKTOK] unknown
[2025-10-20 12:26:41] [GA4] begin_checkout
[2025-10-20 12:34:18] [FACEBOOK] unknown
[2025-10-20 12:34:18] [TIKTOK] unknown
[2025-10-20 12:34:18] [GA4] begin_checkout
[2025-10-20 12:40:24] [FACEBOOK] unknown
[2025-10-20 12:40:24] [TIKTOK] unknown
[2025-10-20 12:40:24] [GA4] purchase
[2025-10-20 12:42:49] [FACEBOOK] unknown
[2025-10-20 12:42:49] [TIKTOK] unknown
[2025-10-20 12:42:49] [GA4] begin_checkout
[2025-10-20 15:23:21] [FACEBOOK] unknown
[2025-10-20 15:23:21] [TIKTOK] unknown
[2025-10-20 15:23:21] [GA4] begin_checkout
[2025-10-20 16:39:49] [FACEBOOK] unknown
[2025-10-20 16:39:49] [TIKTOK] unknown
[2025-10-20 16:39:49] [GA4] purchase
[2025-10-20 17:41:35] [FACEBOOK] unknown
[2025-10-20 17:41:35] [TIKTOK] unknown
[2025-10-20 17:41:35] [GA4] purchase
[2025-10-20 18:39:36] [FACEBOOK] unknown
[2025-10-20 18:39:37] [TIKTOK] unknown
[2025-10-20 18:39:37] [GA4] purchase
[2025-10-20 18:41:02] [FACEBOOK] unknown
[2025-10-20 18:41:02] [TIKTOK] unknown
[2025-10-20 18:41:02] [GA4] purchase
[2025-10-20 18:42:39] [FACEBOOK] unknown
[2025-10-20 18:42:39] [TIKTOK] unknown
[2025-10-20 18:42:39] [GA4] purchase
[2025-10-20 18:43:51] [FACEBOOK] unknown
[2025-10-20 18:43:52] [TIKTOK] unknown
[2025-10-20 18:43:52] [GA4] purchase
[2025-10-20 18:43:53] [FACEBOOK] unknown
[2025-10-20 18:43:53] [TIKTOK] unknown
[2025-10-20 18:43:53] [GA4] purchase
[2025-10-20 18:44:43] [FACEBOOK] unknown
[2025-10-20 18:44:43] [TIKTOK] unknown
[2025-10-20 18:44:43] [GA4] purchase
[2025-10-20 18:44:48] [FACEBOOK] unknown
[2025-10-20 18:44:49] [TIKTOK] unknown
[2025-10-20 18:44:49] [GA4] purchase
[2025-10-20 18:45:44] [FACEBOOK] unknown
[2025-10-20 18:45:44] [TIKTOK] unknown
[2025-10-20 18:45:45] [GA4] purchase
[2025-10-20 18:45:51] [FACEBOOK] unknown
[2025-10-20 18:45:52] [TIKTOK] unknown
[2025-10-20 18:45:52] [GA4] purchase
[2025-10-20 19:43:12] [FACEBOOK] unknown
[2025-10-20 19:43:12] [TIKTOK] unknown
[2025-10-20 19:43:12] [GA4] begin_checkout
[2025-10-20 19:44:14] [FACEBOOK] unknown
[2025-10-20 19:44:15] [TIKTOK] unknown
[2025-10-20 19:44:15] [GA4] begin_checkout
[2025-10-20 20:42:42] [FACEBOOK] unknown
[2025-10-20 20:42:42] [TIKTOK] unknown
[2025-10-20 20:42:42] [GA4] purchase
[2025-10-20 23:42:39] [FACEBOOK] unknown
[2025-10-20 23:42:40] [TIKTOK] unknown
[2025-10-20 23:42:40] [GA4] purchase
[2025-10-20 23:57:57] [FACEBOOK] unknown
[2025-10-20 23:57:57] [TIKTOK] unknown
[2025-10-20 23:57:57] [GA4] begin_checkout
[2025-10-21 03:39:44] [FACEBOOK] unknown
[2025-10-21 03:39:44] [TIKTOK] unknown
[2025-10-21 03:39:45] [GA4] purchase
[2025-10-21 04:17:15] [FACEBOOK] unknown
[2025-10-21 04:17:15] [TIKTOK] unknown
[2025-10-21 04:17:15] [GA4] begin_checkout
[2025-10-21 04:40:56] [FACEBOOK] unknown
[2025-10-21 04:40:56] [TIKTOK] unknown
[2025-10-21 04:40:56] [GA4] purchase
[2025-10-21 05:39:44] [FACEBOOK] unknown
[2025-10-21 05:39:44] [TIKTOK] unknown
[2025-10-21 05:39:44] [GA4] purchase
[2025-10-21 05:40:50] [FACEBOOK] unknown
[2025-10-21 05:40:51] [TIKTOK] unknown
[2025-10-21 05:40:51] [GA4] purchase
[2025-10-21 05:42:54] [FACEBOOK] unknown
[2025-10-21 05:42:55] [TIKTOK] unknown
[2025-10-21 05:42:55] [FACEBOOK] unknown
[2025-10-21 05:42:55] [GA4] purchase
[2025-10-21 05:42:55] [TIKTOK] unknown
[2025-10-21 05:42:55] [GA4] purchase
[2025-10-21 05:44:46] [FACEBOOK] unknown
[2025-10-21 05:44:46] [TIKTOK] unknown
[2025-10-21 05:44:47] [GA4] purchase
[2025-10-21 05:45:00] [FACEBOOK] unknown
[2025-10-21 05:45:00] [TIKTOK] unknown
[2025-10-21 05:45:01] [GA4] purchase
[2025-10-21 05:48:35] [FACEBOOK] unknown
[2025-10-21 05:48:35] [TIKTOK] unknown
[2025-10-21 05:48:35] [GA4] purchase
[2025-10-21 05:49:27] [FACEBOOK] unknown
[2025-10-21 05:49:27] [TIKTOK] unknown
[2025-10-21 05:49:27] [GA4] purchase
[2025-10-21 05:49:33] [FACEBOOK] unknown
[2025-10-21 05:49:34] [TIKTOK] unknown
[2025-10-21 05:49:34] [GA4] purchase
[2025-10-21 07:45:33] [FACEBOOK] unknown
[2025-10-21 07:45:33] [TIKTOK] unknown
[2025-10-21 07:45:33] [GA4] purchase
[2025-10-21 08:24:53] [FACEBOOK] unknown
[2025-10-21 08:24:53] [TIKTOK] unknown
[2025-10-21 08:24:53] [GA4] begin_checkout
[2025-10-21 10:42:24] [FACEBOOK] unknown
[2025-10-21 10:42:25] [TIKTOK] unknown
[2025-10-21 10:42:25] [GA4] purchase
[2025-10-21 12:36:09] [FACEBOOK] unknown
[2025-10-21 12:36:09] [TIKTOK] unknown
[2025-10-21 12:36:09] [GA4] begin_checkout
[2025-10-21 14:39:56] [FACEBOOK] unknown
[2025-10-21 14:39:56] [TIKTOK] unknown
[2025-10-21 14:39:57] [GA4] purchase
[2025-10-21 15:41:32] [FACEBOOK] unknown
[2025-10-21 15:41:33] [TIKTOK] unknown
[2025-10-21 15:41:33] [GA4] purchase
[2025-10-21 16:39:36] [FACEBOOK] unknown
[2025-10-21 16:39:36] [TIKTOK] unknown
[2025-10-21 16:39:37] [GA4] purchase
[2025-10-21 16:40:45] [FACEBOOK] unknown
[2025-10-21 16:40:46] [TIKTOK] unknown
[2025-10-21 16:40:46] [GA4] purchase
[2025-10-21 16:42:48] [FACEBOOK] unknown
[2025-10-21 16:42:48] [TIKTOK] unknown
[2025-10-21 16:42:49] [GA4] purchase
[2025-10-21 16:42:51] [FACEBOOK] unknown
[2025-10-21 16:42:51] [TIKTOK] unknown
[2025-10-21 16:42:51] [GA4] purchase
[2025-10-21 16:44:40] [FACEBOOK] unknown
[2025-10-21 16:44:40] [TIKTOK] unknown
[2025-10-21 16:44:40] [GA4] purchase
[2025-10-21 16:45:30] [FACEBOOK] unknown
[2025-10-21 16:45:30] [TIKTOK] unknown
[2025-10-21 16:45:30] [GA4] purchase
[2025-10-21 16:47:08] [FACEBOOK] unknown
[2025-10-21 16:47:08] [TIKTOK] unknown
[2025-10-21 16:47:09] [GA4] purchase
[2025-10-21 16:47:28] [FACEBOOK] unknown
[2025-10-21 16:47:28] [TIKTOK] unknown
[2025-10-21 16:47:28] [GA4] purchase
[2025-10-21 16:47:37] [FACEBOOK] unknown
[2025-10-21 16:47:37] [TIKTOK] unknown
[2025-10-21 16:47:38] [GA4] purchase
[2025-10-21 17:07:04] [FACEBOOK] unknown
[2025-10-21 17:07:04] [TIKTOK] unknown
[2025-10-21 17:07:04] [GA4] begin_checkout
[2025-10-21 17:08:14] [FACEBOOK] unknown
[2025-10-21 17:08:14] [TIKTOK] unknown
[2025-10-21 17:08:14] [GA4] begin_checkout
[2025-10-21 17:57:46] [FACEBOOK] unknown
[2025-10-21 17:57:46] [TIKTOK] unknown
[2025-10-21 17:57:46] [GA4] begin_checkout
[2025-10-21 17:59:51] [FACEBOOK] unknown
[2025-10-21 17:59:51] [TIKTOK] unknown
[2025-10-21 17:59:51] [GA4] purchase
[2025-10-21 18:44:32] [FACEBOOK] unknown
[2025-10-21 18:44:32] [TIKTOK] unknown
[2025-10-21 18:44:33] [GA4] purchase
[2025-10-21 21:20:58] [FACEBOOK] unknown
[2025-10-21 21:20:58] [TIKTOK] unknown
[2025-10-21 21:20:58] [GA4] begin_checkout
[2025-10-21 21:44:57] [FACEBOOK] unknown
[2025-10-21 21:44:57] [TIKTOK] unknown
[2025-10-21 21:44:58] [GA4] purchase
[2025-10-22 01:40:00] [FACEBOOK] unknown
[2025-10-22 01:40:00] [TIKTOK] unknown
[2025-10-22 01:40:01] [GA4] purchase
[2025-10-22 01:47:14] [FACEBOOK] unknown
[2025-10-22 01:47:14] [TIKTOK] unknown
[2025-10-22 01:47:14] [GA4] begin_checkout
[2025-10-22 02:39:51] [FACEBOOK] unknown
[2025-10-22 02:39:52] [TIKTOK] unknown
[2025-10-22 02:39:52] [GA4] purchase
[2025-10-22 03:39:36] [FACEBOOK] unknown
[2025-10-22 03:39:37] [TIKTOK] unknown
[2025-10-22 03:39:37] [GA4] purchase
[2025-10-22 03:40:31] [FACEBOOK] unknown
[2025-10-22 03:40:31] [TIKTOK] unknown
[2025-10-22 03:40:31] [GA4] purchase
[2025-10-22 03:41:40] [FACEBOOK] unknown
[2025-10-22 03:41:41] [TIKTOK] unknown
[2025-10-22 03:41:41] [GA4] purchase
[2025-10-22 03:41:42] [FACEBOOK] unknown
[2025-10-22 03:41:43] [TIKTOK] unknown
[2025-10-22 03:41:43] [GA4] purchase
[2025-10-22 03:42:37] [FACEBOOK] unknown
[2025-10-22 03:42:37] [TIKTOK] unknown
[2025-10-22 03:42:38] [GA4] purchase
[2025-10-22 03:45:46] [FACEBOOK] unknown
[2025-10-22 03:45:46] [TIKTOK] unknown
[2025-10-22 03:45:47] [GA4] purchase
[2025-10-22 03:47:40] [FACEBOOK] unknown
[2025-10-22 03:47:40] [TIKTOK] unknown
[2025-10-22 03:47:40] [GA4] purchase
[2025-10-22 03:47:44] [FACEBOOK] unknown
[2025-10-22 03:47:44] [TIKTOK] unknown
[2025-10-22 03:47:45] [GA4] purchase
[2025-10-22 03:47:56] [FACEBOOK] unknown
[2025-10-22 03:47:57] [TIKTOK] unknown
[2025-10-22 03:47:57] [GA4] purchase
[2025-10-22 05:40:04] [FACEBOOK] unknown
[2025-10-22 05:40:04] [TIKTOK] unknown
[2025-10-22 05:40:05] [GA4] purchase
[2025-10-22 08:45:56] [FACEBOOK] unknown
[2025-10-22 08:45:57] [TIKTOK] unknown
[2025-10-22 08:45:57] [GA4] purchase
[2025-10-22 12:42:23] [FACEBOOK] unknown
[2025-10-22 12:42:28] [TIKTOK] unknown
[2025-10-22 12:42:29] [GA4] purchase
[2025-10-22 12:49:49] [FACEBOOK] unknown
[2025-10-22 12:49:49] [TIKTOK] unknown
[2025-10-22 12:49:49] [GA4] purchase
[2025-10-22 14:45:19] [FACEBOOK] unknown
[2025-10-22 14:45:19] [TIKTOK] unknown
[2025-10-22 14:45:20] [GA4] purchase
[2025-10-22 14:45:33] [FACEBOOK] unknown
[2025-10-22 14:45:33] [TIKTOK] unknown
[2025-10-22 14:45:33] [GA4] purchase
[2025-10-22 14:52:17] [FACEBOOK] unknown
[2025-10-22 14:52:17] [TIKTOK] unknown
[2025-10-22 14:52:17] [GA4] purchase
[2025-10-22 14:52:19] [FACEBOOK] unknown
[2025-10-22 14:52:19] [TIKTOK] unknown
[2025-10-22 14:52:19] [GA4] purchase
[2025-10-22 14:52:49] [FACEBOOK] unknown
[2025-10-22 14:52:50] [TIKTOK] unknown
[2025-10-22 14:52:50] [GA4] purchase
[2025-10-22 14:52:56] [FACEBOOK] unknown
[2025-10-22 14:52:56] [TIKTOK] unknown
[2025-10-22 14:52:57] [GA4] purchase
[2025-10-22 14:53:24] [FACEBOOK] unknown
[2025-10-22 14:53:24] [TIKTOK] unknown
[2025-10-22 14:53:24] [GA4] purchase
[2025-10-22 14:53:44] [FACEBOOK] unknown
[2025-10-22 14:53:44] [TIKTOK] unknown
[2025-10-22 14:53:46] [GA4] purchase
[2025-10-22 14:54:02] [FACEBOOK] unknown
[2025-10-22 14:54:02] [TIKTOK] unknown
[2025-10-22 14:54:03] [GA4] purchase
[2025-10-22 16:42:32] [FACEBOOK] unknown
[2025-10-22 16:42:33] [TIKTOK] unknown
[2025-10-22 16:42:33] [GA4] purchase
[2025-10-22 19:47:44] [FACEBOOK] unknown
[2025-10-22 19:47:44] [TIKTOK] unknown
[2025-10-22 19:47:45] [GA4] purchase
[2025-10-22 21:40:26] [FACEBOOK] unknown
[2025-10-22 21:40:27] [TIKTOK] unknown
[2025-10-22 21:40:27] [GA4] purchase
[2025-10-22 23:43:11] [FACEBOOK] unknown
[2025-10-22 23:43:11] [TIKTOK] unknown
[2025-10-22 23:43:12] [GA4] purchase
[2025-10-22 23:46:57] [FACEBOOK] unknown
[2025-10-22 23:46:57] [TIKTOK] unknown
[2025-10-22 23:46:58] [GA4] purchase
[2025-10-23 01:45:26] [FACEBOOK] unknown
[2025-10-23 01:45:26] [TIKTOK] unknown
[2025-10-23 01:45:26] [GA4] purchase
[2025-10-23 01:53:13] [FACEBOOK] unknown
[2025-10-23 01:53:14] [TIKTOK] unknown
[2025-10-23 01:53:14] [GA4] purchase
[2025-10-23 01:54:33] [FACEBOOK] unknown
[2025-10-23 01:54:33] [TIKTOK] unknown
[2025-10-23 01:54:33] [GA4] purchase
[2025-10-23 01:54:39] [FACEBOOK] unknown
[2025-10-23 01:54:39] [TIKTOK] unknown
[2025-10-23 01:54:39] [GA4] purchase
[2025-10-23 01:54:56] [FACEBOOK] unknown
[2025-10-23 01:54:56] [TIKTOK] unknown
[2025-10-23 01:54:57] [GA4] purchase
[2025-10-23 01:55:12] [FACEBOOK] unknown
[2025-10-23 01:55:12] [TIKTOK] unknown
[2025-10-23 01:55:13] [GA4] purchase
[2025-10-23 01:55:41] [FACEBOOK] unknown
[2025-10-23 01:55:41] [TIKTOK] unknown
[2025-10-23 01:55:41] [GA4] purchase
[2025-10-23 01:56:02] [FACEBOOK] unknown
[2025-10-23 01:56:02] [TIKTOK] unknown
[2025-10-23 01:56:03] [GA4] purchase
[2025-10-23 01:56:31] [FACEBOOK] unknown
[2025-10-23 01:56:32] [TIKTOK] unknown
[2025-10-23 01:56:32] [GA4] purchase
[2025-10-23 03:57:51] [FACEBOOK] unknown
[2025-10-23 03:57:51] [TIKTOK] unknown
[2025-10-23 03:57:51] [GA4] purchase
[2025-10-23 06:44:03] [FACEBOOK] unknown
[2025-10-23 06:44:04] [TIKTOK] unknown
[2025-10-23 06:44:04] [GA4] purchase
[2025-10-23 10:41:56] [FACEBOOK] unknown
[2025-10-23 10:41:57] [TIKTOK] unknown
[2025-10-23 10:41:57] [GA4] purchase
[2025-10-23 10:43:45] [FACEBOOK] unknown
[2025-10-23 10:43:45] [TIKTOK] unknown
[2025-10-23 10:43:45] [GA4] purchase
[2025-10-23 10:56:20] [FACEBOOK] unknown
[2025-10-23 10:56:20] [TIKTOK] unknown
[2025-10-23 10:56:20] [GA4] begin_checkout
[2025-10-23 12:40:26] [FACEBOOK] unknown
[2025-10-23 12:40:26] [TIKTOK] unknown
[2025-10-23 12:40:26] [GA4] purchase
[2025-10-23 12:46:23] [FACEBOOK] unknown
[2025-10-23 12:46:23] [TIKTOK] unknown
[2025-10-23 12:46:24] [GA4] purchase
[2025-10-23 12:51:24] [FACEBOOK] unknown
[2025-10-23 12:51:24] [TIKTOK] unknown
[2025-10-23 12:51:24] [GA4] purchase
[2025-10-23 12:51:26] [FACEBOOK] unknown
[2025-10-23 12:51:26] [TIKTOK] unknown
[2025-10-23 12:51:26] [GA4] purchase
[2025-10-23 12:51:42] [FACEBOOK] unknown
[2025-10-23 12:51:43] [TIKTOK] unknown
[2025-10-23 12:51:43] [GA4] purchase
[2025-10-23 12:52:47] [FACEBOOK] unknown
[2025-10-23 12:52:47] [TIKTOK] unknown
[2025-10-23 12:52:48] [GA4] purchase
[2025-10-23 12:53:16] [FACEBOOK] unknown
[2025-10-23 12:53:16] [TIKTOK] unknown
[2025-10-23 12:53:17] [GA4] purchase
[2025-10-23 12:56:48] [FACEBOOK] unknown
[2025-10-23 12:56:48] [TIKTOK] unknown
[2025-10-23 12:56:48] [GA4] purchase
[2025-10-23 12:59:01] [FACEBOOK] unknown
[2025-10-23 12:59:01] [TIKTOK] unknown
[2025-10-23 12:59:02] [GA4] purchase
[2025-10-23 14:49:54] [FACEBOOK] unknown
[2025-10-23 14:49:54] [TIKTOK] unknown
[2025-10-23 14:49:54] [GA4] purchase
[2025-10-23 15:30:27] [FACEBOOK] unknown
[2025-10-23 15:30:27] [TIKTOK] unknown
[2025-10-23 15:30:27] [GA4] purchase
[2025-10-23 17:48:47] [FACEBOOK] unknown
[2025-10-23 17:48:48] [TIKTOK] unknown
[2025-10-23 17:48:48] [GA4] purchase
[2025-10-23 21:40:13] [FACEBOOK] unknown
[2025-10-23 21:40:14] [TIKTOK] unknown
[2025-10-23 21:40:14] [GA4] purchase
[2025-10-23 21:40:38] [FACEBOOK] unknown
[2025-10-23 21:40:39] [TIKTOK] unknown
[2025-10-23 21:40:39] [GA4] purchase
[2025-10-23 22:43:28] [FACEBOOK] unknown
[2025-10-23 22:43:29] [TIKTOK] unknown
[2025-10-23 22:43:29] [GA4] purchase
[2025-10-23 23:41:28] [FACEBOOK] unknown
[2025-10-23 23:41:28] [TIKTOK] unknown
[2025-10-23 23:41:28] [GA4] purchase
[2025-10-23 23:41:42] [FACEBOOK] unknown
[2025-10-23 23:41:42] [TIKTOK] unknown
[2025-10-23 23:41:42] [GA4] purchase
[2025-10-23 23:43:18] [FACEBOOK] unknown
[2025-10-23 23:43:18] [TIKTOK] unknown
[2025-10-23 23:43:18] [GA4] purchase
[2025-10-23 23:52:48] [FACEBOOK] unknown
[2025-10-23 23:52:49] [TIKTOK] unknown
[2025-10-23 23:52:49] [GA4] purchase
[2025-10-23 23:53:03] [FACEBOOK] unknown
[2025-10-23 23:53:03] [TIKTOK] unknown
[2025-10-23 23:53:03] [GA4] purchase
[2025-10-23 23:59:01] [FACEBOOK] unknown
[2025-10-23 23:59:01] [TIKTOK] unknown
[2025-10-23 23:59:02] [GA4] purchase
[2025-10-23 23:59:47] [FACEBOOK] unknown
[2025-10-23 23:59:47] [TIKTOK] unknown
[2025-10-23 23:59:47] [GA4] purchase
[2025-10-23 23:59:53] [FACEBOOK] unknown
[2025-10-23 23:59:53] [TIKTOK] unknown
[2025-10-23 23:59:53] [GA4] purchase
[2025-10-24 01:48:52] [FACEBOOK] unknown
[2025-10-24 01:48:52] [TIKTOK] unknown
[2025-10-24 01:48:53] [GA4] purchase
[2025-10-24 02:37:34] [FACEBOOK] unknown
[2025-10-24 02:37:34] [TIKTOK] unknown
[2025-10-24 02:37:34] [GA4] begin_checkout
[2025-10-24 04:42:03] [FACEBOOK] unknown
[2025-10-24 04:42:03] [TIKTOK] unknown
[2025-10-24 04:42:04] [GA4] purchase
[2025-10-24 05:25:19] [FACEBOOK] unknown
[2025-10-24 05:25:19] [TIKTOK] unknown
[2025-10-24 05:25:19] [GA4] begin_checkout
[2025-10-24 08:39:42] [FACEBOOK] unknown
[2025-10-24 08:39:43] [TIKTOK] unknown
[2025-10-24 08:39:43] [GA4] purchase
[2025-10-24 08:39:48] [FACEBOOK] unknown
[2025-10-24 08:39:48] [TIKTOK] unknown
[2025-10-24 08:39:48] [GA4] purchase
[2025-10-24 09:39:37] [FACEBOOK] unknown
[2025-10-24 09:39:38] [TIKTOK] unknown
[2025-10-24 09:39:38] [GA4] purchase
[2025-10-24 10:39:51] [FACEBOOK] unknown
[2025-10-24 10:39:51] [TIKTOK] unknown
[2025-10-24 10:39:51] [GA4] purchase
[2025-10-24 10:39:58] [FACEBOOK] unknown
[2025-10-24 10:39:58] [TIKTOK] unknown
[2025-10-24 10:39:58] [GA4] purchase
[2025-10-24 10:40:34] [FACEBOOK] unknown
[2025-10-24 10:40:34] [TIKTOK] unknown
[2025-10-24 10:40:34] [GA4] purchase
[2025-10-24 10:42:50] [FACEBOOK] unknown
[2025-10-24 10:42:50] [TIKTOK] unknown
[2025-10-24 10:42:51] [GA4] purchase
[2025-10-24 10:42:52] [FACEBOOK] unknown
[2025-10-24 10:42:53] [TIKTOK] unknown
[2025-10-24 10:42:53] [GA4] purchase
[2025-10-24 10:44:13] [FACEBOOK] unknown
[2025-10-24 10:44:13] [TIKTOK] unknown
[2025-10-24 10:44:14] [GA4] purchase
[2025-10-24 10:44:25] [FACEBOOK] unknown
[2025-10-24 10:44:25] [TIKTOK] unknown
[2025-10-24 10:44:25] [GA4] purchase
[2025-10-24 10:52:50] [FACEBOOK] unknown
[2025-10-24 10:52:51] [TIKTOK] unknown
[2025-10-24 10:52:51] [GA4] purchase
[2025-10-24 12:50:15] [FACEBOOK] unknown
[2025-10-24 12:50:15] [TIKTOK] unknown
[2025-10-24 12:50:20] [GA4] purchase
[2025-10-24 15:41:38] [FACEBOOK] unknown
[2025-10-24 15:41:40] [TIKTOK] unknown
[2025-10-24 15:41:40] [GA4] purchase
[2025-10-24 19:41:46] [FACEBOOK] unknown
[2025-10-24 19:41:46] [TIKTOK] unknown
[2025-10-24 19:41:46] [GA4] purchase
[2025-10-24 19:41:48] [FACEBOOK] unknown
[2025-10-24 19:41:48] [TIKTOK] unknown
[2025-10-24 19:41:48] [GA4] purchase
[2025-10-24 19:42:00] [FACEBOOK] unknown
[2025-10-24 19:42:00] [TIKTOK] unknown
[2025-10-24 19:42:00] [GA4] purchase
[2025-10-24 21:44:52] [FACEBOOK] unknown
[2025-10-24 21:44:52] [TIKTOK] unknown
[2025-10-24 21:44:52] [GA4] purchase
[2025-10-24 21:45:18] [FACEBOOK] unknown
[2025-10-24 21:45:19] [TIKTOK] unknown
[2025-10-24 21:45:20] [GA4] purchase
[2025-10-24 21:46:12] [FACEBOOK] unknown
[2025-10-24 21:46:12] [TIKTOK] unknown
[2025-10-24 21:46:12] [GA4] purchase
[2025-10-24 21:47:17] [FACEBOOK] unknown
[2025-10-24 21:47:17] [TIKTOK] unknown
[2025-10-24 21:47:18] [GA4] purchase
[2025-10-24 21:47:43] [FACEBOOK] unknown
[2025-10-24 21:47:44] [TIKTOK] unknown
[2025-10-24 21:47:44] [GA4] purchase
[2025-10-24 21:47:55] [FACEBOOK] unknown
[2025-10-24 21:47:56] [TIKTOK] unknown
[2025-10-24 21:47:56] [GA4] purchase
[2025-10-24 21:51:44] [FACEBOOK] unknown
[2025-10-24 21:51:45] [TIKTOK] unknown
[2025-10-24 21:51:45] [GA4] purchase
[2025-10-24 21:51:53] [FACEBOOK] unknown
[2025-10-24 21:51:53] [TIKTOK] unknown
[2025-10-24 21:51:54] [GA4] purchase
[2025-10-24 22:51:31] [FACEBOOK] unknown
[2025-10-24 22:51:31] [TIKTOK] unknown
[2025-10-24 22:51:31] [GA4] purchase
[2025-10-24 23:48:53] [FACEBOOK] unknown
[2025-10-24 23:48:54] [TIKTOK] unknown
[2025-10-24 23:48:54] [GA4] purchase
[2025-10-25 02:40:02] [FACEBOOK] unknown
[2025-10-25 02:40:03] [TIKTOK] unknown
[2025-10-25 02:40:03] [GA4] purchase
[2025-10-25 05:59:07] [FACEBOOK] unknown
[2025-10-25 05:59:07] [TIKTOK] unknown
[2025-10-25 05:59:07] [GA4] begin_checkout
[2025-10-25 06:40:05] [FACEBOOK] unknown
[2025-10-25 06:40:06] [TIKTOK] unknown
[2025-10-25 06:40:06] [GA4] purchase
[2025-10-25 06:40:07] [FACEBOOK] unknown
[2025-10-25 06:40:08] [TIKTOK] unknown
[2025-10-25 06:40:08] [GA4] purchase
[2025-10-25 06:40:20] [FACEBOOK] unknown
[2025-10-25 06:40:20] [TIKTOK] unknown
[2025-10-25 06:40:21] [GA4] purchase
[2025-10-25 08:42:55] [FACEBOOK] unknown
[2025-10-25 08:42:56] [TIKTOK] unknown
[2025-10-25 08:42:56] [GA4] purchase
[2025-10-25 08:43:07] [FACEBOOK] unknown
[2025-10-25 08:43:07] [TIKTOK] unknown
[2025-10-25 08:43:07] [GA4] purchase
[2025-10-25 08:43:40] [FACEBOOK] unknown
[2025-10-25 08:43:40] [TIKTOK] unknown
[2025-10-25 08:43:40] [GA4] purchase
[2025-10-25 08:45:02] [FACEBOOK] unknown
[2025-10-25 08:45:03] [TIKTOK] unknown
[2025-10-25 08:45:03] [GA4] purchase
[2025-10-25 08:45:50] [FACEBOOK] unknown
[2025-10-25 08:45:50] [TIKTOK] unknown
[2025-10-25 08:45:50] [GA4] purchase
[2025-10-25 08:46:06] [FACEBOOK] unknown
[2025-10-25 08:46:07] [TIKTOK] unknown
[2025-10-25 08:46:07] [GA4] purchase
[2025-10-25 08:46:09] [FACEBOOK] unknown
[2025-10-25 08:46:09] [TIKTOK] unknown
[2025-10-25 08:46:09] [GA4] purchase
[2025-10-25 08:47:35] [FACEBOOK] unknown
[2025-10-25 08:47:35] [TIKTOK] unknown
[2025-10-25 08:47:36] [GA4] purchase
[2025-10-25 10:50:36] [FACEBOOK] unknown
[2025-10-25 10:50:37] [TIKTOK] unknown
[2025-10-25 10:50:37] [GA4] purchase
[2025-10-25 13:41:03] [FACEBOOK] unknown
[2025-10-25 13:41:03] [TIKTOK] unknown
[2025-10-25 13:41:04] [GA4] purchase
[2025-10-25 15:52:22] [FACEBOOK] unknown
[2025-10-25 15:52:22] [TIKTOK] unknown
[2025-10-25 15:52:22] [GA4] begin_checkout
[2025-10-25 17:40:42] [FACEBOOK] unknown
[2025-10-25 17:40:43] [TIKTOK] unknown
[2025-10-25 17:40:43] [GA4] purchase
[2025-10-25 17:40:44] [FACEBOOK] unknown
[2025-10-25 17:40:44] [TIKTOK] unknown
[2025-10-25 17:40:44] [GA4] purchase
[2025-10-25 17:41:01] [FACEBOOK] unknown
[2025-10-25 17:41:02] [TIKTOK] unknown
[2025-10-25 17:41:02] [GA4] purchase
[2025-10-25 18:27:59] [FACEBOOK] unknown
[2025-10-25 18:27:59] [TIKTOK] unknown
[2025-10-25 18:27:59] [GA4] begin_checkout
[2025-10-25 19:40:31] [FACEBOOK] unknown
[2025-10-25 19:40:31] [TIKTOK] unknown
[2025-10-25 19:40:32] [GA4] purchase
[2025-10-25 19:40:46] [FACEBOOK] unknown
[2025-10-25 19:40:47] [TIKTOK] unknown
[2025-10-25 19:40:47] [GA4] purchase
[2025-10-25 19:42:50] [FACEBOOK] unknown
[2025-10-25 19:42:51] [TIKTOK] unknown
[2025-10-25 19:42:52] [GA4] purchase
[2025-10-25 19:45:04] [FACEBOOK] unknown
[2025-10-25 19:45:04] [TIKTOK] unknown
[2025-10-25 19:45:05] [GA4] purchase
[2025-10-25 19:47:28] [FACEBOOK] unknown
[2025-10-25 19:47:29] [TIKTOK] unknown
[2025-10-25 19:47:29] [GA4] purchase
[2025-10-25 19:47:43] [FACEBOOK] unknown
[2025-10-25 19:47:44] [TIKTOK] unknown
[2025-10-25 19:47:44] [GA4] purchase
[2025-10-25 19:47:53] [FACEBOOK] unknown
[2025-10-25 19:47:54] [TIKTOK] unknown
[2025-10-25 19:47:55] [GA4] purchase
[2025-10-25 19:48:18] [FACEBOOK] unknown
[2025-10-25 19:48:19] [TIKTOK] unknown
[2025-10-25 19:48:19] [GA4] purchase
[2025-10-25 21:40:22] [FACEBOOK] unknown
[2025-10-25 21:40:23] [TIKTOK] unknown
[2025-10-25 21:40:23] [GA4] purchase
[2025-10-25 23:44:07] [FACEBOOK] unknown
[2025-10-25 23:44:08] [TIKTOK] unknown
[2025-10-25 23:44:09] [GA4] purchase
[2025-10-26 04:40:52] [FACEBOOK] unknown
[2025-10-26 04:40:53] [TIKTOK] unknown
[2025-10-26 04:40:54] [GA4] purchase
[2025-10-26 04:40:55] [FACEBOOK] unknown
[2025-10-26 04:40:55] [TIKTOK] unknown
[2025-10-26 04:40:56] [GA4] purchase
[2025-10-26 04:41:05] [FACEBOOK] unknown
[2025-10-26 04:41:06] [TIKTOK] unknown
[2025-10-26 04:41:06] [GA4] purchase
[2025-10-26 06:40:43] [FACEBOOK] unknown
[2025-10-26 06:40:43] [TIKTOK] unknown
[2025-10-26 06:40:43] [GA4] purchase
[2025-10-26 06:40:50] [FACEBOOK] unknown
[2025-10-26 06:40:50] [TIKTOK] unknown
[2025-10-26 06:40:51] [GA4] purchase
[2025-10-26 06:42:14] [FACEBOOK] unknown
[2025-10-26 06:42:15] [TIKTOK] unknown
[2025-10-26 06:42:16] [GA4] purchase
[2025-10-26 06:43:50] [FACEBOOK] unknown
[2025-10-26 06:43:51] [FACEBOOK] unknown
[2025-10-26 06:43:51] [TIKTOK] unknown
[2025-10-26 06:43:51] [GA4] purchase
[2025-10-26 06:43:51] [TIKTOK] unknown
[2025-10-26 06:43:52] [GA4] purchase
[2025-10-26 06:45:00] [FACEBOOK] unknown
[2025-10-26 06:45:01] [TIKTOK] unknown
[2025-10-26 06:45:01] [GA4] purchase
[2025-10-26 06:46:23] [FACEBOOK] unknown
[2025-10-26 06:46:24] [TIKTOK] unknown
[2025-10-26 06:46:24] [GA4] purchase
[2025-10-26 07:39:27] [FACEBOOK] unknown
[2025-10-26 07:39:27] [TIKTOK] unknown
[2025-10-26 07:39:27] [GA4] begin_checkout
[2025-10-26 08:44:35] [FACEBOOK] unknown
[2025-10-26 08:44:36] [TIKTOK] unknown
[2025-10-26 08:44:36] [GA4] purchase
[2025-10-26 10:40:36] [FACEBOOK] unknown
[2025-10-26 10:40:37] [TIKTOK] unknown
[2025-10-26 10:40:37] [GA4] purchase
[2025-10-26 15:40:11] [FACEBOOK] unknown
[2025-10-26 15:40:11] [TIKTOK] unknown
[2025-10-26 15:40:12] [GA4] purchase
[2025-10-26 15:40:12] [FACEBOOK] unknown
[2025-10-26 15:40:13] [TIKTOK] unknown
[2025-10-26 15:40:13] [GA4] purchase
[2025-10-26 15:40:31] [FACEBOOK] unknown
[2025-10-26 15:40:32] [TIKTOK] unknown
[2025-10-26 15:40:32] [GA4] purchase
[2025-10-26 17:40:15] [FACEBOOK] unknown
[2025-10-26 17:40:15] [TIKTOK] unknown
[2025-10-26 17:40:16] [GA4] purchase
[2025-10-26 17:40:22] [FACEBOOK] unknown
[2025-10-26 17:40:22] [TIKTOK] unknown
[2025-10-26 17:40:23] [GA4] purchase
[2025-10-26 17:41:02] [FACEBOOK] unknown
[2025-10-26 17:41:03] [TIKTOK] unknown
[2025-10-26 17:41:03] [GA4] purchase
[2025-10-26 17:43:35] [FACEBOOK] unknown
[2025-10-26 17:43:36] [TIKTOK] unknown
[2025-10-26 17:43:36] [GA4] purchase
[2025-10-26 17:43:37] [FACEBOOK] unknown
[2025-10-26 17:43:37] [TIKTOK] unknown
[2025-10-26 17:43:38] [GA4] purchase
[2025-10-26 17:43:48] [FACEBOOK] unknown
[2025-10-26 17:43:48] [TIKTOK] unknown
[2025-10-26 17:43:48] [GA4] purchase
[2025-10-26 17:45:44] [FACEBOOK] unknown
[2025-10-26 17:45:45] [TIKTOK] unknown
[2025-10-26 17:45:45] [GA4] purchase
[2025-10-26 18:45:46] [FACEBOOK] unknown
[2025-10-26 18:45:46] [TIKTOK] unknown
[2025-10-26 18:45:47] [GA4] purchase
[2025-10-26 19:39:39] [FACEBOOK] unknown
[2025-10-26 19:39:40] [TIKTOK] unknown
[2025-10-26 19:39:40] [GA4] purchase
[2025-10-26 21:39:42] [FACEBOOK] unknown
[2025-10-26 21:39:43] [TIKTOK] unknown
[2025-10-26 21:39:44] [GA4] purchase
[2025-10-27 02:40:43] [FACEBOOK] unknown
[2025-10-27 02:40:43] [TIKTOK] unknown
[2025-10-27 02:40:43] [GA4] purchase
[2025-10-27 02:40:44] [FACEBOOK] unknown
[2025-10-27 02:40:44] [TIKTOK] unknown
[2025-10-27 02:40:45] [GA4] purchase
[2025-10-27 02:42:11] [FACEBOOK] unknown
[2025-10-27 02:42:11] [TIKTOK] unknown
[2025-10-27 02:42:12] [GA4] purchase
[2025-10-27 04:45:29] [FACEBOOK] unknown
[2025-10-27 04:45:30] [TIKTOK] unknown
[2025-10-27 04:45:30] [GA4] purchase
[2025-10-27 04:45:48] [FACEBOOK] unknown
[2025-10-27 04:45:48] [TIKTOK] unknown
[2025-10-27 04:45:49] [GA4] purchase
[2025-10-27 04:47:31] [FACEBOOK] unknown
[2025-10-27 04:47:32] [TIKTOK] unknown
[2025-10-27 04:47:32] [GA4] purchase
[2025-10-27 04:59:28] [FACEBOOK] unknown
[2025-10-27 04:59:29] [TIKTOK] unknown
[2025-10-27 04:59:29] [GA4] purchase
[2025-10-27 04:59:46] [FACEBOOK] unknown
[2025-10-27 04:59:46] [TIKTOK] unknown
[2025-10-27 04:59:47] [GA4] purchase
[2025-10-27 05:00:46] [FACEBOOK] unknown
[2025-10-27 05:00:46] [TIKTOK] unknown
[2025-10-27 05:00:47] [GA4] purchase
[2025-10-27 05:00:54] [FACEBOOK] unknown
[2025-10-27 05:00:54] [TIKTOK] unknown
[2025-10-27 05:00:54] [GA4] purchase
[2025-10-27 05:03:14] [FACEBOOK] unknown
[2025-10-27 05:03:14] [TIKTOK] unknown
[2025-10-27 05:03:14] [GA4] begin_checkout
[2025-10-27 05:42:18] [FACEBOOK] unknown
[2025-10-27 05:42:19] [TIKTOK] unknown
[2025-10-27 05:42:19] [GA4] purchase
[2025-10-27 06:47:35] [FACEBOOK] unknown
[2025-10-27 06:47:35] [TIKTOK] unknown
[2025-10-27 06:47:35] [GA4] purchase
[2025-10-27 08:42:19] [FACEBOOK] unknown
[2025-10-27 08:42:20] [TIKTOK] unknown
[2025-10-27 08:42:20] [GA4] purchase
[2025-10-27 13:40:03] [FACEBOOK] unknown
[2025-10-27 13:40:04] [TIKTOK] unknown
[2025-10-27 13:40:05] [GA4] purchase
[2025-10-27 13:40:06] [FACEBOOK] unknown
[2025-10-27 13:40:07] [TIKTOK] unknown
[2025-10-27 13:40:08] [GA4] purchase
[2025-10-27 13:40:22] [FACEBOOK] unknown
[2025-10-27 13:40:23] [TIKTOK] unknown
[2025-10-27 13:40:23] [GA4] purchase
[2025-10-27 15:43:17] [FACEBOOK] unknown
[2025-10-27 15:43:18] [TIKTOK] unknown
[2025-10-27 15:43:18] [GA4] purchase
[2025-10-27 15:43:22] [FACEBOOK] unknown
[2025-10-27 15:43:23] [TIKTOK] unknown
[2025-10-27 15:43:23] [GA4] purchase
[2025-10-27 15:44:07] [FACEBOOK] unknown
[2025-10-27 15:44:08] [TIKTOK] unknown
[2025-10-27 15:44:08] [GA4] purchase
[2025-10-27 15:45:18] [FACEBOOK] unknown
[2025-10-27 15:45:19] [TIKTOK] unknown
[2025-10-27 15:45:19] [GA4] purchase
[2025-10-27 15:45:20] [FACEBOOK] unknown
[2025-10-27 15:45:21] [TIKTOK] unknown
[2025-10-27 15:45:21] [GA4] purchase
[2025-10-27 15:46:50] [FACEBOOK] unknown
[2025-10-27 15:46:51] [TIKTOK] unknown
[2025-10-27 15:46:51] [GA4] purchase
[2025-10-27 15:47:59] [FACEBOOK] unknown
[2025-10-27 15:48:00] [TIKTOK] unknown
[2025-10-27 15:48:00] [GA4] purchase
[2025-10-27 16:45:26] [FACEBOOK] unknown
[2025-10-27 16:45:27] [TIKTOK] unknown
[2025-10-27 16:45:27] [GA4] purchase
[2025-10-27 17:43:56] [FACEBOOK] unknown
[2025-10-27 17:43:57] [TIKTOK] unknown
[2025-10-27 17:43:57] [GA4] purchase
[2025-10-27 19:39:50] [FACEBOOK] unknown
[2025-10-27 19:39:50] [TIKTOK] unknown
[2025-10-27 19:39:51] [GA4] purchase
[2025-10-27 22:13:33] [FACEBOOK] unknown
[2025-10-27 22:13:33] [TIKTOK] unknown
[2025-10-27 22:13:33] [GA4] begin_checkout
[2025-10-27 22:14:14] [FACEBOOK] unknown
[2025-10-27 22:14:14] [TIKTOK] unknown
[2025-10-27 22:14:14] [GA4] begin_checkout
[2025-10-27 22:25:57] [FACEBOOK] unknown
[2025-10-27 22:25:57] [TIKTOK] unknown
[2025-10-27 22:25:58] [GA4] purchase
[2025-10-28 00:41:27] [FACEBOOK] unknown
[2025-10-28 00:41:27] [TIKTOK] unknown
[2025-10-28 00:41:28] [GA4] purchase
[2025-10-28 00:41:54] [FACEBOOK] unknown
[2025-10-28 00:41:55] [TIKTOK] unknown
[2025-10-28 00:41:55] [GA4] purchase
[2025-10-28 00:46:01] [FACEBOOK] unknown
[2025-10-28 00:46:02] [TIKTOK] unknown
[2025-10-28 00:46:02] [GA4] purchase
[2025-10-28 01:33:04] [FACEBOOK] unknown
[2025-10-28 01:33:04] [TIKTOK] unknown
[2025-10-28 01:33:04] [GA4] begin_checkout
[2025-10-28 02:39:32] [FACEBOOK] unknown
[2025-10-28 02:39:33] [TIKTOK] unknown
[2025-10-28 02:39:33] [GA4] purchase
[2025-10-28 02:39:53] [FACEBOOK] unknown
[2025-10-28 02:39:54] [TIKTOK] unknown
[2025-10-28 02:39:55] [GA4] purchase
[2025-10-28 02:43:30] [FACEBOOK] unknown
[2025-10-28 02:43:30] [TIKTOK] unknown
[2025-10-28 02:43:30] [GA4] purchase
[2025-10-28 02:43:32] [FACEBOOK] unknown
[2025-10-28 02:43:32] [TIKTOK] unknown
[2025-10-28 02:43:32] [GA4] purchase
[2025-10-28 02:44:00] [FACEBOOK] unknown
[2025-10-28 02:44:00] [TIKTOK] unknown
[2025-10-28 02:44:01] [GA4] purchase
[2025-10-28 02:45:47] [FACEBOOK] unknown
[2025-10-28 02:45:48] [TIKTOK] unknown
[2025-10-28 02:45:48] [GA4] purchase
[2025-10-28 02:46:03] [FACEBOOK] unknown
[2025-10-28 02:46:04] [TIKTOK] unknown
[2025-10-28 02:46:05] [GA4] purchase
[2025-10-28 03:49:22] [FACEBOOK] unknown
[2025-10-28 03:49:23] [TIKTOK] unknown
[2025-10-28 03:49:24] [GA4] purchase
[2025-10-28 04:08:30] [FACEBOOK] unknown
[2025-10-28 04:08:30] [TIKTOK] unknown
[2025-10-28 04:08:30] [GA4] begin_checkout
[2025-10-28 04:48:07] [FACEBOOK] unknown
[2025-10-28 04:48:07] [TIKTOK] unknown
[2025-10-28 04:48:08] [GA4] purchase
[2025-10-28 06:40:35] [FACEBOOK] unknown
[2025-10-28 06:40:36] [TIKTOK] unknown
[2025-10-28 06:40:36] [GA4] purchase
[2025-10-28 06:42:51] [FACEBOOK] unknown
[2025-10-28 06:42:51] [TIKTOK] unknown
[2025-10-28 06:42:51] [GA4] purchase
[2025-10-28 11:40:57] [FACEBOOK] unknown
[2025-10-28 11:40:58] [TIKTOK] unknown
[2025-10-28 11:40:58] [GA4] purchase
[2025-10-28 11:41:01] [FACEBOOK] unknown
[2025-10-28 11:41:01] [TIKTOK] unknown
[2025-10-28 11:41:02] [GA4] purchase
[2025-10-28 11:41:31] [FACEBOOK] unknown
[2025-10-28 11:41:31] [TIKTOK] unknown
[2025-10-28 11:41:32] [GA4] purchase
[2025-10-28 13:39:56] [FACEBOOK] unknown
[2025-10-28 13:39:57] [TIKTOK] unknown
[2025-10-28 13:39:57] [GA4] purchase
[2025-10-28 13:40:05] [FACEBOOK] unknown
[2025-10-28 13:40:05] [TIKTOK] unknown
[2025-10-28 13:40:06] [GA4] purchase
[2025-10-28 13:40:58] [FACEBOOK] unknown
[2025-10-28 13:40:58] [TIKTOK] unknown
[2025-10-28 13:40:58] [GA4] purchase
[2025-10-28 13:41:48] [FACEBOOK] unknown
[2025-10-28 13:41:48] [TIKTOK] unknown
[2025-10-28 13:41:48] [GA4] purchase
[2025-10-28 13:41:50] [FACEBOOK] unknown
[2025-10-28 13:41:50] [TIKTOK] unknown
[2025-10-28 13:41:51] [GA4] purchase
[2025-10-28 13:43:25] [FACEBOOK] unknown
[2025-10-28 13:43:25] [TIKTOK] unknown
[2025-10-28 13:43:26] [GA4] purchase
[2025-10-28 13:44:25] [FACEBOOK] unknown
[2025-10-28 13:44:25] [TIKTOK] unknown
[2025-10-28 13:44:25] [GA4] purchase
[2025-10-28 14:49:02] [FACEBOOK] unknown
[2025-10-28 14:49:03] [TIKTOK] unknown
[2025-10-28 14:49:04] [GA4] purchase
[2025-10-28 15:44:22] [FACEBOOK] unknown
[2025-10-28 15:44:23] [TIKTOK] unknown
[2025-10-28 15:44:24] [GA4] purchase
[2025-10-28 17:42:01] [FACEBOOK] unknown
[2025-10-28 17:42:02] [TIKTOK] unknown
[2025-10-28 17:42:03] [GA4] purchase
[2025-10-28 22:40:28] [FACEBOOK] unknown
[2025-10-28 22:40:29] [TIKTOK] unknown
[2025-10-28 22:40:29] [GA4] purchase
[2025-10-28 22:40:56] [FACEBOOK] unknown
[2025-10-28 22:40:57] [TIKTOK] unknown
[2025-10-28 22:40:57] [GA4] purchase
[2025-10-28 22:41:25] [FACEBOOK] unknown
[2025-10-28 22:41:25] [TIKTOK] unknown
[2025-10-28 22:41:26] [GA4] purchase
[2025-10-29 00:41:01] [FACEBOOK] unknown
[2025-10-29 00:41:02] [TIKTOK] unknown
[2025-10-29 00:41:02] [GA4] purchase
[2025-10-29 00:42:18] [FACEBOOK] unknown
[2025-10-29 00:42:19] [TIKTOK] unknown
[2025-10-29 00:42:19] [GA4] purchase
[2025-10-29 00:44:40] [FACEBOOK] unknown
[2025-10-29 00:44:41] [TIKTOK] unknown
[2025-10-29 00:44:41] [GA4] purchase
[2025-10-29 00:47:24] [FACEBOOK] unknown
[2025-10-29 00:47:24] [TIKTOK] unknown
[2025-10-29 00:47:24] [GA4] purchase
[2025-10-29 00:47:26] [FACEBOOK] unknown
[2025-10-29 00:47:26] [TIKTOK] unknown
[2025-10-29 00:47:27] [GA4] purchase
[2025-10-29 00:47:36] [FACEBOOK] unknown
[2025-10-29 00:47:37] [TIKTOK] unknown
[2025-10-29 00:47:37] [GA4] purchase
[2025-10-29 00:53:34] [FACEBOOK] unknown
[2025-10-29 00:53:35] [TIKTOK] unknown
[2025-10-29 00:53:35] [GA4] purchase
[2025-10-29 01:43:40] [FACEBOOK] unknown
[2025-10-29 01:43:41] [TIKTOK] unknown
[2025-10-29 01:43:41] [GA4] purchase
[2025-10-29 02:12:21] [FACEBOOK] unknown
[2025-10-29 02:12:22] [TIKTOK] unknown
[2025-10-29 02:12:22] [GA4] purchase
[2025-10-29 02:46:21] [FACEBOOK] unknown
[2025-10-29 02:46:22] [TIKTOK] unknown
[2025-10-29 02:46:22] [GA4] purchase
[2025-10-29 04:43:31] [FACEBOOK] unknown
[2025-10-29 04:43:32] [TIKTOK] unknown
[2025-10-29 04:43:32] [GA4] purchase
[2025-10-29 06:23:23] [FACEBOOK] unknown
[2025-10-29 06:23:23] [TIKTOK] unknown
[2025-10-29 06:23:23] [GA4] purchase
[2025-10-29 08:53:28] [FACEBOOK] unknown
[2025-10-29 08:53:29] [TIKTOK] unknown
[2025-10-29 08:53:29] [GA4] purchase
[2025-10-29 09:39:42] [FACEBOOK] unknown
[2025-10-29 09:39:43] [TIKTOK] unknown
[2025-10-29 09:39:43] [GA4] purchase
[2025-10-29 09:39:44] [FACEBOOK] unknown
[2025-10-29 09:39:45] [TIKTOK] unknown
[2025-10-29 09:39:45] [GA4] purchase
[2025-10-29 09:40:02] [FACEBOOK] unknown
[2025-10-29 09:40:03] [TIKTOK] unknown
[2025-10-29 09:40:03] [GA4] purchase
[2025-10-29 11:40:24] [FACEBOOK] unknown
[2025-10-29 11:40:25] [TIKTOK] unknown
[2025-10-29 11:40:25] [GA4] purchase
[2025-10-29 11:40:30] [FACEBOOK] unknown
[2025-10-29 11:40:30] [TIKTOK] unknown
[2025-10-29 11:40:31] [GA4] purchase
[2025-10-29 11:41:01] [FACEBOOK] unknown
[2025-10-29 11:41:02] [TIKTOK] unknown
[2025-10-29 11:41:02] [GA4] purchase
[2025-10-29 11:41:33] [FACEBOOK] unknown
[2025-10-29 11:41:34] [TIKTOK] unknown
[2025-10-29 11:41:34] [GA4] purchase
[2025-10-29 11:42:41] [FACEBOOK] unknown
[2025-10-29 11:42:42] [TIKTOK] unknown
[2025-10-29 11:42:42] [GA4] purchase
[2025-10-29 11:44:47] [FACEBOOK] unknown
[2025-10-29 11:44:47] [TIKTOK] unknown
[2025-10-29 11:44:48] [GA4] purchase
[2025-10-29 11:44:58] [FACEBOOK] unknown
[2025-10-29 11:44:59] [TIKTOK] unknown
[2025-10-29 11:44:59] [GA4] purchase
[2025-10-29 12:42:47] [FACEBOOK] unknown
[2025-10-29 12:42:48] [TIKTOK] unknown
[2025-10-29 12:42:48] [GA4] purchase
[2025-10-29 13:46:34] [FACEBOOK] unknown
[2025-10-29 13:46:35] [TIKTOK] unknown
[2025-10-29 13:46:35] [GA4] purchase
[2025-10-29 14:50:06] [FACEBOOK] unknown
[2025-10-29 14:50:06] [TIKTOK] unknown
[2025-10-29 14:50:06] [GA4] purchase
[2025-10-29 15:41:42] [FACEBOOK] unknown
[2025-10-29 15:41:43] [TIKTOK] unknown
[2025-10-29 15:41:43] [GA4] purchase
[2025-10-29 20:41:37] [FACEBOOK] unknown
[2025-10-29 20:41:38] [TIKTOK] unknown
[2025-10-29 20:41:38] [GA4] purchase
[2025-10-29 20:41:39] [FACEBOOK] unknown
[2025-10-29 20:41:39] [TIKTOK] unknown
[2025-10-29 20:41:40] [GA4] purchase
[2025-10-29 20:42:43] [FACEBOOK] unknown
[2025-10-29 20:42:44] [TIKTOK] unknown
[2025-10-29 20:42:44] [GA4] purchase
[2025-10-29 22:42:47] [FACEBOOK] unknown
[2025-10-29 22:42:48] [TIKTOK] unknown
[2025-10-29 22:42:48] [GA4] purchase
[2025-10-29 22:47:12] [FACEBOOK] unknown
[2025-10-29 22:47:13] [TIKTOK] unknown
[2025-10-29 22:47:13] [GA4] purchase
[2025-10-29 22:47:32] [FACEBOOK] unknown
[2025-10-29 22:47:33] [TIKTOK] unknown
[2025-10-29 22:47:33] [GA4] purchase
[2025-10-29 22:47:41] [FACEBOOK] unknown
[2025-10-29 22:47:42] [TIKTOK] unknown
[2025-10-29 22:47:42] [GA4] purchase
[2025-10-29 22:49:03] [FACEBOOK] unknown
[2025-10-29 22:49:03] [TIKTOK] unknown
[2025-10-29 22:49:04] [GA4] purchase
[2025-10-29 22:49:04] [FACEBOOK] unknown
[2025-10-29 22:49:05] [TIKTOK] unknown
[2025-10-29 22:49:05] [GA4] purchase
[2025-10-29 22:49:17] [FACEBOOK] unknown
[2025-10-29 22:49:18] [TIKTOK] unknown
[2025-10-29 22:49:18] [GA4] purchase
[2025-10-29 23:48:35] [FACEBOOK] unknown
[2025-10-29 23:48:36] [TIKTOK] unknown
[2025-10-29 23:48:36] [GA4] purchase
[2025-10-30 00:47:21] [FACEBOOK] unknown
[2025-10-30 00:47:21] [TIKTOK] unknown
[2025-10-30 00:47:22] [GA4] purchase
[2025-10-30 02:40:39] [FACEBOOK] unknown
[2025-10-30 02:40:40] [TIKTOK] unknown
[2025-10-30 02:40:40] [GA4] purchase
[2025-10-30 07:39:39] [FACEBOOK] unknown
[2025-10-30 07:39:40] [TIKTOK] unknown
[2025-10-30 07:39:41] [GA4] purchase
[2025-10-30 07:39:42] [FACEBOOK] unknown
[2025-10-30 07:39:42] [TIKTOK] unknown
[2025-10-30 07:39:43] [GA4] purchase
[2025-10-30 07:40:37] [FACEBOOK] unknown
[2025-10-30 07:40:37] [TIKTOK] unknown
[2025-10-30 07:40:38] [GA4] purchase
[2025-10-30 09:40:35] [FACEBOOK] unknown
[2025-10-30 09:40:36] [TIKTOK] unknown
[2025-10-30 09:40:36] [GA4] purchase
[2025-10-30 09:40:41] [FACEBOOK] unknown
[2025-10-30 09:40:41] [TIKTOK] unknown
[2025-10-30 09:40:42] [GA4] purchase
[2025-10-30 09:41:31] [FACEBOOK] unknown
[2025-10-30 09:41:32] [TIKTOK] unknown
[2025-10-30 09:41:32] [GA4] purchase
[2025-10-30 09:42:38] [FACEBOOK] unknown
[2025-10-30 09:42:39] [TIKTOK] unknown
[2025-10-30 09:42:39] [GA4] purchase
[2025-10-30 09:43:53] [FACEBOOK] unknown
[2025-10-30 09:43:53] [TIKTOK] unknown
[2025-10-30 09:43:54] [FACEBOOK] unknown
[2025-10-30 09:43:54] [GA4] purchase
[2025-10-30 09:43:55] [TIKTOK] unknown
[2025-10-30 09:43:55] [GA4] purchase
[2025-10-30 09:44:36] [FACEBOOK] unknown
[2025-10-30 09:44:36] [TIKTOK] unknown
[2025-10-30 09:44:37] [GA4] purchase
[2025-10-30 10:42:55] [FACEBOOK] unknown
[2025-10-30 10:42:56] [TIKTOK] unknown
[2025-10-30 10:42:57] [GA4] purchase
[2025-10-30 11:54:47] [FACEBOOK] unknown
[2025-10-30 11:54:48] [TIKTOK] unknown
[2025-10-30 11:54:48] [GA4] purchase
[2025-10-30 13:40:44] [FACEBOOK] unknown
[2025-10-30 13:40:44] [TIKTOK] unknown
[2025-10-30 13:40:45] [GA4] purchase
[2025-10-30 18:40:24] [FACEBOOK] unknown
[2025-10-30 18:40:25] [TIKTOK] unknown
[2025-10-30 18:40:25] [GA4] purchase
[2025-10-30 18:40:29] [FACEBOOK] unknown
[2025-10-30 18:40:29] [TIKTOK] unknown
[2025-10-30 18:40:30] [GA4] purchase
[2025-10-30 18:40:44] [FACEBOOK] unknown
[2025-10-30 18:40:45] [TIKTOK] unknown
[2025-10-30 18:40:45] [GA4] purchase
[2025-10-30 20:40:20] [FACEBOOK] unknown
[2025-10-30 20:40:21] [TIKTOK] unknown
[2025-10-30 20:40:21] [GA4] purchase
[2025-10-30 20:40:58] [FACEBOOK] unknown
[2025-10-30 20:40:59] [TIKTOK] unknown
[2025-10-30 20:40:59] [GA4] purchase
[2025-10-30 20:41:34] [FACEBOOK] unknown
[2025-10-30 20:41:35] [TIKTOK] unknown
[2025-10-30 20:41:36] [GA4] purchase
[2025-10-30 20:43:01] [FACEBOOK] unknown
[2025-10-30 20:43:02] [TIKTOK] unknown
[2025-10-30 20:43:02] [GA4] purchase
[2025-10-30 20:43:22] [FACEBOOK] unknown
[2025-10-30 20:43:23] [TIKTOK] unknown
[2025-10-30 20:43:23] [GA4] purchase
[2025-10-30 20:43:47] [FACEBOOK] unknown
[2025-10-30 20:43:48] [TIKTOK] unknown
[2025-10-30 20:43:48] [GA4] purchase
[2025-10-30 20:55:08] [FACEBOOK] unknown
[2025-10-30 20:55:09] [TIKTOK] unknown
[2025-10-30 20:55:09] [GA4] purchase
[2025-10-30 21:41:26] [FACEBOOK] unknown
[2025-10-30 21:41:26] [TIKTOK] unknown
[2025-10-30 21:41:27] [GA4] purchase
[2025-10-30 22:46:43] [FACEBOOK] unknown
[2025-10-30 22:46:44] [TIKTOK] unknown
[2025-10-30 22:46:44] [GA4] purchase
[2025-10-31 00:43:22] [FACEBOOK] unknown
[2025-10-31 00:43:23] [TIKTOK] unknown
[2025-10-31 00:43:23] [GA4] purchase
[2025-10-31 05:22:23] [FACEBOOK] unknown
[2025-10-31 05:22:24] [TIKTOK] unknown
[2025-10-31 05:22:24] [GA4] purchase
[2025-10-31 05:29:01] [FACEBOOK] unknown
[2025-10-31 05:29:01] [TIKTOK] unknown
[2025-10-31 05:29:01] [GA4] begin_checkout
[2025-10-31 05:29:21] [FACEBOOK] unknown
[2025-10-31 05:29:21] [TIKTOK] unknown
[2025-10-31 05:29:21] [GA4] begin_checkout
[2025-10-31 05:31:11] [FACEBOOK] unknown
[2025-10-31 05:31:11] [TIKTOK] unknown
[2025-10-31 05:31:11] [GA4] begin_checkout
[2025-10-31 05:31:26] [FACEBOOK] unknown
[2025-10-31 05:31:26] [TIKTOK] unknown
[2025-10-31 05:31:26] [GA4] begin_checkout
[2025-10-31 05:31:50] [FACEBOOK] unknown
[2025-10-31 05:31:50] [TIKTOK] unknown
[2025-10-31 05:31:50] [GA4] begin_checkout
[2025-10-31 05:32:15] [FACEBOOK] unknown
[2025-10-31 05:32:15] [TIKTOK] unknown
[2025-10-31 05:32:15] [GA4] begin_checkout
[2025-10-31 05:32:26] [FACEBOOK] unknown
[2025-10-31 05:32:26] [TIKTOK] unknown
[2025-10-31 05:32:26] [GA4] begin_checkout
[2025-10-31 05:32:57] [FACEBOOK] unknown
[2025-10-31 05:32:57] [TIKTOK] unknown
[2025-10-31 05:32:57] [GA4] begin_checkout
[2025-10-31 05:33:15] [FACEBOOK] unknown
[2025-10-31 05:33:15] [TIKTOK] unknown
[2025-10-31 05:33:15] [GA4] begin_checkout
[2025-10-31 05:33:26] [FACEBOOK] unknown
[2025-10-31 05:33:26] [TIKTOK] unknown
[2025-10-31 05:33:26] [GA4] begin_checkout
[2025-10-31 05:33:40] [FACEBOOK] unknown
[2025-10-31 05:33:40] [TIKTOK] unknown
[2025-10-31 05:33:40] [GA4] begin_checkout
[2025-10-31 05:33:50] [FACEBOOK] unknown
[2025-10-31 05:33:50] [TIKTOK] unknown
[2025-10-31 05:33:50] [GA4] begin_checkout
[2025-10-31 05:34:01] [FACEBOOK] unknown
[2025-10-31 05:34:01] [TIKTOK] unknown
[2025-10-31 05:34:01] [GA4] begin_checkout
[2025-10-31 05:34:11] [FACEBOOK] unknown
[2025-10-31 05:34:11] [TIKTOK] unknown
[2025-10-31 05:34:11] [GA4] begin_checkout
[2025-10-31 05:34:23] [FACEBOOK] unknown
[2025-10-31 05:34:23] [TIKTOK] unknown
[2025-10-31 05:34:23] [GA4] begin_checkout
[2025-10-31 05:34:33] [FACEBOOK] unknown
[2025-10-31 05:34:33] [TIKTOK] unknown
[2025-10-31 05:34:33] [GA4] begin_checkout
[2025-10-31 05:34:44] [FACEBOOK] unknown
[2025-10-31 05:34:44] [TIKTOK] unknown
[2025-10-31 05:34:44] [GA4] begin_checkout
[2025-10-31 05:34:52] [FACEBOOK] unknown
[2025-10-31 05:34:52] [TIKTOK] unknown
[2025-10-31 05:34:52] [GA4] begin_checkout
[2025-10-31 05:35:02] [FACEBOOK] unknown
[2025-10-31 05:35:02] [TIKTOK] unknown
[2025-10-31 05:35:02] [GA4] begin_checkout
[2025-10-31 05:39:57] [FACEBOOK] unknown
[2025-10-31 05:39:57] [TIKTOK] unknown
[2025-10-31 05:39:57] [GA4] purchase
[2025-10-31 05:40:13] [FACEBOOK] unknown
[2025-10-31 05:40:13] [TIKTOK] unknown
[2025-10-31 05:40:14] [GA4] purchase
[2025-10-31 05:42:03] [FACEBOOK] unknown
[2025-10-31 05:42:03] [TIKTOK] unknown
[2025-10-31 05:42:04] [GA4] purchase
[2025-10-31 07:44:13] [FACEBOOK] unknown
[2025-10-31 07:44:14] [TIKTOK] unknown
[2025-10-31 07:44:15] [GA4] purchase
[2025-10-31 07:44:25] [FACEBOOK] unknown
[2025-10-31 07:44:26] [TIKTOK] unknown
[2025-10-31 07:44:26] [GA4] purchase
[2025-10-31 07:45:55] [FACEBOOK] unknown
[2025-10-31 07:45:56] [TIKTOK] unknown
[2025-10-31 07:45:56] [GA4] purchase
[2025-10-31 08:43:45] [FACEBOOK] unknown
[2025-10-31 08:43:45] [TIKTOK] unknown
[2025-10-31 08:43:46] [GA4] purchase
[2025-10-31 09:50:46] [FACEBOOK] unknown
[2025-10-31 09:50:46] [TIKTOK] unknown
[2025-10-31 09:50:46] [GA4] purchase
[2025-10-31 11:42:08] [FACEBOOK] unknown
[2025-10-31 11:42:08] [TIKTOK] unknown
[2025-10-31 11:42:09] [GA4] purchase
[2025-10-31 15:14:17] [FACEBOOK] unknown
[2025-10-31 15:14:18] [TIKTOK] unknown
[2025-10-31 15:14:18] [GA4] purchase
[2025-10-31 16:40:50] [FACEBOOK] unknown
[2025-10-31 16:40:50] [TIKTOK] unknown
[2025-10-31 16:40:51] [GA4] purchase
[2025-10-31 16:40:52] [FACEBOOK] unknown
[2025-10-31 16:40:52] [TIKTOK] unknown
[2025-10-31 16:40:53] [GA4] purchase
[2025-10-31 16:41:25] [FACEBOOK] unknown
[2025-10-31 16:41:25] [TIKTOK] unknown
[2025-10-31 16:41:25] [GA4] purchase
[2025-10-31 18:40:38] [FACEBOOK] unknown
[2025-10-31 18:40:38] [TIKTOK] unknown
[2025-10-31 18:40:38] [GA4] begin_checkout
[2025-10-31 18:42:47] [FACEBOOK] unknown
[2025-10-31 18:42:48] [TIKTOK] unknown
[2025-10-31 18:42:48] [GA4] purchase
[2025-10-31 18:42:51] [FACEBOOK] unknown
[2025-10-31 18:42:51] [TIKTOK] unknown
[2025-10-31 18:42:52] [GA4] purchase
[2025-10-31 18:45:33] [FACEBOOK] unknown
[2025-10-31 18:45:33] [TIKTOK] unknown
[2025-10-31 18:45:33] [GA4] purchase
[2025-10-31 18:45:37] [FACEBOOK] unknown
[2025-10-31 18:45:38] [TIKTOK] unknown
[2025-10-31 18:45:38] [GA4] purchase
[2025-10-31 18:48:44] [FACEBOOK] unknown
[2025-10-31 18:48:45] [TIKTOK] unknown
[2025-10-31 18:48:45] [GA4] purchase
[2025-10-31 18:48:51] [FACEBOOK] unknown
[2025-10-31 18:48:52] [TIKTOK] unknown
[2025-10-31 18:48:52] [GA4] purchase
[2025-10-31 18:48:57] [FACEBOOK] unknown
[2025-10-31 18:48:57] [TIKTOK] unknown
[2025-10-31 18:48:58] [GA4] purchase
[2025-10-31 19:40:17] [FACEBOOK] unknown
[2025-10-31 19:40:18] [TIKTOK] unknown
[2025-10-31 19:40:18] [GA4] purchase
[2025-10-31 20:43:05] [FACEBOOK] unknown
[2025-10-31 20:43:06] [TIKTOK] unknown
[2025-10-31 20:43:07] [GA4] purchase
[2025-10-31 22:42:10] [FACEBOOK] unknown
[2025-10-31 22:42:11] [TIKTOK] unknown
[2025-10-31 22:42:11] [GA4] purchase
[2025-11-01 03:40:54] [FACEBOOK] unknown
[2025-11-01 03:40:55] [TIKTOK] unknown
[2025-11-01 03:40:55] [GA4] purchase
[2025-11-01 03:40:55] [FACEBOOK] unknown
[2025-11-01 03:40:56] [TIKTOK] unknown
[2025-11-01 03:40:56] [GA4] purchase
[2025-11-01 03:45:31] [FACEBOOK] unknown
[2025-11-01 03:45:32] [TIKTOK] unknown
[2025-11-01 03:45:32] [GA4] purchase
[2025-11-01 05:44:01] [FACEBOOK] unknown
[2025-11-01 05:44:02] [TIKTOK] unknown
[2025-11-01 05:44:03] [GA4] purchase
[2025-11-01 05:44:04] [FACEBOOK] unknown
[2025-11-01 05:44:04] [TIKTOK] unknown
[2025-11-01 05:44:05] [GA4] purchase
[2025-11-01 05:45:33] [FACEBOOK] unknown
[2025-11-01 05:45:34] [TIKTOK] unknown
[2025-11-01 05:45:34] [GA4] purchase
[2025-11-01 05:45:40] [FACEBOOK] unknown
[2025-11-01 05:45:41] [TIKTOK] unknown
[2025-11-01 05:45:41] [GA4] purchase
[2025-11-01 05:49:06] [FACEBOOK] unknown
[2025-11-01 05:49:07] [TIKTOK] unknown
[2025-11-01 05:49:07] [GA4] purchase
[2025-11-01 05:49:53] [FACEBOOK] unknown
[2025-11-01 05:49:54] [TIKTOK] unknown
[2025-11-01 05:49:54] [GA4] purchase
[2025-11-01 05:50:00] [FACEBOOK] unknown
[2025-11-01 05:50:00] [TIKTOK] unknown
[2025-11-01 05:50:01] [GA4] purchase
[2025-11-01 06:40:09] [FACEBOOK] unknown
[2025-11-01 06:40:10] [TIKTOK] unknown
[2025-11-01 06:40:10] [GA4] purchase
[2025-11-01 07:49:04] [FACEBOOK] unknown
[2025-11-01 07:49:05] [TIKTOK] unknown
[2025-11-01 07:49:06] [GA4] purchase
[2025-11-01 09:44:41] [FACEBOOK] unknown
[2025-11-01 09:44:42] [TIKTOK] unknown
[2025-11-01 09:44:43] [GA4] purchase
[2025-11-01 10:16:43] [FACEBOOK] unknown
[2025-11-01 10:16:43] [TIKTOK] unknown
[2025-11-01 10:16:43] [GA4] begin_checkout
[2025-11-01 10:19:12] [FACEBOOK] unknown
[2025-11-01 10:19:12] [TIKTOK] unknown
[2025-11-01 10:19:13] [FACEBOOK] unknown
[2025-11-01 10:19:13] [GA4] begin_checkout
[2025-11-01 10:19:13] [TIKTOK] unknown
[2025-11-01 10:19:13] [GA4] begin_checkout
[2025-11-01 10:19:13] [FACEBOOK] unknown
[2025-11-01 10:19:13] [TIKTOK] unknown
[2025-11-01 10:19:13] [GA4] begin_checkout
[2025-11-01 10:19:25] [FACEBOOK] unknown
[2025-11-01 10:19:25] [TIKTOK] unknown
[2025-11-01 10:19:25] [GA4] begin_checkout
[2025-11-01 10:19:25] [FACEBOOK] unknown
[2025-11-01 10:19:25] [TIKTOK] unknown
[2025-11-01 10:19:25] [GA4] begin_checkout
[2025-11-01 10:19:37] [FACEBOOK] unknown
[2025-11-01 10:19:37] [TIKTOK] unknown
[2025-11-01 10:19:37] [GA4] begin_checkout
[2025-11-01 10:20:41] [FACEBOOK] unknown
[2025-11-01 10:20:41] [TIKTOK] unknown
[2025-11-01 10:20:41] [GA4] begin_checkout
[2025-11-01 10:23:18] [FACEBOOK] unknown
[2025-11-01 10:23:18] [TIKTOK] unknown
[2025-11-01 10:23:18] [GA4] begin_checkout
[2025-11-01 18:41:30] [FACEBOOK] unknown
[2025-11-01 18:41:30] [TIKTOK] unknown
[2025-11-01 18:41:30] [GA4] begin_checkout
[2025-11-01 19:19:19] [FACEBOOK] unknown
[2025-11-01 19:19:19] [TIKTOK] unknown
[2025-11-01 19:19:19] [GA4] purchase
[2025-11-02 05:42:18] [FACEBOOK] unknown
[2025-11-02 05:42:18] [TIKTOK] unknown
[2025-11-02 05:42:19] [GA4] purchase
[2025-11-02 06:46:00] [FACEBOOK] unknown
[2025-11-02 06:46:00] [FACEBOOK] unknown
[2025-11-02 06:46:00] [TIKTOK] unknown
[2025-11-02 06:46:00] [TIKTOK] unknown
[2025-11-02 06:46:01] [GA4] purchase
[2025-11-02 06:46:01] [GA4] purchase
[2025-11-02 06:46:07] [FACEBOOK] unknown
[2025-11-02 06:46:07] [TIKTOK] unknown
[2025-11-02 06:46:08] [GA4] purchase
[2025-11-02 06:53:19] [FACEBOOK] unknown
[2025-11-02 06:53:19] [TIKTOK] unknown
[2025-11-02 06:53:19] [GA4] purchase
[2025-11-02 07:02:27] [FACEBOOK] unknown
[2025-11-02 07:02:27] [TIKTOK] unknown
[2025-11-02 07:02:27] [GA4] purchase
[2025-11-02 07:02:53] [FACEBOOK] unknown
[2025-11-02 07:02:53] [TIKTOK] unknown
[2025-11-02 07:02:53] [GA4] purchase
[2025-11-02 07:05:38] [FACEBOOK] unknown
[2025-11-02 07:05:38] [TIKTOK] unknown
[2025-11-02 07:05:39] [GA4] purchase
[2025-11-02 07:11:29] [FACEBOOK] unknown
[2025-11-02 07:11:29] [TIKTOK] unknown
[2025-11-02 07:11:29] [GA4] purchase
[2025-11-02 07:13:54] [FACEBOOK] unknown
[2025-11-02 07:13:54] [TIKTOK] unknown
[2025-11-02 07:13:55] [GA4] purchase
[2025-11-02 07:13:58] [FACEBOOK] unknown
[2025-11-02 07:13:58] [TIKTOK] unknown
[2025-11-02 07:13:58] [GA4] purchase
[2025-11-02 07:14:02] [FACEBOOK] unknown
[2025-11-02 07:14:02] [TIKTOK] unknown
[2025-11-02 07:14:02] [GA4] purchase
[2025-11-02 09:36:17] [FACEBOOK] unknown
[2025-11-02 09:36:17] [TIKTOK] unknown
[2025-11-02 09:36:17] [GA4] purchase
[2025-11-02 15:04:43] [FACEBOOK] unknown
[2025-11-02 15:04:43] [TIKTOK] unknown
[2025-11-02 15:04:43] [GA4] begin_checkout
[2025-11-02 16:39:46] [FACEBOOK] unknown
[2025-11-02 16:39:46] [TIKTOK] unknown
[2025-11-02 16:39:47] [GA4] purchase
[2025-11-02 17:40:11] [FACEBOOK] unknown
[2025-11-02 17:40:12] [TIKTOK] unknown
[2025-11-02 17:40:12] [GA4] purchase
[2025-11-02 17:41:43] [FACEBOOK] unknown
[2025-11-02 17:41:43] [TIKTOK] unknown
[2025-11-02 17:41:44] [GA4] purchase
[2025-11-02 17:45:18] [FACEBOOK] unknown
[2025-11-02 17:45:19] [TIKTOK] unknown
[2025-11-02 17:45:19] [GA4] purchase
[2025-11-02 17:45:23] [FACEBOOK] unknown
[2025-11-02 17:45:24] [TIKTOK] unknown
[2025-11-02 17:45:24] [GA4] purchase
[2025-11-02 17:46:05] [FACEBOOK] unknown
[2025-11-02 17:46:05] [TIKTOK] unknown
[2025-11-02 17:46:06] [GA4] purchase
[2025-11-02 17:46:29] [FACEBOOK] unknown
[2025-11-02 17:46:29] [TIKTOK] unknown
[2025-11-02 17:46:29] [GA4] purchase
[2025-11-02 17:46:30] [FACEBOOK] unknown
[2025-11-02 17:46:31] [TIKTOK] unknown
[2025-11-02 17:46:31] [GA4] purchase
[2025-11-02 17:49:44] [FACEBOOK] unknown
[2025-11-02 17:49:44] [TIKTOK] unknown
[2025-11-02 17:49:45] [GA4] purchase
[2025-11-02 17:49:59] [FACEBOOK] unknown
[2025-11-02 17:49:59] [TIKTOK] unknown
[2025-11-02 17:49:59] [GA4] purchase
[2025-11-02 17:58:55] [FACEBOOK] unknown
[2025-11-02 17:58:56] [TIKTOK] unknown
[2025-11-02 17:58:56] [GA4] purchase
[2025-11-02 17:59:03] [FACEBOOK] unknown
[2025-11-02 17:59:04] [TIKTOK] unknown
[2025-11-02 17:59:04] [GA4] purchase
[2025-11-03 00:32:49] [FACEBOOK] unknown
[2025-11-03 00:32:49] [TIKTOK] unknown
[2025-11-03 00:32:49] [GA4] begin_checkout
[2025-11-03 03:45:01] [FACEBOOK] unknown
[2025-11-03 03:45:01] [TIKTOK] unknown
[2025-11-03 03:45:01] [GA4] purchase
[2025-11-03 04:42:07] [FACEBOOK] unknown
[2025-11-03 04:42:07] [TIKTOK] unknown
[2025-11-03 04:42:08] [GA4] purchase
[2025-11-03 04:43:59] [FACEBOOK] unknown
[2025-11-03 04:43:59] [TIKTOK] unknown
[2025-11-03 04:43:59] [GA4] purchase
[2025-11-03 04:50:11] [FACEBOOK] unknown
[2025-11-03 04:50:12] [TIKTOK] unknown
[2025-11-03 04:50:12] [GA4] purchase
[2025-11-03 04:50:18] [FACEBOOK] unknown
[2025-11-03 04:50:18] [TIKTOK] unknown
[2025-11-03 04:50:19] [GA4] purchase
[2025-11-03 04:50:51] [FACEBOOK] unknown
[2025-11-03 04:50:52] [TIKTOK] unknown
[2025-11-03 04:50:52] [GA4] purchase
[2025-11-03 04:55:56] [FACEBOOK] unknown
[2025-11-03 04:55:56] [TIKTOK] unknown
[2025-11-03 04:55:57] [GA4] purchase
[2025-11-03 04:55:58] [FACEBOOK] unknown
[2025-11-03 04:55:58] [TIKTOK] unknown
[2025-11-03 04:55:59] [GA4] purchase
[2025-11-03 05:01:42] [FACEBOOK] unknown
[2025-11-03 05:01:43] [TIKTOK] unknown
[2025-11-03 05:01:43] [GA4] purchase
[2025-11-03 05:01:48] [FACEBOOK] unknown
[2025-11-03 05:01:48] [TIKTOK] unknown
[2025-11-03 05:01:49] [GA4] purchase
[2025-11-03 05:12:32] [FACEBOOK] unknown
[2025-11-03 05:12:32] [TIKTOK] unknown
[2025-11-03 05:12:33] [GA4] purchase
[2025-11-03 05:12:43] [FACEBOOK] unknown
[2025-11-03 05:12:44] [TIKTOK] unknown
[2025-11-03 05:12:44] [GA4] purchase
[2025-11-03 12:52:03] [FACEBOOK] unknown
[2025-11-03 12:52:03] [TIKTOK] unknown
[2025-11-03 12:52:03] [GA4] begin_checkout
[2025-11-03 12:52:42] [FACEBOOK] unknown
[2025-11-03 12:52:42] [TIKTOK] unknown
[2025-11-03 12:52:42] [GA4] begin_checkout
[2025-11-03 14:44:07] [FACEBOOK] unknown
[2025-11-03 14:44:07] [TIKTOK] unknown
[2025-11-03 14:44:08] [GA4] purchase
[2025-11-03 15:40:03] [FACEBOOK] unknown
[2025-11-03 15:40:03] [TIKTOK] unknown
[2025-11-03 15:40:04] [GA4] purchase
[2025-11-03 15:40:10] [FACEBOOK] unknown
[2025-11-03 15:40:10] [TIKTOK] unknown
[2025-11-03 15:40:11] [GA4] purchase
[2025-11-03 15:45:49] [FACEBOOK] unknown
[2025-11-03 15:45:49] [TIKTOK] unknown
[2025-11-03 15:45:49] [GA4] purchase
[2025-11-03 15:48:12] [FACEBOOK] unknown
[2025-11-03 15:48:12] [TIKTOK] unknown
[2025-11-03 15:48:12] [GA4] purchase
[2025-11-03 15:48:16] [FACEBOOK] unknown
[2025-11-03 15:48:17] [TIKTOK] unknown
[2025-11-03 15:48:17] [GA4] purchase
[2025-11-03 15:48:37] [FACEBOOK] unknown
[2025-11-03 15:48:37] [TIKTOK] unknown
[2025-11-03 15:48:37] [GA4] purchase
[2025-11-03 15:48:42] [FACEBOOK] unknown
[2025-11-03 15:48:42] [TIKTOK] unknown
[2025-11-03 15:48:43] [GA4] purchase
[2025-11-03 15:49:50] [FACEBOOK] unknown
[2025-11-03 15:49:50] [TIKTOK] unknown
[2025-11-03 15:49:50] [GA4] purchase
[2025-11-03 15:49:52] [FACEBOOK] unknown
[2025-11-03 15:49:52] [TIKTOK] unknown
[2025-11-03 15:49:52] [GA4] purchase
[2025-11-03 15:52:00] [FACEBOOK] unknown
[2025-11-03 15:52:00] [TIKTOK] unknown
[2025-11-03 15:52:01] [GA4] purchase
[2025-11-03 15:52:09] [FACEBOOK] unknown
[2025-11-03 15:52:10] [TIKTOK] unknown
[2025-11-03 15:52:10] [GA4] purchase
[2025-11-03 23:12:56] [FACEBOOK] unknown
[2025-11-03 23:12:56] [TIKTOK] unknown
[2025-11-03 23:12:56] [GA4] purchase
[2025-11-04 01:42:46] [FACEBOOK] unknown
[2025-11-04 01:42:46] [TIKTOK] unknown
[2025-11-04 01:42:47] [GA4] purchase
[2025-11-04 01:42:49] [FACEBOOK] unknown
[2025-11-04 01:42:49] [TIKTOK] unknown
[2025-11-04 01:42:50] [GA4] purchase
[2025-11-04 01:43:15] [FACEBOOK] unknown
[2025-11-04 01:43:15] [TIKTOK] unknown
[2025-11-04 01:43:16] [GA4] purchase
[2025-11-04 02:42:44] [FACEBOOK] unknown
[2025-11-04 02:42:44] [TIKTOK] unknown
[2025-11-04 02:42:45] [GA4] purchase
[2025-11-04 02:43:35] [FACEBOOK] unknown
[2025-11-04 02:43:36] [TIKTOK] unknown
[2025-11-04 02:43:36] [GA4] purchase
[2025-11-04 02:47:39] [FACEBOOK] unknown
[2025-11-04 02:47:39] [TIKTOK] unknown
[2025-11-04 02:47:39] [GA4] purchase
[2025-11-04 02:47:42] [FACEBOOK] unknown
[2025-11-04 02:47:42] [TIKTOK] unknown
[2025-11-04 02:47:43] [GA4] purchase
[2025-11-04 02:47:59] [FACEBOOK] unknown
[2025-11-04 02:47:59] [TIKTOK] unknown
[2025-11-04 02:47:59] [GA4] purchase
[2025-11-04 02:48:36] [FACEBOOK] unknown
[2025-11-04 02:48:36] [TIKTOK] unknown
[2025-11-04 02:48:37] [GA4] purchase
[2025-11-04 02:48:45] [FACEBOOK] unknown
[2025-11-04 02:48:45] [TIKTOK] unknown
[2025-11-04 02:48:46] [GA4] purchase
[2025-11-04 02:48:48] [FACEBOOK] unknown
[2025-11-04 02:48:48] [TIKTOK] unknown
[2025-11-04 02:48:49] [GA4] purchase
[2025-11-04 02:52:49] [FACEBOOK] unknown
[2025-11-04 02:52:49] [TIKTOK] unknown
[2025-11-04 02:52:49] [GA4] purchase
[2025-11-04 08:53:09] [FACEBOOK] unknown
[2025-11-04 08:53:09] [TIKTOK] unknown
[2025-11-04 08:53:10] [GA4] purchase
[2025-11-04 12:43:17] [FACEBOOK] unknown
[2025-11-04 12:43:17] [TIKTOK] unknown
[2025-11-04 12:43:20] [FACEBOOK] unknown
[2025-11-04 12:43:20] [TIKTOK] unknown
[2025-11-04 12:43:20] [GA4] purchase
[2025-11-04 12:43:22] [GA4] purchase
[2025-11-04 12:43:29] [FACEBOOK] unknown
[2025-11-04 12:43:29] [TIKTOK] unknown
[2025-11-04 12:43:29] [GA4] purchase
[2025-11-04 13:43:07] [FACEBOOK] unknown
[2025-11-04 13:43:07] [TIKTOK] unknown
[2025-11-04 13:43:07] [GA4] purchase
[2025-11-04 13:43:45] [FACEBOOK] unknown
[2025-11-04 13:43:45] [TIKTOK] unknown
[2025-11-04 13:43:46] [GA4] purchase
[2025-11-04 13:47:08] [FACEBOOK] unknown
[2025-11-04 13:47:09] [TIKTOK] unknown
[2025-11-04 13:47:09] [GA4] purchase
[2025-11-04 13:47:12] [FACEBOOK] unknown
[2025-11-04 13:47:12] [TIKTOK] unknown
[2025-11-04 13:47:12] [GA4] purchase
[2025-11-04 13:47:31] [FACEBOOK] unknown
[2025-11-04 13:47:31] [TIKTOK] unknown
[2025-11-04 13:47:32] [GA4] purchase
[2025-11-04 13:49:08] [FACEBOOK] unknown
[2025-11-04 13:49:09] [TIKTOK] unknown
[2025-11-04 13:49:09] [GA4] purchase
[2025-11-04 13:49:18] [FACEBOOK] unknown
[2025-11-04 13:49:18] [TIKTOK] unknown
[2025-11-04 13:49:19] [GA4] purchase
[2025-11-04 13:49:20] [FACEBOOK] unknown
[2025-11-04 13:49:20] [TIKTOK] unknown
[2025-11-04 13:49:20] [GA4] purchase
[2025-11-04 13:50:18] [FACEBOOK] unknown
[2025-11-04 13:50:19] [TIKTOK] unknown
[2025-11-04 13:50:19] [GA4] purchase
[2025-11-04 14:05:47] [FACEBOOK] unknown
[2025-11-04 14:05:48] [TIKTOK] unknown
[2025-11-04 14:05:48] [GA4] purchase
[2025-11-04 14:05:53] [FACEBOOK] unknown
[2025-11-04 14:05:53] [TIKTOK] unknown
[2025-11-04 14:05:53] [GA4] purchase
[2025-11-04 14:58:29] [FACEBOOK] unknown
[2025-11-04 14:58:29] [TIKTOK] unknown
[2025-11-04 14:58:29] [GA4] begin_checkout
[2025-11-04 14:58:43] [FACEBOOK] unknown
[2025-11-04 14:58:43] [TIKTOK] unknown
[2025-11-04 14:58:43] [GA4] begin_checkout
[2025-11-04 14:58:57] [FACEBOOK] unknown
[2025-11-04 14:58:57] [TIKTOK] unknown
[2025-11-04 14:58:57] [GA4] begin_checkout
[2025-11-04 14:59:58] [FACEBOOK] unknown
[2025-11-04 14:59:58] [TIKTOK] unknown
[2025-11-04 14:59:58] [GA4] begin_checkout
[2025-11-04 20:47:39] [FACEBOOK] unknown
[2025-11-04 20:47:39] [TIKTOK] unknown
[2025-11-04 20:47:39] [GA4] begin_checkout
[2025-11-04 22:16:16] [FACEBOOK] unknown
[2025-11-04 22:16:16] [TIKTOK] unknown
[2025-11-04 22:16:16] [GA4] purchase
[2025-11-05 08:45:58] [FACEBOOK] unknown
[2025-11-05 08:45:59] [TIKTOK] unknown
[2025-11-05 08:45:59] [GA4] purchase
[2025-11-05 09:35:16] [FACEBOOK] unknown
[2025-11-05 09:35:16] [TIKTOK] unknown
[2025-11-05 09:35:17] [GA4] purchase
[2025-11-05 13:40:26] [FACEBOOK] unknown
[2025-11-05 13:40:26] [TIKTOK] unknown
[2025-11-05 13:40:26] [GA4] begin_checkout
[2025-11-05 17:31:50] [FACEBOOK] unknown
[2025-11-05 17:31:50] [TIKTOK] unknown
[2025-11-05 17:31:50] [GA4] purchase
[2025-11-05 17:33:24] [FACEBOOK] unknown
[2025-11-05 17:33:25] [TIKTOK] unknown
[2025-11-05 17:33:25] [GA4] purchase
[2025-11-05 17:33:47] [FACEBOOK] unknown
[2025-11-05 17:33:47] [TIKTOK] unknown
[2025-11-05 17:33:47] [GA4] purchase
[2025-11-05 17:37:02] [FACEBOOK] unknown
[2025-11-05 17:37:02] [TIKTOK] unknown
[2025-11-05 17:37:02] [GA4] purchase
[2025-11-05 17:37:26] [FACEBOOK] unknown
[2025-11-05 17:37:27] [TIKTOK] unknown
[2025-11-05 17:37:27] [GA4] purchase
[2025-11-05 17:44:33] [FACEBOOK] unknown
[2025-11-05 17:44:33] [TIKTOK] unknown
[2025-11-05 17:44:34] [GA4] purchase
[2025-11-05 18:00:49] [FACEBOOK] unknown
[2025-11-05 18:00:49] [TIKTOK] unknown
[2025-11-05 18:00:50] [GA4] purchase
[2025-11-05 18:05:02] [FACEBOOK] unknown
[2025-11-05 18:05:02] [TIKTOK] unknown
[2025-11-05 18:05:02] [GA4] purchase
[2025-11-05 18:05:24] [FACEBOOK] unknown
[2025-11-05 18:05:24] [TIKTOK] unknown
[2025-11-05 18:05:24] [GA4] purchase
[2025-11-05 18:08:33] [FACEBOOK] unknown
[2025-11-05 18:08:33] [TIKTOK] unknown
[2025-11-05 18:08:34] [GA4] purchase
[2025-11-05 18:08:40] [FACEBOOK] unknown
[2025-11-05 18:08:40] [TIKTOK] unknown
[2025-11-05 18:08:41] [GA4] purchase
[2025-11-05 18:15:43] [FACEBOOK] unknown
[2025-11-05 18:15:43] [TIKTOK] unknown
[2025-11-05 18:15:43] [GA4] purchase
[2025-11-05 19:22:40] [FACEBOOK] unknown
[2025-11-05 19:22:41] [TIKTOK] unknown
[2025-11-05 19:22:41] [GA4] purchase
[2025-11-05 19:24:02] [FACEBOOK] unknown
[2025-11-05 19:24:02] [TIKTOK] unknown
[2025-11-05 19:24:03] [GA4] purchase
[2025-11-05 19:34:01] [FACEBOOK] unknown
[2025-11-05 19:34:01] [TIKTOK] unknown
[2025-11-05 19:34:01] [GA4] purchase
[2025-11-05 20:15:39] [FACEBOOK] unknown
[2025-11-05 20:15:40] [TIKTOK] unknown
[2025-11-05 20:15:40] [GA4] purchase
[2025-11-05 20:20:51] [FACEBOOK] unknown
[2025-11-05 20:20:51] [TIKTOK] unknown
[2025-11-05 20:20:51] [GA4] purchase
[2025-11-05 20:21:01] [FACEBOOK] unknown
[2025-11-05 20:21:01] [TIKTOK] unknown
[2025-11-05 20:21:02] [GA4] purchase
[2025-11-05 20:21:09] [FACEBOOK] unknown
[2025-11-05 20:21:09] [TIKTOK] unknown
[2025-11-05 20:21:09] [GA4] purchase
[2025-11-05 21:51:52] [FACEBOOK] unknown
[2025-11-05 21:51:53] [TIKTOK] unknown
[2025-11-05 21:51:53] [GA4] purchase
[2025-11-05 21:53:13] [FACEBOOK] unknown
[2025-11-05 21:53:14] [TIKTOK] unknown
[2025-11-05 21:53:14] [GA4] purchase
[2025-11-05 21:53:26] [FACEBOOK] unknown
[2025-11-05 21:53:27] [TIKTOK] unknown
[2025-11-05 21:53:27] [GA4] purchase
[2025-11-05 21:55:39] [FACEBOOK] unknown
[2025-11-05 21:55:40] [TIKTOK] unknown
[2025-11-05 21:55:40] [GA4] purchase
[2025-11-05 21:55:41] [FACEBOOK] unknown
[2025-11-05 21:55:41] [TIKTOK] unknown
[2025-11-05 21:55:41] [GA4] purchase
[2025-11-05 22:05:07] [FACEBOOK] unknown
[2025-11-05 22:05:07] [TIKTOK] unknown
[2025-11-05 22:05:07] [GA4] purchase
[2025-11-05 23:05:29] [FACEBOOK] unknown
[2025-11-05 23:05:30] [TIKTOK] unknown
[2025-11-05 23:05:30] [GA4] purchase
[2025-11-05 23:10:40] [FACEBOOK] unknown
[2025-11-05 23:10:41] [TIKTOK] unknown
[2025-11-05 23:10:41] [GA4] purchase
[2025-11-05 23:19:43] [FACEBOOK] unknown
[2025-11-05 23:19:43] [TIKTOK] unknown
[2025-11-05 23:19:43] [GA4] purchase
[2025-11-06 00:10:09] [FACEBOOK] unknown
[2025-11-06 00:10:09] [TIKTOK] unknown
[2025-11-06 00:10:09] [GA4] purchase
[2025-11-06 00:10:29] [FACEBOOK] unknown
[2025-11-06 00:10:29] [TIKTOK] unknown
[2025-11-06 00:10:30] [GA4] purchase
[2025-11-06 00:14:26] [FACEBOOK] unknown
[2025-11-06 00:14:26] [TIKTOK] unknown
[2025-11-06 00:14:27] [GA4] purchase
[2025-11-06 00:15:47] [FACEBOOK] unknown
[2025-11-06 00:15:48] [TIKTOK] unknown
[2025-11-06 00:15:49] [GA4] purchase
[2025-11-06 08:39:36] [FACEBOOK] unknown
[2025-11-06 08:39:37] [TIKTOK] unknown
[2025-11-06 08:39:37] [GA4] purchase
[2025-11-06 08:42:31] [FACEBOOK] unknown
[2025-11-06 08:42:32] [TIKTOK] unknown
[2025-11-06 08:42:32] [GA4] purchase
[2025-11-06 08:42:33] [FACEBOOK] unknown
[2025-11-06 08:42:33] [TIKTOK] unknown
[2025-11-06 08:42:34] [GA4] purchase
[2025-11-06 08:54:10] [FACEBOOK] unknown
[2025-11-06 08:54:11] [TIKTOK] unknown
[2025-11-06 08:54:11] [GA4] purchase
[2025-11-06 08:54:54] [FACEBOOK] unknown
[2025-11-06 08:54:54] [TIKTOK] unknown
[2025-11-06 08:54:55] [GA4] purchase
[2025-11-06 09:02:38] [FACEBOOK] unknown
[2025-11-06 09:02:39] [TIKTOK] unknown
[2025-11-06 09:02:39] [GA4] purchase
[2025-11-06 09:43:42] [FACEBOOK] unknown
[2025-11-06 09:43:42] [TIKTOK] unknown
[2025-11-06 09:43:42] [GA4] purchase
[2025-11-06 10:02:34] [FACEBOOK] unknown
[2025-11-06 10:02:35] [TIKTOK] unknown
[2025-11-06 10:02:35] [GA4] purchase
[2025-11-06 10:02:52] [FACEBOOK] unknown
[2025-11-06 10:02:52] [TIKTOK] unknown
[2025-11-06 10:02:52] [GA4] purchase
[2025-11-06 10:45:03] [FACEBOOK] unknown
[2025-11-06 10:45:03] [TIKTOK] unknown
[2025-11-06 10:45:04] [GA4] purchase
[2025-11-06 10:55:17] [FACEBOOK] unknown
[2025-11-06 10:55:18] [TIKTOK] unknown
[2025-11-06 10:55:18] [GA4] purchase
[2025-11-06 10:56:13] [FACEBOOK] unknown
[2025-11-06 10:56:14] [TIKTOK] unknown
[2025-11-06 10:56:14] [GA4] purchase
[2025-11-06 10:57:18] [FACEBOOK] unknown
[2025-11-06 10:57:19] [TIKTOK] unknown
[2025-11-06 10:57:19] [GA4] purchase
[2025-11-06 19:39:40] [FACEBOOK] unknown
[2025-11-06 19:39:40] [TIKTOK] unknown
[2025-11-06 19:39:41] [GA4] purchase
[2025-11-06 19:39:45] [FACEBOOK] unknown
[2025-11-06 19:39:46] [TIKTOK] unknown
[2025-11-06 19:39:46] [GA4] purchase
[2025-11-06 19:44:54] [FACEBOOK] unknown
[2025-11-06 19:44:55] [TIKTOK] unknown
[2025-11-06 19:44:55] [GA4] purchase
[2025-11-06 19:46:56] [FACEBOOK] unknown
[2025-11-06 19:46:56] [TIKTOK] unknown
[2025-11-06 19:46:56] [GA4] purchase
[2025-11-06 19:47:49] [FACEBOOK] unknown
[2025-11-06 19:47:50] [TIKTOK] unknown
[2025-11-06 19:47:50] [GA4] purchase
[2025-11-06 20:00:08] [FACEBOOK] unknown
[2025-11-06 20:00:08] [TIKTOK] unknown
[2025-11-06 20:00:08] [GA4] purchase
[2025-11-06 20:41:47] [FACEBOOK] unknown
[2025-11-06 20:41:48] [TIKTOK] unknown
[2025-11-06 20:41:49] [GA4] purchase
[2025-11-06 20:56:41] [FACEBOOK] unknown
[2025-11-06 20:56:41] [TIKTOK] unknown
[2025-11-06 20:56:42] [GA4] purchase
[2025-11-06 20:56:56] [FACEBOOK] unknown
[2025-11-06 20:56:56] [TIKTOK] unknown
[2025-11-06 20:56:56] [GA4] purchase
[2025-11-06 21:39:45] [FACEBOOK] unknown
[2025-11-06 21:39:45] [TIKTOK] unknown
[2025-11-06 21:39:45] [GA4] purchase
[2025-11-06 21:49:59] [FACEBOOK] unknown
[2025-11-06 21:49:59] [TIKTOK] unknown
[2025-11-06 21:49:59] [GA4] purchase
[2025-11-06 21:52:30] [FACEBOOK] unknown
[2025-11-06 21:52:30] [TIKTOK] unknown
[2025-11-06 21:52:31] [GA4] purchase
[2025-11-06 22:02:29] [FACEBOOK] unknown
[2025-11-06 22:02:30] [TIKTOK] unknown
[2025-11-06 22:02:30] [GA4] purchase
[2025-11-07 05:29:19] [FACEBOOK] unknown
[2025-11-07 05:29:19] [TIKTOK] unknown
[2025-11-07 05:29:19] [GA4] begin_checkout
[2025-11-07 06:39:43] [FACEBOOK] unknown
[2025-11-07 06:39:43] [TIKTOK] unknown
[2025-11-07 06:39:43] [GA4] purchase
[2025-11-07 06:43:17] [FACEBOOK] unknown
[2025-11-07 06:43:17] [TIKTOK] unknown
[2025-11-07 06:43:17] [GA4] purchase
[2025-11-07 06:43:18] [FACEBOOK] unknown
[2025-11-07 06:43:18] [TIKTOK] unknown
[2025-11-07 06:43:18] [GA4] purchase
[2025-11-07 06:51:47] [FACEBOOK] unknown
[2025-11-07 06:51:47] [TIKTOK] unknown
[2025-11-07 06:51:47] [GA4] purchase
[2025-11-07 06:54:00] [FACEBOOK] unknown
[2025-11-07 06:54:01] [TIKTOK] unknown
[2025-11-07 06:54:01] [GA4] purchase
[2025-11-07 07:09:32] [FACEBOOK] unknown
[2025-11-07 07:09:32] [TIKTOK] unknown
[2025-11-07 07:09:32] [GA4] purchase
[2025-11-07 07:10:54] [FACEBOOK] unknown
[2025-11-07 07:10:55] [TIKTOK] unknown
[2025-11-07 07:10:55] [GA4] purchase
[2025-11-07 07:42:33] [FACEBOOK] unknown
[2025-11-07 07:42:34] [TIKTOK] unknown
[2025-11-07 07:42:34] [GA4] purchase
[2025-11-07 07:53:14] [FACEBOOK] unknown
[2025-11-07 07:53:14] [TIKTOK] unknown
[2025-11-07 07:53:14] [GA4] purchase
[2025-11-07 07:55:33] [FACEBOOK] unknown
[2025-11-07 07:55:33] [TIKTOK] unknown
[2025-11-07 07:55:33] [GA4] purchase
[2025-11-07 08:43:25] [FACEBOOK] unknown
[2025-11-07 08:43:26] [TIKTOK] unknown
[2025-11-07 08:43:26] [GA4] purchase
[2025-11-07 08:54:40] [FACEBOOK] unknown
[2025-11-07 08:54:41] [TIKTOK] unknown
[2025-11-07 08:54:41] [GA4] purchase
[2025-11-07 08:54:58] [FACEBOOK] unknown
[2025-11-07 08:54:58] [TIKTOK] unknown
[2025-11-07 08:54:58] [GA4] purchase
[2025-11-07 08:55:19] [FACEBOOK] unknown
[2025-11-07 08:55:19] [TIKTOK] unknown
[2025-11-07 08:55:20] [GA4] purchase
[2025-11-07 11:44:28] [FACEBOOK] unknown
[2025-11-07 11:44:28] [TIKTOK] unknown
[2025-11-07 11:44:28] [GA4] begin_checkout
[2025-11-07 14:27:33] [FACEBOOK] unknown
[2025-11-07 14:27:33] [TIKTOK] unknown
[2025-11-07 14:27:33] [GA4] begin_checkout
[2025-11-07 16:42:49] [FACEBOOK] unknown
[2025-11-07 16:42:49] [TIKTOK] unknown
[2025-11-07 16:42:49] [GA4] begin_checkout
[2025-11-07 17:40:22] [FACEBOOK] unknown
[2025-11-07 17:40:22] [TIKTOK] unknown
[2025-11-07 17:40:22] [GA4] purchase
[2025-11-07 17:40:23] [FACEBOOK] unknown
[2025-11-07 17:40:24] [TIKTOK] unknown
[2025-11-07 17:40:24] [GA4] purchase
[2025-11-07 17:50:01] [FACEBOOK] unknown
[2025-11-07 17:50:01] [TIKTOK] unknown
[2025-11-07 17:50:01] [GA4] purchase
[2025-11-07 17:51:49] [FACEBOOK] unknown
[2025-11-07 17:51:49] [TIKTOK] unknown
[2025-11-07 17:51:50] [GA4] purchase
[2025-11-07 17:53:34] [FACEBOOK] unknown
[2025-11-07 17:53:34] [TIKTOK] unknown
[2025-11-07 17:53:35] [GA4] purchase
[2025-11-07 17:58:41] [FACEBOOK] unknown
[2025-11-07 17:58:42] [TIKTOK] unknown
[2025-11-07 17:58:42] [GA4] purchase
[2025-11-07 18:39:57] [FACEBOOK] unknown
[2025-11-07 18:39:57] [TIKTOK] unknown
[2025-11-07 18:39:58] [GA4] purchase
[2025-11-07 18:48:36] [FACEBOOK] unknown
[2025-11-07 18:48:36] [TIKTOK] unknown
[2025-11-07 18:48:36] [GA4] purchase
[2025-11-07 18:49:03] [FACEBOOK] unknown
[2025-11-07 18:49:03] [TIKTOK] unknown
[2025-11-07 18:49:03] [GA4] purchase
[2025-11-07 19:10:49] [FACEBOOK] unknown
[2025-11-07 19:10:49] [TIKTOK] unknown
[2025-11-07 19:10:49] [GA4] begin_checkout
[2025-11-07 19:11:49] [FACEBOOK] unknown
[2025-11-07 19:11:49] [TIKTOK] unknown
[2025-11-07 19:11:49] [GA4] begin_checkout
[2025-11-07 19:11:52] [FACEBOOK] unknown
[2025-11-07 19:11:52] [TIKTOK] unknown
[2025-11-07 19:11:52] [GA4] begin_checkout
[2025-11-07 19:11:53] [FACEBOOK] unknown
[2025-11-07 19:11:53] [TIKTOK] unknown
[2025-11-07 19:11:53] [GA4] begin_checkout
[2025-11-07 19:12:33] [FACEBOOK] unknown
[2025-11-07 19:12:33] [TIKTOK] unknown
[2025-11-07 19:12:33] [GA4] begin_checkout
[2025-11-07 19:12:55] [FACEBOOK] unknown
[2025-11-07 19:12:55] [TIKTOK] unknown
[2025-11-07 19:12:55] [GA4] begin_checkout
[2025-11-07 19:13:05] [FACEBOOK] unknown
[2025-11-07 19:13:05] [TIKTOK] unknown
[2025-11-07 19:13:05] [GA4] begin_checkout
[2025-11-07 19:13:55] [FACEBOOK] unknown
[2025-11-07 19:13:55] [TIKTOK] unknown
[2025-11-07 19:13:55] [GA4] begin_checkout
[2025-11-07 19:22:00] [FACEBOOK] unknown
[2025-11-07 19:22:00] [TIKTOK] unknown
[2025-11-07 19:22:00] [GA4] begin_checkout
[2025-11-07 19:43:24] [FACEBOOK] unknown
[2025-11-07 19:43:25] [TIKTOK] unknown
[2025-11-07 19:43:25] [GA4] purchase
[2025-11-07 19:58:29] [FACEBOOK] unknown
[2025-11-07 19:58:29] [TIKTOK] unknown
[2025-11-07 19:58:30] [GA4] purchase
[2025-11-07 20:00:53] [FACEBOOK] unknown
[2025-11-07 20:00:53] [TIKTOK] unknown
[2025-11-07 20:00:53] [GA4] purchase
[2025-11-07 20:01:07] [FACEBOOK] unknown
[2025-11-07 20:01:07] [TIKTOK] unknown
[2025-11-07 20:01:07] [GA4] purchase
[2025-11-08 04:42:41] [FACEBOOK] unknown
[2025-11-08 04:42:41] [TIKTOK] unknown
[2025-11-08 04:42:41] [GA4] purchase
[2025-11-08 04:47:25] [FACEBOOK] unknown
[2025-11-08 04:47:25] [TIKTOK] unknown
[2025-11-08 04:47:25] [GA4] purchase
[2025-11-08 04:47:26] [FACEBOOK] unknown
[2025-11-08 04:47:27] [TIKTOK] unknown
[2025-11-08 04:47:27] [GA4] purchase
[2025-11-08 04:49:26] [FACEBOOK] unknown
[2025-11-08 04:49:27] [TIKTOK] unknown
[2025-11-08 04:49:27] [GA4] purchase
[2025-11-08 05:08:34] [FACEBOOK] unknown
[2025-11-08 05:08:34] [TIKTOK] unknown
[2025-11-08 05:08:35] [GA4] purchase
[2025-11-08 05:08:36] [FACEBOOK] unknown
[2025-11-08 05:08:36] [TIKTOK] unknown
[2025-11-08 05:08:36] [GA4] purchase
[2025-11-08 05:44:42] [FACEBOOK] unknown
[2025-11-08 05:44:42] [TIKTOK] unknown
[2025-11-08 05:44:42] [GA4] purchase
[2025-11-08 05:49:27] [FACEBOOK] unknown
[2025-11-08 05:49:27] [TIKTOK] unknown
[2025-11-08 05:49:28] [GA4] purchase
[2025-11-08 06:00:34] [FACEBOOK] unknown
[2025-11-08 06:00:35] [TIKTOK] unknown
[2025-11-08 06:00:35] [GA4] purchase
[2025-11-08 06:50:16] [FACEBOOK] unknown
[2025-11-08 06:50:17] [TIKTOK] unknown
[2025-11-08 06:50:17] [GA4] purchase
[2025-11-08 06:50:24] [FACEBOOK] unknown
[2025-11-08 06:50:24] [TIKTOK] unknown
[2025-11-08 06:50:24] [GA4] purchase
[2025-11-08 06:56:37] [FACEBOOK] unknown
[2025-11-08 06:56:38] [TIKTOK] unknown
[2025-11-08 06:56:38] [GA4] purchase
[2025-11-08 06:56:56] [FACEBOOK] unknown
[2025-11-08 06:56:56] [TIKTOK] unknown
[2025-11-08 06:56:56] [GA4] purchase
[2025-11-08 15:39:56] [FACEBOOK] unknown
[2025-11-08 15:39:56] [TIKTOK] unknown
[2025-11-08 15:39:56] [GA4] purchase
[2025-11-08 15:44:42] [FACEBOOK] unknown
[2025-11-08 15:44:42] [TIKTOK] unknown
[2025-11-08 15:44:42] [GA4] purchase
[2025-11-08 15:44:43] [FACEBOOK] unknown
[2025-11-08 15:44:43] [TIKTOK] unknown
[2025-11-08 15:44:43] [GA4] purchase
[2025-11-08 15:44:52] [FACEBOOK] unknown
[2025-11-08 15:44:52] [TIKTOK] unknown
[2025-11-08 15:44:52] [GA4] purchase
[2025-11-08 15:45:43] [FACEBOOK] unknown
[2025-11-08 15:45:43] [TIKTOK] unknown
[2025-11-08 15:45:43] [GA4] purchase
[2025-11-08 15:52:21] [FACEBOOK] unknown
[2025-11-08 15:52:21] [TIKTOK] unknown
[2025-11-08 15:52:21] [GA4] purchase
[2025-11-08 16:48:21] [FACEBOOK] unknown
[2025-11-08 16:48:21] [TIKTOK] unknown
[2025-11-08 16:48:22] [GA4] purchase
[2025-11-08 16:55:37] [FACEBOOK] unknown
[2025-11-08 16:55:37] [TIKTOK] unknown
[2025-11-08 16:55:38] [GA4] purchase
[2025-11-08 16:55:42] [FACEBOOK] unknown
[2025-11-08 16:55:43] [TIKTOK] unknown
[2025-11-08 16:55:43] [GA4] purchase
[2025-11-08 17:46:55] [FACEBOOK] unknown
[2025-11-08 17:46:55] [TIKTOK] unknown
[2025-11-08 17:46:56] [GA4] purchase
[2025-11-08 17:55:56] [FACEBOOK] unknown
[2025-11-08 17:55:56] [TIKTOK] unknown
[2025-11-08 17:55:57] [GA4] purchase
[2025-11-08 17:56:14] [FACEBOOK] unknown
[2025-11-08 17:56:15] [TIKTOK] unknown
[2025-11-08 17:56:15] [GA4] purchase
[2025-11-08 17:56:27] [FACEBOOK] unknown
[2025-11-08 17:56:28] [TIKTOK] unknown
[2025-11-08 17:56:28] [GA4] purchase
[2025-11-08 23:14:29] [FACEBOOK] unknown
[2025-11-08 23:14:30] [TIKTOK] unknown
[2025-11-08 23:14:30] [GA4] purchase
[2025-11-08 23:18:51] [FACEBOOK] unknown
[2025-11-08 23:18:51] [TIKTOK] unknown
[2025-11-08 23:18:52] [GA4] purchase
[2025-11-08 23:19:36] [FACEBOOK] unknown
[2025-11-08 23:19:36] [TIKTOK] unknown
[2025-11-08 23:19:36] [GA4] purchase
[2025-11-08 23:22:39] [FACEBOOK] unknown
[2025-11-08 23:22:39] [TIKTOK] unknown
[2025-11-08 23:22:39] [GA4] purchase
[2025-11-08 23:22:41] [FACEBOOK] unknown
[2025-11-08 23:22:42] [TIKTOK] unknown
[2025-11-08 23:22:42] [GA4] purchase
[2025-11-08 23:31:18] [FACEBOOK] unknown
[2025-11-08 23:31:18] [TIKTOK] unknown
[2025-11-08 23:31:18] [GA4] purchase
[2025-11-09 00:38:48] [FACEBOOK] unknown
[2025-11-09 00:38:49] [TIKTOK] unknown
[2025-11-09 00:38:49] [GA4] purchase
[2025-11-09 00:42:04] [FACEBOOK] unknown
[2025-11-09 00:42:04] [TIKTOK] unknown
[2025-11-09 00:42:04] [GA4] purchase
[2025-11-09 00:56:04] [FACEBOOK] unknown
[2025-11-09 00:56:05] [TIKTOK] unknown
[2025-11-09 00:56:05] [GA4] purchase
[2025-11-09 01:30:35] [FACEBOOK] unknown
[2025-11-09 01:30:35] [TIKTOK] unknown
[2025-11-09 01:30:35] [GA4] purchase
[2025-11-09 01:30:40] [FACEBOOK] unknown
[2025-11-09 01:30:41] [TIKTOK] unknown
[2025-11-09 01:30:41] [GA4] purchase
[2025-11-09 01:31:05] [FACEBOOK] unknown
[2025-11-09 01:31:06] [TIKTOK] unknown
[2025-11-09 01:31:06] [GA4] purchase
[2025-11-09 01:31:23] [FACEBOOK] unknown
[2025-11-09 01:31:23] [TIKTOK] unknown
[2025-11-09 01:31:23] [GA4] purchase
[2025-11-09 08:54:45] [FACEBOOK] unknown
[2025-11-09 08:54:45] [TIKTOK] unknown
[2025-11-09 08:54:45] [GA4] begin_checkout
[2025-11-09 09:41:01] [FACEBOOK] unknown
[2025-11-09 09:41:02] [TIKTOK] unknown
[2025-11-09 09:41:02] [GA4] purchase
[2025-11-09 09:41:05] [FACEBOOK] unknown
[2025-11-09 09:41:05] [TIKTOK] unknown
[2025-11-09 09:41:06] [GA4] purchase
[2025-11-09 09:41:10] [FACEBOOK] unknown
[2025-11-09 09:41:10] [TIKTOK] unknown
[2025-11-09 09:41:10] [GA4] purchase
[2025-11-09 09:44:30] [FACEBOOK] unknown
[2025-11-09 09:44:30] [TIKTOK] unknown
[2025-11-09 09:44:30] [GA4] purchase
[2025-11-09 09:52:15] [FACEBOOK] unknown
[2025-11-09 09:52:16] [TIKTOK] unknown
[2025-11-09 09:52:16] [GA4] purchase
[2025-11-09 09:59:59] [FACEBOOK] unknown
[2025-11-09 09:59:59] [TIKTOK] unknown
[2025-11-09 09:59:59] [GA4] purchase
[2025-11-09 11:42:49] [FACEBOOK] unknown
[2025-11-09 11:42:49] [TIKTOK] unknown
[2025-11-09 11:42:50] [GA4] purchase
[2025-11-09 11:46:52] [FACEBOOK] unknown
[2025-11-09 11:46:52] [TIKTOK] unknown
[2025-11-09 11:46:52] [GA4] purchase
[2025-11-09 11:55:36] [FACEBOOK] unknown
[2025-11-09 11:55:36] [TIKTOK] unknown
[2025-11-09 11:55:37] [GA4] purchase
[2025-11-09 12:06:15] [FACEBOOK] unknown
[2025-11-09 12:06:15] [TIKTOK] unknown
[2025-11-09 12:06:16] [GA4] purchase
[2025-11-09 12:06:34] [FACEBOOK] unknown
[2025-11-09 12:06:34] [TIKTOK] unknown
[2025-11-09 12:06:35] [GA4] purchase
[2025-11-09 12:06:38] [FACEBOOK] unknown
[2025-11-09 12:06:38] [TIKTOK] unknown
[2025-11-09 12:06:38] [GA4] purchase
[2025-11-09 12:06:57] [FACEBOOK] unknown
[2025-11-09 12:06:58] [TIKTOK] unknown
[2025-11-09 12:06:58] [GA4] purchase
[2025-11-09 20:44:39] [FACEBOOK] unknown
[2025-11-09 20:44:39] [TIKTOK] unknown
[2025-11-09 20:44:40] [GA4] purchase
[2025-11-09 20:44:41] [FACEBOOK] unknown
[2025-11-09 20:44:41] [TIKTOK] unknown
[2025-11-09 20:44:42] [GA4] purchase
[2025-11-09 20:49:00] [FACEBOOK] unknown
[2025-11-09 20:49:00] [TIKTOK] unknown
[2025-11-09 20:49:01] [GA4] purchase
[2025-11-09 20:49:46] [FACEBOOK] unknown
[2025-11-09 20:49:47] [TIKTOK] unknown
[2025-11-09 20:49:47] [GA4] purchase
[2025-11-09 20:51:11] [FACEBOOK] unknown
[2025-11-09 20:51:12] [TIKTOK] unknown
[2025-11-09 20:51:12] [GA4] purchase
[2025-11-09 20:57:01] [FACEBOOK] unknown
[2025-11-09 20:57:01] [TIKTOK] unknown
[2025-11-09 20:57:02] [GA4] purchase
[2025-11-09 22:40:10] [FACEBOOK] unknown
[2025-11-09 22:40:10] [TIKTOK] unknown
[2025-11-09 22:40:11] [GA4] purchase
[2025-11-09 22:43:49] [FACEBOOK] unknown
[2025-11-09 22:43:49] [TIKTOK] unknown
[2025-11-09 22:43:50] [GA4] purchase
[2025-11-09 22:44:09] [FACEBOOK] unknown
[2025-11-09 22:44:09] [TIKTOK] unknown
[2025-11-09 22:44:10] [GA4] purchase
[2025-11-09 23:00:19] [FACEBOOK] unknown
[2025-11-09 23:00:19] [TIKTOK] unknown
[2025-11-09 23:00:19] [GA4] purchase
[2025-11-09 23:00:44] [FACEBOOK] unknown
[2025-11-09 23:00:44] [TIKTOK] unknown
[2025-11-09 23:00:44] [GA4] purchase
[2025-11-09 23:03:16] [FACEBOOK] unknown
[2025-11-09 23:03:16] [TIKTOK] unknown
[2025-11-09 23:03:17] [GA4] purchase
[2025-11-09 23:05:53] [FACEBOOK] unknown
[2025-11-09 23:05:53] [TIKTOK] unknown
[2025-11-09 23:05:53] [GA4] purchase
[2025-11-10 07:40:47] [FACEBOOK] unknown
[2025-11-10 07:40:48] [TIKTOK] unknown
[2025-11-10 07:40:48] [GA4] purchase
[2025-11-10 07:40:49] [FACEBOOK] unknown
[2025-11-10 07:40:50] [TIKTOK] unknown
[2025-11-10 07:40:50] [GA4] purchase
[2025-11-10 07:48:43] [FACEBOOK] unknown
[2025-11-10 07:48:44] [TIKTOK] unknown
[2025-11-10 07:48:44] [GA4] purchase
[2025-11-10 07:50:35] [FACEBOOK] unknown
[2025-11-10 07:50:35] [TIKTOK] unknown
[2025-11-10 07:50:36] [GA4] purchase
[2025-11-10 07:50:37] [FACEBOOK] unknown
[2025-11-10 07:50:37] [TIKTOK] unknown
[2025-11-10 07:50:38] [GA4] purchase
[2025-11-10 07:51:42] [FACEBOOK] unknown
[2025-11-10 07:51:43] [TIKTOK] unknown
[2025-11-10 07:51:43] [GA4] purchase
[2025-11-10 09:40:26] [FACEBOOK] unknown
[2025-11-10 09:40:26] [TIKTOK] unknown
[2025-11-10 09:40:26] [GA4] purchase
[2025-11-10 09:43:54] [FACEBOOK] unknown
[2025-11-10 09:43:54] [TIKTOK] unknown
[2025-11-10 09:43:54] [GA4] purchase
[2025-11-10 09:51:53] [FACEBOOK] unknown
[2025-11-10 09:51:54] [TIKTOK] unknown
[2025-11-10 09:51:54] [GA4] purchase
[2025-11-10 09:53:29] [FACEBOOK] unknown
[2025-11-10 09:53:29] [TIKTOK] unknown
[2025-11-10 09:53:29] [GA4] purchase
[2025-11-10 09:53:37] [FACEBOOK] unknown
[2025-11-10 09:53:38] [TIKTOK] unknown
[2025-11-10 09:53:38] [GA4] purchase
[2025-11-10 09:53:55] [FACEBOOK] unknown
[2025-11-10 09:53:55] [TIKTOK] unknown
[2025-11-10 09:53:55] [GA4] purchase
[2025-11-10 09:54:51] [FACEBOOK] unknown
[2025-11-10 09:54:51] [TIKTOK] unknown
[2025-11-10 09:54:51] [GA4] purchase
[2025-11-10 17:01:15] [FACEBOOK] unknown
[2025-11-10 17:01:15] [TIKTOK] unknown
[2025-11-10 17:01:15] [GA4] begin_checkout
[2025-11-10 17:05:37] [FACEBOOK] unknown
[2025-11-10 17:05:37] [TIKTOK] unknown
[2025-11-10 17:05:37] [GA4] begin_checkout
[2025-11-10 17:11:30] [FACEBOOK] unknown
[2025-11-10 17:11:30] [TIKTOK] unknown
[2025-11-10 17:11:30] [GA4] begin_checkout
[2025-11-10 17:12:09] [FACEBOOK] unknown
[2025-11-10 17:12:09] [TIKTOK] unknown
[2025-11-10 17:12:09] [GA4] begin_checkout
[2025-11-10 17:21:50] [FACEBOOK] unknown
[2025-11-10 17:21:50] [TIKTOK] unknown
[2025-11-10 17:21:50] [GA4] begin_checkout
[2025-11-10 17:22:46] [FACEBOOK] unknown
[2025-11-10 17:22:46] [TIKTOK] unknown
[2025-11-10 17:22:46] [GA4] begin_checkout
[2025-11-10 17:30:14] [FACEBOOK] unknown
[2025-11-10 17:30:14] [TIKTOK] unknown
[2025-11-10 17:30:14] [GA4] begin_checkout
[2025-11-10 17:34:54] [FACEBOOK] unknown
[2025-11-10 17:34:54] [TIKTOK] unknown
[2025-11-10 17:34:54] [GA4] begin_checkout
[2025-11-10 18:07:32] [FACEBOOK] unknown
[2025-11-10 18:07:32] [TIKTOK] unknown
[2025-11-10 18:07:32] [GA4] begin_checkout
[2025-11-10 18:37:05] [FACEBOOK] unknown
[2025-11-10 18:37:05] [TIKTOK] unknown
[2025-11-10 18:37:05] [GA4] begin_checkout
[2025-11-10 18:37:19] [FACEBOOK] unknown
[2025-11-10 18:37:19] [TIKTOK] unknown
[2025-11-10 18:37:19] [GA4] begin_checkout
[2025-11-10 18:47:28] [FACEBOOK] unknown
[2025-11-10 18:47:28] [TIKTOK] unknown
[2025-11-10 18:47:28] [GA4] begin_checkout
[2025-11-10 19:02:41] [FACEBOOK] unknown
[2025-11-10 19:02:41] [TIKTOK] unknown
[2025-11-10 19:02:41] [GA4] purchase
[2025-11-10 19:44:27] [FACEBOOK] unknown
[2025-11-10 19:44:28] [TIKTOK] unknown
[2025-11-10 19:44:28] [GA4] purchase
[2025-11-11 06:46:38] [FACEBOOK] unknown
[2025-11-11 06:46:38] [TIKTOK] unknown
[2025-11-11 06:46:38] [GA4] purchase
[2025-11-11 06:46:42] [FACEBOOK] unknown
[2025-11-11 06:46:43] [TIKTOK] unknown
[2025-11-11 06:46:43] [GA4] purchase
[2025-11-11 06:47:27] [FACEBOOK] unknown
[2025-11-11 06:47:27] [TIKTOK] unknown
[2025-11-11 06:47:27] [GA4] purchase
[2025-11-11 06:47:29] [FACEBOOK] unknown
[2025-11-11 06:47:29] [TIKTOK] unknown
[2025-11-11 06:47:29] [GA4] purchase
[2025-11-11 06:47:59] [FACEBOOK] unknown
[2025-11-11 06:48:00] [TIKTOK] unknown
[2025-11-11 06:48:00] [GA4] purchase
[2025-11-11 07:07:06] [FACEBOOK] unknown
[2025-11-11 07:07:06] [TIKTOK] unknown
[2025-11-11 07:07:06] [GA4] purchase
[2025-11-11 07:09:54] [FACEBOOK] unknown
[2025-11-11 07:09:55] [TIKTOK] unknown
[2025-11-11 07:09:55] [GA4] purchase
[2025-11-11 07:16:42] [FACEBOOK] unknown
[2025-11-11 07:16:42] [TIKTOK] unknown
[2025-11-11 07:16:42] [GA4] purchase
[2025-11-11 07:29:39] [FACEBOOK] unknown
[2025-11-11 07:29:40] [TIKTOK] unknown
[2025-11-11 07:29:40] [GA4] purchase
[2025-11-11 07:36:17] [FACEBOOK] unknown
[2025-11-11 07:36:17] [TIKTOK] unknown
[2025-11-11 07:36:17] [GA4] purchase
[2025-11-11 07:36:22] [FACEBOOK] unknown
[2025-11-11 07:36:22] [TIKTOK] unknown
[2025-11-11 07:36:22] [GA4] purchase
[2025-11-11 07:36:27] [FACEBOOK] unknown
[2025-11-11 07:36:27] [TIKTOK] unknown
[2025-11-11 07:36:27] [GA4] purchase
[2025-11-11 07:53:42] [FACEBOOK] unknown
[2025-11-11 07:53:42] [TIKTOK] unknown
[2025-11-11 07:53:42] [GA4] begin_checkout
[2025-11-11 07:58:59] [FACEBOOK] unknown
[2025-11-11 07:58:59] [TIKTOK] unknown
[2025-11-11 07:58:59] [GA4] purchase
[2025-11-11 08:04:42] [FACEBOOK] unknown
[2025-11-11 08:04:42] [TIKTOK] unknown
[2025-11-11 08:04:42] [GA4] purchase
[2025-11-11 08:05:55] [FACEBOOK] unknown
[2025-11-11 08:05:56] [TIKTOK] unknown
[2025-11-11 08:05:57] [GA4] purchase
[2025-11-11 08:08:55] [FACEBOOK] unknown
[2025-11-11 08:08:55] [TIKTOK] unknown
[2025-11-11 08:08:55] [GA4] purchase
[2025-11-11 08:08:57] [FACEBOOK] unknown
[2025-11-11 08:08:57] [TIKTOK] unknown
[2025-11-11 08:08:58] [GA4] purchase
[2025-11-11 08:16:14] [FACEBOOK] unknown
[2025-11-11 08:16:14] [TIKTOK] unknown
[2025-11-11 08:16:15] [GA4] purchase
[2025-11-11 09:22:30] [FACEBOOK] unknown
[2025-11-11 09:22:31] [TIKTOK] unknown
[2025-11-11 09:22:31] [GA4] purchase
[2025-11-11 09:26:25] [FACEBOOK] unknown
[2025-11-11 09:26:26] [TIKTOK] unknown
[2025-11-11 09:26:26] [GA4] purchase
[2025-11-11 09:40:52] [FACEBOOK] unknown
[2025-11-11 09:40:52] [TIKTOK] unknown
[2025-11-11 09:40:53] [GA4] purchase
[2025-11-11 10:25:14] [FACEBOOK] unknown
[2025-11-11 10:25:14] [TIKTOK] unknown
[2025-11-11 10:25:15] [GA4] purchase
[2025-11-11 10:25:29] [FACEBOOK] unknown
[2025-11-11 10:25:30] [TIKTOK] unknown
[2025-11-11 10:25:30] [GA4] purchase
[2025-11-11 10:27:03] [FACEBOOK] unknown
[2025-11-11 10:27:03] [TIKTOK] unknown
[2025-11-11 10:27:04] [GA4] purchase
[2025-11-11 10:28:39] [FACEBOOK] unknown
[2025-11-11 10:28:39] [TIKTOK] unknown
[2025-11-11 10:28:40] [GA4] purchase
[2025-11-11 18:42:07] [FACEBOOK] unknown
[2025-11-11 18:42:08] [TIKTOK] unknown
[2025-11-11 18:42:08] [GA4] purchase
[2025-11-11 18:44:22] [FACEBOOK] unknown
[2025-11-11 18:44:22] [TIKTOK] unknown
[2025-11-11 18:44:22] [GA4] purchase
[2025-11-11 18:44:27] [FACEBOOK] unknown
[2025-11-11 18:44:27] [TIKTOK] unknown
[2025-11-11 18:44:28] [GA4] purchase
[2025-11-11 18:46:04] [FACEBOOK] unknown
[2025-11-11 18:46:05] [TIKTOK] unknown
[2025-11-11 18:46:05] [GA4] purchase
[2025-11-11 18:57:44] [FACEBOOK] unknown
[2025-11-11 18:57:44] [TIKTOK] unknown
[2025-11-11 18:57:45] [GA4] purchase
[2025-11-11 20:09:02] [FACEBOOK] unknown
[2025-11-11 20:09:02] [TIKTOK] unknown
[2025-11-11 20:09:02] [GA4] purchase
[2025-11-11 20:09:55] [FACEBOOK] unknown
[2025-11-11 20:09:55] [TIKTOK] unknown
[2025-11-11 20:09:55] [GA4] purchase
[2025-11-11 20:39:31] [FACEBOOK] unknown
[2025-11-11 20:39:31] [TIKTOK] unknown
[2025-11-11 20:39:31] [GA4] purchase
[2025-11-11 20:44:38] [FACEBOOK] unknown
[2025-11-11 20:44:38] [TIKTOK] unknown
[2025-11-11 20:44:38] [GA4] purchase
[2025-11-11 20:56:31] [FACEBOOK] unknown
[2025-11-11 20:56:31] [TIKTOK] unknown
[2025-11-11 20:56:31] [GA4] purchase
[2025-11-11 20:57:31] [FACEBOOK] unknown
[2025-11-11 20:57:31] [TIKTOK] unknown
[2025-11-11 20:57:31] [GA4] purchase
[2025-11-11 20:57:52] [FACEBOOK] unknown
[2025-11-11 20:57:52] [TIKTOK] unknown
[2025-11-11 20:57:52] [GA4] purchase
[2025-11-12 00:42:06] [FACEBOOK] unknown
[2025-11-12 00:42:06] [TIKTOK] unknown
[2025-11-12 00:42:06] [GA4] purchase
[2025-11-12 04:44:15] [FACEBOOK] unknown
[2025-11-12 04:44:15] [TIKTOK] unknown
[2025-11-12 04:44:15] [GA4] purchase
[2025-11-12 05:40:04] [FACEBOOK] unknown
[2025-11-12 05:40:04] [TIKTOK] unknown
[2025-11-12 05:40:05] [GA4] purchase
[2025-11-12 05:44:54] [FACEBOOK] unknown
[2025-11-12 05:44:54] [TIKTOK] unknown
[2025-11-12 05:44:54] [GA4] purchase
[2025-11-12 05:45:17] [FACEBOOK] unknown
[2025-11-12 05:45:17] [TIKTOK] unknown
[2025-11-12 05:45:17] [GA4] purchase
[2025-11-12 05:48:28] [FACEBOOK] unknown
[2025-11-12 05:48:28] [TIKTOK] unknown
[2025-11-12 05:48:28] [GA4] purchase
[2025-11-12 07:03:58] [FACEBOOK] unknown
[2025-11-12 07:03:58] [TIKTOK] unknown
[2025-11-12 07:03:58] [GA4] purchase
[2025-11-12 07:04:25] [FACEBOOK] unknown
[2025-11-12 07:04:25] [TIKTOK] unknown
[2025-11-12 07:04:25] [GA4] purchase
[2025-11-12 07:40:47] [FACEBOOK] unknown
[2025-11-12 07:40:47] [TIKTOK] unknown
[2025-11-12 07:40:47] [GA4] purchase
[2025-11-12 07:48:02] [FACEBOOK] unknown
[2025-11-12 07:48:03] [TIKTOK] unknown
[2025-11-12 07:48:03] [GA4] purchase
[2025-11-12 07:48:16] [FACEBOOK] unknown
[2025-11-12 07:48:16] [TIKTOK] unknown
[2025-11-12 07:48:16] [GA4] purchase
[2025-11-12 07:48:31] [FACEBOOK] unknown
[2025-11-12 07:48:31] [TIKTOK] unknown
[2025-11-12 07:48:31] [GA4] purchase
[2025-11-12 08:03:13] [FACEBOOK] unknown
[2025-11-12 08:03:13] [TIKTOK] unknown
[2025-11-12 08:03:14] [GA4] purchase
[2025-11-12 10:10:33] [FACEBOOK] unknown
[2025-11-12 10:10:33] [TIKTOK] unknown
[2025-11-12 10:10:34] [GA4] purchase
[2025-11-12 10:11:30] [FACEBOOK] unknown
[2025-11-12 10:11:30] [TIKTOK] unknown
[2025-11-12 10:11:30] [GA4] purchase
[2025-11-12 10:20:57] [FACEBOOK] unknown
[2025-11-12 10:20:58] [TIKTOK] unknown
[2025-11-12 10:20:58] [GA4] purchase
[2025-11-12 10:23:51] [FACEBOOK] unknown
[2025-11-12 10:23:51] [TIKTOK] unknown
[2025-11-12 10:23:51] [GA4] purchase
[2025-11-12 10:23:52] [FACEBOOK] unknown
[2025-11-12 10:23:53] [TIKTOK] unknown
[2025-11-12 10:23:53] [GA4] purchase
[2025-11-12 10:31:47] [FACEBOOK] unknown
[2025-11-12 10:31:47] [TIKTOK] unknown
[2025-11-12 10:31:48] [GA4] purchase
[2025-11-12 11:52:26] [FACEBOOK] unknown
[2025-11-12 11:52:26] [TIKTOK] unknown
[2025-11-12 11:52:27] [GA4] purchase
[2025-11-12 11:57:21] [FACEBOOK] unknown
[2025-11-12 11:57:21] [TIKTOK] unknown
[2025-11-12 11:57:21] [GA4] purchase
[2025-11-12 12:04:35] [FACEBOOK] unknown
[2025-11-12 12:04:35] [TIKTOK] unknown
[2025-11-12 12:04:35] [GA4] purchase
[2025-11-12 12:31:51] [FACEBOOK] unknown
[2025-11-12 12:31:51] [TIKTOK] unknown
[2025-11-12 12:31:51] [GA4] purchase
[2025-11-12 12:36:56] [FACEBOOK] unknown
[2025-11-12 12:36:56] [TIKTOK] unknown
[2025-11-12 12:36:57] [GA4] purchase
[2025-11-12 12:37:07] [FACEBOOK] unknown
[2025-11-12 12:37:07] [TIKTOK] unknown
[2025-11-12 12:37:08] [GA4] purchase
[2025-11-12 12:37:33] [FACEBOOK] unknown
[2025-11-12 12:37:33] [TIKTOK] unknown
[2025-11-12 12:37:33] [GA4] purchase
[2025-11-12 16:45:59] [FACEBOOK] unknown
[2025-11-12 16:46:00] [TIKTOK] unknown
[2025-11-12 16:46:00] [GA4] begin_checkout
[2025-11-12 16:51:35] [FACEBOOK] unknown
[2025-11-12 16:51:35] [TIKTOK] unknown
[2025-11-12 16:51:35] [GA4] begin_checkout
[2025-11-12 16:52:56] [FACEBOOK] unknown
[2025-11-12 16:52:56] [TIKTOK] unknown
[2025-11-12 16:52:56] [GA4] begin_checkout
[2025-11-12 16:52:59] [FACEBOOK] unknown
[2025-11-12 16:52:59] [TIKTOK] unknown
[2025-11-12 16:52:59] [GA4] begin_checkout
[2025-11-12 16:53:26] [FACEBOOK] unknown
[2025-11-12 16:53:26] [TIKTOK] unknown
[2025-11-12 16:53:26] [GA4] begin_checkout
[2025-11-12 16:55:47] [FACEBOOK] unknown
[2025-11-12 16:55:47] [TIKTOK] unknown
[2025-11-12 16:55:47] [GA4] begin_checkout
[2025-11-12 17:03:47] [FACEBOOK] unknown
[2025-11-12 17:03:47] [TIKTOK] unknown
[2025-11-12 17:03:47] [GA4] purchase
[2025-11-12 20:13:44] [FACEBOOK] unknown
[2025-11-12 20:13:44] [TIKTOK] unknown
[2025-11-12 20:13:44] [GA4] begin_checkout
[2025-11-12 20:40:48] [FACEBOOK] unknown
[2025-11-12 20:40:48] [TIKTOK] unknown
[2025-11-12 20:40:49] [GA4] purchase
[2025-11-12 20:45:23] [FACEBOOK] unknown
[2025-11-12 20:45:24] [TIKTOK] unknown
[2025-11-12 20:45:24] [GA4] purchase
[2025-11-12 20:45:30] [FACEBOOK] unknown
[2025-11-12 20:45:30] [TIKTOK] unknown
[2025-11-12 20:45:30] [GA4] purchase
[2025-11-12 20:49:54] [FACEBOOK] unknown
[2025-11-12 20:49:54] [TIKTOK] unknown
[2025-11-12 20:49:54] [GA4] purchase
[2025-11-12 21:03:31] [FACEBOOK] unknown
[2025-11-12 21:03:31] [TIKTOK] unknown
[2025-11-12 21:03:32] [GA4] purchase
[2025-11-12 21:03:32] [FACEBOOK] unknown
[2025-11-12 21:03:32] [TIKTOK] unknown
[2025-11-12 21:03:33] [GA4] purchase
[2025-11-12 21:26:08] [FACEBOOK] unknown
[2025-11-12 21:26:08] [TIKTOK] unknown
[2025-11-12 21:26:08] [GA4] begin_checkout
[2025-11-12 21:26:22] [FACEBOOK] unknown
[2025-11-12 21:26:22] [TIKTOK] unknown
[2025-11-12 21:26:22] [GA4] begin_checkout
[2025-11-12 21:26:49] [FACEBOOK] unknown
[2025-11-12 21:26:49] [TIKTOK] unknown
[2025-11-12 21:26:49] [GA4] begin_checkout
[2025-11-12 21:39:27] [FACEBOOK] unknown
[2025-11-12 21:39:27] [TIKTOK] unknown
[2025-11-12 21:39:27] [GA4] begin_checkout
[2025-11-12 21:50:05] [FACEBOOK] unknown
[2025-11-12 21:50:05] [TIKTOK] unknown
[2025-11-12 21:50:05] [GA4] begin_checkout
[2025-11-12 21:50:27] [FACEBOOK] unknown
[2025-11-12 21:50:27] [TIKTOK] unknown
[2025-11-12 21:50:27] [GA4] begin_checkout
[2025-11-12 21:54:06] [FACEBOOK] unknown
[2025-11-12 21:54:06] [TIKTOK] unknown
[2025-11-12 21:54:06] [GA4] begin_checkout
[2025-11-12 21:54:23] [FACEBOOK] unknown
[2025-11-12 21:54:23] [TIKTOK] unknown
[2025-11-12 21:54:23] [GA4] begin_checkout
[2025-11-12 21:54:40] [FACEBOOK] unknown
[2025-11-12 21:54:40] [TIKTOK] unknown
[2025-11-12 21:54:40] [GA4] begin_checkout
[2025-11-12 21:56:54] [FACEBOOK] unknown
[2025-11-12 21:56:54] [TIKTOK] unknown
[2025-11-12 21:56:54] [GA4] begin_checkout
[2025-11-12 22:00:17] [FACEBOOK] unknown
[2025-11-12 22:00:17] [TIKTOK] unknown
[2025-11-12 22:00:17] [GA4] begin_checkout
[2025-11-12 22:02:19] [FACEBOOK] unknown
[2025-11-12 22:02:19] [TIKTOK] unknown
[2025-11-12 22:02:19] [GA4] begin_checkout
[2025-11-13 07:23:41] [FACEBOOK] unknown
[2025-11-13 07:23:41] [TIKTOK] unknown
[2025-11-13 07:23:41] [GA4] purchase
[2025-11-13 07:30:20] [FACEBOOK] unknown
[2025-11-13 07:30:20] [TIKTOK] unknown
[2025-11-13 07:30:20] [GA4] begin_checkout
[2025-11-13 07:34:18] [FACEBOOK] unknown
[2025-11-13 07:34:18] [TIKTOK] unknown
[2025-11-13 07:34:18] [GA4] purchase
[2025-11-13 14:18:26] [FACEBOOK] unknown
[2025-11-13 14:18:26] [TIKTOK] unknown
[2025-11-13 14:18:27] [GA4] purchase
[2025-11-13 14:23:39] [FACEBOOK] unknown
[2025-11-13 14:23:39] [TIKTOK] unknown
[2025-11-13 14:23:40] [GA4] purchase
[2025-11-13 14:24:29] [FACEBOOK] unknown
[2025-11-13 14:24:30] [TIKTOK] unknown
[2025-11-13 14:24:30] [GA4] purchase
[2025-11-13 14:39:47] [FACEBOOK] unknown
[2025-11-13 14:39:47] [TIKTOK] unknown
[2025-11-13 14:39:47] [GA4] purchase
[2025-11-13 14:40:07] [FACEBOOK] unknown
[2025-11-13 14:40:07] [TIKTOK] unknown
[2025-11-13 14:40:07] [GA4] purchase
[2025-11-13 14:40:38] [FACEBOOK] unknown
[2025-11-13 14:40:38] [TIKTOK] unknown
[2025-11-13 14:40:38] [GA4] purchase
[2025-11-13 14:44:15] [FACEBOOK] unknown
[2025-11-13 14:44:15] [TIKTOK] unknown
[2025-11-13 14:44:16] [GA4] purchase
[2025-11-13 14:44:18] [FACEBOOK] unknown
[2025-11-13 14:44:18] [TIKTOK] unknown
[2025-11-13 14:44:18] [GA4] purchase
[2025-11-13 14:53:51] [FACEBOOK] unknown
[2025-11-13 14:53:52] [TIKTOK] unknown
[2025-11-13 14:53:52] [GA4] purchase
[2025-11-13 16:16:14] [FACEBOOK] unknown
[2025-11-13 16:16:14] [TIKTOK] unknown
[2025-11-13 16:16:15] [GA4] purchase
[2025-11-13 16:16:54] [FACEBOOK] unknown
[2025-11-13 16:16:55] [TIKTOK] unknown
[2025-11-13 16:16:55] [GA4] purchase
[2025-11-13 16:23:53] [FACEBOOK] unknown
[2025-11-13 16:23:53] [TIKTOK] unknown
[2025-11-13 16:23:53] [GA4] purchase
[2025-11-13 16:27:17] [FACEBOOK] unknown
[2025-11-13 16:27:17] [TIKTOK] unknown
[2025-11-13 16:27:17] [GA4] purchase
[2025-11-13 16:33:35] [FACEBOOK] unknown
[2025-11-13 16:33:36] [TIKTOK] unknown
[2025-11-13 16:33:36] [GA4] purchase
[2025-11-13 16:33:40] [FACEBOOK] unknown
[2025-11-13 16:33:40] [TIKTOK] unknown
[2025-11-13 16:33:41] [GA4] purchase
[2025-11-13 16:33:43] [FACEBOOK] unknown
[2025-11-13 16:33:43] [TIKTOK] unknown
[2025-11-13 16:33:43] [GA4] purchase
[2025-11-13 19:18:00] [FACEBOOK] unknown
[2025-11-13 19:18:00] [TIKTOK] unknown
[2025-11-13 19:18:00] [GA4] purchase
[2025-11-13 19:23:57] [FACEBOOK] unknown
[2025-11-13 19:23:57] [TIKTOK] unknown
[2025-11-13 19:23:57] [GA4] purchase
[2025-11-13 19:29:32] [FACEBOOK] unknown
[2025-11-13 19:29:32] [TIKTOK] unknown
[2025-11-13 19:29:32] [GA4] purchase
[2025-11-13 19:29:48] [FACEBOOK] unknown
[2025-11-13 19:29:48] [TIKTOK] unknown
[2025-11-13 19:29:48] [GA4] purchase
[2025-11-13 19:32:52] [FACEBOOK] unknown
[2025-11-13 19:32:52] [TIKTOK] unknown
[2025-11-13 19:32:52] [GA4] purchase
[2025-11-13 19:32:54] [FACEBOOK] unknown
[2025-11-13 19:32:54] [TIKTOK] unknown
[2025-11-13 19:32:54] [GA4] purchase
[2025-11-13 19:39:36] [FACEBOOK] unknown
[2025-11-13 19:39:36] [TIKTOK] unknown
[2025-11-13 19:39:36] [GA4] purchase
[2025-11-13 19:56:56] [FACEBOOK] unknown
[2025-11-13 19:56:56] [TIKTOK] unknown
[2025-11-13 19:56:57] [GA4] purchase
[2025-11-13 20:00:52] [FACEBOOK] unknown
[2025-11-13 20:00:52] [TIKTOK] unknown
[2025-11-13 20:00:52] [GA4] begin_checkout
[2025-11-13 20:01:29] [FACEBOOK] unknown
[2025-11-13 20:01:29] [TIKTOK] unknown
[2025-11-13 20:01:29] [GA4] begin_checkout
[2025-11-13 20:01:29] [FACEBOOK] unknown
[2025-11-13 20:01:29] [TIKTOK] unknown
[2025-11-13 20:01:29] [GA4] begin_checkout
[2025-11-13 20:02:04] [FACEBOOK] unknown
[2025-11-13 20:02:04] [TIKTOK] unknown
[2025-11-13 20:02:04] [GA4] begin_checkout
[2025-11-13 20:02:06] [FACEBOOK] unknown
[2025-11-13 20:02:06] [TIKTOK] unknown
[2025-11-13 20:02:06] [GA4] begin_checkout
[2025-11-13 20:02:08] [FACEBOOK] unknown
[2025-11-13 20:02:08] [TIKTOK] unknown
[2025-11-13 20:02:08] [GA4] begin_checkout
[2025-11-13 20:02:17] [FACEBOOK] unknown
[2025-11-13 20:02:17] [TIKTOK] unknown
[2025-11-13 20:02:17] [GA4] begin_checkout
[2025-11-13 20:02:29] [FACEBOOK] unknown
[2025-11-13 20:02:30] [TIKTOK] unknown
[2025-11-13 20:02:30] [GA4] begin_checkout
[2025-11-13 20:02:31] [FACEBOOK] unknown
[2025-11-13 20:02:31] [TIKTOK] unknown
[2025-11-13 20:02:31] [GA4] begin_checkout
[2025-11-13 20:03:21] [FACEBOOK] unknown
[2025-11-13 20:03:21] [TIKTOK] unknown
[2025-11-13 20:03:21] [GA4] begin_checkout
[2025-11-13 20:03:52] [FACEBOOK] unknown
[2025-11-13 20:03:52] [TIKTOK] unknown
[2025-11-13 20:03:52] [GA4] purchase
[2025-11-13 20:04:07] [FACEBOOK] unknown
[2025-11-13 20:04:07] [TIKTOK] unknown
[2025-11-13 20:04:08] [GA4] purchase
[2025-11-13 20:06:08] [FACEBOOK] unknown
[2025-11-13 20:06:08] [TIKTOK] unknown
[2025-11-13 20:06:08] [GA4] purchase
[2025-11-13 20:06:10] [FACEBOOK] unknown
[2025-11-13 20:06:10] [TIKTOK] unknown
[2025-11-13 20:06:10] [GA4] purchase
[2025-11-13 20:12:43] [FACEBOOK] unknown
[2025-11-13 20:12:43] [TIKTOK] unknown
[2025-11-13 20:12:44] [GA4] purchase
[2025-11-13 20:16:32] [FACEBOOK] unknown
[2025-11-13 20:16:32] [TIKTOK] unknown
[2025-11-13 20:16:32] [GA4] purchase
[2025-11-13 20:16:47] [FACEBOOK] unknown
[2025-11-13 20:16:47] [TIKTOK] unknown
[2025-11-13 20:16:47] [GA4] purchase
[2025-11-13 20:19:49] [FACEBOOK] unknown
[2025-11-13 20:19:49] [TIKTOK] unknown
[2025-11-13 20:19:50] [GA4] purchase
[2025-11-13 20:19:51] [FACEBOOK] unknown
[2025-11-13 20:19:51] [TIKTOK] unknown
[2025-11-13 20:19:51] [GA4] purchase
[2025-11-13 20:28:11] [FACEBOOK] unknown
[2025-11-13 20:28:11] [TIKTOK] unknown
[2025-11-13 20:28:12] [GA4] purchase
[2025-11-13 21:27:38] [FACEBOOK] unknown
[2025-11-13 21:27:39] [TIKTOK] unknown
[2025-11-13 21:27:39] [GA4] purchase
[2025-11-13 21:51:33] [FACEBOOK] unknown
[2025-11-13 21:51:33] [TIKTOK] unknown
[2025-11-13 21:51:34] [GA4] purchase
[2025-11-13 21:54:58] [FACEBOOK] unknown
[2025-11-13 21:54:58] [TIKTOK] unknown
[2025-11-13 21:54:59] [GA4] purchase
[2025-11-13 21:55:05] [FACEBOOK] unknown
[2025-11-13 21:55:05] [TIKTOK] unknown
[2025-11-13 21:55:06] [GA4] purchase
[2025-11-13 21:55:50] [FACEBOOK] unknown
[2025-11-13 21:55:50] [TIKTOK] unknown
[2025-11-13 21:55:50] [GA4] purchase
[2025-11-13 23:30:00] [FACEBOOK] unknown
[2025-11-13 23:30:01] [TIKTOK] unknown
[2025-11-13 23:30:01] [GA4] purchase
[2025-11-13 23:33:52] [FACEBOOK] unknown
[2025-11-13 23:33:53] [TIKTOK] unknown
[2025-11-13 23:33:53] [GA4] purchase
[2025-11-13 23:34:46] [FACEBOOK] unknown
[2025-11-13 23:34:46] [TIKTOK] unknown
[2025-11-13 23:34:47] [GA4] purchase
[2025-11-13 23:36:30] [FACEBOOK] unknown
[2025-11-13 23:36:30] [TIKTOK] unknown
[2025-11-13 23:36:30] [GA4] purchase
[2025-11-13 23:37:12] [FACEBOOK] unknown
[2025-11-13 23:37:12] [TIKTOK] unknown
[2025-11-13 23:37:13] [GA4] purchase
[2025-11-13 23:44:02] [FACEBOOK] unknown
[2025-11-13 23:44:02] [TIKTOK] unknown
[2025-11-13 23:44:03] [GA4] purchase
[2025-11-14 00:42:52] [FACEBOOK] unknown
[2025-11-14 00:42:52] [TIKTOK] unknown
[2025-11-14 00:42:52] [GA4] purchase
[2025-11-14 01:13:40] [FACEBOOK] unknown
[2025-11-14 01:13:40] [TIKTOK] unknown
[2025-11-14 01:13:41] [GA4] purchase
[2025-11-14 01:15:02] [FACEBOOK] unknown
[2025-11-14 01:15:02] [TIKTOK] unknown
[2025-11-14 01:15:02] [GA4] purchase
[2025-11-14 01:15:09] [FACEBOOK] unknown
[2025-11-14 01:15:09] [TIKTOK] unknown
[2025-11-14 01:15:10] [GA4] purchase
[2025-11-14 01:18:06] [FACEBOOK] unknown
[2025-11-14 01:18:06] [TIKTOK] unknown
[2025-11-14 01:18:07] [GA4] purchase
[2025-11-14 09:40:29] [FACEBOOK] unknown
[2025-11-14 09:40:29] [TIKTOK] unknown
[2025-11-14 09:40:30] [GA4] purchase
[2025-11-14 09:40:36] [FACEBOOK] unknown
[2025-11-14 09:40:36] [TIKTOK] unknown
[2025-11-14 09:40:36] [GA4] purchase
[2025-11-14 09:48:59] [FACEBOOK] unknown
[2025-11-14 09:48:59] [TIKTOK] unknown
[2025-11-14 09:48:59] [GA4] purchase
[2025-11-14 09:50:30] [FACEBOOK] unknown
[2025-11-14 09:50:30] [TIKTOK] unknown
[2025-11-14 09:50:31] [GA4] purchase
[2025-11-14 09:50:31] [FACEBOOK] unknown
[2025-11-14 09:50:31] [TIKTOK] unknown
[2025-11-14 09:50:31] [GA4] purchase
[2025-11-14 10:43:49] [FACEBOOK] unknown
[2025-11-14 10:43:49] [TIKTOK] unknown
[2025-11-14 10:43:50] [GA4] purchase
[2025-11-14 11:42:23] [FACEBOOK] unknown
[2025-11-14 11:42:23] [TIKTOK] unknown
[2025-11-14 11:42:24] [GA4] purchase
[2025-11-14 11:51:50] [FACEBOOK] unknown
[2025-11-14 11:51:51] [TIKTOK] unknown
[2025-11-14 11:51:51] [GA4] purchase
[2025-11-14 11:51:59] [FACEBOOK] unknown
[2025-11-14 11:51:59] [TIKTOK] unknown
[2025-11-14 11:51:59] [GA4] purchase
[2025-11-14 11:53:11] [FACEBOOK] unknown
[2025-11-14 11:53:11] [TIKTOK] unknown
[2025-11-14 11:53:11] [GA4] purchase
[2025-11-14 12:05:42] [FACEBOOK] unknown
[2025-11-14 12:05:42] [TIKTOK] unknown
[2025-11-14 12:05:42] [GA4] purchase
[2025-11-14 20:42:42] [FACEBOOK] unknown
[2025-11-14 20:42:42] [TIKTOK] unknown
[2025-11-14 20:42:43] [GA4] purchase
[2025-11-14 20:42:44] [FACEBOOK] unknown
[2025-11-14 20:42:45] [TIKTOK] unknown
[2025-11-14 20:42:45] [GA4] purchase
[2025-11-14 20:47:03] [FACEBOOK] unknown
[2025-11-14 20:47:04] [TIKTOK] unknown
[2025-11-14 20:47:04] [GA4] purchase
[2025-11-14 20:47:18] [FACEBOOK] unknown
[2025-11-14 20:47:19] [TIKTOK] unknown
[2025-11-14 20:47:19] [GA4] purchase
[2025-11-14 20:47:24] [FACEBOOK] unknown
[2025-11-14 20:47:24] [TIKTOK] unknown
[2025-11-14 20:47:24] [GA4] purchase
[2025-11-14 21:45:01] [FACEBOOK] unknown
[2025-11-14 21:45:02] [TIKTOK] unknown
[2025-11-14 21:45:02] [GA4] purchase
[2025-11-14 21:53:35] [FACEBOOK] unknown
[2025-11-14 21:53:35] [TIKTOK] unknown
[2025-11-14 21:53:35] [GA4] purchase
[2025-11-14 22:51:28] [FACEBOOK] unknown
[2025-11-14 22:51:28] [TIKTOK] unknown
[2025-11-14 22:51:29] [GA4] purchase
[2025-11-14 22:51:36] [FACEBOOK] unknown
[2025-11-14 22:51:36] [TIKTOK] unknown
[2025-11-14 22:51:36] [GA4] purchase
[2025-11-14 22:52:24] [FACEBOOK] unknown
[2025-11-14 22:52:25] [TIKTOK] unknown
[2025-11-14 22:52:25] [GA4] purchase
[2025-11-14 22:55:23] [FACEBOOK] unknown
[2025-11-14 22:55:23] [TIKTOK] unknown
[2025-11-14 22:55:24] [GA4] purchase
[2025-11-15 07:42:21] [FACEBOOK] unknown
[2025-11-15 07:42:22] [TIKTOK] unknown
[2025-11-15 07:42:22] [GA4] purchase
[2025-11-15 07:42:23] [FACEBOOK] unknown
[2025-11-15 07:42:23] [TIKTOK] unknown
[2025-11-15 07:42:23] [GA4] purchase
[2025-11-15 07:42:26] [FACEBOOK] unknown
[2025-11-15 07:42:26] [TIKTOK] unknown
[2025-11-15 07:42:26] [GA4] purchase
[2025-11-15 07:42:45] [FACEBOOK] unknown
[2025-11-15 07:42:45] [TIKTOK] unknown
[2025-11-15 07:42:45] [GA4] purchase
[2025-11-15 07:45:04] [FACEBOOK] unknown
[2025-11-15 07:45:05] [TIKTOK] unknown
[2025-11-15 07:45:05] [GA4] purchase
[2025-11-15 08:44:57] [FACEBOOK] unknown
[2025-11-15 08:44:57] [TIKTOK] unknown
[2025-11-15 08:44:57] [GA4] purchase
[2025-11-15 08:47:30] [FACEBOOK] unknown
[2025-11-15 08:47:30] [TIKTOK] unknown
[2025-11-15 08:47:30] [GA4] purchase
[2025-11-15 09:48:17] [FACEBOOK] unknown
[2025-11-15 09:48:17] [TIKTOK] unknown
[2025-11-15 09:48:18] [GA4] purchase
[2025-11-15 09:48:20] [FACEBOOK] unknown
[2025-11-15 09:48:20] [TIKTOK] unknown
[2025-11-15 09:48:20] [GA4] purchase
[2025-11-15 09:49:00] [FACEBOOK] unknown
[2025-11-15 09:49:01] [TIKTOK] unknown
[2025-11-15 09:49:01] [GA4] purchase
[2025-11-15 09:49:12] [FACEBOOK] unknown
[2025-11-15 09:49:12] [TIKTOK] unknown
[2025-11-15 09:49:12] [GA4] purchase
[2025-11-15 18:42:15] [FACEBOOK] unknown
[2025-11-15 18:42:16] [TIKTOK] unknown
[2025-11-15 18:42:16] [GA4] purchase
[2025-11-15 18:44:41] [FACEBOOK] unknown
[2025-11-15 18:44:41] [TIKTOK] unknown
[2025-11-15 18:44:42] [GA4] purchase
[2025-11-15 18:44:44] [FACEBOOK] unknown
[2025-11-15 18:44:44] [TIKTOK] unknown
[2025-11-15 18:44:45] [GA4] purchase
[2025-11-15 18:45:40] [FACEBOOK] unknown
[2025-11-15 18:45:40] [TIKTOK] unknown
[2025-11-15 18:45:40] [GA4] purchase
[2025-11-15 18:51:10] [FACEBOOK] unknown
[2025-11-15 18:51:10] [TIKTOK] unknown
[2025-11-15 18:51:11] [GA4] purchase
[2025-11-15 18:51:18] [FACEBOOK] unknown
[2025-11-15 18:51:18] [TIKTOK] unknown
[2025-11-15 18:51:18] [GA4] purchase
[2025-11-15 19:20:29] [FACEBOOK] unknown
[2025-11-15 19:20:29] [TIKTOK] unknown
[2025-11-15 19:20:29] [GA4] purchase
[2025-11-15 19:44:09] [FACEBOOK] unknown
[2025-11-15 19:44:09] [TIKTOK] unknown
[2025-11-15 19:44:09] [GA4] purchase
[2025-11-15 19:45:33] [FACEBOOK] unknown
[2025-11-15 19:45:34] [TIKTOK] unknown
[2025-11-15 19:45:34] [GA4] purchase
[2025-11-15 20:48:21] [FACEBOOK] unknown
[2025-11-15 20:48:21] [TIKTOK] unknown
[2025-11-15 20:48:21] [GA4] purchase
[2025-11-15 20:50:34] [FACEBOOK] unknown
[2025-11-15 20:50:34] [TIKTOK] unknown
[2025-11-15 20:50:34] [GA4] purchase
[2025-11-15 20:50:53] [FACEBOOK] unknown
[2025-11-15 20:50:54] [TIKTOK] unknown
[2025-11-15 20:50:54] [GA4] purchase
[2025-11-15 20:52:52] [FACEBOOK] unknown
[2025-11-15 20:52:52] [TIKTOK] unknown
[2025-11-15 20:52:52] [GA4] purchase
[2025-11-15 21:52:08] [FACEBOOK] unknown
[2025-11-15 21:52:08] [TIKTOK] unknown
[2025-11-15 21:52:08] [GA4] begin_checkout
[2025-11-16 05:41:30] [FACEBOOK] unknown
[2025-11-16 05:41:31] [TIKTOK] unknown
[2025-11-16 05:41:31] [GA4] purchase
[2025-11-16 05:41:34] [FACEBOOK] unknown
[2025-11-16 05:41:34] [TIKTOK] unknown
[2025-11-16 05:41:34] [GA4] purchase
[2025-11-16 05:41:35] [FACEBOOK] unknown
[2025-11-16 05:41:35] [TIKTOK] unknown
[2025-11-16 05:41:36] [GA4] purchase
[2025-11-16 05:50:55] [FACEBOOK] unknown
[2025-11-16 05:50:55] [TIKTOK] unknown
[2025-11-16 05:50:56] [GA4] purchase
[2025-11-16 05:50:58] [FACEBOOK] unknown
[2025-11-16 05:50:58] [TIKTOK] unknown
[2025-11-16 05:50:59] [GA4] purchase
[2025-11-16 06:40:58] [FACEBOOK] unknown
[2025-11-16 06:40:59] [TIKTOK] unknown
[2025-11-16 06:40:59] [GA4] purchase
[2025-11-16 06:50:59] [FACEBOOK] unknown
[2025-11-16 06:50:59] [TIKTOK] unknown
[2025-11-16 06:51:00] [GA4] purchase
[2025-11-16 07:55:22] [FACEBOOK] unknown
[2025-11-16 07:55:23] [TIKTOK] unknown
[2025-11-16 07:55:23] [GA4] purchase
[2025-11-16 07:55:28] [FACEBOOK] unknown
[2025-11-16 07:55:28] [TIKTOK] unknown
[2025-11-16 07:55:28] [GA4] purchase
[2025-11-16 07:55:43] [FACEBOOK] unknown
[2025-11-16 07:55:43] [TIKTOK] unknown
[2025-11-16 07:55:43] [GA4] purchase
[2025-11-16 07:56:13] [FACEBOOK] unknown
[2025-11-16 07:56:13] [TIKTOK] unknown
[2025-11-16 07:56:14] [GA4] purchase
[2025-11-16 16:40:04] [FACEBOOK] unknown
[2025-11-16 16:40:05] [TIKTOK] unknown
[2025-11-16 16:40:06] [GA4] purchase
[2025-11-16 16:42:06] [FACEBOOK] unknown
[2025-11-16 16:42:06] [TIKTOK] unknown
[2025-11-16 16:42:07] [GA4] purchase
[2025-11-16 16:42:11] [FACEBOOK] unknown
[2025-11-16 16:42:12] [TIKTOK] unknown
[2025-11-16 16:42:12] [GA4] purchase
[2025-11-16 16:45:26] [FACEBOOK] unknown
[2025-11-16 16:45:27] [TIKTOK] unknown
[2025-11-16 16:45:27] [GA4] purchase
[2025-11-16 16:49:26] [FACEBOOK] unknown
[2025-11-16 16:49:26] [TIKTOK] unknown
[2025-11-16 16:49:26] [GA4] purchase
[2025-11-16 17:42:12] [FACEBOOK] unknown
[2025-11-16 17:42:12] [TIKTOK] unknown
[2025-11-16 17:42:12] [GA4] purchase
[2025-11-16 17:48:03] [FACEBOOK] unknown
[2025-11-16 17:48:03] [TIKTOK] unknown
[2025-11-16 17:48:04] [GA4] purchase
[2025-11-16 18:45:28] [FACEBOOK] unknown
[2025-11-16 18:45:29] [TIKTOK] unknown
[2025-11-16 18:45:29] [GA4] purchase
[2025-11-16 18:45:38] [FACEBOOK] unknown
[2025-11-16 18:45:39] [TIKTOK] unknown
[2025-11-16 18:45:39] [GA4] purchase
[2025-11-16 18:45:44] [FACEBOOK] unknown
[2025-11-16 18:45:44] [TIKTOK] unknown
[2025-11-16 18:45:45] [GA4] purchase
[2025-11-16 18:53:42] [FACEBOOK] unknown
[2025-11-16 18:53:43] [TIKTOK] unknown
[2025-11-16 18:53:43] [GA4] purchase
[2025-11-17 03:40:09] [FACEBOOK] unknown
[2025-11-17 03:40:10] [TIKTOK] unknown
[2025-11-17 03:40:10] [GA4] purchase
[2025-11-17 03:42:41] [FACEBOOK] unknown
[2025-11-17 03:42:42] [TIKTOK] unknown
[2025-11-17 03:42:42] [GA4] purchase
[2025-11-17 03:42:48] [FACEBOOK] unknown
[2025-11-17 03:42:48] [TIKTOK] unknown
[2025-11-17 03:42:49] [GA4] purchase
[2025-11-17 03:43:07] [FACEBOOK] unknown
[2025-11-17 03:43:07] [TIKTOK] unknown
[2025-11-17 03:43:08] [GA4] purchase
[2025-11-17 03:43:10] [FACEBOOK] unknown
[2025-11-17 03:43:11] [TIKTOK] unknown
[2025-11-17 03:43:11] [GA4] purchase
[2025-11-17 04:42:19] [FACEBOOK] unknown
[2025-11-17 04:42:19] [TIKTOK] unknown
[2025-11-17 04:42:19] [GA4] purchase
[2025-11-17 04:47:55] [FACEBOOK] unknown
[2025-11-17 04:47:55] [TIKTOK] unknown
[2025-11-17 04:47:56] [GA4] purchase
[2025-11-17 05:49:14] [FACEBOOK] unknown
[2025-11-17 05:49:15] [TIKTOK] unknown
[2025-11-17 05:49:15] [GA4] purchase
[2025-11-17 05:49:22] [FACEBOOK] unknown
[2025-11-17 05:49:22] [TIKTOK] unknown
[2025-11-17 05:49:23] [GA4] purchase
[2025-11-17 05:56:27] [FACEBOOK] unknown
[2025-11-17 05:56:28] [TIKTOK] unknown
[2025-11-17 05:56:28] [GA4] purchase
[2025-11-17 05:56:39] [FACEBOOK] unknown
[2025-11-17 05:56:39] [TIKTOK] unknown
[2025-11-17 05:56:39] [GA4] purchase
[2025-11-17 14:41:29] [FACEBOOK] unknown
[2025-11-17 14:41:30] [TIKTOK] unknown
[2025-11-17 14:41:30] [GA4] purchase
[2025-11-17 14:42:57] [FACEBOOK] unknown
[2025-11-17 14:42:58] [TIKTOK] unknown
[2025-11-17 14:42:58] [GA4] purchase
[2025-11-17 14:43:02] [FACEBOOK] unknown
[2025-11-17 14:43:03] [TIKTOK] unknown
[2025-11-17 14:43:03] [GA4] purchase
[2025-11-17 14:43:38] [FACEBOOK] unknown
[2025-11-17 14:43:38] [TIKTOK] unknown
[2025-11-17 14:43:38] [GA4] purchase
[2025-11-17 14:43:40] [FACEBOOK] unknown
[2025-11-17 14:43:41] [TIKTOK] unknown
[2025-11-17 14:43:41] [GA4] purchase
[2025-11-17 15:43:22] [FACEBOOK] unknown
[2025-11-17 15:43:22] [TIKTOK] unknown
[2025-11-17 15:43:22] [GA4] purchase
[2025-11-17 15:45:08] [FACEBOOK] unknown
[2025-11-17 15:45:08] [TIKTOK] unknown
[2025-11-17 15:45:08] [GA4] purchase
[2025-11-17 16:44:07] [FACEBOOK] unknown
[2025-11-17 16:44:08] [TIKTOK] unknown
[2025-11-17 16:44:08] [GA4] purchase
[2025-11-17 16:44:14] [FACEBOOK] unknown
[2025-11-17 16:44:15] [TIKTOK] unknown
[2025-11-17 16:44:15] [GA4] purchase
[2025-11-17 16:51:50] [FACEBOOK] unknown
[2025-11-17 16:51:50] [TIKTOK] unknown
[2025-11-17 16:51:51] [GA4] purchase
[2025-11-17 16:52:00] [FACEBOOK] unknown
[2025-11-17 16:52:01] [TIKTOK] unknown
[2025-11-17 16:52:01] [GA4] purchase
[2025-11-17 23:30:37] [FACEBOOK] unknown
[2025-11-17 23:30:37] [TIKTOK] unknown
[2025-11-17 23:30:37] [GA4] begin_checkout
[2025-11-18 01:42:45] [FACEBOOK] unknown
[2025-11-18 01:42:45] [TIKTOK] unknown
[2025-11-18 01:42:46] [GA4] purchase
[2025-11-18 01:42:48] [FACEBOOK] unknown
[2025-11-18 01:42:48] [TIKTOK] unknown
[2025-11-18 01:42:48] [GA4] purchase
[2025-11-18 01:48:42] [FACEBOOK] unknown
[2025-11-18 01:48:42] [TIKTOK] unknown
[2025-11-18 01:48:43] [GA4] purchase
[2025-11-18 01:50:34] [FACEBOOK] unknown
[2025-11-18 01:50:34] [TIKTOK] unknown
[2025-11-18 01:50:35] [GA4] purchase
[2025-11-18 01:50:38] [FACEBOOK] unknown
[2025-11-18 01:50:38] [TIKTOK] unknown
[2025-11-18 01:50:39] [GA4] purchase
[2025-11-18 02:42:31] [FACEBOOK] unknown
[2025-11-18 02:42:31] [TIKTOK] unknown
[2025-11-18 02:42:31] [GA4] purchase
[2025-11-18 02:45:57] [FACEBOOK] unknown
[2025-11-18 02:45:57] [TIKTOK] unknown
[2025-11-18 02:45:57] [GA4] purchase
[2025-11-18 03:40:33] [FACEBOOK] unknown
[2025-11-18 03:40:33] [TIKTOK] unknown
[2025-11-18 03:40:33] [GA4] purchase
[2025-11-18 03:53:54] [FACEBOOK] unknown
[2025-11-18 03:53:54] [TIKTOK] unknown
[2025-11-18 03:53:55] [GA4] purchase
[2025-11-18 03:54:40] [FACEBOOK] unknown
[2025-11-18 03:54:40] [TIKTOK] unknown
[2025-11-18 03:54:40] [GA4] purchase
[2025-11-18 06:06:16] [FACEBOOK] unknown
[2025-11-18 06:06:16] [TIKTOK] unknown
[2025-11-18 06:06:16] [GA4] purchase
[2025-11-18 12:40:59] [FACEBOOK] unknown
[2025-11-18 12:40:59] [TIKTOK] unknown
[2025-11-18 12:41:00] [GA4] purchase
[2025-11-18 12:41:00] [FACEBOOK] unknown
[2025-11-18 12:41:00] [TIKTOK] unknown
[2025-11-18 12:41:01] [GA4] purchase
[2025-11-18 12:41:04] [FACEBOOK] unknown
[2025-11-18 12:41:04] [TIKTOK] unknown
[2025-11-18 12:41:05] [GA4] purchase
[2025-11-18 12:42:09] [FACEBOOK] unknown
[2025-11-18 12:42:09] [TIKTOK] unknown
[2025-11-18 12:42:09] [GA4] purchase
[2025-11-18 12:49:15] [FACEBOOK] unknown
[2025-11-18 12:49:15] [TIKTOK] unknown
[2025-11-18 12:49:16] [GA4] purchase
[2025-11-18 13:41:03] [FACEBOOK] unknown
[2025-11-18 13:41:03] [TIKTOK] unknown
[2025-11-18 13:41:03] [GA4] purchase
[2025-11-18 13:41:37] [FACEBOOK] unknown
[2025-11-18 13:41:38] [TIKTOK] unknown
[2025-11-18 13:41:38] [GA4] purchase
[2025-11-18 14:47:47] [FACEBOOK] unknown
[2025-11-18 14:47:47] [TIKTOK] unknown
[2025-11-18 14:47:47] [GA4] purchase
[2025-11-18 14:52:30] [FACEBOOK] unknown
[2025-11-18 14:52:30] [TIKTOK] unknown
[2025-11-18 14:52:30] [GA4] purchase
[2025-11-18 14:52:57] [FACEBOOK] unknown
[2025-11-18 14:52:57] [TIKTOK] unknown
[2025-11-18 14:52:57] [GA4] purchase
[2025-11-18 17:47:16] [FACEBOOK] unknown
[2025-11-18 17:47:16] [TIKTOK] unknown
[2025-11-18 17:47:16] [GA4] begin_checkout
[2025-11-18 18:48:13] [FACEBOOK] unknown
[2025-11-18 18:48:13] [TIKTOK] unknown
[2025-11-18 18:48:13] [GA4] purchase
[2025-11-18 23:39:52] [FACEBOOK] unknown
[2025-11-18 23:39:53] [TIKTOK] unknown
[2025-11-18 23:39:53] [GA4] purchase
[2025-11-18 23:39:57] [FACEBOOK] unknown
[2025-11-18 23:39:57] [TIKTOK] unknown
[2025-11-18 23:39:58] [GA4] purchase
[2025-11-18 23:42:18] [FACEBOOK] unknown
[2025-11-18 23:42:18] [TIKTOK] unknown
[2025-11-18 23:42:18] [GA4] purchase
[2025-11-18 23:43:06] [FACEBOOK] unknown
[2025-11-18 23:43:07] [TIKTOK] unknown
[2025-11-18 23:43:07] [GA4] purchase
[2025-11-18 23:43:10] [FACEBOOK] unknown
[2025-11-18 23:43:11] [TIKTOK] unknown
[2025-11-18 23:43:11] [GA4] purchase
[2025-11-19 00:40:20] [FACEBOOK] unknown
[2025-11-19 00:40:20] [TIKTOK] unknown
[2025-11-19 00:40:20] [GA4] purchase
[2025-11-19 00:45:23] [FACEBOOK] unknown
[2025-11-19 00:45:23] [TIKTOK] unknown
[2025-11-19 00:45:23] [GA4] purchase
[2025-11-19 01:41:25] [FACEBOOK] unknown
[2025-11-19 01:41:26] [TIKTOK] unknown
[2025-11-19 01:41:26] [GA4] purchase
[2025-11-19 01:41:29] [FACEBOOK] unknown
[2025-11-19 01:41:29] [TIKTOK] unknown
[2025-11-19 01:41:29] [GA4] purchase
[2025-11-19 01:47:38] [FACEBOOK] unknown
[2025-11-19 01:47:38] [TIKTOK] unknown
[2025-11-19 01:47:39] [GA4] purchase
[2025-11-19 05:49:36] [FACEBOOK] unknown
[2025-11-19 05:49:37] [TIKTOK] unknown
[2025-11-19 05:49:37] [GA4] purchase
[2025-11-19 10:42:44] [FACEBOOK] unknown
[2025-11-19 10:42:44] [TIKTOK] unknown
[2025-11-19 10:42:44] [GA4] purchase
[2025-11-19 10:42:48] [FACEBOOK] unknown
[2025-11-19 10:42:48] [TIKTOK] unknown
[2025-11-19 10:42:48] [GA4] purchase
[2025-11-19 10:48:05] [FACEBOOK] unknown
[2025-11-19 10:48:05] [TIKTOK] unknown
[2025-11-19 10:48:05] [GA4] purchase
[2025-11-19 10:51:20] [FACEBOOK] unknown
[2025-11-19 10:51:20] [TIKTOK] unknown
[2025-11-19 10:51:21] [GA4] purchase
[2025-11-19 10:51:23] [FACEBOOK] unknown
[2025-11-19 10:51:23] [TIKTOK] unknown
[2025-11-19 10:51:23] [GA4] purchase
[2025-11-19 10:51:31] [FACEBOOK] unknown
[2025-11-19 10:51:32] [TIKTOK] unknown
[2025-11-19 10:51:32] [GA4] purchase
[2025-11-19 11:46:32] [FACEBOOK] unknown
[2025-11-19 11:46:33] [TIKTOK] unknown
[2025-11-19 11:46:33] [GA4] purchase
[2025-11-19 11:52:36] [FACEBOOK] unknown
[2025-11-19 11:52:36] [TIKTOK] unknown
[2025-11-19 11:52:37] [GA4] purchase
[2025-11-19 11:53:36] [FACEBOOK] unknown
[2025-11-19 11:53:36] [TIKTOK] unknown
[2025-11-19 11:53:36] [GA4] purchase
[2025-11-19 12:41:40] [FACEBOOK] unknown
[2025-11-19 12:41:40] [TIKTOK] unknown
[2025-11-19 12:41:41] [GA4] purchase
[2025-11-19 16:47:45] [FACEBOOK] unknown
[2025-11-19 16:47:45] [TIKTOK] unknown
[2025-11-19 16:47:46] [GA4] purchase
[2025-11-19 21:47:14] [FACEBOOK] unknown
[2025-11-19 21:47:15] [TIKTOK] unknown
[2025-11-19 21:47:15] [GA4] purchase
[2025-11-19 21:47:17] [FACEBOOK] unknown
[2025-11-19 21:47:17] [TIKTOK] unknown
[2025-11-19 21:47:17] [GA4] purchase
[2025-11-19 21:47:25] [FACEBOOK] unknown
[2025-11-19 21:47:25] [TIKTOK] unknown
[2025-11-19 21:47:26] [GA4] purchase
[2025-11-19 21:48:18] [FACEBOOK] unknown
[2025-11-19 21:48:18] [TIKTOK] unknown
[2025-11-19 21:48:18] [GA4] purchase
[2025-11-19 21:48:30] [FACEBOOK] unknown
[2025-11-19 21:48:30] [TIKTOK] unknown
[2025-11-19 21:48:30] [GA4] purchase
[2025-11-19 21:54:51] [FACEBOOK] unknown
[2025-11-19 21:54:51] [TIKTOK] unknown
[2025-11-19 21:54:51] [GA4] purchase
[2025-11-19 22:47:15] [FACEBOOK] unknown
[2025-11-19 22:47:15] [TIKTOK] unknown
[2025-11-19 22:47:15] [GA4] purchase
[2025-11-19 22:51:08] [FACEBOOK] unknown
[2025-11-19 22:51:08] [TIKTOK] unknown
[2025-11-19 22:51:08] [GA4] purchase
[2025-11-19 22:51:08] [FACEBOOK] unknown
[2025-11-19 22:51:09] [TIKTOK] unknown
[2025-11-19 22:51:09] [GA4] purchase
[2025-11-19 23:46:43] [FACEBOOK] unknown
[2025-11-19 23:46:43] [TIKTOK] unknown
[2025-11-19 23:46:43] [GA4] purchase
[2025-11-20 03:41:42] [FACEBOOK] unknown
[2025-11-20 03:41:43] [TIKTOK] unknown
[2025-11-20 03:41:43] [GA4] purchase
[2025-11-20 08:42:31] [FACEBOOK] unknown
[2025-11-20 08:42:32] [TIKTOK] unknown
[2025-11-20 08:42:32] [GA4] purchase
[2025-11-20 08:42:33] [FACEBOOK] unknown
[2025-11-20 08:42:34] [TIKTOK] unknown
[2025-11-20 08:42:34] [GA4] purchase
[2025-11-20 08:42:39] [FACEBOOK] unknown
[2025-11-20 08:42:39] [TIKTOK] unknown
[2025-11-20 08:42:39] [GA4] purchase
[2025-11-20 08:42:56] [FACEBOOK] unknown
[2025-11-20 08:42:57] [TIKTOK] unknown
[2025-11-20 08:42:57] [GA4] purchase
[2025-11-20 08:50:25] [FACEBOOK] unknown
[2025-11-20 08:50:25] [TIKTOK] unknown
[2025-11-20 08:50:26] [GA4] purchase
[2025-11-20 08:50:26] [FACEBOOK] unknown
[2025-11-20 08:50:26] [TIKTOK] unknown
[2025-11-20 08:50:27] [GA4] purchase
[2025-11-20 09:46:11] [FACEBOOK] unknown
[2025-11-20 09:46:12] [TIKTOK] unknown
[2025-11-20 09:46:13] [GA4] purchase
[2025-11-20 09:47:47] [FACEBOOK] unknown
[2025-11-20 09:47:48] [TIKTOK] unknown
[2025-11-20 09:47:48] [GA4] purchase
[2025-11-20 09:49:21] [FACEBOOK] unknown
[2025-11-20 09:49:21] [TIKTOK] unknown
[2025-11-20 09:49:22] [GA4] purchase
[2025-11-20 10:44:49] [FACEBOOK] unknown
[2025-11-20 10:44:49] [TIKTOK] unknown
[2025-11-20 10:44:49] [GA4] purchase
[2025-11-20 14:48:10] [FACEBOOK] unknown
[2025-11-20 14:48:11] [TIKTOK] unknown
[2025-11-20 14:48:11] [GA4] purchase
[2025-11-20 17:31:47] [FACEBOOK] unknown
[2025-11-20 17:31:48] [TIKTOK] unknown
[2025-11-20 17:31:48] [GA4] purchase
[2025-11-20 17:39:03] [FACEBOOK] unknown
[2025-11-20 17:39:03] [TIKTOK] unknown
[2025-11-20 17:39:03] [GA4] purchase
[2025-11-20 17:39:59] [FACEBOOK] unknown
[2025-11-20 17:39:59] [TIKTOK] unknown
[2025-11-20 17:39:59] [GA4] purchase
[2025-11-20 17:42:14] [FACEBOOK] unknown
[2025-11-20 17:42:14] [TIKTOK] unknown
[2025-11-20 17:42:15] [GA4] purchase
[2025-11-20 17:42:15] [FACEBOOK] unknown
[2025-11-20 17:42:15] [TIKTOK] unknown
[2025-11-20 17:42:16] [GA4] purchase
[2025-11-20 17:50:08] [FACEBOOK] unknown
[2025-11-20 17:50:09] [TIKTOK] unknown
[2025-11-20 17:50:09] [GA4] purchase
[2025-11-20 19:10:52] [FACEBOOK] unknown
[2025-11-20 19:10:52] [TIKTOK] unknown
[2025-11-20 19:10:52] [GA4] purchase
[2025-11-20 19:33:42] [FACEBOOK] unknown
[2025-11-20 19:33:42] [TIKTOK] unknown
[2025-11-20 19:33:42] [GA4] purchase
[2025-11-20 19:33:56] [FACEBOOK] unknown
[2025-11-20 19:33:56] [TIKTOK] unknown
[2025-11-20 19:33:56] [GA4] purchase
[2025-11-20 19:34:10] [FACEBOOK] unknown
[2025-11-20 19:34:10] [TIKTOK] unknown
[2025-11-20 19:34:10] [GA4] purchase
[2025-11-21 04:50:19] [FACEBOOK] unknown
[2025-11-21 04:50:19] [TIKTOK] unknown
[2025-11-21 04:50:19] [GA4] begin_checkout
[2025-11-21 05:53:29] [FACEBOOK] unknown
[2025-11-21 05:53:29] [TIKTOK] unknown
[2025-11-21 05:53:29] [GA4] purchase
[2025-11-21 05:58:15] [FACEBOOK] unknown
[2025-11-21 05:58:15] [TIKTOK] unknown
[2025-11-21 05:58:16] [GA4] purchase
[2025-11-21 05:58:19] [FACEBOOK] unknown
[2025-11-21 05:58:19] [TIKTOK] unknown
[2025-11-21 05:58:19] [GA4] purchase
[2025-11-21 09:12:54] [FACEBOOK] unknown
[2025-11-21 09:12:54] [TIKTOK] unknown
[2025-11-21 09:12:54] [GA4] begin_checkout
[2025-11-21 15:50:45] [FACEBOOK] unknown
[2025-11-21 15:50:45] [TIKTOK] unknown
[2025-11-21 15:50:46] [GA4] purchase
[2025-11-21 15:54:59] [FACEBOOK] unknown
[2025-11-21 15:54:59] [TIKTOK] unknown
[2025-11-21 15:54:59] [GA4] purchase
[2025-11-21 15:55:21] [FACEBOOK] unknown
[2025-11-21 15:55:21] [TIKTOK] unknown
[2025-11-21 15:55:21] [GA4] purchase
[2025-11-21 15:58:48] [FACEBOOK] unknown
[2025-11-21 15:58:48] [TIKTOK] unknown
[2025-11-21 15:58:48] [GA4] purchase
[2025-11-21 15:58:49] [FACEBOOK] unknown
[2025-11-21 15:58:50] [TIKTOK] unknown
[2025-11-21 15:58:50] [GA4] purchase
[2025-11-21 16:06:24] [FACEBOOK] unknown
[2025-11-21 16:06:24] [TIKTOK] unknown
[2025-11-21 16:06:25] [GA4] purchase
[2025-11-21 17:31:04] [FACEBOOK] unknown
[2025-11-21 17:31:04] [TIKTOK] unknown
[2025-11-21 17:31:04] [GA4] purchase
[2025-11-21 18:21:14] [FACEBOOK] unknown
[2025-11-21 18:21:14] [TIKTOK] unknown
[2025-11-21 18:21:14] [GA4] begin_checkout
[2025-11-21 18:27:11] [FACEBOOK] unknown
[2025-11-21 18:27:12] [TIKTOK] unknown
[2025-11-21 18:27:12] [GA4] purchase
[2025-11-21 18:29:54] [FACEBOOK] unknown
[2025-11-21 18:29:54] [TIKTOK] unknown
[2025-11-21 18:29:54] [GA4] purchase
[2025-11-21 18:30:53] [FACEBOOK] unknown
[2025-11-21 18:30:53] [TIKTOK] unknown
[2025-11-21 18:30:53] [GA4] purchase
[2025-11-22 02:40:45] [FACEBOOK] unknown
[2025-11-22 02:40:46] [TIKTOK] unknown
[2025-11-22 02:40:46] [GA4] purchase
[2025-11-22 02:45:22] [FACEBOOK] unknown
[2025-11-22 02:45:23] [TIKTOK] unknown
[2025-11-22 02:45:23] [GA4] purchase
[2025-11-22 02:58:02] [FACEBOOK] unknown
[2025-11-22 02:58:03] [TIKTOK] unknown
[2025-11-22 02:58:03] [GA4] purchase
[2025-11-22 02:59:57] [FACEBOOK] unknown
[2025-11-22 02:59:58] [TIKTOK] unknown
[2025-11-22 02:59:58] [GA4] purchase
[2025-11-22 03:09:39] [FACEBOOK] unknown
[2025-11-22 03:09:39] [TIKTOK] unknown
[2025-11-22 03:09:39] [GA4] purchase
[2025-11-22 03:09:40] [FACEBOOK] unknown
[2025-11-22 03:09:40] [TIKTOK] unknown
[2025-11-22 03:09:40] [GA4] purchase
[2025-11-22 03:47:11] [FACEBOOK] unknown
[2025-11-22 03:47:11] [TIKTOK] unknown
[2025-11-22 03:47:12] [GA4] purchase
[2025-11-22 04:48:21] [FACEBOOK] unknown
[2025-11-22 04:48:21] [TIKTOK] unknown
[2025-11-22 04:48:21] [GA4] purchase
[2025-11-22 04:48:26] [FACEBOOK] unknown
[2025-11-22 04:48:26] [TIKTOK] unknown
[2025-11-22 04:48:27] [GA4] purchase
[2025-11-22 04:51:08] [FACEBOOK] unknown
[2025-11-22 04:51:08] [TIKTOK] unknown
[2025-11-22 04:51:09] [GA4] purchase
[2025-11-22 06:53:20] [FACEBOOK] unknown
[2025-11-22 06:53:20] [TIKTOK] unknown
[2025-11-22 06:53:20] [GA4] purchase
[2025-11-22 09:06:00] [FACEBOOK] unknown
[2025-11-22 09:06:00] [TIKTOK] unknown
[2025-11-22 09:06:00] [GA4] purchase
[2025-11-22 13:43:38] [FACEBOOK] unknown
[2025-11-22 13:43:39] [TIKTOK] unknown
[2025-11-22 13:43:39] [GA4] purchase
[2025-11-22 13:48:53] [FACEBOOK] unknown
[2025-11-22 13:48:53] [TIKTOK] unknown
[2025-11-22 13:48:53] [GA4] purchase
[2025-11-22 13:58:10] [FACEBOOK] unknown
[2025-11-22 13:58:10] [TIKTOK] unknown
[2025-11-22 13:58:11] [GA4] purchase
[2025-11-22 13:59:09] [FACEBOOK] unknown
[2025-11-22 13:59:09] [TIKTOK] unknown
[2025-11-22 13:59:10] [GA4] purchase
[2025-11-22 14:00:18] [FACEBOOK] unknown
[2025-11-22 14:00:18] [TIKTOK] unknown
[2025-11-22 14:00:18] [GA4] purchase
[2025-11-22 14:05:38] [FACEBOOK] unknown
[2025-11-22 14:05:39] [TIKTOK] unknown
[2025-11-22 14:05:39] [GA4] purchase
[2025-11-22 14:43:38] [FACEBOOK] unknown
[2025-11-22 14:43:39] [TIKTOK] unknown
[2025-11-22 14:43:39] [GA4] purchase
[2025-11-22 15:56:34] [FACEBOOK] unknown
[2025-11-22 15:56:34] [TIKTOK] unknown
[2025-11-22 15:56:34] [GA4] purchase
[2025-11-22 15:56:58] [FACEBOOK] unknown
[2025-11-22 15:56:58] [TIKTOK] unknown
[2025-11-22 15:56:59] [GA4] purchase
[2025-11-22 16:03:59] [FACEBOOK] unknown
[2025-11-22 16:03:59] [TIKTOK] unknown
[2025-11-22 16:03:59] [GA4] purchase
[2025-11-22 17:42:13] [FACEBOOK] unknown
[2025-11-22 17:42:14] [TIKTOK] unknown
[2025-11-22 17:42:14] [GA4] purchase
[2025-11-22 19:47:25] [FACEBOOK] unknown
[2025-11-22 19:47:25] [TIKTOK] unknown
[2025-11-22 19:47:27] [GA4] purchase
[2025-11-23 00:43:58] [FACEBOOK] unknown
[2025-11-23 00:43:58] [TIKTOK] unknown
[2025-11-23 00:43:59] [GA4] purchase
[2025-11-23 00:45:54] [FACEBOOK] unknown
[2025-11-23 00:45:55] [TIKTOK] unknown
[2025-11-23 00:45:55] [GA4] purchase
[2025-11-23 01:04:53] [FACEBOOK] unknown
[2025-11-23 01:04:53] [TIKTOK] unknown
[2025-11-23 01:04:53] [GA4] purchase
[2025-11-23 01:05:08] [FACEBOOK] unknown
[2025-11-23 01:05:09] [TIKTOK] unknown
[2025-11-23 01:05:09] [GA4] purchase
[2025-11-23 01:06:36] [FACEBOOK] unknown
[2025-11-23 01:06:37] [TIKTOK] unknown
[2025-11-23 01:06:37] [GA4] purchase
[2025-11-23 01:10:44] [FACEBOOK] unknown
[2025-11-23 01:10:45] [TIKTOK] unknown
[2025-11-23 01:10:46] [GA4] purchase
[2025-11-23 01:56:10] [FACEBOOK] unknown
[2025-11-23 01:56:10] [TIKTOK] unknown
[2025-11-23 01:56:11] [GA4] purchase
[2025-11-23 02:49:52] [FACEBOOK] unknown
[2025-11-23 02:49:52] [TIKTOK] unknown
[2025-11-23 02:49:52] [GA4] purchase
[2025-11-23 02:57:53] [FACEBOOK] unknown
[2025-11-23 02:57:53] [TIKTOK] unknown
[2025-11-23 02:57:54] [GA4] purchase
[2025-11-23 02:58:03] [FACEBOOK] unknown
[2025-11-23 02:58:03] [TIKTOK] unknown
[2025-11-23 02:58:03] [GA4] purchase
[2025-11-23 04:40:50] [FACEBOOK] unknown
[2025-11-23 04:40:51] [TIKTOK] unknown
[2025-11-23 04:40:51] [GA4] purchase
[2025-11-23 06:31:59] [FACEBOOK] unknown
[2025-11-23 06:31:59] [TIKTOK] unknown
[2025-11-23 06:31:59] [GA4] begin_checkout
[2025-11-23 06:42:27] [FACEBOOK] unknown
[2025-11-23 06:42:28] [TIKTOK] unknown
[2025-11-23 06:42:28] [GA4] purchase
[2025-11-23 11:39:51] [FACEBOOK] unknown
[2025-11-23 11:39:51] [TIKTOK] unknown
[2025-11-23 11:39:52] [GA4] purchase
[2025-11-23 11:44:13] [FACEBOOK] unknown
[2025-11-23 11:44:13] [TIKTOK] unknown
[2025-11-23 11:44:14] [GA4] purchase
[2025-11-23 11:44:45] [FACEBOOK] unknown
[2025-11-23 11:44:45] [TIKTOK] unknown
[2025-11-23 11:44:45] [GA4] purchase
[2025-11-23 11:45:15] [FACEBOOK] unknown
[2025-11-23 11:45:16] [TIKTOK] unknown
[2025-11-23 11:45:16] [FACEBOOK] unknown
[2025-11-23 11:45:16] [GA4] purchase
[2025-11-23 11:45:16] [TIKTOK] unknown
[2025-11-23 11:45:17] [GA4] purchase
[2025-11-23 11:47:49] [FACEBOOK] unknown
[2025-11-23 11:47:50] [TIKTOK] unknown
[2025-11-23 11:47:50] [GA4] purchase
[2025-11-23 12:44:03] [FACEBOOK] unknown
[2025-11-23 12:44:03] [TIKTOK] unknown
[2025-11-23 12:44:03] [GA4] purchase
[2025-11-23 13:46:13] [FACEBOOK] unknown
[2025-11-23 13:46:13] [TIKTOK] unknown
[2025-11-23 13:46:13] [GA4] purchase
[2025-11-23 13:46:30] [FACEBOOK] unknown
[2025-11-23 13:46:30] [TIKTOK] unknown
[2025-11-23 13:46:31] [GA4] purchase
[2025-11-23 13:54:33] [FACEBOOK] unknown
[2025-11-23 13:54:34] [TIKTOK] unknown
[2025-11-23 13:54:34] [GA4] purchase
[2025-11-23 15:40:53] [FACEBOOK] unknown
[2025-11-23 15:40:54] [TIKTOK] unknown
[2025-11-23 15:40:55] [GA4] purchase
[2025-11-23 17:43:45] [FACEBOOK] unknown
[2025-11-23 17:43:45] [TIKTOK] unknown
[2025-11-23 17:43:45] [GA4] purchase
[2025-11-23 22:40:10] [FACEBOOK] unknown
[2025-11-23 22:40:10] [TIKTOK] unknown
[2025-11-23 22:40:11] [GA4] purchase
[2025-11-23 22:41:19] [FACEBOOK] unknown
[2025-11-23 22:41:19] [TIKTOK] unknown
[2025-11-23 22:41:20] [GA4] purchase
[2025-11-23 22:41:22] [FACEBOOK] unknown
[2025-11-23 22:41:23] [TIKTOK] unknown
[2025-11-23 22:41:23] [GA4] purchase
[2025-11-23 22:43:06] [FACEBOOK] unknown
[2025-11-23 22:43:07] [TIKTOK] unknown
[2025-11-23 22:43:07] [GA4] purchase
[2025-11-23 22:50:19] [FACEBOOK] unknown
[2025-11-23 22:50:20] [TIKTOK] unknown
[2025-11-23 22:50:20] [GA4] purchase
[2025-11-23 22:50:22] [FACEBOOK] unknown
[2025-11-23 22:50:22] [TIKTOK] unknown
[2025-11-23 22:50:22] [GA4] purchase
[2025-11-23 23:48:44] [FACEBOOK] unknown
[2025-11-23 23:48:44] [TIKTOK] unknown
[2025-11-23 23:48:45] [GA4] purchase
[2025-11-24 00:54:13] [FACEBOOK] unknown
[2025-11-24 00:54:13] [TIKTOK] unknown
[2025-11-24 00:54:13] [GA4] purchase
[2025-11-24 00:54:47] [FACEBOOK] unknown
[2025-11-24 00:54:47] [TIKTOK] unknown
[2025-11-24 00:54:47] [GA4] purchase
[2025-11-24 00:56:24] [FACEBOOK] unknown
[2025-11-24 00:56:25] [TIKTOK] unknown
[2025-11-24 00:56:25] [GA4] purchase
[2025-11-24 02:41:50] [FACEBOOK] unknown
[2025-11-24 02:41:51] [TIKTOK] unknown
[2025-11-24 02:41:51] [GA4] purchase
[2025-11-24 03:14:46] [FACEBOOK] unknown
[2025-11-24 03:14:46] [TIKTOK] unknown
[2025-11-24 03:14:46] [GA4] purchase
[2025-11-24 04:53:34] [FACEBOOK] unknown
[2025-11-24 04:53:35] [TIKTOK] unknown
[2025-11-24 04:53:35] [GA4] purchase
[2025-11-24 09:40:44] [FACEBOOK] unknown
[2025-11-24 09:40:44] [TIKTOK] unknown
[2025-11-24 09:40:45] [GA4] purchase
[2025-11-24 09:46:13] [FACEBOOK] unknown
[2025-11-24 09:46:13] [TIKTOK] unknown
[2025-11-24 09:46:13] [GA4] purchase
[2025-11-24 09:49:25] [FACEBOOK] unknown
[2025-11-24 09:49:26] [TIKTOK] unknown
[2025-11-24 09:49:26] [GA4] purchase
[2025-11-24 09:49:27] [FACEBOOK] unknown
[2025-11-24 09:49:28] [TIKTOK] unknown
[2025-11-24 09:49:28] [GA4] purchase
[2025-11-24 09:49:30] [FACEBOOK] unknown
[2025-11-24 09:49:30] [TIKTOK] unknown
[2025-11-24 09:49:30] [GA4] purchase
[2025-11-24 09:49:31] [FACEBOOK] unknown
[2025-11-24 09:49:31] [TIKTOK] unknown
[2025-11-24 09:49:32] [GA4] purchase
[2025-11-24 09:49:34] [FACEBOOK] unknown
[2025-11-24 09:49:34] [TIKTOK] unknown
[2025-11-24 09:49:34] [GA4] purchase
[2025-11-24 09:49:35] [FACEBOOK] unknown
[2025-11-24 09:49:35] [TIKTOK] unknown
[2025-11-24 09:49:35] [GA4] purchase
[2025-11-24 09:50:27] [FACEBOOK] unknown
[2025-11-24 09:50:27] [TIKTOK] unknown
[2025-11-24 09:50:28] [GA4] purchase
[2025-11-24 09:50:32] [FACEBOOK] unknown
[2025-11-24 09:50:33] [TIKTOK] unknown
[2025-11-24 09:50:33] [GA4] purchase
[2025-11-24 10:45:24] [FACEBOOK] unknown
[2025-11-24 10:45:24] [TIKTOK] unknown
[2025-11-24 10:45:24] [GA4] purchase
[2025-11-24 11:48:36] [FACEBOOK] unknown
[2025-11-24 11:48:36] [TIKTOK] unknown
[2025-11-24 11:48:37] [GA4] purchase
[2025-11-24 11:48:50] [FACEBOOK] unknown
[2025-11-24 11:48:50] [TIKTOK] unknown
[2025-11-24 11:48:50] [GA4] purchase
[2025-11-24 11:49:46] [FACEBOOK] unknown
[2025-11-24 11:49:46] [TIKTOK] unknown
[2025-11-24 11:49:46] [GA4] purchase
[2025-11-24 13:46:28] [FACEBOOK] unknown
[2025-11-24 13:46:29] [TIKTOK] unknown
[2025-11-24 13:46:29] [GA4] purchase
[2025-11-24 13:46:31] [FACEBOOK] unknown
[2025-11-24 13:46:31] [TIKTOK] unknown
[2025-11-24 13:46:32] [GA4] purchase
[2025-11-24 15:41:29] [FACEBOOK] unknown
[2025-11-24 15:41:29] [TIKTOK] unknown
[2025-11-24 15:41:30] [GA4] purchase
[2025-11-24 18:14:27] [FACEBOOK] unknown
[2025-11-24 18:14:27] [TIKTOK] unknown
[2025-11-24 18:14:27] [GA4] purchase
[2025-11-24 18:22:59] [FACEBOOK] unknown
[2025-11-24 18:22:59] [TIKTOK] unknown
[2025-11-24 18:22:59] [GA4] purchase
[2025-11-24 18:23:54] [FACEBOOK] unknown
[2025-11-24 18:23:54] [TIKTOK] unknown
[2025-11-24 18:23:54] [GA4] purchase
[2025-11-24 18:25:56] [FACEBOOK] unknown
[2025-11-24 18:25:56] [TIKTOK] unknown
[2025-11-24 18:25:57] [GA4] purchase
[2025-11-24 18:25:58] [FACEBOOK] unknown
[2025-11-24 18:25:59] [TIKTOK] unknown
[2025-11-24 18:25:59] [GA4] purchase
[2025-11-24 18:33:15] [FACEBOOK] unknown
[2025-11-24 18:33:15] [TIKTOK] unknown
[2025-11-24 18:33:15] [GA4] purchase
[2025-11-24 18:40:08] [FACEBOOK] unknown
[2025-11-24 18:40:09] [TIKTOK] unknown
[2025-11-24 18:40:09] [GA4] purchase
[2025-11-24 18:40:26] [FACEBOOK] unknown
[2025-11-24 18:40:26] [TIKTOK] unknown
[2025-11-24 18:40:26] [GA4] purchase
[2025-11-24 18:43:01] [FACEBOOK] unknown
[2025-11-24 18:43:01] [TIKTOK] unknown
[2025-11-24 18:43:02] [GA4] purchase
[2025-11-24 18:43:04] [FACEBOOK] unknown
[2025-11-24 18:43:04] [TIKTOK] unknown
[2025-11-24 18:43:04] [GA4] purchase
[2025-11-24 18:51:49] [FACEBOOK] unknown
[2025-11-24 18:51:49] [TIKTOK] unknown
[2025-11-24 18:51:50] [GA4] purchase
[2025-11-24 19:01:34] [FACEBOOK] unknown
[2025-11-24 19:01:34] [TIKTOK] unknown
[2025-11-24 19:01:34] [GA4] purchase
[2025-11-24 19:01:58] [FACEBOOK] unknown
[2025-11-24 19:01:58] [TIKTOK] unknown
[2025-11-24 19:01:58] [GA4] purchase
[2025-11-24 19:06:05] [FACEBOOK] unknown
[2025-11-24 19:06:05] [TIKTOK] unknown
[2025-11-24 19:06:05] [GA4] purchase
[2025-11-24 19:08:38] [FACEBOOK] unknown
[2025-11-24 19:08:38] [TIKTOK] unknown
[2025-11-24 19:08:38] [GA4] purchase
[2025-11-24 19:21:21] [FACEBOOK] unknown
[2025-11-24 19:21:21] [TIKTOK] unknown
[2025-11-24 19:21:22] [GA4] purchase
[2025-11-24 20:19:23] [FACEBOOK] unknown
[2025-11-24 20:19:23] [TIKTOK] unknown
[2025-11-24 20:19:24] [GA4] purchase
[2025-11-24 20:25:48] [FACEBOOK] unknown
[2025-11-24 20:25:48] [TIKTOK] unknown
[2025-11-24 20:25:48] [GA4] purchase
[2025-11-24 20:33:02] [FACEBOOK] unknown
[2025-11-24 20:33:02] [TIKTOK] unknown
[2025-11-24 20:33:02] [GA4] purchase
[2025-11-24 20:35:36] [FACEBOOK] unknown
[2025-11-24 20:35:36] [TIKTOK] unknown
[2025-11-24 20:35:36] [GA4] purchase
[2025-11-24 20:39:58] [FACEBOOK] unknown
[2025-11-24 20:39:58] [TIKTOK] unknown
[2025-11-24 20:39:58] [GA4] purchase
[2025-11-24 20:45:47] [FACEBOOK] unknown
[2025-11-24 20:45:47] [TIKTOK] unknown
[2025-11-24 20:45:48] [GA4] purchase
[2025-11-24 20:47:42] [FACEBOOK] unknown
[2025-11-24 20:47:42] [TIKTOK] unknown
[2025-11-24 20:47:43] [GA4] purchase
[2025-11-24 20:50:00] [FACEBOOK] unknown
[2025-11-24 20:50:01] [TIKTOK] unknown
[2025-11-24 20:50:01] [GA4] purchase
[2025-11-24 21:47:55] [FACEBOOK] unknown
[2025-11-24 21:47:55] [TIKTOK] unknown
[2025-11-24 21:47:55] [GA4] purchase
[2025-11-24 23:00:54] [FACEBOOK] unknown
[2025-11-24 23:00:55] [FACEBOOK] unknown
[2025-11-24 23:00:55] [TIKTOK] unknown
[2025-11-24 23:00:55] [TIKTOK] unknown
[2025-11-24 23:00:55] [GA4] purchase
[2025-11-24 23:00:56] [GA4] purchase
[2025-11-24 23:01:00] [FACEBOOK] unknown
[2025-11-24 23:01:01] [TIKTOK] unknown
[2025-11-24 23:01:01] [GA4] purchase
[2025-11-24 23:06:00] [FACEBOOK] unknown
[2025-11-24 23:06:01] [TIKTOK] unknown
[2025-11-24 23:06:02] [GA4] purchase
[2025-11-24 23:18:40] [FACEBOOK] unknown
[2025-11-24 23:18:41] [TIKTOK] unknown
[2025-11-24 23:18:41] [GA4] purchase
[2025-11-24 23:18:51] [FACEBOOK] unknown
[2025-11-24 23:18:52] [TIKTOK] unknown
[2025-11-24 23:18:52] [GA4] purchase
[2025-11-24 23:18:57] [FACEBOOK] unknown
[2025-11-24 23:18:58] [TIKTOK] unknown
[2025-11-24 23:18:58] [GA4] purchase
[2025-11-24 23:21:10] [FACEBOOK] unknown
[2025-11-24 23:21:10] [TIKTOK] unknown
[2025-11-24 23:21:11] [GA4] purchase
[2025-11-24 23:33:08] [FACEBOOK] unknown
[2025-11-24 23:33:08] [TIKTOK] unknown
[2025-11-24 23:33:08] [GA4] purchase
[2025-11-25 00:55:44] [FACEBOOK] unknown
[2025-11-25 00:55:44] [TIKTOK] unknown
[2025-11-25 00:55:44] [GA4] purchase
[2025-11-25 00:55:47] [FACEBOOK] unknown
[2025-11-25 00:55:47] [TIKTOK] unknown
[2025-11-25 00:55:48] [GA4] purchase
[2025-11-25 00:55:56] [FACEBOOK] unknown
[2025-11-25 00:55:56] [TIKTOK] unknown
[2025-11-25 00:55:57] [GA4] purchase
[2025-11-25 07:48:14] [FACEBOOK] unknown
[2025-11-25 07:48:14] [TIKTOK] unknown
[2025-11-25 07:48:15] [GA4] purchase
[2025-11-25 07:48:21] [FACEBOOK] unknown
[2025-11-25 07:48:21] [TIKTOK] unknown
[2025-11-25 07:48:21] [GA4] purchase
[2025-11-25 08:13:42] [FACEBOOK] unknown
[2025-11-25 08:13:42] [TIKTOK] unknown
[2025-11-25 08:13:42] [GA4] purchase
[2025-11-25 09:23:13] [FACEBOOK] unknown
[2025-11-25 09:23:13] [TIKTOK] unknown
[2025-11-25 09:23:14] [GA4] purchase
[2025-11-25 09:23:15] [FACEBOOK] unknown
[2025-11-25 09:23:15] [TIKTOK] unknown
[2025-11-25 09:23:16] [GA4] purchase
[2025-11-25 09:23:48] [FACEBOOK] unknown
[2025-11-25 09:23:49] [TIKTOK] unknown
[2025-11-25 09:23:49] [GA4] purchase
[2025-11-25 09:24:12] [FACEBOOK] unknown
[2025-11-25 09:24:12] [TIKTOK] unknown
[2025-11-25 09:24:13] [GA4] purchase
[2025-11-25 09:38:21] [FACEBOOK] unknown
[2025-11-25 09:38:21] [TIKTOK] unknown
[2025-11-25 09:38:21] [GA4] purchase
[2025-11-25 09:38:30] [FACEBOOK] unknown
[2025-11-25 09:38:31] [TIKTOK] unknown
[2025-11-25 09:38:31] [GA4] purchase
[2025-11-25 09:38:38] [FACEBOOK] unknown
[2025-11-25 09:38:38] [TIKTOK] unknown
[2025-11-25 09:38:39] [GA4] purchase
[2025-11-25 09:39:21] [FACEBOOK] unknown
[2025-11-25 09:39:21] [TIKTOK] unknown
[2025-11-25 09:39:21] [GA4] purchase
[2025-11-25 09:58:38] [FACEBOOK] unknown
[2025-11-25 09:58:38] [TIKTOK] unknown
[2025-11-25 09:58:39] [GA4] purchase
[2025-11-25 09:58:42] [FACEBOOK] unknown
[2025-11-25 09:58:42] [TIKTOK] unknown
[2025-11-25 09:58:42] [GA4] purchase
[2025-11-25 11:21:25] [FACEBOOK] unknown
[2025-11-25 11:21:26] [TIKTOK] unknown
[2025-11-25 11:21:26] [GA4] purchase
[2025-11-25 11:21:27] [FACEBOOK] unknown
[2025-11-25 11:21:27] [TIKTOK] unknown
[2025-11-25 11:21:28] [GA4] purchase
[2025-11-25 11:21:41] [FACEBOOK] unknown
[2025-11-25 11:21:41] [TIKTOK] unknown
[2025-11-25 11:21:41] [GA4] purchase
[2025-11-25 16:40:26] [FACEBOOK] unknown
[2025-11-25 16:40:26] [TIKTOK] unknown
[2025-11-25 16:40:26] [GA4] purchase
[2025-11-25 18:18:29] [FACEBOOK] unknown
[2025-11-25 18:18:29] [TIKTOK] unknown
[2025-11-25 18:18:29] [GA4] purchase
[2025-11-25 22:47:09] [FACEBOOK] unknown
[2025-11-25 22:47:09] [TIKTOK] unknown
[2025-11-25 22:47:09] [GA4] purchase
[2025-11-26 01:25:11] [FACEBOOK] unknown
[2025-11-26 01:25:11] [TIKTOK] unknown
[2025-11-26 01:25:11] [GA4] purchase
[2025-11-26 03:14:23] [FACEBOOK] unknown
[2025-11-26 03:14:23] [TIKTOK] unknown
[2025-11-26 03:14:24] [GA4] purchase
[2025-11-26 03:42:51] [FACEBOOK] unknown
[2025-11-26 03:42:51] [TIKTOK] unknown
[2025-11-26 03:42:52] [GA4] purchase
[2025-11-26 04:50:46] [FACEBOOK] unknown
[2025-11-26 04:50:46] [TIKTOK] unknown
[2025-11-26 04:50:47] [GA4] purchase
[2025-11-26 04:51:15] [FACEBOOK] unknown
[2025-11-26 04:51:16] [TIKTOK] unknown
[2025-11-26 04:51:16] [GA4] purchase
[2025-11-26 05:02:20] [FACEBOOK] unknown
[2025-11-26 05:02:20] [TIKTOK] unknown
[2025-11-26 05:02:20] [GA4] purchase
[2025-11-26 06:47:53] [FACEBOOK] unknown
[2025-11-26 06:47:54] [TIKTOK] unknown
[2025-11-26 06:47:54] [GA4] purchase
[2025-11-26 06:48:03] [FACEBOOK] unknown
[2025-11-26 06:48:04] [TIKTOK] unknown
[2025-11-26 06:48:04] [GA4] purchase
[2025-11-26 06:50:30] [FACEBOOK] unknown
[2025-11-26 06:50:30] [TIKTOK] unknown
[2025-11-26 06:50:31] [GA4] purchase
[2025-11-26 07:07:20] [FACEBOOK] unknown
[2025-11-26 07:07:20] [TIKTOK] unknown
[2025-11-26 07:07:20] [GA4] purchase
[2025-11-26 07:19:27] [FACEBOOK] unknown
[2025-11-26 07:19:28] [TIKTOK] unknown
[2025-11-26 07:19:28] [GA4] purchase
[2025-11-26 07:19:46] [FACEBOOK] unknown
[2025-11-26 07:19:46] [TIKTOK] unknown
[2025-11-26 07:19:46] [GA4] purchase
[2025-11-26 07:23:56] [FACEBOOK] unknown
[2025-11-26 07:23:57] [TIKTOK] unknown
[2025-11-26 07:23:57] [GA4] purchase
[2025-11-26 08:43:02] [FACEBOOK] unknown
[2025-11-26 08:43:02] [TIKTOK] unknown
[2025-11-26 08:43:02] [GA4] purchase
[2025-11-26 08:45:31] [FACEBOOK] unknown
[2025-11-26 08:45:31] [TIKTOK] unknown
[2025-11-26 08:45:31] [GA4] purchase
[2025-11-26 08:45:50] [FACEBOOK] unknown
[2025-11-26 08:45:50] [TIKTOK] unknown
[2025-11-26 08:45:50] [GA4] purchase
[2025-11-26 08:49:16] [FACEBOOK] unknown
[2025-11-26 08:49:16] [FACEBOOK] unknown
[2025-11-26 08:49:16] [TIKTOK] unknown
[2025-11-26 08:49:16] [TIKTOK] unknown
[2025-11-26 08:49:17] [GA4] purchase
[2025-11-26 08:49:17] [GA4] purchase
[2025-11-26 08:49:31] [FACEBOOK] unknown
[2025-11-26 08:49:31] [TIKTOK] unknown
[2025-11-26 08:49:32] [GA4] purchase
[2025-11-26 08:49:37] [FACEBOOK] unknown
[2025-11-26 08:49:37] [TIKTOK] unknown
[2025-11-26 08:49:37] [GA4] purchase
[2025-11-26 08:56:02] [FACEBOOK] unknown
[2025-11-26 08:56:02] [TIKTOK] unknown
[2025-11-26 08:56:02] [GA4] purchase
[2025-11-26 10:27:44] [FACEBOOK] unknown
[2025-11-26 10:27:44] [TIKTOK] unknown
[2025-11-26 10:27:45] [GA4] purchase
[2025-11-26 10:27:55] [FACEBOOK] unknown
[2025-11-26 10:27:55] [TIKTOK] unknown
[2025-11-26 10:27:55] [GA4] purchase
[2025-11-26 10:28:02] [FACEBOOK] unknown
[2025-11-26 10:28:02] [TIKTOK] unknown
[2025-11-26 10:28:03] [GA4] purchase
[2025-11-26 10:28:47] [FACEBOOK] unknown
[2025-11-26 10:28:47] [TIKTOK] unknown
[2025-11-26 10:28:48] [GA4] purchase
[2025-11-26 10:56:32] [FACEBOOK] unknown
[2025-11-26 10:56:32] [TIKTOK] unknown
[2025-11-26 10:56:32] [GA4] purchase
[2025-11-26 10:56:36] [FACEBOOK] unknown
[2025-11-26 10:56:36] [TIKTOK] unknown
[2025-11-26 10:56:37] [GA4] purchase
[2025-11-26 10:56:52] [FACEBOOK] unknown
[2025-11-26 10:56:52] [TIKTOK] unknown
[2025-11-26 10:56:53] [GA4] purchase
[2025-11-26 19:40:59] [FACEBOOK] unknown
[2025-11-26 19:40:59] [TIKTOK] unknown
[2025-11-26 19:41:00] [GA4] purchase
[2025-11-26 19:43:20] [FACEBOOK] unknown
[2025-11-26 19:43:20] [TIKTOK] unknown
[2025-11-26 19:43:21] [GA4] purchase
[2025-11-26 19:53:40] [FACEBOOK] unknown
[2025-11-26 19:53:40] [TIKTOK] unknown
[2025-11-26 19:53:41] [GA4] purchase
[2025-11-26 20:05:29] [FACEBOOK] unknown
[2025-11-26 20:05:30] [TIKTOK] unknown
[2025-11-26 20:05:30] [GA4] purchase
[2025-11-26 20:12:43] [FACEBOOK] unknown
[2025-11-26 20:12:44] [TIKTOK] unknown
[2025-11-26 20:12:45] [GA4] purchase
[2025-11-26 20:12:45] [FACEBOOK] unknown
[2025-11-26 20:12:45] [TIKTOK] unknown
[2025-11-26 20:12:46] [GA4] purchase
[2025-11-26 20:40:23] [FACEBOOK] unknown
[2025-11-26 20:40:23] [TIKTOK] unknown
[2025-11-26 20:40:24] [GA4] purchase
[2025-11-26 20:47:10] [FACEBOOK] unknown
[2025-11-26 20:47:10] [TIKTOK] unknown
[2025-11-26 20:47:10] [GA4] purchase
[2025-11-26 21:00:27] [FACEBOOK] unknown
[2025-11-26 21:00:28] [TIKTOK] unknown
[2025-11-26 21:00:28] [GA4] purchase
[2025-11-26 21:47:28] [FACEBOOK] unknown
[2025-11-26 21:47:28] [TIKTOK] unknown
[2025-11-26 21:47:29] [GA4] purchase
[2025-11-26 21:54:23] [FACEBOOK] unknown
[2025-11-26 21:54:23] [TIKTOK] unknown
[2025-11-26 21:54:24] [GA4] purchase
[2025-11-26 21:54:25] [FACEBOOK] unknown
[2025-11-26 21:54:25] [TIKTOK] unknown
[2025-11-26 21:54:26] [GA4] purchase
[2025-11-27 06:41:09] [FACEBOOK] unknown
[2025-11-27 06:41:10] [TIKTOK] unknown
[2025-11-27 06:41:10] [GA4] purchase
[2025-11-27 06:47:35] [FACEBOOK] unknown
[2025-11-27 06:47:35] [TIKTOK] unknown
[2025-11-27 06:47:35] [GA4] purchase
[2025-11-27 06:52:57] [FACEBOOK] unknown
[2025-11-27 06:52:58] [TIKTOK] unknown
[2025-11-27 06:52:58] [GA4] purchase
[2025-11-27 06:54:37] [FACEBOOK] unknown
[2025-11-27 06:54:37] [TIKTOK] unknown
[2025-11-27 06:54:38] [GA4] purchase
[2025-11-27 06:55:22] [FACEBOOK] unknown
[2025-11-27 06:55:22] [TIKTOK] unknown
[2025-11-27 06:55:22] [GA4] purchase
[2025-11-27 07:06:30] [FACEBOOK] unknown
[2025-11-27 07:06:30] [TIKTOK] unknown
[2025-11-27 07:06:30] [GA4] purchase
[2025-11-27 07:44:49] [FACEBOOK] unknown
[2025-11-27 07:44:49] [TIKTOK] unknown
[2025-11-27 07:44:50] [GA4] purchase
[2025-11-27 07:47:36] [FACEBOOK] unknown
[2025-11-27 07:47:36] [TIKTOK] unknown
[2025-11-27 07:47:36] [GA4] purchase
[2025-11-27 07:56:45] [FACEBOOK] unknown
[2025-11-27 07:56:46] [TIKTOK] unknown
[2025-11-27 07:56:46] [GA4] purchase
[2025-11-27 08:41:42] [FACEBOOK] unknown
[2025-11-27 08:41:42] [TIKTOK] unknown
[2025-11-27 08:41:43] [GA4] purchase
[2025-11-27 08:50:57] [FACEBOOK] unknown
[2025-11-27 08:50:57] [FACEBOOK] unknown
[2025-11-27 08:50:57] [TIKTOK] unknown
[2025-11-27 08:50:57] [TIKTOK] unknown
[2025-11-27 08:50:57] [GA4] purchase
[2025-11-27 08:50:58] [GA4] purchase
[2025-11-27 12:17:48] [FACEBOOK] unknown
[2025-11-27 12:17:48] [TIKTOK] unknown
[2025-11-27 12:17:48] [GA4] purchase
[2025-11-27 12:20:37] [FACEBOOK] unknown
[2025-11-27 12:20:37] [TIKTOK] unknown
[2025-11-27 12:20:37] [GA4] purchase
[2025-11-27 12:20:38] [FACEBOOK] unknown
[2025-11-27 12:20:38] [TIKTOK] unknown
[2025-11-27 12:20:38] [GA4] purchase
[2025-11-27 12:21:05] [FACEBOOK] unknown
[2025-11-27 12:21:05] [TIKTOK] unknown
[2025-11-27 12:21:05] [GA4] purchase
[2025-11-27 12:21:05] [FACEBOOK] unknown
[2025-11-27 12:21:06] [TIKTOK] unknown
[2025-11-27 12:21:06] [GA4] purchase
[2025-11-27 12:21:06] [FACEBOOK] unknown
[2025-11-27 12:21:06] [TIKTOK] unknown
[2025-11-27 12:21:07] [GA4] purchase
[2025-11-27 12:21:09] [FACEBOOK] unknown
[2025-11-27 12:21:09] [TIKTOK] unknown
[2025-11-27 12:21:10] [GA4] purchase
[2025-11-27 12:21:12] [FACEBOOK] unknown
[2025-11-27 12:21:12] [TIKTOK] unknown
[2025-11-27 12:21:12] [GA4] purchase
[2025-11-27 12:21:13] [FACEBOOK] unknown
[2025-11-27 12:21:13] [TIKTOK] unknown
[2025-11-27 12:21:13] [GA4] purchase
[2025-11-27 12:21:21] [FACEBOOK] unknown
[2025-11-27 12:21:21] [TIKTOK] unknown
[2025-11-27 12:21:21] [GA4] purchase
[2025-11-27 12:21:21] [FACEBOOK] unknown
[2025-11-27 12:21:21] [TIKTOK] unknown
[2025-11-27 12:21:22] [GA4] purchase
[2025-11-27 12:21:22] [FACEBOOK] unknown
[2025-11-27 12:21:23] [TIKTOK] unknown
[2025-11-27 12:21:23] [GA4] purchase
[2025-11-27 12:21:34] [FACEBOOK] unknown
[2025-11-27 12:21:34] [TIKTOK] unknown
[2025-11-27 12:21:35] [GA4] purchase
[2025-11-27 12:21:35] [FACEBOOK] unknown
[2025-11-27 12:21:35] [TIKTOK] unknown
[2025-11-27 12:21:35] [GA4] purchase
[2025-11-27 12:22:12] [FACEBOOK] unknown
[2025-11-27 12:22:12] [TIKTOK] unknown
[2025-11-27 12:22:13] [GA4] purchase
[2025-11-27 12:22:13] [FACEBOOK] unknown
[2025-11-27 12:22:14] [TIKTOK] unknown
[2025-11-27 12:22:14] [GA4] purchase
[2025-11-27 12:22:15] [FACEBOOK] unknown
[2025-11-27 12:22:15] [TIKTOK] unknown
[2025-11-27 12:22:15] [GA4] purchase
[2025-11-27 12:22:16] [FACEBOOK] unknown
[2025-11-27 12:22:17] [TIKTOK] unknown
[2025-11-27 12:22:17] [GA4] purchase
[2025-11-27 12:22:18] [FACEBOOK] unknown
[2025-11-27 12:22:19] [TIKTOK] unknown
[2025-11-27 12:22:19] [GA4] purchase
[2025-11-27 12:22:19] [FACEBOOK] unknown
[2025-11-27 12:22:19] [TIKTOK] unknown
[2025-11-27 12:22:20] [GA4] purchase
[2025-11-27 12:22:28] [FACEBOOK] unknown
[2025-11-27 12:22:28] [TIKTOK] unknown
[2025-11-27 12:22:28] [GA4] purchase
[2025-11-27 12:22:28] [FACEBOOK] unknown
[2025-11-27 12:22:28] [TIKTOK] unknown
[2025-11-27 12:22:28] [GA4] purchase
[2025-11-27 12:22:29] [FACEBOOK] unknown
[2025-11-27 12:22:29] [TIKTOK] unknown
[2025-11-27 12:22:29] [GA4] purchase
[2025-11-27 12:22:31] [FACEBOOK] unknown
[2025-11-27 12:22:31] [TIKTOK] unknown
[2025-11-27 12:22:31] [GA4] purchase
[2025-11-27 12:22:33] [FACEBOOK] unknown
[2025-11-27 12:22:33] [TIKTOK] unknown
[2025-11-27 12:22:33] [GA4] purchase
[2025-11-27 12:22:33] [FACEBOOK] unknown
[2025-11-27 12:22:33] [TIKTOK] unknown
[2025-11-27 12:22:34] [GA4] purchase
[2025-11-27 12:22:40] [FACEBOOK] unknown
[2025-11-27 12:22:40] [TIKTOK] unknown
[2025-11-27 12:22:40] [GA4] purchase
[2025-11-27 12:22:46] [FACEBOOK] unknown
[2025-11-27 12:22:47] [TIKTOK] unknown
[2025-11-27 12:22:47] [GA4] purchase
[2025-11-27 12:22:50] [FACEBOOK] unknown
[2025-11-27 12:22:51] [TIKTOK] unknown
[2025-11-27 12:22:51] [GA4] purchase
[2025-11-27 12:22:54] [FACEBOOK] unknown
[2025-11-27 12:22:54] [TIKTOK] unknown
[2025-11-27 12:22:54] [GA4] purchase
[2025-11-27 12:23:52] [FACEBOOK] unknown
[2025-11-27 12:23:52] [TIKTOK] unknown
[2025-11-27 12:23:52] [GA4] purchase
[2025-11-27 12:24:45] [FACEBOOK] unknown
[2025-11-27 12:24:45] [TIKTOK] unknown
[2025-11-27 12:24:45] [GA4] purchase
[2025-11-27 12:24:45] [FACEBOOK] unknown
[2025-11-27 12:24:45] [TIKTOK] unknown
[2025-11-27 12:24:46] [GA4] purchase
[2025-11-27 12:24:46] [FACEBOOK] unknown
[2025-11-27 12:24:46] [TIKTOK] unknown
[2025-11-27 12:24:46] [GA4] purchase
[2025-11-27 12:24:52] [FACEBOOK] unknown
[2025-11-27 12:24:52] [TIKTOK] unknown
[2025-11-27 12:24:52] [GA4] purchase
[2025-11-27 12:25:17] [FACEBOOK] unknown
[2025-11-27 12:25:17] [TIKTOK] unknown
[2025-11-27 12:25:18] [GA4] purchase
[2025-11-27 12:26:43] [FACEBOOK] unknown
[2025-11-27 12:26:43] [TIKTOK] unknown
[2025-11-27 12:26:43] [GA4] purchase
[2025-11-27 12:26:43] [FACEBOOK] unknown
[2025-11-27 12:26:43] [TIKTOK] unknown
[2025-11-27 12:26:44] [GA4] purchase
[2025-11-27 12:26:44] [FACEBOOK] unknown
[2025-11-27 12:26:44] [TIKTOK] unknown
[2025-11-27 12:26:44] [GA4] purchase
[2025-11-27 12:26:49] [FACEBOOK] unknown
[2025-11-27 12:26:49] [TIKTOK] unknown
[2025-11-27 12:26:49] [GA4] purchase
[2025-11-27 12:27:23] [FACEBOOK] unknown
[2025-11-27 12:27:23] [TIKTOK] unknown
[2025-11-27 12:27:23] [GA4] purchase
[2025-11-27 14:37:00] [FACEBOOK] unknown
[2025-11-27 14:37:00] [TIKTOK] unknown
[2025-11-27 14:37:01] [GA4] purchase
[2025-11-27 17:41:28] [FACEBOOK] unknown
[2025-11-27 17:41:29] [TIKTOK] unknown
[2025-11-27 17:41:29] [GA4] purchase
[2025-11-27 17:47:31] [FACEBOOK] unknown
[2025-11-27 17:47:31] [TIKTOK] unknown
[2025-11-27 17:47:31] [GA4] purchase
[2025-11-27 17:49:49] [FACEBOOK] unknown
[2025-11-27 17:49:49] [TIKTOK] unknown
[2025-11-27 17:49:49] [GA4] purchase
[2025-11-27 17:50:10] [FACEBOOK] unknown
[2025-11-27 17:50:10] [TIKTOK] unknown
[2025-11-27 17:50:10] [GA4] purchase
[2025-11-27 17:54:31] [FACEBOOK] unknown
[2025-11-27 17:54:31] [TIKTOK] unknown
[2025-11-27 17:54:31] [GA4] purchase
[2025-11-27 18:41:33] [FACEBOOK] unknown
[2025-11-27 18:41:34] [TIKTOK] unknown
[2025-11-27 18:41:34] [GA4] purchase
[2025-11-27 18:46:05] [FACEBOOK] unknown
[2025-11-27 18:46:05] [TIKTOK] unknown
[2025-11-27 18:46:05] [GA4] purchase
[2025-11-27 18:46:18] [FACEBOOK] unknown
[2025-11-27 18:46:18] [TIKTOK] unknown
[2025-11-27 18:46:18] [GA4] purchase
[2025-11-27 18:56:02] [FACEBOOK] unknown
[2025-11-27 18:56:02] [TIKTOK] unknown
[2025-11-27 18:56:03] [GA4] purchase
[2025-11-27 19:44:41] [FACEBOOK] unknown
[2025-11-27 19:44:41] [TIKTOK] unknown
[2025-11-27 19:44:41] [GA4] purchase
[2025-11-27 19:44:49] [FACEBOOK] unknown
[2025-11-27 19:44:49] [TIKTOK] unknown
[2025-11-27 19:44:50] [GA4] purchase
[2025-11-27 19:45:06] [FACEBOOK] unknown
[2025-11-27 19:45:07] [TIKTOK] unknown
[2025-11-27 19:45:07] [GA4] purchase
[2025-11-27 21:05:02] [FACEBOOK] unknown
[2025-11-27 21:05:03] [TIKTOK] unknown
[2025-11-27 21:05:03] [GA4] purchase
[2025-11-27 21:09:26] [FACEBOOK] unknown
[2025-11-27 21:09:26] [TIKTOK] unknown
[2025-11-27 21:09:26] [GA4] purchase
[2025-11-27 21:09:35] [FACEBOOK] unknown
[2025-11-27 21:09:36] [TIKTOK] unknown
[2025-11-27 21:09:36] [GA4] purchase
[2025-11-28 07:42:55] [FACEBOOK] unknown
[2025-11-28 07:42:56] [TIKTOK] unknown
[2025-11-28 07:42:57] [GA4] purchase
[2025-11-28 07:46:21] [FACEBOOK] unknown
[2025-11-28 07:46:22] [TIKTOK] unknown
[2025-11-28 07:46:22] [GA4] purchase
[2025-11-28 10:36:59] [FACEBOOK] unknown
[2025-11-28 10:37:00] [TIKTOK] unknown
[2025-11-28 10:37:00] [GA4] purchase
[2025-11-28 12:41:01] [FACEBOOK] unknown
[2025-11-28 12:41:01] [TIKTOK] unknown
[2025-11-28 12:41:01] [GA4] purchase
[2025-11-28 16:43:35] [FACEBOOK] unknown
[2025-11-28 16:43:36] [TIKTOK] unknown
[2025-11-28 16:43:36] [GA4] purchase
[2025-11-28 18:18:11] [FACEBOOK] unknown
[2025-11-28 18:18:11] [TIKTOK] unknown
[2025-11-28 18:18:11] [GA4] purchase
[2025-11-28 18:42:25] [FACEBOOK] unknown
[2025-11-28 18:42:25] [TIKTOK] unknown
[2025-11-28 18:42:26] [GA4] purchase
[2025-11-28 18:42:46] [FACEBOOK] unknown
[2025-11-28 18:42:46] [TIKTOK] unknown
[2025-11-28 18:42:46] [GA4] purchase
[2025-11-28 18:46:00] [FACEBOOK] unknown
[2025-11-28 18:46:00] [TIKTOK] unknown
[2025-11-28 18:46:01] [GA4] purchase
[2025-11-28 18:46:03] [FACEBOOK] unknown
[2025-11-28 18:46:03] [TIKTOK] unknown
[2025-11-28 18:46:04] [GA4] purchase
[2025-11-28 18:48:41] [FACEBOOK] unknown
[2025-11-28 18:48:41] [TIKTOK] unknown
[2025-11-28 18:48:41] [GA4] purchase
[2025-11-28 18:57:08] [FACEBOOK] unknown
[2025-11-28 18:57:08] [TIKTOK] unknown
[2025-11-28 18:57:09] [GA4] purchase
[2025-11-28 18:57:11] [FACEBOOK] unknown
[2025-11-28 18:57:11] [TIKTOK] unknown
[2025-11-28 18:57:12] [GA4] purchase
[2025-11-28 18:57:24] [FACEBOOK] unknown
[2025-11-28 18:57:25] [TIKTOK] unknown
[2025-11-28 18:57:25] [GA4] purchase
[2025-11-28 20:50:51] [FACEBOOK] unknown
[2025-11-28 20:50:51] [TIKTOK] unknown
[2025-11-28 20:50:52] [GA4] purchase
[2025-11-28 23:08:06] [FACEBOOK] unknown
[2025-11-28 23:08:06] [TIKTOK] unknown
[2025-11-28 23:08:07] [GA4] purchase
[2025-11-28 23:50:20] [FACEBOOK] unknown
[2025-11-28 23:50:20] [TIKTOK] unknown
[2025-11-28 23:50:21] [GA4] purchase
[2025-11-29 03:57:12] [FACEBOOK] unknown
[2025-11-29 03:57:13] [TIKTOK] unknown
[2025-11-29 03:57:13] [GA4] purchase
[2025-11-29 04:44:12] [FACEBOOK] unknown
[2025-11-29 04:44:12] [TIKTOK] unknown
[2025-11-29 04:44:13] [GA4] purchase
[2025-11-29 05:39:03] [FACEBOOK] unknown
[2025-11-29 05:39:03] [TIKTOK] unknown
[2025-11-29 05:39:04] [GA4] purchase
[2025-11-29 05:48:22] [FACEBOOK] unknown
[2025-11-29 05:48:23] [TIKTOK] unknown
[2025-11-29 05:48:23] [GA4] purchase
[2025-11-29 05:53:15] [FACEBOOK] unknown
[2025-11-29 05:53:16] [TIKTOK] unknown
[2025-11-29 05:53:16] [GA4] purchase
[2025-11-29 05:54:37] [FACEBOOK] unknown
[2025-11-29 05:54:38] [TIKTOK] unknown
[2025-11-29 05:54:38] [GA4] purchase
[2025-11-29 06:00:39] [FACEBOOK] unknown
[2025-11-29 06:00:39] [TIKTOK] unknown
[2025-11-29 06:00:40] [GA4] purchase
[2025-11-29 06:00:45] [FACEBOOK] unknown
[2025-11-29 06:00:46] [TIKTOK] unknown
[2025-11-29 06:00:46] [GA4] purchase
[2025-11-29 06:00:53] [FACEBOOK] unknown
[2025-11-29 06:00:53] [TIKTOK] unknown
[2025-11-29 06:00:54] [GA4] purchase
[2025-11-29 06:04:10] [FACEBOOK] unknown
[2025-11-29 06:04:10] [TIKTOK] unknown
[2025-11-29 06:04:11] [GA4] purchase
[2025-11-29 07:56:29] [FACEBOOK] unknown
[2025-11-29 07:56:30] [TIKTOK] unknown
[2025-11-29 07:56:31] [GA4] purchase
[2025-11-29 09:41:44] [FACEBOOK] unknown
[2025-11-29 09:41:44] [TIKTOK] unknown
[2025-11-29 09:41:44] [GA4] purchase
[2025-11-29 10:42:43] [FACEBOOK] unknown
[2025-11-29 10:42:44] [TIKTOK] unknown
[2025-11-29 10:42:44] [GA4] purchase
[2025-11-29 12:20:58] [FACEBOOK] unknown
[2025-11-29 12:20:58] [TIKTOK] unknown
[2025-11-29 12:20:58] [GA4] begin_checkout
[2025-11-29 12:23:44] [FACEBOOK] unknown
[2025-11-29 12:23:44] [TIKTOK] unknown
[2025-11-29 12:23:44] [GA4] begin_checkout
[2025-11-29 12:24:03] [FACEBOOK] unknown
[2025-11-29 12:24:03] [TIKTOK] unknown
[2025-11-29 12:24:03] [GA4] begin_checkout
[2025-11-29 12:25:44] [FACEBOOK] unknown
[2025-11-29 12:25:44] [TIKTOK] unknown
[2025-11-29 12:25:44] [GA4] begin_checkout
[2025-11-29 12:26:44] [FACEBOOK] unknown
[2025-11-29 12:26:44] [TIKTOK] unknown
[2025-11-29 12:26:44] [GA4] purchase
[2025-11-29 14:49:23] [FACEBOOK] unknown
[2025-11-29 14:49:23] [TIKTOK] unknown
[2025-11-29 14:49:23] [GA4] purchase
[2025-11-29 15:44:53] [FACEBOOK] unknown
[2025-11-29 15:44:54] [TIKTOK] unknown
[2025-11-29 15:44:54] [GA4] purchase
[2025-11-29 16:43:08] [FACEBOOK] unknown
[2025-11-29 16:43:09] [TIKTOK] unknown
[2025-11-29 16:43:09] [GA4] purchase
[2025-11-29 16:45:01] [FACEBOOK] unknown
[2025-11-29 16:45:02] [TIKTOK] unknown
[2025-11-29 16:45:02] [GA4] purchase
[2025-11-29 16:47:47] [FACEBOOK] unknown
[2025-11-29 16:47:47] [TIKTOK] unknown
[2025-11-29 16:47:48] [GA4] purchase
[2025-11-29 16:50:16] [FACEBOOK] unknown
[2025-11-29 16:50:17] [TIKTOK] unknown
[2025-11-29 16:50:18] [GA4] purchase
[2025-11-29 16:50:30] [FACEBOOK] unknown
[2025-11-29 16:50:30] [TIKTOK] unknown
[2025-11-29 16:50:31] [GA4] purchase
[2025-11-29 16:52:13] [FACEBOOK] unknown
[2025-11-29 16:52:14] [TIKTOK] unknown
[2025-11-29 16:52:14] [GA4] purchase
[2025-11-29 16:52:50] [FACEBOOK] unknown
[2025-11-29 16:52:50] [TIKTOK] unknown
[2025-11-29 16:52:51] [GA4] purchase
[2025-11-29 16:54:08] [FACEBOOK] unknown
[2025-11-29 16:54:08] [TIKTOK] unknown
[2025-11-29 16:54:08] [GA4] purchase
[2025-11-29 18:48:57] [FACEBOOK] unknown
[2025-11-29 18:48:58] [TIKTOK] unknown
[2025-11-29 18:48:58] [GA4] purchase
[2025-11-29 19:35:12] [FACEBOOK] unknown
[2025-11-29 19:35:12] [TIKTOK] unknown
[2025-11-29 19:35:13] [GA4] purchase
[2025-11-29 20:39:45] [FACEBOOK] unknown
[2025-11-29 20:39:45] [TIKTOK] unknown
[2025-11-29 20:39:45] [GA4] purchase
[2025-11-29 21:49:54] [FACEBOOK] unknown
[2025-11-29 21:49:54] [TIKTOK] unknown
[2025-11-29 21:49:55] [GA4] purchase
[2025-11-30 01:49:59] [FACEBOOK] unknown
[2025-11-30 01:49:59] [TIKTOK] unknown
[2025-11-30 01:50:00] [GA4] purchase
[2025-11-30 02:47:59] [FACEBOOK] unknown
[2025-11-30 02:48:00] [TIKTOK] unknown
[2025-11-30 02:48:00] [GA4] purchase
[2025-11-30 03:40:53] [FACEBOOK] unknown
[2025-11-30 03:40:54] [TIKTOK] unknown
[2025-11-30 03:40:55] [GA4] purchase
[2025-11-30 03:44:15] [FACEBOOK] unknown
[2025-11-30 03:44:16] [TIKTOK] unknown
[2025-11-30 03:44:17] [GA4] purchase
[2025-11-30 03:45:14] [FACEBOOK] unknown
[2025-11-30 03:45:14] [TIKTOK] unknown
[2025-11-30 03:45:14] [GA4] purchase
[2025-11-30 03:48:13] [FACEBOOK] unknown
[2025-11-30 03:48:13] [TIKTOK] unknown
[2025-11-30 03:48:14] [GA4] purchase
[2025-11-30 03:48:48] [FACEBOOK] unknown
[2025-11-30 03:48:48] [TIKTOK] unknown
[2025-11-30 03:48:48] [GA4] purchase
[2025-11-30 03:49:18] [FACEBOOK] unknown
[2025-11-30 03:49:18] [TIKTOK] unknown
[2025-11-30 03:49:19] [GA4] purchase
[2025-11-30 05:42:05] [FACEBOOK] unknown
[2025-11-30 05:42:06] [TIKTOK] unknown
[2025-11-30 05:42:07] [GA4] purchase
[2025-11-30 05:46:27] [FACEBOOK] unknown
[2025-11-30 05:46:27] [TIKTOK] unknown
[2025-11-30 05:46:27] [GA4] purchase
[2025-11-30 07:39:46] [FACEBOOK] unknown
[2025-11-30 07:39:46] [TIKTOK] unknown
[2025-11-30 07:39:47] [GA4] purchase
[2025-11-30 08:42:37] [FACEBOOK] unknown
[2025-11-30 08:42:38] [TIKTOK] unknown
[2025-11-30 08:42:38] [GA4] purchase
[2025-11-30 11:14:21] [FACEBOOK] unknown
[2025-11-30 11:14:21] [TIKTOK] unknown
[2025-11-30 11:14:21] [GA4] purchase
[2025-11-30 12:47:03] [FACEBOOK] unknown
[2025-11-30 12:47:09] [TIKTOK] unknown
[2025-11-30 12:47:09] [GA4] purchase
[2025-11-30 13:42:49] [FACEBOOK] unknown
[2025-11-30 13:42:50] [TIKTOK] unknown
[2025-11-30 13:42:50] [GA4] purchase
[2025-11-30 14:44:15] [FACEBOOK] unknown
[2025-11-30 14:44:15] [TIKTOK] unknown
[2025-11-30 14:44:16] [GA4] purchase
[2025-11-30 14:48:55] [FACEBOOK] unknown
[2025-11-30 14:48:55] [TIKTOK] unknown
[2025-11-30 14:48:56] [GA4] purchase
[2025-11-30 14:49:07] [FACEBOOK] unknown
[2025-11-30 14:49:07] [TIKTOK] unknown
[2025-11-30 14:49:08] [GA4] purchase
[2025-11-30 14:52:49] [FACEBOOK] unknown
[2025-11-30 14:52:49] [TIKTOK] unknown
[2025-11-30 14:52:50] [GA4] purchase
[2025-11-30 14:52:54] [FACEBOOK] unknown
[2025-11-30 14:52:54] [TIKTOK] unknown
[2025-11-30 14:52:55] [GA4] purchase
[2025-11-30 16:41:55] [FACEBOOK] unknown
[2025-11-30 16:41:55] [TIKTOK] unknown
[2025-11-30 16:41:57] [GA4] purchase
[2025-11-30 16:49:27] [FACEBOOK] unknown
[2025-11-30 16:49:27] [TIKTOK] unknown
[2025-11-30 16:49:28] [GA4] purchase
[2025-11-30 18:41:43] [FACEBOOK] unknown
[2025-11-30 18:41:43] [TIKTOK] unknown
[2025-11-30 18:41:44] [GA4] purchase
[2025-11-30 18:49:19] [FACEBOOK] unknown
[2025-11-30 18:49:20] [TIKTOK] unknown
[2025-11-30 18:49:20] [GA4] purchase
[2025-11-30 18:52:08] [FACEBOOK] unknown
[2025-11-30 18:52:08] [TIKTOK] unknown
[2025-11-30 18:52:08] [GA4] purchase
[2025-11-30 19:45:53] [FACEBOOK] unknown
[2025-11-30 19:45:53] [TIKTOK] unknown
[2025-11-30 19:45:53] [GA4] purchase
[2025-11-30 21:40:37] [FACEBOOK] unknown
[2025-11-30 21:40:37] [TIKTOK] unknown
[2025-11-30 21:40:38] [GA4] purchase
[2025-11-30 23:45:55] [FACEBOOK] unknown
[2025-11-30 23:45:55] [TIKTOK] unknown
[2025-11-30 23:45:56] [GA4] purchase
[2025-12-01 00:44:51] [FACEBOOK] unknown
[2025-12-01 00:44:52] [TIKTOK] unknown
[2025-12-01 00:44:52] [GA4] purchase
[2025-12-01 01:40:29] [FACEBOOK] unknown
[2025-12-01 01:40:29] [TIKTOK] unknown
[2025-12-01 01:40:30] [GA4] purchase
[2025-12-01 01:45:42] [FACEBOOK] unknown
[2025-12-01 01:45:42] [TIKTOK] unknown
[2025-12-01 01:45:43] [GA4] purchase
[2025-12-01 01:46:14] [FACEBOOK] unknown
[2025-12-01 01:46:15] [TIKTOK] unknown
[2025-12-01 01:46:15] [GA4] purchase
[2025-12-01 01:46:24] [FACEBOOK] unknown
[2025-12-01 01:46:25] [TIKTOK] unknown
[2025-12-01 01:46:25] [GA4] purchase
[2025-12-01 01:48:48] [FACEBOOK] unknown
[2025-12-01 01:48:48] [TIKTOK] unknown
[2025-12-01 01:48:49] [GA4] purchase
[2025-12-01 03:44:10] [FACEBOOK] unknown
[2025-12-01 03:44:11] [TIKTOK] unknown
[2025-12-01 03:44:12] [GA4] purchase
[2025-12-01 03:48:50] [FACEBOOK] unknown
[2025-12-01 03:48:51] [TIKTOK] unknown
[2025-12-01 03:48:51] [GA4] purchase
[2025-12-01 05:40:01] [FACEBOOK] unknown
[2025-12-01 05:40:02] [TIKTOK] unknown
[2025-12-01 05:40:02] [GA4] purchase
[2025-12-01 05:44:33] [FACEBOOK] unknown
[2025-12-01 05:44:35] [TIKTOK] unknown
[2025-12-01 05:44:36] [GA4] purchase
[2025-12-01 05:46:06] [FACEBOOK] unknown
[2025-12-01 05:46:07] [TIKTOK] unknown
[2025-12-01 05:46:07] [GA4] purchase
[2025-12-01 06:44:19] [FACEBOOK] unknown
[2025-12-01 06:44:19] [TIKTOK] unknown
[2025-12-01 06:44:20] [GA4] purchase
[2025-12-01 08:43:49] [FACEBOOK] unknown
[2025-12-01 08:43:50] [TIKTOK] unknown
[2025-12-01 08:43:50] [GA4] purchase
[2025-12-01 10:47:12] [FACEBOOK] unknown
[2025-12-01 10:47:12] [TIKTOK] unknown
[2025-12-01 10:47:12] [GA4] purchase
[2025-12-01 11:47:04] [FACEBOOK] unknown
[2025-12-01 11:47:04] [TIKTOK] unknown
[2025-12-01 11:47:05] [GA4] purchase
[2025-12-01 12:42:40] [FACEBOOK] unknown
[2025-12-01 12:42:40] [TIKTOK] unknown
[2025-12-01 12:42:41] [GA4] purchase
[2025-12-01 12:44:27] [FACEBOOK] unknown
[2025-12-01 12:44:27] [TIKTOK] unknown
[2025-12-01 12:44:28] [GA4] purchase
[2025-12-01 12:48:22] [FACEBOOK] unknown
[2025-12-01 12:48:22] [TIKTOK] unknown
[2025-12-01 12:48:22] [GA4] purchase
[2025-12-01 12:48:49] [FACEBOOK] unknown
[2025-12-01 12:48:49] [TIKTOK] unknown
[2025-12-01 12:48:49] [GA4] purchase
[2025-12-01 12:48:52] [FACEBOOK] unknown
[2025-12-01 12:48:52] [TIKTOK] unknown
[2025-12-01 12:48:53] [GA4] purchase
[2025-12-01 14:41:29] [FACEBOOK] unknown
[2025-12-01 14:41:29] [TIKTOK] unknown
[2025-12-01 14:41:30] [GA4] purchase
[2025-12-01 14:53:06] [FACEBOOK] unknown
[2025-12-01 14:53:07] [TIKTOK] unknown
[2025-12-01 14:53:07] [GA4] purchase
[2025-12-01 16:39:49] [FACEBOOK] unknown
[2025-12-01 16:39:50] [TIKTOK] unknown
[2025-12-01 16:39:51] [GA4] purchase
[2025-12-01 16:44:02] [FACEBOOK] unknown
[2025-12-01 16:44:02] [TIKTOK] unknown
[2025-12-01 16:44:03] [GA4] purchase
[2025-12-01 16:46:50] [FACEBOOK] unknown
[2025-12-01 16:46:50] [TIKTOK] unknown
[2025-12-01 16:46:51] [GA4] purchase
[2025-12-01 17:41:15] [FACEBOOK] unknown
[2025-12-01 17:41:16] [TIKTOK] unknown
[2025-12-01 17:41:17] [GA4] purchase
[2025-12-01 19:47:33] [FACEBOOK] unknown
[2025-12-01 19:47:34] [TIKTOK] unknown
[2025-12-01 19:47:34] [GA4] purchase
[2025-12-01 20:11:18] [FACEBOOK] unknown
[2025-12-01 20:11:19] [TIKTOK] unknown
[2025-12-01 20:11:19] [GA4] purchase
[2025-12-01 22:05:43] [FACEBOOK] unknown
[2025-12-01 22:05:43] [TIKTOK] unknown
[2025-12-01 22:05:43] [GA4] purchase
[2025-12-01 22:07:07] [FACEBOOK] unknown
[2025-12-01 22:07:07] [TIKTOK] unknown
[2025-12-01 22:07:07] [GA4] purchase
[2025-12-01 22:07:09] [FACEBOOK] unknown
[2025-12-01 22:07:09] [TIKTOK] unknown
[2025-12-01 22:07:09] [GA4] purchase
[2025-12-01 22:19:49] [FACEBOOK] unknown
[2025-12-01 22:19:49] [TIKTOK] unknown
[2025-12-01 22:19:49] [GA4] purchase
[2025-12-01 22:22:10] [FACEBOOK] unknown
[2025-12-01 22:22:10] [TIKTOK] unknown
[2025-12-01 22:22:11] [GA4] purchase
[2025-12-01 22:22:25] [FACEBOOK] unknown
[2025-12-01 22:22:25] [TIKTOK] unknown
[2025-12-01 22:22:26] [GA4] purchase
[2025-12-01 22:22:34] [FACEBOOK] unknown
[2025-12-01 22:22:34] [TIKTOK] unknown
[2025-12-01 22:22:34] [GA4] purchase
[2025-12-02 06:10:52] [FACEBOOK] unknown
[2025-12-02 06:10:53] [TIKTOK] unknown
[2025-12-02 06:10:53] [GA4] purchase
[2025-12-02 06:18:15] [FACEBOOK] unknown
[2025-12-02 06:18:15] [TIKTOK] unknown
[2025-12-02 06:18:15] [GA4] purchase
[2025-12-02 06:20:16] [FACEBOOK] unknown
[2025-12-02 06:20:17] [TIKTOK] unknown
[2025-12-02 06:20:17] [GA4] purchase
[2025-12-02 06:50:04] [FACEBOOK] unknown
[2025-12-02 06:50:05] [TIKTOK] unknown
[2025-12-02 06:50:05] [GA4] purchase
[2025-12-02 07:03:55] [FACEBOOK] unknown
[2025-12-02 07:03:55] [TIKTOK] unknown
[2025-12-02 07:03:55] [GA4] purchase
[2025-12-02 16:41:39] [FACEBOOK] unknown
[2025-12-02 16:41:40] [TIKTOK] unknown
[2025-12-02 16:41:41] [GA4] purchase
[2025-12-02 16:46:22] [FACEBOOK] unknown
[2025-12-02 16:46:22] [FACEBOOK] unknown
[2025-12-02 16:46:22] [TIKTOK] unknown
[2025-12-02 16:46:22] [TIKTOK] unknown
[2025-12-02 16:46:23] [GA4] purchase
[2025-12-02 16:46:23] [GA4] purchase
[2025-12-02 17:40:45] [FACEBOOK] unknown
[2025-12-02 17:40:45] [TIKTOK] unknown
[2025-12-02 17:40:46] [GA4] purchase
[2025-12-02 17:57:51] [FACEBOOK] unknown
[2025-12-02 17:57:51] [TIKTOK] unknown
[2025-12-02 17:57:52] [GA4] purchase
[2025-12-02 18:40:55] [FACEBOOK] unknown
[2025-12-02 18:40:56] [TIKTOK] unknown
[2025-12-02 18:40:57] [GA4] purchase
[2025-12-02 18:42:56] [FACEBOOK] unknown
[2025-12-02 18:42:56] [TIKTOK] unknown
[2025-12-02 18:42:57] [GA4] purchase
[2025-12-02 18:46:21] [FACEBOOK] unknown
[2025-12-02 18:46:22] [TIKTOK] unknown
[2025-12-02 18:46:22] [GA4] purchase
[2025-12-02 18:46:25] [FACEBOOK] unknown
[2025-12-02 18:46:25] [TIKTOK] unknown
[2025-12-02 18:46:26] [GA4] purchase
[2025-12-02 18:47:35] [FACEBOOK] unknown
[2025-12-02 18:47:36] [TIKTOK] unknown
[2025-12-02 18:47:36] [GA4] purchase
[2025-12-02 18:51:53] [FACEBOOK] unknown
[2025-12-02 18:51:54] [TIKTOK] unknown
[2025-12-02 18:51:54] [GA4] purchase
[2025-12-02 19:00:09] [FACEBOOK] unknown
[2025-12-02 19:00:09] [TIKTOK] unknown
[2025-12-02 19:00:10] [GA4] purchase
[2025-12-02 19:00:16] [FACEBOOK] unknown
[2025-12-02 19:00:17] [TIKTOK] unknown
[2025-12-02 19:00:17] [GA4] purchase
[2025-12-02 19:01:15] [FACEBOOK] unknown
[2025-12-02 19:01:15] [TIKTOK] unknown
[2025-12-02 19:01:16] [GA4] purchase
[2025-12-03 03:43:57] [FACEBOOK] unknown
[2025-12-03 03:43:57] [TIKTOK] unknown
[2025-12-03 03:43:58] [GA4] purchase
[2025-12-03 03:44:00] [FACEBOOK] unknown
[2025-12-03 03:44:01] [TIKTOK] unknown
[2025-12-03 03:44:01] [GA4] purchase
[2025-12-03 03:47:07] [FACEBOOK] unknown
[2025-12-03 03:47:08] [TIKTOK] unknown
[2025-12-03 03:47:08] [GA4] purchase
[2025-12-03 04:41:31] [FACEBOOK] unknown
[2025-12-03 04:41:32] [TIKTOK] unknown
[2025-12-03 04:41:32] [GA4] purchase
[2025-12-03 04:51:10] [FACEBOOK] unknown
[2025-12-03 04:51:11] [TIKTOK] unknown
[2025-12-03 04:51:11] [GA4] purchase
[2025-12-03 05:39:44] [FACEBOOK] unknown
[2025-12-03 05:39:44] [TIKTOK] unknown
[2025-12-03 05:39:44] [GA4] purchase
[2025-12-03 05:42:21] [FACEBOOK] unknown
[2025-12-03 05:42:21] [TIKTOK] unknown
[2025-12-03 05:42:21] [GA4] purchase
[2025-12-03 05:44:45] [FACEBOOK] unknown
[2025-12-03 05:44:46] [TIKTOK] unknown
[2025-12-03 05:44:46] [GA4] purchase
[2025-12-03 05:50:41] [FACEBOOK] unknown
[2025-12-03 05:50:41] [TIKTOK] unknown
[2025-12-03 05:50:41] [GA4] purchase
[2025-12-03 05:50:46] [FACEBOOK] unknown
[2025-12-03 05:50:46] [TIKTOK] unknown
[2025-12-03 05:50:47] [GA4] purchase
[2025-12-03 05:52:39] [FACEBOOK] unknown
[2025-12-03 05:52:39] [TIKTOK] unknown
[2025-12-03 05:52:40] [GA4] purchase
[2025-12-03 05:52:48] [FACEBOOK] unknown
[2025-12-03 05:52:49] [TIKTOK] unknown
[2025-12-03 05:52:49] [GA4] purchase
[2025-12-03 05:53:44] [FACEBOOK] unknown
[2025-12-03 05:53:45] [TIKTOK] unknown
[2025-12-03 05:53:45] [GA4] purchase
[2025-12-03 05:56:51] [FACEBOOK] unknown
[2025-12-03 05:56:52] [TIKTOK] unknown
[2025-12-03 05:56:53] [GA4] purchase
[2025-12-03 14:40:19] [FACEBOOK] unknown
[2025-12-03 14:40:19] [TIKTOK] unknown
[2025-12-03 14:40:20] [GA4] purchase
[2025-12-03 14:44:54] [FACEBOOK] unknown
[2025-12-03 14:44:54] [TIKTOK] unknown
[2025-12-03 14:44:55] [GA4] purchase
[2025-12-03 14:44:56] [FACEBOOK] unknown
[2025-12-03 14:44:56] [TIKTOK] unknown
[2025-12-03 14:44:57] [GA4] purchase
[2025-12-03 15:44:36] [FACEBOOK] unknown
[2025-12-03 15:44:36] [TIKTOK] unknown
[2025-12-03 15:44:36] [GA4] purchase
[2025-12-03 15:44:42] [FACEBOOK] unknown
[2025-12-03 15:44:42] [TIKTOK] unknown
[2025-12-03 15:44:42] [GA4] purchase
[2025-12-03 15:53:28] [FACEBOOK] unknown
[2025-12-03 15:53:28] [TIKTOK] unknown
[2025-12-03 15:53:29] [GA4] purchase
[2025-12-03 16:42:03] [FACEBOOK] unknown
[2025-12-03 16:42:04] [TIKTOK] unknown
[2025-12-03 16:42:05] [GA4] purchase
[2025-12-03 16:47:12] [FACEBOOK] unknown
[2025-12-03 16:47:12] [TIKTOK] unknown
[2025-12-03 16:47:13] [GA4] purchase
[2025-12-03 16:48:53] [FACEBOOK] unknown
[2025-12-03 16:48:54] [TIKTOK] unknown
[2025-12-03 16:48:54] [GA4] purchase
[2025-12-03 16:48:56] [FACEBOOK] unknown
[2025-12-03 16:48:56] [TIKTOK] unknown
[2025-12-03 16:48:56] [GA4] purchase
[2025-12-03 16:49:17] [FACEBOOK] unknown
[2025-12-03 16:49:17] [TIKTOK] unknown
[2025-12-03 16:49:17] [GA4] purchase
[2025-12-03 16:49:25] [FACEBOOK] unknown
[2025-12-03 16:49:25] [TIKTOK] unknown
[2025-12-03 16:49:26] [GA4] purchase
[2025-12-03 16:50:27] [FACEBOOK] unknown
[2025-12-03 16:50:27] [TIKTOK] unknown
[2025-12-03 16:50:27] [GA4] purchase
[2025-12-03 16:50:28] [FACEBOOK] unknown
[2025-12-03 16:50:29] [TIKTOK] unknown
[2025-12-03 16:50:29] [GA4] purchase
[2025-12-03 16:53:24] [FACEBOOK] unknown
[2025-12-03 16:53:25] [TIKTOK] unknown
[2025-12-03 16:53:25] [GA4] purchase
[2025-12-03 16:53:31] [FACEBOOK] unknown
[2025-12-03 16:53:31] [TIKTOK] unknown
[2025-12-03 16:53:31] [GA4] purchase
[2025-12-03 16:53:32] [FACEBOOK] unknown
[2025-12-03 16:53:33] [TIKTOK] unknown
[2025-12-03 16:53:33] [GA4] purchase
[2025-12-03 17:00:18] [FACEBOOK] unknown
[2025-12-03 17:00:18] [TIKTOK] unknown
[2025-12-03 17:00:18] [GA4] purchase
[2025-12-03 17:00:19] [FACEBOOK] unknown
[2025-12-03 17:00:19] [TIKTOK] unknown
[2025-12-03 17:00:20] [GA4] purchase
[2025-12-03 19:13:05] [FACEBOOK] unknown
[2025-12-03 19:13:05] [TIKTOK] unknown
[2025-12-03 19:13:05] [GA4] begin_checkout
[2025-12-03 20:06:31] [FACEBOOK] unknown
[2025-12-03 20:06:32] [TIKTOK] unknown
[2025-12-03 20:06:32] [GA4] purchase
[2025-12-03 20:18:13] [FACEBOOK] unknown
[2025-12-03 20:18:13] [TIKTOK] unknown
[2025-12-03 20:18:13] [GA4] begin_checkout
[2025-12-03 20:38:54] [FACEBOOK] unknown
[2025-12-03 20:38:54] [TIKTOK] unknown
[2025-12-03 20:38:54] [GA4] begin_checkout
[2025-12-03 20:41:31] [FACEBOOK] unknown
[2025-12-03 20:41:32] [TIKTOK] unknown
[2025-12-03 20:41:32] [GA4] begin_checkout
[2025-12-03 20:59:33] [FACEBOOK] unknown
[2025-12-03 20:59:33] [TIKTOK] unknown
[2025-12-03 20:59:33] [GA4] begin_checkout
[2025-12-03 21:13:02] [FACEBOOK] unknown
[2025-12-03 21:13:02] [TIKTOK] unknown
[2025-12-03 21:13:02] [GA4] begin_checkout
[2025-12-03 21:23:43] [FACEBOOK] unknown
[2025-12-03 21:23:43] [TIKTOK] unknown
[2025-12-03 21:23:43] [GA4] begin_checkout
[2025-12-03 21:31:52] [FACEBOOK] unknown
[2025-12-03 21:31:52] [TIKTOK] unknown
[2025-12-03 21:31:52] [GA4] begin_checkout
[2025-12-03 22:09:56] [FACEBOOK] unknown
[2025-12-03 22:09:56] [TIKTOK] unknown
[2025-12-03 22:09:56] [GA4] begin_checkout
[2025-12-03 22:31:13] [FACEBOOK] unknown
[2025-12-03 22:31:13] [TIKTOK] unknown
[2025-12-03 22:31:13] [GA4] begin_checkout
[2025-12-04 01:43:09] [FACEBOOK] unknown
[2025-12-04 01:43:10] [TIKTOK] unknown
[2025-12-04 01:43:11] [GA4] purchase
[2025-12-04 01:45:32] [FACEBOOK] unknown
[2025-12-04 01:45:32] [TIKTOK] unknown
[2025-12-04 01:45:32] [GA4] purchase
[2025-12-04 01:51:18] [FACEBOOK] unknown
[2025-12-04 01:51:19] [TIKTOK] unknown
[2025-12-04 01:51:19] [GA4] purchase
[2025-12-04 02:10:07] [FACEBOOK] unknown
[2025-12-04 02:10:07] [TIKTOK] unknown
[2025-12-04 02:10:07] [GA4] begin_checkout
[2025-12-04 02:40:30] [FACEBOOK] unknown
[2025-12-04 02:40:31] [TIKTOK] unknown
[2025-12-04 02:40:31] [GA4] purchase
[2025-12-04 02:40:40] [FACEBOOK] unknown
[2025-12-04 02:40:40] [TIKTOK] unknown
[2025-12-04 02:40:40] [GA4] purchase
[2025-12-04 02:45:14] [FACEBOOK] unknown
[2025-12-04 02:45:14] [TIKTOK] unknown
[2025-12-04 02:45:15] [GA4] purchase
[2025-12-04 03:07:21] [FACEBOOK] unknown
[2025-12-04 03:07:21] [TIKTOK] unknown
[2025-12-04 03:07:22] [GA4] begin_checkout
[2025-12-04 03:41:36] [FACEBOOK] unknown
[2025-12-04 03:41:36] [TIKTOK] unknown
[2025-12-04 03:41:37] [GA4] purchase
[2025-12-04 03:43:10] [FACEBOOK] unknown
[2025-12-04 03:43:10] [TIKTOK] unknown
[2025-12-04 03:43:11] [GA4] purchase
[2025-12-04 03:43:26] [FACEBOOK] unknown
[2025-12-04 03:43:27] [TIKTOK] unknown
[2025-12-04 03:43:27] [GA4] purchase
[2025-12-04 03:49:58] [FACEBOOK] unknown
[2025-12-04 03:49:58] [TIKTOK] unknown
[2025-12-04 03:49:59] [GA4] purchase
[2025-12-04 03:50:06] [FACEBOOK] unknown
[2025-12-04 03:50:07] [TIKTOK] unknown
[2025-12-04 03:50:08] [GA4] purchase
[2025-12-04 03:50:09] [FACEBOOK] unknown
[2025-12-04 03:50:10] [TIKTOK] unknown
[2025-12-04 03:50:10] [GA4] purchase
[2025-12-04 03:52:11] [FACEBOOK] unknown
[2025-12-04 03:52:12] [TIKTOK] unknown
[2025-12-04 03:52:12] [GA4] purchase
[2025-12-04 03:52:18] [FACEBOOK] unknown
[2025-12-04 03:52:19] [TIKTOK] unknown
[2025-12-04 03:52:19] [GA4] purchase
[2025-12-04 16:29:56] [FACEBOOK] unknown
[2025-12-04 16:29:56] [TIKTOK] unknown
[2025-12-04 16:29:57] [GA4] purchase
[2025-12-04 16:29:57] [FACEBOOK] unknown
[2025-12-04 16:29:57] [TIKTOK] unknown
[2025-12-04 16:29:57] [GA4] purchase
[2025-12-04 17:46:20] [FACEBOOK] unknown
[2025-12-04 17:46:20] [TIKTOK] unknown
[2025-12-04 17:46:21] [GA4] purchase
[2025-12-04 17:46:51] [FACEBOOK] unknown
[2025-12-04 17:46:51] [TIKTOK] unknown
[2025-12-04 17:46:51] [GA4] purchase
[2025-12-04 17:47:20] [FACEBOOK] unknown
[2025-12-04 17:47:21] [TIKTOK] unknown
[2025-12-04 17:47:21] [GA4] purchase
[2025-12-04 17:47:28] [FACEBOOK] unknown
[2025-12-04 17:47:28] [TIKTOK] unknown
[2025-12-04 17:47:28] [GA4] purchase
[2025-12-04 17:47:32] [FACEBOOK] unknown
[2025-12-04 17:47:32] [TIKTOK] unknown
[2025-12-04 17:47:32] [GA4] purchase
[2025-12-04 19:19:29] [FACEBOOK] unknown
[2025-12-04 19:19:29] [TIKTOK] unknown
[2025-12-04 19:19:30] [GA4] purchase
[2025-12-04 19:19:42] [FACEBOOK] unknown
[2025-12-04 19:19:42] [TIKTOK] unknown
[2025-12-04 19:19:42] [GA4] purchase
[2025-12-04 19:19:43] [FACEBOOK] unknown
[2025-12-04 19:19:43] [TIKTOK] unknown
[2025-12-04 19:19:43] [GA4] purchase
[2025-12-04 19:19:44] [FACEBOOK] unknown
[2025-12-04 19:19:45] [TIKTOK] unknown
[2025-12-04 19:19:45] [GA4] purchase
[2025-12-04 19:20:38] [FACEBOOK] unknown
[2025-12-04 19:20:38] [TIKTOK] unknown
[2025-12-04 19:20:38] [GA4] purchase
[2025-12-04 19:22:14] [FACEBOOK] unknown
[2025-12-04 19:22:14] [TIKTOK] unknown
[2025-12-04 19:22:14] [GA4] purchase
[2025-12-04 19:22:47] [FACEBOOK] unknown
[2025-12-04 19:22:47] [TIKTOK] unknown
[2025-12-04 19:22:48] [GA4] purchase
[2025-12-04 20:48:47] [FACEBOOK] unknown
[2025-12-04 20:48:47] [TIKTOK] unknown
[2025-12-04 20:48:47] [GA4] begin_checkout
[2025-12-04 21:00:15] [FACEBOOK] unknown
[2025-12-04 21:00:15] [TIKTOK] unknown
[2025-12-04 21:00:15] [GA4] purchase
[2025-12-04 21:12:37] [FACEBOOK] unknown
[2025-12-04 21:12:38] [TIKTOK] unknown
[2025-12-04 21:12:38] [GA4] purchase
[2025-12-04 21:13:31] [FACEBOOK] unknown
[2025-12-04 21:13:31] [TIKTOK] unknown
[2025-12-04 21:13:32] [GA4] purchase
[2025-12-04 21:26:33] [FACEBOOK] unknown
[2025-12-04 21:26:33] [TIKTOK] unknown
[2025-12-04 21:26:33] [GA4] purchase
[2025-12-04 21:29:51] [FACEBOOK] unknown
[2025-12-04 21:29:51] [TIKTOK] unknown
[2025-12-04 21:29:51] [GA4] begin_checkout
[2025-12-04 21:37:54] [FACEBOOK] unknown
[2025-12-04 21:37:55] [TIKTOK] unknown
[2025-12-04 21:37:55] [GA4] purchase
[2025-12-05 00:57:13] [FACEBOOK] unknown
[2025-12-05 00:57:13] [TIKTOK] unknown
[2025-12-05 00:57:13] [GA4] begin_checkout
[2025-12-05 06:40:42] [FACEBOOK] unknown
[2025-12-05 06:40:43] [TIKTOK] unknown
[2025-12-05 06:40:43] [GA4] purchase
[2025-12-05 06:41:06] [FACEBOOK] unknown
[2025-12-05 06:41:06] [TIKTOK] unknown
[2025-12-05 06:41:06] [GA4] purchase
[2025-12-05 07:04:18] [FACEBOOK] unknown
[2025-12-05 07:04:19] [TIKTOK] unknown
[2025-12-05 07:04:19] [GA4] purchase
[2025-12-05 07:04:20] [FACEBOOK] unknown
[2025-12-05 07:04:20] [TIKTOK] unknown
[2025-12-05 07:04:20] [GA4] purchase
[2025-12-05 07:04:55] [FACEBOOK] unknown
[2025-12-05 07:04:55] [TIKTOK] unknown
[2025-12-05 07:04:55] [GA4] purchase
[2025-12-05 07:10:16] [FACEBOOK] unknown
[2025-12-05 07:10:16] [TIKTOK] unknown
[2025-12-05 07:10:16] [GA4] purchase
[2025-12-05 07:10:18] [FACEBOOK] unknown
[2025-12-05 07:10:18] [TIKTOK] unknown
[2025-12-05 07:10:19] [GA4] purchase
[2025-12-05 07:45:11] [FACEBOOK] unknown
[2025-12-05 07:45:11] [TIKTOK] unknown
[2025-12-05 07:45:11] [GA4] begin_checkout
[2025-12-05 07:45:37] [FACEBOOK] unknown
[2025-12-05 07:45:37] [TIKTOK] unknown
[2025-12-05 07:45:37] [GA4] purchase
[2025-12-05 17:41:11] [FACEBOOK] unknown
[2025-12-05 17:41:11] [TIKTOK] unknown
[2025-12-05 17:41:12] [GA4] purchase
[2025-12-05 17:43:16] [FACEBOOK] unknown
[2025-12-05 17:43:16] [TIKTOK] unknown
[2025-12-05 17:43:16] [GA4] purchase
[2025-12-05 17:45:47] [FACEBOOK] unknown
[2025-12-05 17:45:47] [TIKTOK] unknown
[2025-12-05 17:45:48] [GA4] purchase
[2025-12-05 17:45:48] [FACEBOOK] unknown
[2025-12-05 17:45:49] [TIKTOK] unknown
[2025-12-05 17:45:49] [GA4] purchase
[2025-12-05 17:46:03] [FACEBOOK] unknown
[2025-12-05 17:46:04] [TIKTOK] unknown
[2025-12-05 17:46:04] [GA4] purchase
[2025-12-05 17:46:51] [FACEBOOK] unknown
[2025-12-05 17:46:52] [TIKTOK] unknown
[2025-12-05 17:46:52] [GA4] purchase
[2025-12-05 17:46:52] [FACEBOOK] unknown
[2025-12-05 17:46:52] [TIKTOK] unknown
[2025-12-05 17:46:53] [GA4] purchase
[2025-12-05 18:42:38] [FACEBOOK] unknown
[2025-12-05 18:42:39] [TIKTOK] unknown
[2025-12-05 18:42:39] [GA4] purchase
[2025-12-05 20:17:27] [FACEBOOK] unknown
[2025-12-05 20:17:27] [TIKTOK] unknown
[2025-12-05 20:17:28] [GA4] purchase
[2025-12-05 23:55:09] [FACEBOOK] unknown
[2025-12-05 23:55:10] [TIKTOK] unknown
[2025-12-05 23:55:10] [GA4] purchase
[2025-12-06 01:51:53] [FACEBOOK] unknown
[2025-12-06 01:51:53] [TIKTOK] unknown
[2025-12-06 01:51:53] [GA4] purchase
[2025-12-06 04:43:26] [FACEBOOK] unknown
[2025-12-06 04:43:26] [TIKTOK] unknown
[2025-12-06 04:43:26] [GA4] purchase
[2025-12-06 04:43:37] [FACEBOOK] unknown
[2025-12-06 04:43:38] [TIKTOK] unknown
[2025-12-06 04:43:38] [GA4] purchase
[2025-12-06 04:46:11] [FACEBOOK] unknown
[2025-12-06 04:46:11] [TIKTOK] unknown
[2025-12-06 04:46:12] [GA4] purchase
[2025-12-06 04:46:54] [FACEBOOK] unknown
[2025-12-06 04:46:54] [TIKTOK] unknown
[2025-12-06 04:46:54] [GA4] purchase
[2025-12-06 04:47:21] [FACEBOOK] unknown
[2025-12-06 04:47:22] [TIKTOK] unknown
[2025-12-06 04:47:22] [GA4] purchase
[2025-12-06 04:51:11] [FACEBOOK] unknown
[2025-12-06 04:51:11] [TIKTOK] unknown
[2025-12-06 04:51:12] [GA4] purchase
[2025-12-06 04:51:38] [FACEBOOK] unknown
[2025-12-06 04:51:39] [TIKTOK] unknown
[2025-12-06 04:51:39] [GA4] purchase
[2025-12-06 05:42:49] [FACEBOOK] unknown
[2025-12-06 05:42:49] [TIKTOK] unknown
[2025-12-06 05:42:50] [GA4] purchase
[2025-12-06 08:19:25] [FACEBOOK] unknown
[2025-12-06 08:19:25] [TIKTOK] unknown
[2025-12-06 08:19:25] [GA4] begin_checkout
[2025-12-06 08:19:28] [FACEBOOK] unknown
[2025-12-06 08:19:28] [TIKTOK] unknown
[2025-12-06 08:19:28] [GA4] purchase
[2025-12-06 08:19:31] [FACEBOOK] unknown
[2025-12-06 08:19:31] [TIKTOK] unknown
[2025-12-06 08:19:32] [GA4] purchase
[2025-12-06 10:48:17] [FACEBOOK] unknown
[2025-12-06 10:48:18] [TIKTOK] unknown
[2025-12-06 10:48:19] [GA4] purchase
[2025-12-06 12:05:00] [FACEBOOK] unknown
[2025-12-06 12:05:00] [TIKTOK] unknown
[2025-12-06 12:05:01] [GA4] purchase
[2025-12-06 12:16:08] [FACEBOOK] unknown
[2025-12-06 12:16:08] [TIKTOK] unknown
[2025-12-06 12:16:08] [GA4] purchase
[2025-12-06 12:57:56] [FACEBOOK] unknown
[2025-12-06 12:57:56] [TIKTOK] unknown
[2025-12-06 12:57:57] [GA4] purchase
[2025-12-06 14:10:41] [FACEBOOK] unknown
[2025-12-06 14:10:41] [TIKTOK] unknown
[2025-12-06 14:10:42] [GA4] purchase
[2025-12-06 14:10:55] [FACEBOOK] unknown
[2025-12-06 14:10:56] [TIKTOK] unknown
[2025-12-06 14:10:56] [GA4] purchase
[2025-12-06 14:17:34] [FACEBOOK] unknown
[2025-12-06 14:17:34] [TIKTOK] unknown
[2025-12-06 14:17:35] [GA4] purchase
[2025-12-06 14:32:02] [FACEBOOK] unknown
[2025-12-06 14:32:02] [TIKTOK] unknown
[2025-12-06 14:32:03] [GA4] purchase
[2025-12-06 14:32:48] [FACEBOOK] unknown
[2025-12-06 14:32:48] [TIKTOK] unknown
[2025-12-06 14:32:49] [GA4] purchase
[2025-12-06 14:32:51] [FACEBOOK] unknown
[2025-12-06 14:32:51] [TIKTOK] unknown
[2025-12-06 14:32:52] [GA4] purchase
[2025-12-06 22:39:46] [FACEBOOK] unknown
[2025-12-06 22:39:46] [TIKTOK] unknown
[2025-12-06 22:39:46] [GA4] purchase
[2025-12-06 22:42:29] [FACEBOOK] unknown
[2025-12-06 22:42:29] [TIKTOK] unknown
[2025-12-06 22:42:30] [GA4] purchase
[2025-12-06 23:54:41] [FACEBOOK] unknown
[2025-12-06 23:54:42] [TIKTOK] unknown
[2025-12-06 23:54:42] [GA4] purchase
[2025-12-07 00:51:56] [FACEBOOK] unknown
[2025-12-07 00:51:56] [TIKTOK] unknown
[2025-12-07 00:51:56] [GA4] purchase
[2025-12-07 01:00:13] [FACEBOOK] unknown
[2025-12-07 01:00:13] [TIKTOK] unknown
[2025-12-07 01:00:14] [GA4] purchase
[2025-12-07 01:03:54] [FACEBOOK] unknown
[2025-12-07 01:03:54] [TIKTOK] unknown
[2025-12-07 01:03:55] [GA4] purchase
[2025-12-07 01:04:07] [FACEBOOK] unknown
[2025-12-07 01:04:07] [TIKTOK] unknown
[2025-12-07 01:04:08] [GA4] purchase
[2025-12-07 01:06:57] [FACEBOOK] unknown
[2025-12-07 01:06:57] [TIKTOK] unknown
[2025-12-07 01:06:58] [GA4] purchase
[2025-12-07 07:03:55] [FACEBOOK] unknown
[2025-12-07 07:03:56] [TIKTOK] unknown
[2025-12-07 07:03:56] [GA4] purchase
[2025-12-07 07:14:17] [FACEBOOK] unknown
[2025-12-07 07:14:17] [TIKTOK] unknown
[2025-12-07 07:14:17] [GA4] purchase
[2025-12-07 08:08:24] [FACEBOOK] unknown
[2025-12-07 08:08:24] [TIKTOK] unknown
[2025-12-07 08:08:25] [GA4] purchase
[2025-12-07 09:15:03] [FACEBOOK] unknown
[2025-12-07 09:15:04] [TIKTOK] unknown
[2025-12-07 09:15:04] [GA4] purchase
[2025-12-07 09:15:28] [FACEBOOK] unknown
[2025-12-07 09:15:29] [TIKTOK] unknown
[2025-12-07 09:15:29] [GA4] purchase
[2025-12-07 09:20:09] [FACEBOOK] unknown
[2025-12-07 09:20:10] [TIKTOK] unknown
[2025-12-07 09:20:10] [GA4] purchase
[2025-12-07 09:58:09] [FACEBOOK] unknown
[2025-12-07 09:58:09] [TIKTOK] unknown
[2025-12-07 09:58:09] [GA4] purchase
[2025-12-07 10:01:38] [FACEBOOK] unknown
[2025-12-07 10:01:39] [TIKTOK] unknown
[2025-12-07 10:01:40] [GA4] purchase
[2025-12-07 10:01:46] [FACEBOOK] unknown
[2025-12-07 10:01:46] [TIKTOK] unknown
[2025-12-07 10:01:46] [GA4] purchase
[2025-12-07 12:32:28] [FACEBOOK] unknown
[2025-12-07 12:32:28] [TIKTOK] unknown
[2025-12-07 12:32:28] [GA4] begin_checkout
[2025-12-07 12:32:34] [FACEBOOK] unknown
[2025-12-07 12:32:34] [TIKTOK] unknown
[2025-12-07 12:32:34] [GA4] purchase
[2025-12-07 12:32:38] [FACEBOOK] unknown
[2025-12-07 12:32:38] [TIKTOK] unknown
[2025-12-07 12:32:38] [GA4] purchase
[2025-12-07 17:41:44] [FACEBOOK] unknown
[2025-12-07 17:41:45] [TIKTOK] unknown
[2025-12-07 17:41:45] [GA4] purchase
[2025-12-07 17:46:33] [FACEBOOK] unknown
[2025-12-07 17:46:34] [TIKTOK] unknown
[2025-12-07 17:46:34] [GA4] purchase
[2025-12-07 18:47:47] [FACEBOOK] unknown
[2025-12-07 18:47:47] [TIKTOK] unknown
[2025-12-07 18:47:48] [GA4] purchase
[2025-12-07 19:59:22] [FACEBOOK] unknown
[2025-12-07 19:59:22] [TIKTOK] unknown
[2025-12-07 19:59:23] [GA4] purchase
[2025-12-07 20:03:50] [FACEBOOK] unknown
[2025-12-07 20:03:51] [TIKTOK] unknown
[2025-12-07 20:03:51] [GA4] purchase
[2025-12-07 20:03:58] [FACEBOOK] unknown
[2025-12-07 20:03:59] [TIKTOK] unknown
[2025-12-07 20:03:59] [GA4] purchase
[2025-12-07 20:44:20] [FACEBOOK] unknown
[2025-12-07 20:44:21] [TIKTOK] unknown
[2025-12-07 20:44:21] [GA4] purchase
[2025-12-07 20:44:48] [FACEBOOK] unknown
[2025-12-07 20:44:49] [TIKTOK] unknown
[2025-12-07 20:44:49] [GA4] purchase
[2025-12-07 20:48:11] [FACEBOOK] unknown
[2025-12-07 20:48:11] [TIKTOK] unknown
[2025-12-07 20:48:11] [GA4] purchase
[2025-12-08 04:40:15] [FACEBOOK] unknown
[2025-12-08 04:40:16] [TIKTOK] unknown
[2025-12-08 04:40:16] [GA4] purchase
[2025-12-08 04:42:38] [FACEBOOK] unknown
[2025-12-08 04:42:38] [TIKTOK] unknown
[2025-12-08 04:42:38] [GA4] purchase
[2025-12-08 05:48:27] [FACEBOOK] unknown
[2025-12-08 05:48:27] [TIKTOK] unknown
[2025-12-08 05:48:28] [GA4] purchase
[2025-12-08 06:55:11] [FACEBOOK] unknown
[2025-12-08 06:55:12] [TIKTOK] unknown
[2025-12-08 06:55:12] [GA4] purchase
[2025-12-08 06:55:49] [FACEBOOK] unknown
[2025-12-08 06:55:49] [TIKTOK] unknown
[2025-12-08 06:55:50] [GA4] purchase
[2025-12-08 07:04:24] [FACEBOOK] unknown
[2025-12-08 07:04:24] [TIKTOK] unknown
[2025-12-08 07:04:24] [GA4] purchase
[2025-12-08 07:42:59] [FACEBOOK] unknown
[2025-12-08 07:42:59] [TIKTOK] unknown
[2025-12-08 07:42:59] [GA4] purchase
[2025-12-08 07:50:06] [FACEBOOK] unknown
[2025-12-08 07:50:06] [TIKTOK] unknown
[2025-12-08 07:50:06] [GA4] purchase
[2025-12-08 07:50:11] [FACEBOOK] unknown
[2025-12-08 07:50:11] [TIKTOK] unknown
[2025-12-08 07:50:11] [GA4] purchase
[2025-12-08 14:11:43] [FACEBOOK] unknown
[2025-12-08 14:11:43] [TIKTOK] unknown
[2025-12-08 14:11:43] [GA4] purchase
[2025-12-08 15:39:43] [FACEBOOK] unknown
[2025-12-08 15:39:43] [TIKTOK] unknown
[2025-12-08 15:39:43] [GA4] purchase
[2025-12-08 15:40:10] [FACEBOOK] unknown
[2025-12-08 15:40:10] [TIKTOK] unknown
[2025-12-08 15:40:11] [GA4] purchase
[2025-12-08 15:42:10] [FACEBOOK] unknown
[2025-12-08 15:42:10] [TIKTOK] unknown
[2025-12-08 15:42:10] [GA4] begin_checkout
[2025-12-08 15:42:16] [FACEBOOK] unknown
[2025-12-08 15:42:17] [TIKTOK] unknown
[2025-12-08 15:42:17] [GA4] purchase
[2025-12-08 15:42:23] [FACEBOOK] unknown
[2025-12-08 15:42:23] [TIKTOK] unknown
[2025-12-08 15:42:23] [GA4] purchase
[2025-12-08 16:44:28] [FACEBOOK] unknown
[2025-12-08 16:44:29] [TIKTOK] unknown
[2025-12-08 16:44:29] [GA4] purchase
[2025-12-08 17:53:13] [FACEBOOK] unknown
[2025-12-08 17:53:14] [TIKTOK] unknown
[2025-12-08 17:53:14] [GA4] purchase
[2025-12-08 17:57:43] [FACEBOOK] unknown
[2025-12-08 17:57:43] [TIKTOK] unknown
[2025-12-08 17:57:44] [GA4] purchase
[2025-12-08 18:43:50] [FACEBOOK] unknown
[2025-12-08 18:43:51] [TIKTOK] unknown
[2025-12-08 18:43:51] [GA4] purchase
[2025-12-08 18:47:57] [FACEBOOK] unknown
[2025-12-08 18:47:57] [TIKTOK] unknown
[2025-12-08 18:47:57] [GA4] purchase
[2025-12-08 18:49:10] [FACEBOOK] unknown
[2025-12-08 18:49:10] [TIKTOK] unknown
[2025-12-08 18:49:10] [GA4] purchase
[2025-12-09 00:16:21] [FACEBOOK] unknown
[2025-12-09 00:16:21] [TIKTOK] unknown
[2025-12-09 00:16:21] [GA4] begin_checkout
[2025-12-09 00:16:25] [FACEBOOK] unknown
[2025-12-09 00:16:25] [TIKTOK] unknown
[2025-12-09 00:16:25] [GA4] purchase
[2025-12-09 00:16:27] [FACEBOOK] unknown
[2025-12-09 00:16:27] [TIKTOK] unknown
[2025-12-09 00:16:27] [GA4] purchase
[2025-12-09 02:40:17] [FACEBOOK] unknown
[2025-12-09 02:40:18] [TIKTOK] unknown
[2025-12-09 02:40:18] [GA4] purchase
[2025-12-09 02:40:59] [FACEBOOK] unknown
[2025-12-09 02:40:59] [TIKTOK] unknown
[2025-12-09 02:40:59] [GA4] purchase
[2025-12-09 04:49:31] [FACEBOOK] unknown
[2025-12-09 04:49:31] [TIKTOK] unknown
[2025-12-09 04:49:32] [GA4] purchase
[2025-12-09 04:55:29] [FACEBOOK] unknown
[2025-12-09 04:55:30] [TIKTOK] unknown
[2025-12-09 04:55:30] [GA4] purchase
[2025-12-09 05:42:02] [FACEBOOK] unknown
[2025-12-09 05:42:03] [TIKTOK] unknown
[2025-12-09 05:42:03] [GA4] purchase
[2025-12-09 05:48:11] [FACEBOOK] unknown
[2025-12-09 05:48:11] [TIKTOK] unknown
[2025-12-09 05:48:11] [GA4] purchase
[2025-12-09 05:51:47] [FACEBOOK] unknown
[2025-12-09 05:51:47] [TIKTOK] unknown
[2025-12-09 05:51:47] [GA4] purchase
[2025-12-09 06:25:16] [FACEBOOK] unknown
[2025-12-09 06:25:16] [TIKTOK] unknown
[2025-12-09 06:25:16] [GA4] purchase
[2025-12-09 06:48:18] [FACEBOOK] unknown
[2025-12-09 06:48:18] [TIKTOK] unknown
[2025-12-09 06:48:19] [GA4] purchase
[2025-12-09 09:34:58] [FACEBOOK] unknown
[2025-12-09 09:34:58] [TIKTOK] unknown
[2025-12-09 09:34:59] [GA4] purchase
[2025-12-09 09:44:56] [FACEBOOK] unknown
[2025-12-09 09:44:56] [TIKTOK] unknown
[2025-12-09 09:44:56] [GA4] purchase
[2025-12-09 10:20:13] [FACEBOOK] unknown
[2025-12-09 10:20:13] [TIKTOK] unknown
[2025-12-09 10:20:13] [GA4] purchase
[2025-12-09 10:20:27] [FACEBOOK] unknown
[2025-12-09 10:20:28] [TIKTOK] unknown
[2025-12-09 10:20:28] [GA4] purchase
[2025-12-09 10:26:18] [FACEBOOK] unknown
[2025-12-09 10:26:18] [TIKTOK] unknown
[2025-12-09 10:26:19] [GA4] purchase
[2025-12-09 10:34:00] [FACEBOOK] unknown
[2025-12-09 10:34:00] [TIKTOK] unknown
[2025-12-09 10:34:00] [GA4] purchase
[2025-12-09 10:46:44] [FACEBOOK] unknown
[2025-12-09 10:46:44] [TIKTOK] unknown
[2025-12-09 10:46:44] [GA4] purchase
[2025-12-09 11:32:28] [FACEBOOK] unknown
[2025-12-09 11:32:28] [TIKTOK] unknown
[2025-12-09 11:32:29] [GA4] purchase
[2025-12-09 12:46:14] [FACEBOOK] unknown
[2025-12-09 12:46:14] [TIKTOK] unknown
[2025-12-09 12:46:15] [GA4] purchase
[2025-12-09 12:48:27] [FACEBOOK] unknown
[2025-12-09 12:48:27] [TIKTOK] unknown
[2025-12-09 12:48:27] [GA4] purchase
[2025-12-09 12:48:59] [FACEBOOK] unknown
[2025-12-09 12:48:59] [TIKTOK] unknown
[2025-12-09 12:48:59] [GA4] purchase
[2025-12-09 13:02:18] [FACEBOOK] unknown
[2025-12-09 13:02:18] [TIKTOK] unknown
[2025-12-09 13:02:18] [GA4] purchase
[2025-12-09 13:02:45] [FACEBOOK] unknown
[2025-12-09 13:02:45] [TIKTOK] unknown
[2025-12-09 13:02:45] [GA4] purchase
[2025-12-09 13:02:45] [FACEBOOK] unknown
[2025-12-09 13:02:46] [TIKTOK] unknown
[2025-12-09 13:02:47] [GA4] purchase
[2025-12-09 17:20:59] [FACEBOOK] unknown
[2025-12-09 17:21:01] [TIKTOK] unknown
[2025-12-09 17:21:01] [GA4] purchase
[2025-12-09 17:21:06] [FACEBOOK] unknown
[2025-12-09 17:21:07] [TIKTOK] unknown
[2025-12-09 17:21:07] [GA4] purchase
[2025-12-09 17:23:18] [FACEBOOK] unknown
[2025-12-09 17:23:19] [TIKTOK] unknown
[2025-12-09 17:23:19] [GA4] purchase
[2025-12-09 17:23:24] [FACEBOOK] unknown
[2025-12-09 17:23:24] [TIKTOK] unknown
[2025-12-09 17:23:24] [GA4] purchase
[2025-12-10 06:48:23] [FACEBOOK] unknown
[2025-12-10 06:48:24] [TIKTOK] unknown
[2025-12-10 06:48:25] [GA4] purchase
[2025-12-10 07:01:19] [FACEBOOK] unknown
[2025-12-10 07:01:20] [TIKTOK] unknown
[2025-12-10 07:01:20] [GA4] purchase
[2025-12-10 10:29:53] [FACEBOOK] unknown
[2025-12-10 10:29:53] [TIKTOK] unknown
[2025-12-10 10:29:53] [GA4] purchase
[2025-12-10 10:48:33] [FACEBOOK] unknown
[2025-12-10 10:48:34] [TIKTOK] unknown
[2025-12-10 10:48:35] [GA4] purchase
[2025-12-10 17:43:25] [FACEBOOK] unknown
[2025-12-10 17:43:26] [TIKTOK] unknown
[2025-12-10 17:43:27] [GA4] purchase
[2025-12-10 17:53:10] [FACEBOOK] unknown
[2025-12-10 17:53:11] [TIKTOK] unknown
[2025-12-10 17:53:11] [GA4] purchase
[2025-12-10 18:42:04] [FACEBOOK] unknown
[2025-12-10 18:42:05] [TIKTOK] unknown
[2025-12-10 18:42:05] [GA4] purchase
[2025-12-10 18:59:33] [FACEBOOK] unknown
[2025-12-10 18:59:34] [TIKTOK] unknown
[2025-12-10 18:59:34] [GA4] purchase
[2025-12-10 18:59:37] [FACEBOOK] unknown
[2025-12-10 18:59:37] [TIKTOK] unknown
[2025-12-10 18:59:37] [GA4] purchase
[2025-12-10 18:59:52] [FACEBOOK] unknown
[2025-12-10 18:59:52] [TIKTOK] unknown
[2025-12-10 18:59:52] [GA4] purchase
[2025-12-10 19:05:11] [FACEBOOK] unknown
[2025-12-10 19:05:11] [TIKTOK] unknown
[2025-12-10 19:05:12] [GA4] purchase
[2025-12-10 19:05:12] [FACEBOOK] unknown
[2025-12-10 19:05:12] [TIKTOK] unknown
[2025-12-10 19:05:13] [GA4] purchase
[2025-12-10 20:40:57] [FACEBOOK] unknown
[2025-12-10 20:40:58] [TIKTOK] unknown
[2025-12-10 20:40:58] [GA4] purchase
[2025-12-11 04:40:39] [FACEBOOK] unknown
[2025-12-11 04:40:39] [TIKTOK] unknown
[2025-12-11 04:40:40] [GA4] purchase
[2025-12-11 04:42:11] [FACEBOOK] unknown
[2025-12-11 04:42:11] [TIKTOK] unknown
[2025-12-11 04:42:11] [GA4] purchase
[2025-12-11 05:49:06] [FACEBOOK] unknown
[2025-12-11 05:49:06] [TIKTOK] unknown
[2025-12-11 05:49:06] [GA4] purchase
[2025-12-11 05:49:10] [FACEBOOK] unknown
[2025-12-11 05:49:10] [TIKTOK] unknown
[2025-12-11 05:49:10] [GA4] purchase
[2025-12-11 05:49:38] [FACEBOOK] unknown
[2025-12-11 05:49:38] [TIKTOK] unknown
[2025-12-11 05:49:38] [GA4] purchase
[2025-12-11 05:52:16] [FACEBOOK] unknown
[2025-12-11 05:52:16] [TIKTOK] unknown
[2025-12-11 05:52:16] [GA4] purchase
[2025-12-11 05:52:17] [FACEBOOK] unknown
[2025-12-11 05:52:17] [TIKTOK] unknown
[2025-12-11 05:52:17] [GA4] purchase
[2025-12-11 07:41:26] [FACEBOOK] unknown
[2025-12-11 07:41:26] [TIKTOK] unknown
[2025-12-11 07:41:27] [GA4] purchase
[2025-12-11 08:16:46] [FACEBOOK] unknown
[2025-12-11 08:16:46] [TIKTOK] unknown
[2025-12-11 08:16:46] [GA4] purchase
[2025-12-11 08:16:49] [FACEBOOK] unknown
[2025-12-11 08:16:49] [TIKTOK] unknown
[2025-12-11 08:16:50] [GA4] purchase
[2025-12-11 13:12:47] [FACEBOOK] unknown
[2025-12-11 13:12:47] [TIKTOK] unknown
[2025-12-11 13:12:47] [GA4] purchase
[2025-12-11 13:12:50] [FACEBOOK] unknown
[2025-12-11 13:12:51] [TIKTOK] unknown
[2025-12-11 13:12:51] [GA4] purchase
[2025-12-11 15:39:47] [FACEBOOK] unknown
[2025-12-11 15:39:47] [TIKTOK] unknown
[2025-12-11 15:39:48] [GA4] purchase
[2025-12-11 15:41:58] [FACEBOOK] unknown
[2025-12-11 15:41:58] [TIKTOK] unknown
[2025-12-11 15:41:59] [GA4] purchase
[2025-12-11 15:56:57] [FACEBOOK] unknown
[2025-12-11 15:56:58] [TIKTOK] unknown
[2025-12-11 15:56:58] [GA4] purchase
[2025-12-11 15:57:02] [FACEBOOK] unknown
[2025-12-11 15:57:02] [TIKTOK] unknown
[2025-12-11 15:57:03] [GA4] purchase
[2025-12-11 16:44:52] [FACEBOOK] unknown
[2025-12-11 16:44:53] [TIKTOK] unknown
[2025-12-11 16:44:53] [GA4] purchase
[2025-12-11 16:44:58] [FACEBOOK] unknown
[2025-12-11 16:44:58] [TIKTOK] unknown
[2025-12-11 16:44:59] [GA4] purchase
[2025-12-11 16:45:10] [FACEBOOK] unknown
[2025-12-11 16:45:11] [TIKTOK] unknown
[2025-12-11 16:45:11] [GA4] purchase
[2025-12-11 16:47:55] [FACEBOOK] unknown
[2025-12-11 16:47:55] [TIKTOK] unknown
[2025-12-11 16:47:55] [GA4] purchase
[2025-12-11 16:47:57] [FACEBOOK] unknown
[2025-12-11 16:47:57] [TIKTOK] unknown
[2025-12-11 16:47:57] [GA4] purchase
[2025-12-11 18:45:18] [FACEBOOK] unknown
[2025-12-11 18:45:19] [TIKTOK] unknown
[2025-12-11 18:45:19] [GA4] purchase
[2025-12-12 02:40:42] [FACEBOOK] unknown
[2025-12-12 02:40:42] [TIKTOK] unknown
[2025-12-12 02:40:42] [GA4] purchase
[2025-12-12 02:50:20] [FACEBOOK] unknown
[2025-12-12 02:50:20] [TIKTOK] unknown
[2025-12-12 02:50:20] [GA4] purchase
[2025-12-12 03:48:47] [FACEBOOK] unknown
[2025-12-12 03:48:47] [TIKTOK] unknown
[2025-12-12 03:48:47] [GA4] purchase
[2025-12-12 03:51:05] [FACEBOOK] unknown
[2025-12-12 03:51:05] [TIKTOK] unknown
[2025-12-12 03:51:05] [GA4] purchase
[2025-12-12 03:52:51] [FACEBOOK] unknown
[2025-12-12 03:52:51] [TIKTOK] unknown
[2025-12-12 03:52:51] [GA4] purchase
[2025-12-12 03:53:07] [FACEBOOK] unknown
[2025-12-12 03:53:07] [TIKTOK] unknown
[2025-12-12 03:53:07] [GA4] purchase
[2025-12-12 05:50:05] [FACEBOOK] unknown
[2025-12-12 05:50:06] [TIKTOK] unknown
[2025-12-12 05:50:06] [GA4] purchase
[2025-12-12 13:36:41] [FACEBOOK] unknown
[2025-12-12 13:36:41] [TIKTOK] unknown
[2025-12-12 13:36:41] [GA4] purchase
[2025-12-12 13:36:44] [FACEBOOK] unknown
[2025-12-12 13:36:44] [TIKTOK] unknown
[2025-12-12 13:36:45] [GA4] purchase
[2025-12-12 13:42:43] [FACEBOOK] unknown
[2025-12-12 13:42:43] [TIKTOK] unknown
[2025-12-12 13:42:43] [GA4] purchase
[2025-12-12 13:43:25] [FACEBOOK] unknown
[2025-12-12 13:43:25] [TIKTOK] unknown
[2025-12-12 13:43:25] [GA4] purchase
[2025-12-12 14:44:19] [FACEBOOK] unknown
[2025-12-12 14:44:19] [TIKTOK] unknown
[2025-12-12 14:44:19] [GA4] purchase
[2025-12-12 14:44:45] [FACEBOOK] unknown
[2025-12-12 14:44:45] [TIKTOK] unknown
[2025-12-12 14:44:45] [GA4] purchase
[2025-12-12 14:45:37] [FACEBOOK] unknown
[2025-12-12 14:45:37] [TIKTOK] unknown
[2025-12-12 14:45:37] [GA4] purchase
[2025-12-12 14:48:09] [FACEBOOK] unknown
[2025-12-12 14:48:09] [TIKTOK] unknown
[2025-12-12 14:48:10] [GA4] purchase
[2025-12-12 16:40:28] [FACEBOOK] unknown
[2025-12-12 16:40:29] [TIKTOK] unknown
[2025-12-12 16:40:29] [GA4] purchase
[2025-12-12 18:48:25] [FACEBOOK] unknown
[2025-12-12 18:48:26] [TIKTOK] unknown
[2025-12-12 18:48:26] [GA4] purchase
[2025-12-12 21:19:14] [FACEBOOK] unknown
[2025-12-12 21:19:14] [TIKTOK] unknown
[2025-12-12 21:19:15] [GA4] purchase
[2025-12-13 18:46:10] [FACEBOOK] unknown
[2025-12-13 18:46:10] [TIKTOK] unknown
[2025-12-13 18:46:10] [GA4] purchase
[2025-12-13 18:52:13] [FACEBOOK] unknown
[2025-12-13 18:52:14] [TIKTOK] unknown
[2025-12-13 18:52:14] [GA4] purchase
[2025-12-13 19:06:36] [FACEBOOK] unknown
[2025-12-13 19:06:36] [TIKTOK] unknown
[2025-12-13 19:06:36] [GA4] purchase
[2025-12-13 19:06:42] [FACEBOOK] unknown
[2025-12-13 19:06:42] [TIKTOK] unknown
[2025-12-13 19:06:42] [GA4] purchase
[2025-12-13 19:09:12] [FACEBOOK] unknown
[2025-12-13 19:09:12] [TIKTOK] unknown
[2025-12-13 19:09:12] [GA4] purchase
[2025-12-13 19:12:07] [FACEBOOK] unknown
[2025-12-13 19:12:07] [TIKTOK] unknown
[2025-12-13 19:12:07] [GA4] purchase
[2025-12-13 19:12:08] [FACEBOOK] unknown
[2025-12-13 19:12:08] [TIKTOK] unknown
[2025-12-13 19:12:08] [GA4] purchase
[2025-12-13 19:12:10] [FACEBOOK] unknown
[2025-12-13 19:12:10] [TIKTOK] unknown
[2025-12-13 19:12:10] [GA4] purchase
[2025-12-14 05:48:46] [FACEBOOK] unknown
[2025-12-14 05:48:47] [TIKTOK] unknown
[2025-12-14 05:48:47] [GA4] purchase
[2025-12-14 06:04:18] [FACEBOOK] unknown
[2025-12-14 06:04:19] [TIKTOK] unknown
[2025-12-14 06:04:19] [GA4] purchase
[2025-12-14 06:04:27] [FACEBOOK] unknown
[2025-12-14 06:04:27] [TIKTOK] unknown
[2025-12-14 06:04:28] [GA4] purchase
[2025-12-14 06:10:52] [FACEBOOK] unknown
[2025-12-14 06:10:53] [TIKTOK] unknown
[2025-12-14 06:10:53] [GA4] purchase
[2025-12-14 06:11:03] [FACEBOOK] unknown
[2025-12-14 06:11:04] [TIKTOK] unknown
[2025-12-14 06:11:04] [GA4] purchase
[2025-12-14 06:13:01] [FACEBOOK] unknown
[2025-12-14 06:13:01] [TIKTOK] unknown
[2025-12-14 06:13:01] [GA4] purchase
[2025-12-14 06:15:43] [FACEBOOK] unknown
[2025-12-14 06:15:44] [TIKTOK] unknown
[2025-12-14 06:15:44] [GA4] purchase
[2025-12-14 06:16:20] [FACEBOOK] unknown
[2025-12-14 06:16:20] [TIKTOK] unknown
[2025-12-14 06:16:21] [GA4] purchase
[2025-12-14 16:50:52] [FACEBOOK] unknown
[2025-12-14 16:50:52] [TIKTOK] unknown
[2025-12-14 16:50:52] [GA4] purchase
[2025-12-14 16:52:28] [FACEBOOK] unknown
[2025-12-14 16:52:28] [TIKTOK] unknown
[2025-12-14 16:52:28] [GA4] purchase
[2025-12-14 16:52:34] [FACEBOOK] unknown
[2025-12-14 16:52:35] [TIKTOK] unknown
[2025-12-14 16:52:35] [GA4] purchase
[2025-12-14 16:59:09] [FACEBOOK] unknown
[2025-12-14 16:59:09] [TIKTOK] unknown
[2025-12-14 16:59:09] [GA4] purchase
[2025-12-14 17:10:00] [FACEBOOK] unknown
[2025-12-14 17:10:01] [TIKTOK] unknown
[2025-12-14 17:10:01] [GA4] purchase
[2025-12-14 17:10:03] [FACEBOOK] unknown
[2025-12-14 17:10:04] [TIKTOK] unknown
[2025-12-14 17:10:04] [GA4] purchase
[2025-12-14 17:23:07] [FACEBOOK] unknown
[2025-12-14 17:23:07] [TIKTOK] unknown
[2025-12-14 17:23:07] [GA4] purchase
[2025-12-14 17:28:52] [FACEBOOK] unknown
[2025-12-14 17:28:52] [TIKTOK] unknown
[2025-12-14 17:28:53] [GA4] purchase
[2025-12-15 03:50:37] [FACEBOOK] unknown
[2025-12-15 03:50:37] [TIKTOK] unknown
[2025-12-15 03:50:37] [GA4] purchase
[2025-12-15 03:51:39] [FACEBOOK] unknown
[2025-12-15 03:51:39] [TIKTOK] unknown
[2025-12-15 03:51:39] [GA4] purchase
[2025-12-15 03:51:40] [FACEBOOK] unknown
[2025-12-15 03:51:40] [TIKTOK] unknown
[2025-12-15 03:51:40] [GA4] purchase
[2025-12-15 04:05:38] [FACEBOOK] unknown
[2025-12-15 04:05:38] [TIKTOK] unknown
[2025-12-15 04:05:38] [GA4] purchase
[2025-12-15 04:06:19] [FACEBOOK] unknown
[2025-12-15 04:06:20] [TIKTOK] unknown
[2025-12-15 04:06:20] [GA4] purchase
[2025-12-15 04:11:07] [FACEBOOK] unknown
[2025-12-15 04:11:07] [TIKTOK] unknown
[2025-12-15 04:11:07] [GA4] purchase
[2025-12-15 04:11:08] [FACEBOOK] unknown
[2025-12-15 04:11:08] [TIKTOK] unknown
[2025-12-15 04:11:08] [GA4] purchase
[2025-12-15 04:15:56] [FACEBOOK] unknown
[2025-12-15 04:15:56] [TIKTOK] unknown
[2025-12-15 04:15:56] [GA4] purchase
[2025-12-15 14:50:41] [FACEBOOK] unknown
[2025-12-15 14:50:42] [TIKTOK] unknown
[2025-12-15 14:50:42] [GA4] purchase
[2025-12-15 14:50:43] [FACEBOOK] unknown
[2025-12-15 14:50:44] [TIKTOK] unknown
[2025-12-15 14:50:44] [GA4] purchase
[2025-12-15 14:53:04] [FACEBOOK] unknown
[2025-12-15 14:53:04] [TIKTOK] unknown
[2025-12-15 14:53:04] [GA4] purchase
[2025-12-15 15:01:15] [FACEBOOK] unknown
[2025-12-15 15:01:15] [TIKTOK] unknown
[2025-12-15 15:01:15] [GA4] purchase
[2025-12-15 15:01:17] [FACEBOOK] unknown
[2025-12-15 15:01:17] [TIKTOK] unknown
[2025-12-15 15:01:18] [GA4] purchase
[2025-12-15 15:03:19] [FACEBOOK] unknown
[2025-12-15 15:03:19] [TIKTOK] unknown
[2025-12-15 15:03:19] [GA4] purchase
[2025-12-15 15:05:56] [FACEBOOK] unknown
[2025-12-15 15:05:56] [TIKTOK] unknown
[2025-12-15 15:05:56] [GA4] purchase
[2025-12-15 15:08:58] [FACEBOOK] unknown
[2025-12-15 15:08:58] [TIKTOK] unknown
[2025-12-15 15:08:58] [GA4] purchase
[2025-12-16 01:44:21] [FACEBOOK] unknown
[2025-12-16 01:44:21] [TIKTOK] unknown
[2025-12-16 01:44:21] [GA4] purchase
[2025-12-16 01:49:54] [FACEBOOK] unknown
[2025-12-16 01:49:55] [TIKTOK] unknown
[2025-12-16 01:49:55] [GA4] purchase
[2025-12-16 01:50:02] [FACEBOOK] unknown
[2025-12-16 01:50:02] [TIKTOK] unknown
[2025-12-16 01:50:03] [GA4] purchase
[2025-12-16 01:54:16] [FACEBOOK] unknown
[2025-12-16 01:54:16] [TIKTOK] unknown
[2025-12-16 01:54:16] [GA4] purchase
[2025-12-16 01:57:54] [FACEBOOK] unknown
[2025-12-16 01:57:54] [TIKTOK] unknown
[2025-12-16 01:57:55] [GA4] purchase
[2025-12-16 02:01:18] [FACEBOOK] unknown
[2025-12-16 02:01:18] [TIKTOK] unknown
[2025-12-16 02:01:18] [GA4] purchase
[2025-12-16 02:01:19] [FACEBOOK] unknown
[2025-12-16 02:01:20] [TIKTOK] unknown
[2025-12-16 02:01:20] [GA4] purchase
[2025-12-16 02:04:52] [FACEBOOK] unknown
[2025-12-16 02:04:52] [TIKTOK] unknown
[2025-12-16 02:04:53] [GA4] purchase
[2025-12-16 12:43:46] [FACEBOOK] unknown
[2025-12-16 12:43:46] [TIKTOK] unknown
[2025-12-16 12:43:46] [GA4] purchase
[2025-12-16 12:43:50] [FACEBOOK] unknown
[2025-12-16 12:43:50] [TIKTOK] unknown
[2025-12-16 12:43:51] [GA4] purchase
[2025-12-16 12:46:01] [FACEBOOK] unknown
[2025-12-16 12:46:01] [TIKTOK] unknown
[2025-12-16 12:46:01] [GA4] purchase
[2025-12-16 13:01:59] [FACEBOOK] unknown
[2025-12-16 13:01:59] [TIKTOK] unknown
[2025-12-16 13:01:59] [GA4] purchase
[2025-12-16 13:02:04] [FACEBOOK] unknown
[2025-12-16 13:02:04] [TIKTOK] unknown
[2025-12-16 13:02:04] [GA4] purchase
[2025-12-16 13:03:03] [FACEBOOK] unknown
[2025-12-16 13:03:03] [TIKTOK] unknown
[2025-12-16 13:03:03] [GA4] purchase
[2025-12-16 13:04:02] [FACEBOOK] unknown
[2025-12-16 13:04:02] [TIKTOK] unknown
[2025-12-16 13:04:02] [GA4] purchase
[2025-12-16 13:04:39] [FACEBOOK] unknown
[2025-12-16 13:04:40] [TIKTOK] unknown
[2025-12-16 13:04:40] [GA4] purchase
[2025-12-16 14:34:26] [FACEBOOK] unknown
[2025-12-16 14:34:26] [TIKTOK] unknown
[2025-12-16 14:34:27] [GA4] purchase
[2025-12-16 23:45:29] [FACEBOOK] unknown
[2025-12-16 23:45:30] [TIKTOK] unknown
[2025-12-16 23:45:30] [GA4] purchase
[2025-12-16 23:45:32] [FACEBOOK] unknown
[2025-12-16 23:45:32] [TIKTOK] unknown
[2025-12-16 23:45:33] [GA4] purchase
[2025-12-16 23:49:34] [FACEBOOK] unknown
[2025-12-16 23:49:34] [TIKTOK] unknown
[2025-12-16 23:49:34] [GA4] purchase
[2025-12-17 00:01:35] [FACEBOOK] unknown
[2025-12-17 00:01:35] [TIKTOK] unknown
[2025-12-17 00:01:35] [GA4] purchase
[2025-12-17 00:01:40] [FACEBOOK] unknown
[2025-12-17 00:01:40] [TIKTOK] unknown
[2025-12-17 00:01:40] [GA4] purchase
[2025-12-17 00:02:21] [FACEBOOK] unknown
[2025-12-17 00:02:22] [TIKTOK] unknown
[2025-12-17 00:02:22] [GA4] purchase
[2025-12-17 00:05:49] [FACEBOOK] unknown
[2025-12-17 00:05:49] [TIKTOK] unknown
[2025-12-17 00:05:50] [GA4] purchase
[2025-12-17 00:07:56] [FACEBOOK] unknown
[2025-12-17 00:07:57] [TIKTOK] unknown
[2025-12-17 00:07:57] [GA4] purchase
[2025-12-17 10:48:00] [FACEBOOK] unknown
[2025-12-17 10:48:00] [TIKTOK] unknown
[2025-12-17 10:48:00] [GA4] purchase
[2025-12-17 10:48:08] [FACEBOOK] unknown
[2025-12-17 10:48:08] [TIKTOK] unknown
[2025-12-17 10:48:08] [GA4] purchase
[2025-12-17 10:51:03] [FACEBOOK] unknown
[2025-12-17 10:51:04] [TIKTOK] unknown
[2025-12-17 10:51:04] [GA4] purchase
[2025-12-17 11:01:20] [FACEBOOK] unknown
[2025-12-17 11:01:20] [TIKTOK] unknown
[2025-12-17 11:01:20] [GA4] purchase
[2025-12-17 11:07:36] [FACEBOOK] unknown
[2025-12-17 11:07:36] [TIKTOK] unknown
[2025-12-17 11:07:36] [GA4] purchase
[2025-12-17 11:07:39] [FACEBOOK] unknown
[2025-12-17 11:07:39] [TIKTOK] unknown
[2025-12-17 11:07:39] [GA4] purchase
[2025-12-17 11:08:29] [FACEBOOK] unknown
[2025-12-17 11:08:29] [TIKTOK] unknown
[2025-12-17 11:08:29] [GA4] purchase
[2025-12-17 11:09:33] [FACEBOOK] unknown
[2025-12-17 11:09:33] [TIKTOK] unknown
[2025-12-17 11:09:33] [GA4] purchase
[2025-12-17 21:48:35] [FACEBOOK] unknown
[2025-12-17 21:48:35] [TIKTOK] unknown
[2025-12-17 21:48:35] [GA4] purchase
[2025-12-17 21:48:38] [FACEBOOK] unknown
[2025-12-17 21:48:38] [TIKTOK] unknown
[2025-12-17 21:48:38] [GA4] purchase
[2025-12-17 21:49:58] [FACEBOOK] unknown
[2025-12-17 21:49:58] [TIKTOK] unknown
[2025-12-17 21:49:58] [GA4] purchase
[2025-12-17 21:57:39] [FACEBOOK] unknown
[2025-12-17 21:57:39] [TIKTOK] unknown
[2025-12-17 21:57:39] [GA4] purchase
[2025-12-17 21:58:26] [FACEBOOK] unknown
[2025-12-17 21:58:26] [TIKTOK] unknown
[2025-12-17 21:58:26] [GA4] purchase
[2025-12-17 22:02:55] [FACEBOOK] unknown
[2025-12-17 22:02:55] [TIKTOK] unknown
[2025-12-17 22:02:56] [GA4] purchase
[2025-12-17 22:02:57] [FACEBOOK] unknown
[2025-12-17 22:02:57] [TIKTOK] unknown
[2025-12-17 22:02:57] [GA4] purchase
[2025-12-17 22:04:29] [FACEBOOK] unknown
[2025-12-17 22:04:29] [TIKTOK] unknown
[2025-12-17 22:04:29] [GA4] purchase
[2025-12-18 08:44:45] [FACEBOOK] unknown
[2025-12-18 08:44:46] [TIKTOK] unknown
[2025-12-18 08:44:46] [GA4] purchase
[2025-12-18 08:44:48] [FACEBOOK] unknown
[2025-12-18 08:44:48] [TIKTOK] unknown
[2025-12-18 08:44:48] [GA4] purchase
[2025-12-18 08:46:06] [FACEBOOK] unknown
[2025-12-18 08:46:06] [TIKTOK] unknown
[2025-12-18 08:46:06] [GA4] purchase
[2025-12-18 08:55:25] [FACEBOOK] unknown
[2025-12-18 08:55:25] [TIKTOK] unknown
[2025-12-18 08:55:26] [GA4] purchase
[2025-12-18 08:55:33] [FACEBOOK] unknown
[2025-12-18 08:55:34] [TIKTOK] unknown
[2025-12-18 08:55:34] [GA4] purchase
[2025-12-18 08:57:31] [FACEBOOK] unknown
[2025-12-18 08:57:32] [TIKTOK] unknown
[2025-12-18 08:57:32] [GA4] purchase
[2025-12-18 09:00:02] [FACEBOOK] unknown
[2025-12-18 09:00:02] [TIKTOK] unknown
[2025-12-18 09:00:02] [GA4] purchase
[2025-12-18 09:02:54] [FACEBOOK] unknown
[2025-12-18 09:02:54] [TIKTOK] unknown
[2025-12-18 09:02:55] [GA4] purchase
[2025-12-18 15:41:59] [FACEBOOK] unknown
[2025-12-18 15:41:59] [TIKTOK] unknown
[2025-12-18 15:41:59] [GA4] purchase
[2025-12-18 15:42:07] [FACEBOOK] unknown
[2025-12-18 15:42:07] [TIKTOK] unknown
[2025-12-18 15:42:07] [GA4] purchase
[2025-12-18 15:43:27] [FACEBOOK] unknown
[2025-12-18 15:43:27] [TIKTOK] unknown
[2025-12-18 15:43:27] [GA4] purchase
[2025-12-18 15:43:32] [FACEBOOK] unknown
[2025-12-18 15:43:32] [TIKTOK] unknown
[2025-12-18 15:43:33] [GA4] purchase
[2025-12-18 15:47:13] [FACEBOOK] unknown
[2025-12-18 15:47:13] [TIKTOK] unknown
[2025-12-18 15:47:14] [GA4] purchase
[2025-12-18 15:47:26] [FACEBOOK] unknown
[2025-12-18 15:47:26] [TIKTOK] unknown
[2025-12-18 15:47:26] [GA4] purchase
[2025-12-18 15:48:35] [FACEBOOK] unknown
[2025-12-18 15:48:35] [TIKTOK] unknown
[2025-12-18 15:48:35] [GA4] purchase
[2025-12-18 15:48:43] [FACEBOOK] unknown
[2025-12-18 15:48:43] [TIKTOK] unknown
[2025-12-18 15:48:43] [GA4] purchase
[2025-12-18 19:45:22] [FACEBOOK] unknown
[2025-12-18 19:45:22] [TIKTOK] unknown
[2025-12-18 19:45:23] [GA4] purchase
[2025-12-18 19:46:24] [FACEBOOK] unknown
[2025-12-18 19:46:24] [TIKTOK] unknown
[2025-12-18 19:46:24] [GA4] purchase
[2025-12-18 19:46:25] [FACEBOOK] unknown
[2025-12-18 19:46:25] [TIKTOK] unknown
[2025-12-18 19:46:25] [GA4] purchase
[2025-12-18 20:01:28] [FACEBOOK] unknown
[2025-12-18 20:01:28] [TIKTOK] unknown
[2025-12-18 20:01:28] [GA4] purchase
[2025-12-18 20:01:30] [FACEBOOK] unknown
[2025-12-18 20:01:30] [TIKTOK] unknown
[2025-12-18 20:01:30] [GA4] purchase
[2025-12-18 20:02:48] [FACEBOOK] unknown
[2025-12-18 20:02:48] [TIKTOK] unknown
[2025-12-18 20:02:49] [GA4] purchase
[2025-12-18 20:04:23] [FACEBOOK] unknown
[2025-12-18 20:04:23] [TIKTOK] unknown
[2025-12-18 20:04:24] [GA4] purchase
[2025-12-18 20:04:49] [FACEBOOK] unknown
[2025-12-18 20:04:49] [TIKTOK] unknown
[2025-12-18 20:04:49] [GA4] purchase
[2025-12-19 06:47:27] [FACEBOOK] unknown
[2025-12-19 06:47:27] [TIKTOK] unknown
[2025-12-19 06:47:27] [GA4] purchase
[2025-12-19 06:53:47] [FACEBOOK] unknown
[2025-12-19 06:53:47] [TIKTOK] unknown
[2025-12-19 06:53:47] [GA4] purchase
[2025-12-19 06:55:03] [FACEBOOK] unknown
[2025-12-19 06:55:03] [TIKTOK] unknown
[2025-12-19 06:55:04] [GA4] purchase
[2025-12-19 07:06:38] [FACEBOOK] unknown
[2025-12-19 07:06:38] [TIKTOK] unknown
[2025-12-19 07:06:38] [GA4] purchase
[2025-12-19 07:06:39] [FACEBOOK] unknown
[2025-12-19 07:06:39] [TIKTOK] unknown
[2025-12-19 07:06:39] [GA4] purchase
[2025-12-19 07:07:06] [FACEBOOK] unknown
[2025-12-19 07:07:06] [TIKTOK] unknown
[2025-12-19 07:07:06] [GA4] purchase
[2025-12-19 07:08:39] [FACEBOOK] unknown
[2025-12-19 07:08:39] [TIKTOK] unknown
[2025-12-19 07:08:39] [GA4] purchase
[2025-12-19 07:13:43] [FACEBOOK] unknown
[2025-12-19 07:13:43] [TIKTOK] unknown
[2025-12-19 07:13:43] [GA4] purchase
[2025-12-19 17:42:35] [FACEBOOK] unknown
[2025-12-19 17:42:36] [TIKTOK] unknown
[2025-12-19 17:42:36] [GA4] purchase
[2025-12-19 17:49:01] [FACEBOOK] unknown
[2025-12-19 17:49:01] [TIKTOK] unknown
[2025-12-19 17:49:01] [GA4] purchase
[2025-12-19 17:49:20] [FACEBOOK] unknown
[2025-12-19 17:49:20] [TIKTOK] unknown
[2025-12-19 17:49:20] [GA4] purchase
[2025-12-19 17:55:35] [FACEBOOK] unknown
[2025-12-19 17:55:35] [TIKTOK] unknown
[2025-12-19 17:55:35] [GA4] purchase
[2025-12-19 17:55:37] [FACEBOOK] unknown
[2025-12-19 17:55:37] [TIKTOK] unknown
[2025-12-19 17:55:37] [GA4] purchase
[2025-12-19 18:02:25] [FACEBOOK] unknown
[2025-12-19 18:02:26] [TIKTOK] unknown
[2025-12-19 18:02:26] [GA4] purchase
[2025-12-19 18:05:15] [FACEBOOK] unknown
[2025-12-19 18:05:15] [TIKTOK] unknown
[2025-12-19 18:05:15] [GA4] purchase
[2025-12-19 18:06:36] [FACEBOOK] unknown
[2025-12-19 18:06:36] [TIKTOK] unknown
[2025-12-19 18:06:36] [GA4] purchase
[2025-12-20 04:42:00] [FACEBOOK] unknown
[2025-12-20 04:42:01] [TIKTOK] unknown
[2025-12-20 04:42:01] [GA4] purchase
[2025-12-20 04:45:26] [FACEBOOK] unknown
[2025-12-20 04:45:26] [TIKTOK] unknown
[2025-12-20 04:45:27] [GA4] purchase
[2025-12-20 04:48:05] [FACEBOOK] unknown
[2025-12-20 04:48:05] [TIKTOK] unknown
[2025-12-20 04:48:05] [GA4] purchase
[2025-12-20 04:49:21] [FACEBOOK] unknown
[2025-12-20 04:49:22] [TIKTOK] unknown
[2025-12-20 04:49:22] [GA4] purchase
[2025-12-20 04:53:46] [FACEBOOK] unknown
[2025-12-20 04:53:46] [TIKTOK] unknown
[2025-12-20 04:53:46] [GA4] purchase
[2025-12-20 04:53:48] [FACEBOOK] unknown
[2025-12-20 04:53:49] [TIKTOK] unknown
[2025-12-20 04:53:49] [GA4] purchase
[2025-12-20 05:03:20] [FACEBOOK] unknown
[2025-12-20 05:03:20] [TIKTOK] unknown
[2025-12-20 05:03:20] [GA4] purchase
[2025-12-20 05:03:42] [FACEBOOK] unknown
[2025-12-20 05:03:43] [TIKTOK] unknown
[2025-12-20 05:03:43] [GA4] purchase
[2025-12-20 15:44:40] [FACEBOOK] unknown
[2025-12-20 15:44:40] [TIKTOK] unknown
[2025-12-20 15:44:40] [GA4] purchase
[2025-12-20 15:44:49] [FACEBOOK] unknown
[2025-12-20 15:44:49] [TIKTOK] unknown
[2025-12-20 15:44:49] [GA4] purchase
[2025-12-20 15:48:18] [FACEBOOK] unknown
[2025-12-20 15:48:18] [TIKTOK] unknown
[2025-12-20 15:48:19] [GA4] purchase
[2025-12-20 15:56:00] [FACEBOOK] unknown
[2025-12-20 15:56:00] [TIKTOK] unknown
[2025-12-20 15:56:00] [GA4] purchase
[2025-12-20 16:02:37] [FACEBOOK] unknown
[2025-12-20 16:02:38] [TIKTOK] unknown
[2025-12-20 16:02:38] [GA4] purchase
[2025-12-20 16:02:40] [FACEBOOK] unknown
[2025-12-20 16:02:40] [TIKTOK] unknown
[2025-12-20 16:02:41] [GA4] purchase
[2025-12-20 16:02:45] [FACEBOOK] unknown
[2025-12-20 16:02:45] [TIKTOK] unknown
[2025-12-20 16:02:46] [GA4] purchase
[2025-12-20 16:03:18] [FACEBOOK] unknown
[2025-12-20 16:03:18] [TIKTOK] unknown
[2025-12-20 16:03:19] [GA4] purchase
[2025-12-21 02:51:03] [FACEBOOK] unknown
[2025-12-21 02:51:03] [TIKTOK] unknown
[2025-12-21 02:51:03] [GA4] purchase
[2025-12-21 02:52:12] [FACEBOOK] unknown
[2025-12-21 02:52:12] [TIKTOK] unknown
[2025-12-21 02:52:12] [GA4] purchase
[2025-12-21 02:59:24] [FACEBOOK] unknown
[2025-12-21 02:59:24] [TIKTOK] unknown
[2025-12-21 02:59:24] [GA4] purchase
[2025-12-21 03:09:45] [FACEBOOK] unknown
[2025-12-21 03:09:45] [TIKTOK] unknown
[2025-12-21 03:09:45] [GA4] purchase
[2025-12-21 03:09:58] [FACEBOOK] unknown
[2025-12-21 03:09:58] [TIKTOK] unknown
[2025-12-21 03:09:59] [GA4] purchase
[2025-12-21 03:10:43] [FACEBOOK] unknown
[2025-12-21 03:10:43] [TIKTOK] unknown
[2025-12-21 03:10:43] [GA4] purchase
[2025-12-21 03:14:30] [FACEBOOK] unknown
[2025-12-21 03:14:30] [TIKTOK] unknown
[2025-12-21 03:14:31] [GA4] purchase
[2025-12-21 03:18:30] [FACEBOOK] unknown
[2025-12-21 03:18:30] [TIKTOK] unknown
[2025-12-21 03:18:31] [GA4] purchase
[2025-12-21 13:48:28] [FACEBOOK] unknown
[2025-12-21 13:48:28] [TIKTOK] unknown
[2025-12-21 13:48:28] [GA4] purchase
[2025-12-21 13:51:20] [FACEBOOK] unknown
[2025-12-21 13:51:20] [TIKTOK] unknown
[2025-12-21 13:51:20] [GA4] purchase
[2025-12-21 13:52:43] [FACEBOOK] unknown
[2025-12-21 13:52:43] [TIKTOK] unknown
[2025-12-21 13:52:43] [GA4] purchase
[2025-12-21 13:57:29] [FACEBOOK] unknown
[2025-12-21 13:57:29] [TIKTOK] unknown
[2025-12-21 13:57:30] [GA4] purchase
[2025-12-21 13:57:34] [FACEBOOK] unknown
[2025-12-21 13:57:34] [TIKTOK] unknown
[2025-12-21 13:57:35] [GA4] purchase
[2025-12-21 14:02:08] [FACEBOOK] unknown
[2025-12-21 14:02:08] [TIKTOK] unknown
[2025-12-21 14:02:09] [GA4] purchase
[2025-12-21 14:03:29] [FACEBOOK] unknown
[2025-12-21 14:03:29] [TIKTOK] unknown
[2025-12-21 14:03:30] [GA4] purchase
[2025-12-21 14:07:30] [FACEBOOK] unknown
[2025-12-21 14:07:30] [TIKTOK] unknown
[2025-12-21 14:07:30] [GA4] purchase
[2025-12-22 00:52:17] [FACEBOOK] unknown
[2025-12-22 00:52:18] [TIKTOK] unknown
[2025-12-22 00:52:18] [GA4] purchase
[2025-12-22 00:53:13] [FACEBOOK] unknown
[2025-12-22 00:53:13] [TIKTOK] unknown
[2025-12-22 00:53:13] [GA4] purchase
[2025-12-22 00:57:21] [FACEBOOK] unknown
[2025-12-22 00:57:21] [TIKTOK] unknown
[2025-12-22 00:57:21] [GA4] purchase
[2025-12-22 01:03:17] [FACEBOOK] unknown
[2025-12-22 01:03:17] [TIKTOK] unknown
[2025-12-22 01:03:17] [GA4] purchase
[2025-12-22 01:17:51] [FACEBOOK] unknown
[2025-12-22 01:17:51] [TIKTOK] unknown
[2025-12-22 01:17:51] [GA4] purchase
[2025-12-22 01:17:52] [FACEBOOK] unknown
[2025-12-22 01:17:53] [TIKTOK] unknown
[2025-12-22 01:17:54] [GA4] purchase
[2025-12-22 01:17:57] [FACEBOOK] unknown
[2025-12-22 01:17:57] [TIKTOK] unknown
[2025-12-22 01:17:58] [GA4] purchase
[2025-12-22 01:30:41] [FACEBOOK] unknown
[2025-12-22 01:30:41] [TIKTOK] unknown
[2025-12-22 01:30:41] [GA4] purchase
[2025-12-22 11:45:04] [FACEBOOK] unknown
[2025-12-22 11:45:05] [TIKTOK] unknown
[2025-12-22 11:45:05] [GA4] purchase
[2025-12-22 11:53:38] [FACEBOOK] unknown
[2025-12-22 11:53:38] [TIKTOK] unknown
[2025-12-22 11:53:38] [GA4] purchase
[2025-12-22 11:58:17] [FACEBOOK] unknown
[2025-12-22 11:58:17] [TIKTOK] unknown
[2025-12-22 11:58:17] [GA4] purchase
[2025-12-22 12:03:30] [FACEBOOK] unknown
[2025-12-22 12:03:30] [TIKTOK] unknown
[2025-12-22 12:03:30] [GA4] purchase
[2025-12-22 12:06:49] [FACEBOOK] unknown
[2025-12-22 12:06:50] [TIKTOK] unknown
[2025-12-22 12:06:50] [GA4] purchase
[2025-12-22 12:08:31] [FACEBOOK] unknown
[2025-12-22 12:08:31] [TIKTOK] unknown
[2025-12-22 12:08:31] [GA4] purchase
[2025-12-22 12:10:19] [FACEBOOK] unknown
[2025-12-22 12:10:19] [TIKTOK] unknown
[2025-12-22 12:10:20] [GA4] purchase
[2025-12-22 12:13:37] [FACEBOOK] unknown
[2025-12-22 12:13:37] [TIKTOK] unknown
[2025-12-22 12:13:37] [GA4] purchase
[2025-12-22 22:43:27] [FACEBOOK] unknown
[2025-12-22 22:43:27] [TIKTOK] unknown
[2025-12-22 22:43:27] [GA4] purchase
[2025-12-22 22:46:45] [FACEBOOK] unknown
[2025-12-22 22:46:45] [TIKTOK] unknown
[2025-12-22 22:46:45] [GA4] purchase
[2025-12-22 22:47:27] [FACEBOOK] unknown
[2025-12-22 22:47:27] [TIKTOK] unknown
[2025-12-22 22:47:27] [GA4] purchase
[2025-12-22 23:03:47] [FACEBOOK] unknown
[2025-12-22 23:03:47] [TIKTOK] unknown
[2025-12-22 23:03:47] [GA4] purchase
[2025-12-22 23:05:56] [FACEBOOK] unknown
[2025-12-22 23:05:56] [TIKTOK] unknown
[2025-12-22 23:05:56] [GA4] purchase
[2025-12-22 23:07:42] [FACEBOOK] unknown
[2025-12-22 23:07:43] [TIKTOK] unknown
[2025-12-22 23:07:43] [GA4] purchase
[2025-12-22 23:11:20] [FACEBOOK] unknown
[2025-12-22 23:11:21] [TIKTOK] unknown
[2025-12-22 23:11:21] [GA4] purchase
[2025-12-22 23:13:00] [FACEBOOK] unknown
[2025-12-22 23:13:00] [TIKTOK] unknown
[2025-12-22 23:13:01] [GA4] purchase
[2025-12-23 07:46:04] [FACEBOOK] unknown
[2025-12-23 07:46:05] [TIKTOK] unknown
[2025-12-23 07:46:05] [GA4] purchase
[2025-12-23 08:51:07] [FACEBOOK] unknown
[2025-12-23 08:51:07] [TIKTOK] unknown
[2025-12-23 08:51:07] [GA4] purchase
[2025-12-23 09:43:56] [FACEBOOK] unknown
[2025-12-23 09:43:57] [TIKTOK] unknown
[2025-12-23 09:43:57] [GA4] purchase
[2025-12-23 09:49:51] [FACEBOOK] unknown
[2025-12-23 09:49:51] [TIKTOK] unknown
[2025-12-23 09:49:52] [GA4] purchase
[2025-12-23 09:49:57] [FACEBOOK] unknown
[2025-12-23 09:49:58] [TIKTOK] unknown
[2025-12-23 09:49:58] [GA4] purchase
[2025-12-23 09:58:02] [FACEBOOK] unknown
[2025-12-23 09:58:02] [TIKTOK] unknown
[2025-12-23 09:58:02] [GA4] purchase
[2025-12-23 09:59:06] [FACEBOOK] unknown
[2025-12-23 09:59:06] [TIKTOK] unknown
[2025-12-23 09:59:06] [GA4] purchase
[2025-12-23 09:59:08] [FACEBOOK] unknown
[2025-12-23 09:59:08] [TIKTOK] unknown
[2025-12-23 09:59:08] [GA4] purchase
[2025-12-23 09:59:12] [FACEBOOK] unknown
[2025-12-23 09:59:12] [TIKTOK] unknown
[2025-12-23 09:59:13] [GA4] purchase
[2025-12-23 10:03:33] [FACEBOOK] unknown
[2025-12-23 10:03:34] [TIKTOK] unknown
[2025-12-23 10:03:34] [GA4] purchase
[2025-12-23 10:13:36] [FACEBOOK] unknown
[2025-12-23 10:13:36] [TIKTOK] unknown
[2025-12-23 10:13:36] [GA4] purchase
[2025-12-23 18:36:34] [FACEBOOK] unknown
[2025-12-23 18:36:34] [TIKTOK] unknown
[2025-12-23 18:36:34] [GA4] purchase
[2025-12-23 20:41:32] [FACEBOOK] unknown
[2025-12-23 20:41:32] [TIKTOK] unknown
[2025-12-23 20:41:32] [GA4] purchase
[2025-12-23 20:47:47] [FACEBOOK] unknown
[2025-12-23 20:47:47] [TIKTOK] unknown
[2025-12-23 20:47:47] [GA4] purchase
[2025-12-23 20:50:09] [FACEBOOK] unknown
[2025-12-23 20:50:09] [TIKTOK] unknown
[2025-12-23 20:50:09] [GA4] purchase
[2025-12-23 20:57:47] [FACEBOOK] unknown
[2025-12-23 20:57:47] [TIKTOK] unknown
[2025-12-23 20:57:47] [GA4] purchase
[2025-12-23 21:02:17] [FACEBOOK] unknown
[2025-12-23 21:02:17] [TIKTOK] unknown
[2025-12-23 21:02:17] [GA4] purchase
[2025-12-23 21:02:20] [FACEBOOK] unknown
[2025-12-23 21:02:21] [TIKTOK] unknown
[2025-12-23 21:02:21] [GA4] purchase
[2025-12-23 21:07:08] [FACEBOOK] unknown
[2025-12-23 21:07:09] [TIKTOK] unknown
[2025-12-23 21:07:09] [GA4] purchase
[2025-12-23 21:07:15] [FACEBOOK] unknown
[2025-12-23 21:07:15] [TIKTOK] unknown
[2025-12-23 21:07:15] [GA4] purchase
[2025-12-24 07:45:04] [FACEBOOK] unknown
[2025-12-24 07:45:04] [TIKTOK] unknown
[2025-12-24 07:45:04] [GA4] purchase
[2025-12-24 07:52:31] [FACEBOOK] unknown
[2025-12-24 07:52:31] [TIKTOK] unknown
[2025-12-24 07:52:31] [GA4] purchase
[2025-12-24 07:55:23] [FACEBOOK] unknown
[2025-12-24 07:55:23] [TIKTOK] unknown
[2025-12-24 07:55:23] [GA4] purchase
[2025-12-24 08:00:55] [FACEBOOK] unknown
[2025-12-24 08:00:56] [TIKTOK] unknown
[2025-12-24 08:00:56] [GA4] purchase
[2025-12-24 08:07:15] [FACEBOOK] unknown
[2025-12-24 08:07:16] [TIKTOK] unknown
[2025-12-24 08:07:16] [GA4] purchase
[2025-12-24 08:07:18] [FACEBOOK] unknown
[2025-12-24 08:07:18] [TIKTOK] unknown
[2025-12-24 08:07:18] [GA4] purchase
[2025-12-24 08:07:23] [FACEBOOK] unknown
[2025-12-24 08:07:23] [TIKTOK] unknown
[2025-12-24 08:07:23] [GA4] purchase
[2025-12-24 08:11:21] [FACEBOOK] unknown
[2025-12-24 08:11:21] [TIKTOK] unknown
[2025-12-24 08:11:21] [GA4] purchase
[2025-12-24 18:44:22] [FACEBOOK] unknown
[2025-12-24 18:44:23] [TIKTOK] unknown
[2025-12-24 18:44:23] [GA4] purchase
[2025-12-24 18:47:45] [FACEBOOK] unknown
[2025-12-24 18:47:46] [TIKTOK] unknown
[2025-12-24 18:47:46] [GA4] purchase
[2025-12-24 18:54:39] [FACEBOOK] unknown
[2025-12-24 18:54:39] [TIKTOK] unknown
[2025-12-24 18:54:39] [GA4] purchase
[2025-12-24 18:59:39] [FACEBOOK] unknown
[2025-12-24 18:59:39] [TIKTOK] unknown
[2025-12-24 18:59:40] [GA4] purchase
[2025-12-24 19:01:14] [FACEBOOK] unknown
[2025-12-24 19:01:14] [TIKTOK] unknown
[2025-12-24 19:01:14] [GA4] purchase
[2025-12-24 19:04:24] [FACEBOOK] unknown
[2025-12-24 19:04:24] [TIKTOK] unknown
[2025-12-24 19:04:24] [GA4] purchase
[2025-12-24 19:04:25] [FACEBOOK] unknown
[2025-12-24 19:04:25] [TIKTOK] unknown
[2025-12-24 19:04:26] [GA4] purchase
[2025-12-24 19:09:16] [FACEBOOK] unknown
[2025-12-24 19:09:16] [TIKTOK] unknown
[2025-12-24 19:09:17] [GA4] purchase
[2025-12-24 21:19:41] [FACEBOOK] unknown
[2025-12-24 21:19:41] [TIKTOK] unknown
[2025-12-24 21:19:42] [GA4] purchase
[2025-12-24 21:22:25] [FACEBOOK] unknown
[2025-12-24 21:22:25] [TIKTOK] unknown
[2025-12-24 21:22:25] [GA4] purchase
[2025-12-25 05:43:37] [FACEBOOK] unknown
[2025-12-25 05:43:38] [TIKTOK] unknown
[2025-12-25 05:43:38] [GA4] purchase
[2025-12-25 05:43:55] [FACEBOOK] unknown
[2025-12-25 05:43:55] [TIKTOK] unknown
[2025-12-25 05:43:56] [GA4] purchase
[2025-12-25 05:46:18] [FACEBOOK] unknown
[2025-12-25 05:46:18] [TIKTOK] unknown
[2025-12-25 05:46:18] [GA4] purchase
[2025-12-25 05:51:24] [FACEBOOK] unknown
[2025-12-25 05:51:24] [TIKTOK] unknown
[2025-12-25 05:51:24] [GA4] purchase
[2025-12-25 05:52:37] [FACEBOOK] unknown
[2025-12-25 05:52:37] [TIKTOK] unknown
[2025-12-25 05:52:38] [GA4] purchase
[2025-12-25 05:54:28] [FACEBOOK] unknown
[2025-12-25 05:54:28] [TIKTOK] unknown
[2025-12-25 05:54:28] [GA4] purchase
[2025-12-25 05:58:07] [FACEBOOK] unknown
[2025-12-25 05:58:07] [TIKTOK] unknown
[2025-12-25 05:58:07] [GA4] purchase
[2025-12-25 06:01:08] [FACEBOOK] unknown
[2025-12-25 06:01:08] [TIKTOK] unknown
[2025-12-25 06:01:09] [GA4] purchase
[2025-12-25 16:51:35] [FACEBOOK] unknown
[2025-12-25 16:51:36] [TIKTOK] unknown
[2025-12-25 16:51:36] [GA4] purchase
[2025-12-25 16:51:40] [FACEBOOK] unknown
[2025-12-25 16:51:40] [TIKTOK] unknown
[2025-12-25 16:51:40] [GA4] purchase
[2025-12-25 16:52:47] [FACEBOOK] unknown
[2025-12-25 16:52:47] [TIKTOK] unknown
[2025-12-25 16:52:47] [GA4] purchase
[2025-12-25 17:06:25] [FACEBOOK] unknown
[2025-12-25 17:06:25] [TIKTOK] unknown
[2025-12-25 17:06:25] [GA4] purchase
[2025-12-25 17:06:28] [FACEBOOK] unknown
[2025-12-25 17:06:28] [TIKTOK] unknown
[2025-12-25 17:06:28] [GA4] purchase
[2025-12-25 17:06:32] [FACEBOOK] unknown
[2025-12-25 17:06:32] [TIKTOK] unknown
[2025-12-25 17:06:33] [GA4] purchase
[2025-12-25 17:07:03] [FACEBOOK] unknown
[2025-12-25 17:07:04] [TIKTOK] unknown
[2025-12-25 17:07:04] [GA4] purchase
[2025-12-25 17:16:21] [FACEBOOK] unknown
[2025-12-25 17:16:21] [TIKTOK] unknown
[2025-12-25 17:16:21] [GA4] purchase
[2025-12-26 03:50:08] [FACEBOOK] unknown
[2025-12-26 03:50:08] [TIKTOK] unknown
[2025-12-26 03:50:09] [GA4] purchase
[2025-12-26 03:50:17] [FACEBOOK] unknown
[2025-12-26 03:50:17] [TIKTOK] unknown
[2025-12-26 03:50:17] [GA4] purchase
[2025-12-26 03:53:58] [FACEBOOK] unknown
[2025-12-26 03:53:59] [TIKTOK] unknown
[2025-12-26 03:53:59] [GA4] purchase
[2025-12-26 04:06:45] [FACEBOOK] unknown
[2025-12-26 04:06:45] [TIKTOK] unknown
[2025-12-26 04:06:45] [GA4] purchase
[2025-12-26 04:06:47] [FACEBOOK] unknown
[2025-12-26 04:06:47] [TIKTOK] unknown
[2025-12-26 04:06:49] [GA4] purchase
[2025-12-26 04:08:38] [FACEBOOK] unknown
[2025-12-26 04:08:38] [TIKTOK] unknown
[2025-12-26 04:08:38] [GA4] purchase
[2025-12-26 04:09:02] [FACEBOOK] unknown
[2025-12-26 04:09:02] [TIKTOK] unknown
[2025-12-26 04:09:02] [GA4] purchase
[2025-12-26 04:12:11] [FACEBOOK] unknown
[2025-12-26 04:12:11] [TIKTOK] unknown
[2025-12-26 04:12:11] [GA4] purchase
[2025-12-26 14:46:46] [FACEBOOK] unknown
[2025-12-26 14:46:47] [TIKTOK] unknown
[2025-12-26 14:46:47] [GA4] purchase
[2025-12-26 14:50:08] [FACEBOOK] unknown
[2025-12-26 14:50:08] [TIKTOK] unknown
[2025-12-26 14:50:08] [GA4] purchase
[2025-12-26 14:50:11] [FACEBOOK] unknown
[2025-12-26 14:50:11] [TIKTOK] unknown
[2025-12-26 14:50:11] [GA4] purchase
[2025-12-26 15:06:29] [FACEBOOK] unknown
[2025-12-26 15:06:30] [TIKTOK] unknown
[2025-12-26 15:06:30] [GA4] purchase
[2025-12-26 15:06:33] [FACEBOOK] unknown
[2025-12-26 15:06:33] [TIKTOK] unknown
[2025-12-26 15:06:33] [GA4] purchase
[2025-12-26 15:08:25] [FACEBOOK] unknown
[2025-12-26 15:08:25] [TIKTOK] unknown
[2025-12-26 15:08:25] [GA4] purchase
[2025-12-26 15:15:44] [FACEBOOK] unknown
[2025-12-26 15:15:44] [TIKTOK] unknown
[2025-12-26 15:15:45] [GA4] purchase
[2025-12-26 15:18:49] [FACEBOOK] unknown
[2025-12-26 15:18:49] [TIKTOK] unknown
[2025-12-26 15:18:49] [GA4] purchase
[2025-12-27 01:41:42] [FACEBOOK] unknown
[2025-12-27 01:41:42] [TIKTOK] unknown
[2025-12-27 01:41:43] [GA4] purchase
[2025-12-27 01:43:42] [FACEBOOK] unknown
[2025-12-27 01:43:42] [TIKTOK] unknown
[2025-12-27 01:43:42] [GA4] purchase
[2025-12-27 01:52:23] [FACEBOOK] unknown
[2025-12-27 01:52:23] [TIKTOK] unknown
[2025-12-27 01:52:24] [GA4] purchase
[2025-12-27 02:06:35] [FACEBOOK] unknown
[2025-12-27 02:06:35] [TIKTOK] unknown
[2025-12-27 02:06:35] [GA4] purchase
[2025-12-27 02:15:42] [FACEBOOK] unknown
[2025-12-27 02:15:42] [TIKTOK] unknown
[2025-12-27 02:15:42] [GA4] purchase
[2025-12-27 02:15:45] [FACEBOOK] unknown
[2025-12-27 02:15:45] [TIKTOK] unknown
[2025-12-27 02:15:45] [GA4] purchase
[2025-12-27 02:15:49] [FACEBOOK] unknown
[2025-12-27 02:15:50] [TIKTOK] unknown
[2025-12-27 02:15:50] [GA4] purchase
[2025-12-27 02:19:17] [FACEBOOK] unknown
[2025-12-27 02:19:17] [TIKTOK] unknown
[2025-12-27 02:19:17] [GA4] purchase
[2025-12-27 12:44:33] [FACEBOOK] unknown
[2025-12-27 12:44:33] [TIKTOK] unknown
[2025-12-27 12:44:33] [GA4] purchase
[2025-12-27 12:56:42] [FACEBOOK] unknown
[2025-12-27 12:56:42] [TIKTOK] unknown
[2025-12-27 12:56:42] [GA4] purchase
[2025-12-27 12:57:34] [FACEBOOK] unknown
[2025-12-27 12:57:34] [TIKTOK] unknown
[2025-12-27 12:57:34] [GA4] purchase
[2025-12-27 13:26:48] [FACEBOOK] unknown
[2025-12-27 13:26:48] [TIKTOK] unknown
[2025-12-27 13:26:48] [GA4] purchase
[2025-12-27 13:37:07] [FACEBOOK] unknown
[2025-12-27 13:37:07] [TIKTOK] unknown
[2025-12-27 13:37:07] [GA4] purchase
[2025-12-27 13:37:09] [FACEBOOK] unknown
[2025-12-27 13:37:09] [TIKTOK] unknown
[2025-12-27 13:37:10] [GA4] purchase
[2025-12-27 13:37:14] [FACEBOOK] unknown
[2025-12-27 13:37:14] [TIKTOK] unknown
[2025-12-27 13:37:14] [GA4] purchase
[2025-12-27 13:38:24] [FACEBOOK] unknown
[2025-12-27 13:38:24] [TIKTOK] unknown
[2025-12-27 13:38:24] [GA4] purchase
[2025-12-27 23:55:10] [FACEBOOK] unknown
[2025-12-27 23:55:10] [TIKTOK] unknown
[2025-12-27 23:55:10] [GA4] purchase
[2025-12-27 23:57:31] [FACEBOOK] unknown
[2025-12-27 23:57:31] [TIKTOK] unknown
[2025-12-27 23:57:32] [GA4] purchase
[2025-12-28 00:03:14] [FACEBOOK] unknown
[2025-12-28 00:03:14] [TIKTOK] unknown
[2025-12-28 00:03:14] [GA4] purchase
[2025-12-28 00:16:20] [FACEBOOK] unknown
[2025-12-28 00:16:20] [TIKTOK] unknown
[2025-12-28 00:16:20] [GA4] purchase
[2025-12-28 00:16:23] [FACEBOOK] unknown
[2025-12-28 00:16:23] [TIKTOK] unknown
[2025-12-28 00:16:23] [GA4] purchase
[2025-12-28 00:16:27] [FACEBOOK] unknown
[2025-12-28 00:16:28] [TIKTOK] unknown
[2025-12-28 00:16:28] [GA4] purchase
[2025-12-28 00:20:24] [FACEBOOK] unknown
[2025-12-28 00:20:24] [TIKTOK] unknown
[2025-12-28 00:20:25] [GA4] purchase
[2025-12-28 00:23:51] [FACEBOOK] unknown
[2025-12-28 00:23:51] [TIKTOK] unknown
[2025-12-28 00:23:51] [GA4] purchase
[2025-12-28 10:15:09] [FACEBOOK] unknown
[2025-12-28 10:15:09] [TIKTOK] unknown
[2025-12-28 10:15:09] [GA4] purchase
[2025-12-28 10:50:32] [FACEBOOK] unknown
[2025-12-28 10:50:32] [TIKTOK] unknown
[2025-12-28 10:50:32] [GA4] purchase
[2025-12-28 11:00:44] [FACEBOOK] unknown
[2025-12-28 11:00:44] [TIKTOK] unknown
[2025-12-28 11:00:44] [GA4] purchase
[2025-12-28 11:00:53] [FACEBOOK] unknown
[2025-12-28 11:00:53] [TIKTOK] unknown
[2025-12-28 11:00:54] [GA4] purchase
[2025-12-28 11:16:34] [FACEBOOK] unknown
[2025-12-28 11:16:34] [TIKTOK] unknown
[2025-12-28 11:16:34] [GA4] purchase
[2025-12-28 11:16:36] [FACEBOOK] unknown
[2025-12-28 11:16:36] [TIKTOK] unknown
[2025-12-28 11:16:37] [GA4] purchase
[2025-12-28 11:19:30] [FACEBOOK] unknown
[2025-12-28 11:19:30] [TIKTOK] unknown
[2025-12-28 11:19:31] [GA4] purchase
[2025-12-28 11:23:10] [FACEBOOK] unknown
[2025-12-28 11:23:10] [TIKTOK] unknown
[2025-12-28 11:23:10] [GA4] purchase
[2025-12-28 11:23:33] [FACEBOOK] unknown
[2025-12-28 11:23:33] [TIKTOK] unknown
[2025-12-28 11:23:33] [GA4] purchase
[2025-12-28 20:49:04] [FACEBOOK] unknown
[2025-12-28 20:49:04] [TIKTOK] unknown
[2025-12-28 20:49:04] [GA4] purchase
[2025-12-28 21:46:38] [FACEBOOK] unknown
[2025-12-28 21:46:38] [TIKTOK] unknown
[2025-12-28 21:46:38] [GA4] purchase
[2025-12-28 21:56:25] [FACEBOOK] unknown
[2025-12-28 21:56:25] [TIKTOK] unknown
[2025-12-28 21:56:25] [GA4] purchase
[2025-12-28 22:01:57] [FACEBOOK] unknown
[2025-12-28 22:01:57] [TIKTOK] unknown
[2025-12-28 22:01:58] [GA4] purchase
[2025-12-28 22:09:46] [FACEBOOK] unknown
[2025-12-28 22:09:46] [TIKTOK] unknown
[2025-12-28 22:09:47] [GA4] purchase
[2025-12-28 22:17:07] [FACEBOOK] unknown
[2025-12-28 22:17:07] [TIKTOK] unknown
[2025-12-28 22:17:08] [GA4] purchase
[2025-12-28 22:17:10] [FACEBOOK] unknown
[2025-12-28 22:17:10] [TIKTOK] unknown
[2025-12-28 22:17:10] [GA4] purchase
[2025-12-28 22:17:14] [FACEBOOK] unknown
[2025-12-28 22:17:14] [TIKTOK] unknown
[2025-12-28 22:17:14] [GA4] purchase
[2025-12-28 22:24:01] [FACEBOOK] unknown
[2025-12-28 22:24:01] [TIKTOK] unknown
[2025-12-28 22:24:01] [GA4] purchase
[2025-12-29 07:54:36] [FACEBOOK] unknown
[2025-12-29 07:54:37] [TIKTOK] unknown
[2025-12-29 07:54:37] [GA4] purchase
[2025-12-29 08:43:52] [FACEBOOK] unknown
[2025-12-29 08:43:52] [TIKTOK] unknown
[2025-12-29 08:43:53] [GA4] purchase
[2025-12-29 08:44:00] [FACEBOOK] unknown
[2025-12-29 08:44:00] [TIKTOK] unknown
[2025-12-29 08:44:00] [GA4] purchase
[2025-12-29 08:47:44] [FACEBOOK] unknown
[2025-12-29 08:47:44] [TIKTOK] unknown
[2025-12-29 08:47:44] [GA4] purchase
[2025-12-29 08:59:35] [FACEBOOK] unknown
[2025-12-29 08:59:35] [TIKTOK] unknown
[2025-12-29 08:59:35] [GA4] purchase
[2025-12-29 08:59:37] [FACEBOOK] unknown
[2025-12-29 08:59:38] [TIKTOK] unknown
[2025-12-29 08:59:38] [GA4] purchase
[2025-12-29 09:01:05] [FACEBOOK] unknown
[2025-12-29 09:01:05] [TIKTOK] unknown
[2025-12-29 09:01:05] [GA4] purchase
[2025-12-29 09:04:49] [FACEBOOK] unknown
[2025-12-29 09:04:49] [TIKTOK] unknown
[2025-12-29 09:04:49] [GA4] purchase
[2025-12-29 09:06:14] [FACEBOOK] unknown
[2025-12-29 09:06:15] [TIKTOK] unknown
[2025-12-29 09:06:15] [GA4] purchase
[2025-12-29 18:48:10] [FACEBOOK] unknown
[2025-12-29 18:48:10] [TIKTOK] unknown
[2025-12-29 18:48:10] [GA4] purchase
[2025-12-29 19:39:35] [FACEBOOK] unknown
[2025-12-29 19:39:35] [TIKTOK] unknown
[2025-12-29 19:39:35] [GA4] purchase
[2025-12-29 19:45:50] [FACEBOOK] unknown
[2025-12-29 19:45:50] [TIKTOK] unknown
[2025-12-29 19:45:50] [GA4] purchase
[2025-12-29 19:45:52] [FACEBOOK] unknown
[2025-12-29 19:45:52] [TIKTOK] unknown
[2025-12-29 19:45:53] [GA4] purchase
[2025-12-29 19:54:58] [FACEBOOK] unknown
[2025-12-29 19:54:58] [TIKTOK] unknown
[2025-12-29 19:54:59] [GA4] purchase
[2025-12-29 19:56:45] [FACEBOOK] unknown
[2025-12-29 19:56:45] [TIKTOK] unknown
[2025-12-29 19:56:45] [GA4] purchase
[2025-12-29 20:08:58] [FACEBOOK] unknown
[2025-12-29 20:08:58] [TIKTOK] unknown
[2025-12-29 20:08:58] [GA4] purchase
[2025-12-29 20:09:03] [FACEBOOK] unknown
[2025-12-29 20:09:03] [TIKTOK] unknown
[2025-12-29 20:09:03] [GA4] purchase
[2025-12-29 20:10:22] [FACEBOOK] unknown
[2025-12-29 20:10:22] [TIKTOK] unknown
[2025-12-29 20:10:23] [GA4] purchase
[2025-12-30 05:46:03] [FACEBOOK] unknown
[2025-12-30 05:46:03] [TIKTOK] unknown
[2025-12-30 05:46:03] [GA4] purchase
[2025-12-30 06:40:09] [FACEBOOK] unknown
[2025-12-30 06:40:09] [TIKTOK] unknown
[2025-12-30 06:40:09] [GA4] purchase
[2025-12-30 06:40:19] [FACEBOOK] unknown
[2025-12-30 06:40:19] [TIKTOK] unknown
[2025-12-30 06:40:19] [GA4] purchase
[2025-12-30 06:43:24] [FACEBOOK] unknown
[2025-12-30 06:43:24] [TIKTOK] unknown
[2025-12-30 06:43:25] [GA4] purchase
[2025-12-30 07:01:38] [FACEBOOK] unknown
[2025-12-30 07:01:38] [TIKTOK] unknown
[2025-12-30 07:01:39] [GA4] purchase
[2025-12-30 07:01:41] [FACEBOOK] unknown
[2025-12-30 07:01:41] [TIKTOK] unknown
[2025-12-30 07:01:41] [GA4] purchase
[2025-12-30 07:05:31] [FACEBOOK] unknown
[2025-12-30 07:05:31] [TIKTOK] unknown
[2025-12-30 07:05:31] [GA4] purchase
[2025-12-30 07:08:42] [FACEBOOK] unknown
[2025-12-30 07:08:42] [TIKTOK] unknown
[2025-12-30 07:08:42] [GA4] purchase
[2025-12-30 07:09:14] [FACEBOOK] unknown
[2025-12-30 07:09:14] [TIKTOK] unknown
[2025-12-30 07:09:14] [GA4] purchase
[2025-12-30 16:49:29] [FACEBOOK] unknown
[2025-12-30 16:49:30] [TIKTOK] unknown
[2025-12-30 16:49:30] [GA4] purchase
[2025-12-30 17:44:00] [FACEBOOK] unknown
[2025-12-30 17:44:00] [TIKTOK] unknown
[2025-12-30 17:44:00] [GA4] purchase
[2025-12-30 17:44:03] [FACEBOOK] unknown
[2025-12-30 17:44:03] [TIKTOK] unknown
[2025-12-30 17:44:03] [GA4] purchase
[2025-12-30 17:45:02] [FACEBOOK] unknown
[2025-12-30 17:45:03] [TIKTOK] unknown
[2025-12-30 17:45:03] [GA4] purchase
[2025-12-30 17:55:35] [FACEBOOK] unknown
[2025-12-30 17:55:35] [TIKTOK] unknown
[2025-12-30 17:55:36] [GA4] purchase
[2025-12-30 18:02:17] [FACEBOOK] unknown
[2025-12-30 18:02:17] [TIKTOK] unknown
[2025-12-30 18:02:18] [GA4] purchase
[2025-12-30 18:02:20] [FACEBOOK] unknown
[2025-12-30 18:02:20] [TIKTOK] unknown
[2025-12-30 18:02:20] [GA4] purchase
[2025-12-30 18:02:25] [FACEBOOK] unknown
[2025-12-30 18:02:25] [TIKTOK] unknown
[2025-12-30 18:02:25] [GA4] purchase
[2025-12-30 18:06:43] [FACEBOOK] unknown
[2025-12-30 18:06:43] [TIKTOK] unknown
[2025-12-30 18:06:43] [GA4] purchase
[2025-12-31 03:43:18] [FACEBOOK] unknown
[2025-12-31 03:43:18] [TIKTOK] unknown
[2025-12-31 03:43:18] [GA4] purchase
[2025-12-31 04:41:14] [FACEBOOK] unknown
[2025-12-31 04:41:14] [TIKTOK] unknown
[2025-12-31 04:41:14] [GA4] purchase
[2025-12-31 04:41:43] [FACEBOOK] unknown
[2025-12-31 04:41:43] [TIKTOK] unknown
[2025-12-31 04:41:43] [GA4] purchase
[2025-12-31 04:44:30] [FACEBOOK] unknown
[2025-12-31 04:44:30] [TIKTOK] unknown
[2025-12-31 04:44:31] [GA4] purchase
[2025-12-31 04:55:15] [FACEBOOK] unknown
[2025-12-31 04:55:15] [TIKTOK] unknown
[2025-12-31 04:55:15] [GA4] purchase
[2025-12-31 05:10:02] [FACEBOOK] unknown
[2025-12-31 05:10:03] [TIKTOK] unknown
[2025-12-31 05:10:03] [GA4] purchase
[2025-12-31 05:10:06] [FACEBOOK] unknown
[2025-12-31 05:10:06] [TIKTOK] unknown
[2025-12-31 05:10:07] [GA4] purchase
[2025-12-31 05:10:11] [FACEBOOK] unknown
[2025-12-31 05:10:11] [TIKTOK] unknown
[2025-12-31 05:10:11] [GA4] purchase
[2025-12-31 05:11:45] [FACEBOOK] unknown
[2025-12-31 05:11:45] [TIKTOK] unknown
[2025-12-31 05:11:45] [GA4] purchase
[2025-12-31 05:36:01] [FACEBOOK] unknown
[2025-12-31 05:36:01] [TIKTOK] unknown
[2025-12-31 05:36:01] [GA4] purchase
[2025-12-31 05:36:07] [FACEBOOK] unknown
[2025-12-31 05:36:07] [TIKTOK] unknown
[2025-12-31 05:36:07] [GA4] purchase
[2025-12-31 14:41:47] [FACEBOOK] unknown
[2025-12-31 14:41:47] [TIKTOK] unknown
[2025-12-31 14:41:48] [GA4] purchase
[2025-12-31 15:41:17] [FACEBOOK] unknown
[2025-12-31 15:41:17] [TIKTOK] unknown
[2025-12-31 15:41:17] [GA4] purchase
[2025-12-31 15:42:23] [FACEBOOK] unknown
[2025-12-31 15:42:23] [TIKTOK] unknown
[2025-12-31 15:42:24] [GA4] purchase
[2025-12-31 15:50:06] [FACEBOOK] unknown
[2025-12-31 15:50:06] [TIKTOK] unknown
[2025-12-31 15:50:07] [GA4] purchase
[2025-12-31 15:58:38] [FACEBOOK] unknown
[2025-12-31 15:58:38] [TIKTOK] unknown
[2025-12-31 15:58:38] [GA4] purchase
[2025-12-31 16:00:58] [FACEBOOK] unknown
[2025-12-31 16:00:58] [TIKTOK] unknown
[2025-12-31 16:00:58] [GA4] purchase
[2025-12-31 16:04:24] [FACEBOOK] unknown
[2025-12-31 16:04:24] [TIKTOK] unknown
[2025-12-31 16:04:24] [GA4] purchase
[2025-12-31 16:06:49] [FACEBOOK] unknown
[2025-12-31 16:06:49] [TIKTOK] unknown
[2025-12-31 16:06:49] [GA4] purchase
[2025-12-31 16:07:11] [FACEBOOK] unknown
[2025-12-31 16:07:11] [TIKTOK] unknown
[2025-12-31 16:07:11] [GA4] purchase
[2026-01-01 01:43:34] [FACEBOOK] unknown
[2026-01-01 01:43:34] [TIKTOK] unknown
[2026-01-01 01:43:34] [GA4] purchase
[2026-01-01 02:41:36] [FACEBOOK] unknown
[2026-01-01 02:41:36] [TIKTOK] unknown
[2026-01-01 02:41:36] [GA4] purchase
[2026-01-01 02:44:23] [FACEBOOK] unknown
[2026-01-01 02:44:24] [TIKTOK] unknown
[2026-01-01 02:44:24] [GA4] purchase
[2026-01-01 02:46:55] [FACEBOOK] unknown
[2026-01-01 02:46:55] [TIKTOK] unknown
[2026-01-01 02:46:55] [GA4] purchase
[2026-01-01 02:58:32] [FACEBOOK] unknown
[2026-01-01 02:58:32] [TIKTOK] unknown
[2026-01-01 02:58:32] [GA4] purchase
[2026-01-01 02:58:56] [FACEBOOK] unknown
[2026-01-01 02:58:57] [TIKTOK] unknown
[2026-01-01 02:58:57] [GA4] purchase
[2026-01-01 02:58:59] [FACEBOOK] unknown
[2026-01-01 02:58:59] [TIKTOK] unknown
[2026-01-01 02:58:59] [GA4] purchase
[2026-01-01 03:00:26] [FACEBOOK] unknown
[2026-01-01 03:00:26] [TIKTOK] unknown
[2026-01-01 03:00:26] [GA4] purchase
[2026-01-01 03:05:10] [FACEBOOK] unknown
[2026-01-01 03:05:10] [TIKTOK] unknown
[2026-01-01 03:05:10] [GA4] purchase
[2026-01-01 12:43:22] [FACEBOOK] unknown
[2026-01-01 12:43:22] [TIKTOK] unknown
[2026-01-01 12:43:22] [GA4] purchase
[2026-01-01 13:48:46] [FACEBOOK] unknown
[2026-01-01 13:48:46] [TIKTOK] unknown
[2026-01-01 13:48:46] [GA4] purchase
[2026-01-01 13:49:17] [FACEBOOK] unknown
[2026-01-01 13:49:18] [TIKTOK] unknown
[2026-01-01 13:49:18] [GA4] purchase
[2026-01-01 13:50:32] [FACEBOOK] unknown
[2026-01-01 13:50:33] [TIKTOK] unknown
[2026-01-01 13:50:33] [GA4] purchase
[2026-01-01 13:56:37] [FACEBOOK] unknown
[2026-01-01 13:56:47] [TIKTOK] unknown
[2026-01-01 13:56:47] [GA4] purchase
[2026-01-01 14:05:51] [FACEBOOK] unknown
[2026-01-01 14:05:52] [TIKTOK] unknown
[2026-01-01 14:05:52] [GA4] purchase
[2026-01-01 14:05:55] [FACEBOOK] unknown
[2026-01-01 14:05:55] [TIKTOK] unknown
[2026-01-01 14:05:55] [GA4] purchase
[2026-01-01 14:07:31] [FACEBOOK] unknown
[2026-01-01 14:07:31] [TIKTOK] unknown
[2026-01-01 14:07:31] [GA4] purchase
[2026-01-01 14:07:46] [FACEBOOK] unknown
[2026-01-01 14:07:46] [TIKTOK] unknown
[2026-01-01 14:07:46] [GA4] purchase
[2026-01-01 23:51:24] [FACEBOOK] unknown
[2026-01-01 23:51:25] [TIKTOK] unknown
[2026-01-01 23:51:25] [GA4] purchase
[2026-01-02 00:50:24] [FACEBOOK] unknown
[2026-01-02 00:50:24] [TIKTOK] unknown
[2026-01-02 00:50:25] [GA4] purchase
[2026-01-02 00:59:37] [FACEBOOK] unknown
[2026-01-02 00:59:37] [TIKTOK] unknown
[2026-01-02 00:59:37] [GA4] purchase
[2026-01-02 01:11:08] [FACEBOOK] unknown
[2026-01-02 01:11:08] [TIKTOK] unknown
[2026-01-02 01:11:08] [GA4] purchase
[2026-01-02 01:11:19] [FACEBOOK] unknown
[2026-01-02 01:11:19] [TIKTOK] unknown
[2026-01-02 01:11:19] [GA4] purchase
[2026-01-02 01:19:02] [FACEBOOK] unknown
[2026-01-02 01:19:02] [TIKTOK] unknown
[2026-01-02 01:19:02] [GA4] purchase
[2026-01-02 01:19:05] [FACEBOOK] unknown
[2026-01-02 01:19:05] [TIKTOK] unknown
[2026-01-02 01:19:05] [GA4] purchase
[2026-01-02 01:19:11] [FACEBOOK] unknown
[2026-01-02 01:19:11] [TIKTOK] unknown
[2026-01-02 01:19:11] [GA4] purchase
[2026-01-02 01:25:24] [FACEBOOK] unknown
[2026-01-02 01:25:24] [TIKTOK] unknown
[2026-01-02 01:25:25] [GA4] purchase
[2026-01-02 10:42:52] [FACEBOOK] unknown
[2026-01-02 10:42:52] [TIKTOK] unknown
[2026-01-02 10:42:52] [GA4] purchase
[2026-01-02 11:45:19] [FACEBOOK] unknown
[2026-01-02 11:45:20] [TIKTOK] unknown
[2026-01-02 11:45:20] [GA4] purchase
[2026-01-02 11:51:29] [FACEBOOK] unknown
[2026-01-02 11:51:29] [TIKTOK] unknown
[2026-01-02 11:51:29] [GA4] purchase
[2026-01-02 12:07:20] [FACEBOOK] unknown
[2026-01-02 12:07:20] [TIKTOK] unknown
[2026-01-02 12:07:21] [GA4] purchase
[2026-01-02 12:12:43] [FACEBOOK] unknown
[2026-01-02 12:12:43] [TIKTOK] unknown
[2026-01-02 12:12:43] [GA4] purchase
[2026-01-02 12:12:45] [FACEBOOK] unknown
[2026-01-02 12:12:45] [TIKTOK] unknown
[2026-01-02 12:12:46] [GA4] purchase
[2026-01-02 12:12:53] [FACEBOOK] unknown
[2026-01-02 12:12:53] [TIKTOK] unknown
[2026-01-02 12:12:54] [GA4] purchase
[2026-01-02 12:20:22] [FACEBOOK] unknown
[2026-01-02 12:20:22] [TIKTOK] unknown
[2026-01-02 12:20:22] [GA4] purchase
[2026-01-02 12:20:45] [FACEBOOK] unknown
[2026-01-02 12:20:45] [TIKTOK] unknown
[2026-01-02 12:20:45] [GA4] purchase
[2026-01-02 21:47:53] [FACEBOOK] unknown
[2026-01-02 21:47:54] [TIKTOK] unknown
[2026-01-02 21:47:54] [GA4] purchase
[2026-01-02 22:47:25] [FACEBOOK] unknown
[2026-01-02 22:47:25] [TIKTOK] unknown
[2026-01-02 22:47:26] [GA4] purchase
[2026-01-02 22:59:54] [FACEBOOK] unknown
[2026-01-02 22:59:54] [TIKTOK] unknown
[2026-01-02 22:59:55] [GA4] purchase
[2026-01-02 23:15:24] [FACEBOOK] unknown
[2026-01-02 23:15:24] [TIKTOK] unknown
[2026-01-02 23:15:24] [GA4] purchase
[2026-01-02 23:19:34] [FACEBOOK] unknown
[2026-01-02 23:19:34] [TIKTOK] unknown
[2026-01-02 23:19:34] [GA4] purchase
[2026-01-02 23:19:37] [FACEBOOK] unknown
[2026-01-02 23:19:37] [TIKTOK] unknown
[2026-01-02 23:19:38] [GA4] purchase
[2026-01-02 23:19:58] [FACEBOOK] unknown
[2026-01-02 23:19:58] [TIKTOK] unknown
[2026-01-02 23:19:58] [GA4] purchase
[2026-01-02 23:21:55] [FACEBOOK] unknown
[2026-01-02 23:21:55] [TIKTOK] unknown
[2026-01-02 23:21:55] [GA4] purchase
[2026-01-02 23:22:18] [FACEBOOK] unknown
[2026-01-02 23:22:18] [TIKTOK] unknown
[2026-01-02 23:22:18] [GA4] purchase
[2026-01-03 08:42:01] [FACEBOOK] unknown
[2026-01-03 08:42:02] [TIKTOK] unknown
[2026-01-03 08:42:02] [GA4] purchase
[2026-01-03 09:41:52] [FACEBOOK] unknown
[2026-01-03 09:41:52] [TIKTOK] unknown
[2026-01-03 09:41:52] [GA4] purchase
[2026-01-03 09:44:57] [FACEBOOK] unknown
[2026-01-03 09:44:57] [TIKTOK] unknown
[2026-01-03 09:44:57] [GA4] purchase
[2026-01-03 09:57:24] [FACEBOOK] unknown
[2026-01-03 09:57:24] [TIKTOK] unknown
[2026-01-03 09:57:24] [GA4] purchase
[2026-01-03 09:57:30] [FACEBOOK] unknown
[2026-01-03 09:57:30] [TIKTOK] unknown
[2026-01-03 09:57:31] [GA4] purchase
[2026-01-03 10:09:26] [FACEBOOK] unknown
[2026-01-03 10:09:26] [TIKTOK] unknown
[2026-01-03 10:09:26] [GA4] purchase
[2026-01-03 10:09:29] [FACEBOOK] unknown
[2026-01-03 10:09:29] [TIKTOK] unknown
[2026-01-03 10:09:29] [GA4] purchase
[2026-01-03 10:09:33] [FACEBOOK] unknown
[2026-01-03 10:09:34] [TIKTOK] unknown
[2026-01-03 10:09:34] [GA4] purchase
[2026-01-03 10:12:13] [FACEBOOK] unknown
[2026-01-03 10:12:13] [TIKTOK] unknown
[2026-01-03 10:12:13] [GA4] purchase
[2026-01-03 14:00:06] [FACEBOOK] unknown
[2026-01-03 14:00:07] [TIKTOK] unknown
[2026-01-03 14:00:07] [GA4] purchase
[2026-01-03 14:00:10] [FACEBOOK] unknown
[2026-01-03 14:00:10] [TIKTOK] unknown
[2026-01-03 14:00:11] [GA4] purchase
[2026-01-03 19:43:00] [FACEBOOK] unknown
[2026-01-03 19:43:00] [TIKTOK] unknown
[2026-01-03 19:43:00] [GA4] purchase
[2026-01-03 20:41:32] [FACEBOOK] unknown
[2026-01-03 20:41:32] [TIKTOK] unknown
[2026-01-03 20:41:32] [GA4] purchase
[2026-01-03 20:49:08] [FACEBOOK] unknown
[2026-01-03 20:49:09] [TIKTOK] unknown
[2026-01-03 20:49:10] [GA4] purchase
[2026-01-03 20:50:23] [FACEBOOK] unknown
[2026-01-03 20:50:23] [TIKTOK] unknown
[2026-01-03 20:50:24] [GA4] purchase
[2026-01-03 21:03:41] [FACEBOOK] unknown
[2026-01-03 21:03:41] [TIKTOK] unknown
[2026-01-03 21:03:41] [GA4] purchase
[2026-01-03 21:03:44] [FACEBOOK] unknown
[2026-01-03 21:03:44] [TIKTOK] unknown
[2026-01-03 21:03:44] [GA4] purchase
[2026-01-03 21:04:16] [FACEBOOK] unknown
[2026-01-03 21:04:17] [TIKTOK] unknown
[2026-01-03 21:04:17] [GA4] purchase
[2026-01-03 21:11:27] [FACEBOOK] unknown
[2026-01-03 21:11:28] [TIKTOK] unknown
[2026-01-03 21:11:28] [GA4] purchase
[2026-01-03 21:12:44] [FACEBOOK] unknown
[2026-01-03 21:12:44] [TIKTOK] unknown
[2026-01-03 21:12:44] [GA4] purchase
[2026-01-04 06:40:15] [FACEBOOK] unknown
[2026-01-04 06:40:15] [TIKTOK] unknown
[2026-01-04 06:40:16] [GA4] purchase
[2026-01-04 07:39:20] [FACEBOOK] unknown
[2026-01-04 07:39:20] [TIKTOK] unknown
[2026-01-04 07:39:21] [GA4] purchase
[2026-01-04 07:42:20] [FACEBOOK] unknown
[2026-01-04 07:42:21] [TIKTOK] unknown
[2026-01-04 07:42:21] [GA4] purchase
[2026-01-04 07:52:42] [FACEBOOK] unknown
[2026-01-04 07:52:42] [TIKTOK] unknown
[2026-01-04 07:52:42] [GA4] purchase
[2026-01-04 07:57:51] [FACEBOOK] unknown
[2026-01-04 07:57:51] [TIKTOK] unknown
[2026-01-04 07:57:51] [GA4] purchase
[2026-01-04 07:57:54] [FACEBOOK] unknown
[2026-01-04 07:57:55] [TIKTOK] unknown
[2026-01-04 07:57:55] [GA4] purchase
[2026-01-04 07:57:59] [FACEBOOK] unknown
[2026-01-04 07:58:00] [TIKTOK] unknown
[2026-01-04 07:58:00] [GA4] purchase
[2026-01-04 08:00:47] [FACEBOOK] unknown
[2026-01-04 08:00:47] [TIKTOK] unknown
[2026-01-04 08:00:47] [GA4] purchase
[2026-01-04 08:03:33] [FACEBOOK] unknown
[2026-01-04 08:03:33] [TIKTOK] unknown
[2026-01-04 08:03:33] [GA4] purchase
[2026-01-04 16:46:04] [FACEBOOK] unknown
[2026-01-04 16:46:04] [TIKTOK] unknown
[2026-01-04 16:46:05] [GA4] purchase
[2026-01-04 18:46:05] [FACEBOOK] unknown
[2026-01-04 18:46:05] [TIKTOK] unknown
[2026-01-04 18:46:05] [GA4] purchase
[2026-01-04 18:52:26] [FACEBOOK] unknown
[2026-01-04 18:52:26] [TIKTOK] unknown
[2026-01-04 18:52:27] [GA4] purchase
[2026-01-04 18:53:33] [FACEBOOK] unknown
[2026-01-04 18:53:33] [TIKTOK] unknown
[2026-01-04 18:53:34] [GA4] purchase
[2026-01-04 19:02:22] [FACEBOOK] unknown
[2026-01-04 19:02:23] [TIKTOK] unknown
[2026-01-04 19:02:23] [GA4] purchase
[2026-01-04 19:10:05] [FACEBOOK] unknown
[2026-01-04 19:10:05] [TIKTOK] unknown
[2026-01-04 19:10:05] [GA4] purchase
[2026-01-04 19:10:07] [FACEBOOK] unknown
[2026-01-04 19:10:07] [TIKTOK] unknown
[2026-01-04 19:10:08] [GA4] purchase
[2026-01-04 19:10:11] [FACEBOOK] unknown
[2026-01-04 19:10:12] [TIKTOK] unknown
[2026-01-04 19:10:12] [GA4] purchase
[2026-01-04 19:15:42] [FACEBOOK] unknown
[2026-01-04 19:15:42] [TIKTOK] unknown
[2026-01-04 19:15:43] [GA4] purchase
[2026-01-05 03:42:25] [FACEBOOK] unknown
[2026-01-05 03:42:25] [TIKTOK] unknown
[2026-01-05 03:42:25] [GA4] purchase
[2026-01-05 05:42:05] [FACEBOOK] unknown
[2026-01-05 05:42:05] [TIKTOK] unknown
[2026-01-05 05:42:06] [GA4] purchase
[2026-01-05 05:47:53] [FACEBOOK] unknown
[2026-01-05 05:47:53] [TIKTOK] unknown
[2026-01-05 05:47:54] [GA4] purchase
[2026-01-05 05:58:18] [FACEBOOK] unknown
[2026-01-05 05:58:18] [TIKTOK] unknown
[2026-01-05 05:58:19] [GA4] purchase
[2026-01-05 06:06:10] [FACEBOOK] unknown
[2026-01-05 06:06:11] [TIKTOK] unknown
[2026-01-05 06:06:11] [GA4] purchase
[2026-01-05 06:06:13] [FACEBOOK] unknown
[2026-01-05 06:06:14] [TIKTOK] unknown
[2026-01-05 06:06:14] [GA4] purchase
[2026-01-05 06:06:21] [FACEBOOK] unknown
[2026-01-05 06:06:21] [TIKTOK] unknown
[2026-01-05 06:06:21] [GA4] purchase
[2026-01-05 06:08:24] [FACEBOOK] unknown
[2026-01-05 06:08:24] [TIKTOK] unknown
[2026-01-05 06:08:24] [GA4] purchase
[2026-01-05 06:08:45] [FACEBOOK] unknown
[2026-01-05 06:08:45] [TIKTOK] unknown
[2026-01-05 06:08:46] [GA4] purchase
[2026-01-05 14:47:51] [FACEBOOK] unknown
[2026-01-05 14:47:51] [TIKTOK] unknown
[2026-01-05 14:47:51] [GA4] purchase
[2026-01-05 16:41:15] [FACEBOOK] unknown
[2026-01-05 16:41:16] [TIKTOK] unknown
[2026-01-05 16:41:16] [GA4] purchase
[2026-01-05 16:44:32] [FACEBOOK] unknown
[2026-01-05 16:44:32] [TIKTOK] unknown
[2026-01-05 16:44:32] [GA4] purchase
[2026-01-05 17:00:40] [FACEBOOK] unknown
[2026-01-05 17:00:40] [TIKTOK] unknown
[2026-01-05 17:00:41] [GA4] purchase
[2026-01-05 17:08:23] [FACEBOOK] unknown
[2026-01-05 17:08:24] [TIKTOK] unknown
[2026-01-05 17:08:24] [GA4] purchase
[2026-01-05 17:08:26] [FACEBOOK] unknown
[2026-01-05 17:08:26] [TIKTOK] unknown
[2026-01-05 17:08:27] [GA4] purchase
[2026-01-05 17:09:00] [FACEBOOK] unknown
[2026-01-05 17:09:01] [TIKTOK] unknown
[2026-01-05 17:09:01] [GA4] purchase
[2026-01-05 17:14:05] [FACEBOOK] unknown
[2026-01-05 17:14:05] [TIKTOK] unknown
[2026-01-05 17:14:06] [GA4] purchase
[2026-01-05 17:14:14] [FACEBOOK] unknown
[2026-01-05 17:14:15] [TIKTOK] unknown
[2026-01-05 17:14:15] [GA4] purchase
[2026-01-06 01:49:40] [FACEBOOK] unknown
[2026-01-06 01:49:41] [TIKTOK] unknown
[2026-01-06 01:49:41] [GA4] purchase
[2026-01-06 02:26:17] [FACEBOOK] unknown
[2026-01-06 02:26:18] [TIKTOK] unknown
[2026-01-06 02:26:18] [GA4] purchase
[2026-01-06 03:43:20] [FACEBOOK] unknown
[2026-01-06 03:43:20] [TIKTOK] unknown
[2026-01-06 03:43:20] [GA4] purchase
[2026-01-06 03:44:38] [FACEBOOK] unknown
[2026-01-06 03:44:38] [TIKTOK] unknown
[2026-01-06 03:44:39] [GA4] purchase
[2026-01-06 03:54:17] [FACEBOOK] unknown
[2026-01-06 03:54:17] [TIKTOK] unknown
[2026-01-06 03:54:17] [GA4] purchase
[2026-01-06 04:00:13] [FACEBOOK] unknown
[2026-01-06 04:00:13] [TIKTOK] unknown
[2026-01-06 04:00:13] [GA4] purchase
[2026-01-06 04:09:49] [FACEBOOK] unknown
[2026-01-06 04:09:49] [TIKTOK] unknown
[2026-01-06 04:09:49] [GA4] purchase
[2026-01-06 04:09:52] [FACEBOOK] unknown
[2026-01-06 04:09:52] [TIKTOK] unknown
[2026-01-06 04:09:52] [GA4] purchase
[2026-01-06 04:09:55] [FACEBOOK] unknown
[2026-01-06 04:09:55] [TIKTOK] unknown
[2026-01-06 04:09:55] [GA4] purchase
[2026-01-06 04:16:07] [FACEBOOK] unknown
[2026-01-06 04:16:08] [TIKTOK] unknown
[2026-01-06 04:16:08] [GA4] purchase
[2026-01-06 12:42:54] [FACEBOOK] unknown
[2026-01-06 12:42:54] [TIKTOK] unknown
[2026-01-06 12:42:54] [GA4] purchase
[2026-01-06 12:44:53] [FACEBOOK] unknown
[2026-01-06 12:44:53] [TIKTOK] unknown
[2026-01-06 12:44:53] [GA4] purchase
[2026-01-06 14:44:21] [FACEBOOK] unknown
[2026-01-06 14:44:21] [TIKTOK] unknown
[2026-01-06 14:44:21] [GA4] purchase
[2026-01-06 14:49:37] [FACEBOOK] unknown
[2026-01-06 14:49:37] [TIKTOK] unknown
[2026-01-06 14:49:37] [GA4] purchase
[2026-01-06 14:52:24] [FACEBOOK] unknown
[2026-01-06 14:52:24] [TIKTOK] unknown
[2026-01-06 14:52:24] [GA4] purchase
[2026-01-06 15:04:17] [FACEBOOK] unknown
[2026-01-06 15:04:17] [TIKTOK] unknown
[2026-01-06 15:04:17] [GA4] purchase
[2026-01-06 15:13:25] [FACEBOOK] unknown
[2026-01-06 15:13:25] [TIKTOK] unknown
[2026-01-06 15:13:25] [GA4] purchase
[2026-01-06 15:13:28] [FACEBOOK] unknown
[2026-01-06 15:13:28] [TIKTOK] unknown
[2026-01-06 15:13:28] [GA4] purchase
[2026-01-06 15:13:33] [FACEBOOK] unknown
[2026-01-06 15:13:33] [TIKTOK] unknown
[2026-01-06 15:13:33] [GA4] purchase
[2026-01-06 15:17:25] [FACEBOOK] unknown
[2026-01-06 15:17:25] [TIKTOK] unknown
[2026-01-06 15:17:25] [GA4] purchase
[2026-01-06 18:57:34] [FACEBOOK] unknown
[2026-01-06 18:57:35] [TIKTOK] unknown
[2026-01-06 18:57:35] [GA4] purchase
[2026-01-06 18:57:40] [FACEBOOK] unknown
[2026-01-06 18:57:40] [TIKTOK] unknown
[2026-01-06 18:57:41] [GA4] purchase
[2026-01-06 18:57:42] [FACEBOOK] unknown
[2026-01-06 18:57:43] [TIKTOK] unknown
[2026-01-06 18:57:43] [FACEBOOK] unknown
[2026-01-06 18:57:43] [GA4] purchase
[2026-01-06 18:57:43] [TIKTOK] unknown
[2026-01-06 18:57:43] [GA4] purchase
[2026-01-06 22:46:36] [FACEBOOK] unknown
[2026-01-06 22:46:37] [TIKTOK] unknown
[2026-01-06 22:46:37] [GA4] purchase
[2026-01-06 22:46:58] [FACEBOOK] unknown
[2026-01-06 22:46:59] [TIKTOK] unknown
[2026-01-06 22:46:59] [GA4] purchase
[2026-01-07 00:07:51] [FACEBOOK] unknown
[2026-01-07 00:07:51] [TIKTOK] unknown
[2026-01-07 00:07:51] [GA4] purchase
[2026-01-07 01:40:12] [FACEBOOK] unknown
[2026-01-07 01:40:13] [TIKTOK] unknown
[2026-01-07 01:40:13] [GA4] purchase
[2026-01-07 01:42:33] [FACEBOOK] unknown
[2026-01-07 01:42:34] [TIKTOK] unknown
[2026-01-07 01:42:34] [GA4] purchase
[2026-01-07 01:51:12] [FACEBOOK] unknown
[2026-01-07 01:51:12] [TIKTOK] unknown
[2026-01-07 01:51:12] [GA4] purchase
[2026-01-07 02:02:52] [FACEBOOK] unknown
[2026-01-07 02:02:52] [TIKTOK] unknown
[2026-01-07 02:02:52] [GA4] purchase
[2026-01-07 02:04:37] [FACEBOOK] unknown
[2026-01-07 02:04:38] [TIKTOK] unknown
[2026-01-07 02:04:38] [GA4] purchase
[2026-01-07 02:06:27] [FACEBOOK] unknown
[2026-01-07 02:06:27] [TIKTOK] unknown
[2026-01-07 02:06:27] [GA4] purchase
[2026-01-07 02:14:14] [FACEBOOK] unknown
[2026-01-07 02:14:14] [TIKTOK] unknown
[2026-01-07 02:14:14] [GA4] purchase
[2026-01-07 02:14:40] [FACEBOOK] unknown
[2026-01-07 02:14:40] [TIKTOK] unknown
[2026-01-07 02:14:40] [GA4] purchase
[2026-01-07 09:39:42] [FACEBOOK] unknown
[2026-01-07 09:39:43] [TIKTOK] unknown
[2026-01-07 09:39:43] [GA4] purchase
[2026-01-07 09:40:04] [FACEBOOK] unknown
[2026-01-07 09:40:05] [TIKTOK] unknown
[2026-01-07 09:40:05] [GA4] purchase
[2026-01-07 09:45:26] [FACEBOOK] unknown
[2026-01-07 09:45:27] [TIKTOK] unknown
[2026-01-07 09:45:27] [GA4] purchase
[2026-01-07 21:15:50] [FACEBOOK] unknown
[2026-01-07 21:15:50] [TIKTOK] unknown
[2026-01-07 21:15:51] [GA4] purchase
[2026-01-08 06:57:25] [FACEBOOK] unknown
[2026-01-08 06:57:25] [TIKTOK] unknown
[2026-01-08 06:57:25] [GA4] purchase
[2026-01-08 07:04:29] [FACEBOOK] unknown
[2026-01-08 07:04:29] [TIKTOK] unknown
[2026-01-08 07:04:29] [GA4] purchase
[2026-01-08 07:04:33] [FACEBOOK] unknown
[2026-01-08 07:04:33] [TIKTOK] unknown
[2026-01-08 07:04:33] [GA4] purchase
[2026-01-08 07:04:42] [FACEBOOK] unknown
[2026-01-08 07:04:42] [TIKTOK] unknown
[2026-01-08 07:04:42] [GA4] purchase
[2026-01-08 07:07:23] [FACEBOOK] unknown
[2026-01-08 07:07:23] [TIKTOK] unknown
[2026-01-08 07:07:23] [GA4] purchase
[2026-01-08 07:11:11] [FACEBOOK] unknown
[2026-01-08 07:11:11] [TIKTOK] unknown
[2026-01-08 07:11:12] [GA4] purchase
[2026-01-08 07:11:34] [FACEBOOK] unknown
[2026-01-08 07:11:34] [TIKTOK] unknown
[2026-01-08 07:11:34] [GA4] purchase
[2026-01-08 07:15:42] [FACEBOOK] unknown
[2026-01-08 07:15:43] [TIKTOK] unknown
[2026-01-08 07:15:43] [GA4] purchase
[2026-01-08 07:16:53] [FACEBOOK] unknown
[2026-01-08 07:16:53] [TIKTOK] unknown
[2026-01-08 07:16:53] [GA4] purchase
[2026-01-08 07:23:09] [FACEBOOK] unknown
[2026-01-08 07:23:09] [TIKTOK] unknown
[2026-01-08 07:23:09] [GA4] purchase
[2026-01-08 17:45:44] [FACEBOOK] unknown
[2026-01-08 17:45:44] [TIKTOK] unknown
[2026-01-08 17:45:44] [GA4] purchase
[2026-01-08 17:48:48] [FACEBOOK] unknown
[2026-01-08 17:48:48] [TIKTOK] unknown
[2026-01-08 17:48:48] [GA4] purchase
[2026-01-08 17:50:05] [FACEBOOK] unknown
[2026-01-08 17:50:06] [TIKTOK] unknown
[2026-01-08 17:50:06] [GA4] purchase
[2026-01-08 17:50:34] [FACEBOOK] unknown
[2026-01-08 17:50:34] [TIKTOK] unknown
[2026-01-08 17:50:34] [GA4] purchase
[2026-01-08 18:00:04] [FACEBOOK] unknown
[2026-01-08 18:00:05] [TIKTOK] unknown
[2026-01-08 18:00:05] [GA4] purchase
[2026-01-08 18:01:40] [FACEBOOK] unknown
[2026-01-08 18:01:40] [TIKTOK] unknown
[2026-01-08 18:01:40] [GA4] purchase
[2026-01-08 18:04:16] [FACEBOOK] unknown
[2026-01-08 18:04:16] [TIKTOK] unknown
[2026-01-08 18:04:16] [GA4] purchase
[2026-01-08 18:04:19] [FACEBOOK] unknown
[2026-01-08 18:04:20] [TIKTOK] unknown
[2026-01-08 18:04:20] [GA4] purchase
[2026-01-08 18:13:56] [FACEBOOK] unknown
[2026-01-08 18:13:56] [TIKTOK] unknown
[2026-01-08 18:13:56] [GA4] purchase
[2026-01-08 18:17:17] [FACEBOOK] unknown
[2026-01-08 18:17:17] [TIKTOK] unknown
[2026-01-08 18:17:18] [GA4] purchase
[2026-01-09 04:50:28] [FACEBOOK] unknown
[2026-01-09 04:50:28] [TIKTOK] unknown
[2026-01-09 04:50:29] [GA4] purchase
[2026-01-09 04:50:44] [FACEBOOK] unknown
[2026-01-09 04:50:44] [TIKTOK] unknown
[2026-01-09 04:50:44] [GA4] purchase
[2026-01-09 04:53:37] [FACEBOOK] unknown
[2026-01-09 04:53:37] [TIKTOK] unknown
[2026-01-09 04:53:37] [GA4] purchase
[2026-01-09 04:57:30] [FACEBOOK] unknown
[2026-01-09 04:57:30] [TIKTOK] unknown
[2026-01-09 04:57:30] [GA4] purchase
[2026-01-09 05:03:05] [FACEBOOK] unknown
[2026-01-09 05:03:05] [TIKTOK] unknown
[2026-01-09 05:03:05] [GA4] purchase
[2026-01-09 05:03:10] [FACEBOOK] unknown
[2026-01-09 05:03:10] [TIKTOK] unknown
[2026-01-09 05:03:11] [GA4] purchase
[2026-01-09 05:05:04] [FACEBOOK] unknown
[2026-01-09 05:05:05] [TIKTOK] unknown
[2026-01-09 05:05:05] [GA4] purchase
[2026-01-09 05:05:08] [FACEBOOK] unknown
[2026-01-09 05:05:08] [TIKTOK] unknown
[2026-01-09 05:05:08] [GA4] purchase
[2026-01-09 05:12:44] [FACEBOOK] unknown
[2026-01-09 05:12:44] [TIKTOK] unknown
[2026-01-09 05:12:44] [GA4] purchase
[2026-01-09 05:20:25] [FACEBOOK] unknown
[2026-01-09 05:20:26] [TIKTOK] unknown
[2026-01-09 05:20:26] [GA4] purchase
[2026-01-09 15:42:52] [FACEBOOK] unknown
[2026-01-09 15:42:53] [TIKTOK] unknown
[2026-01-09 15:42:53] [GA4] purchase
[2026-01-09 15:43:08] [FACEBOOK] unknown
[2026-01-09 15:43:08] [TIKTOK] unknown
[2026-01-09 15:43:08] [GA4] purchase
[2026-01-09 15:46:43] [FACEBOOK] unknown
[2026-01-09 15:46:43] [TIKTOK] unknown
[2026-01-09 15:46:43] [GA4] purchase
[2026-01-09 15:47:03] [FACEBOOK] unknown
[2026-01-09 15:47:03] [TIKTOK] unknown
[2026-01-09 15:47:03] [GA4] purchase
[2026-01-09 15:52:43] [FACEBOOK] unknown
[2026-01-09 15:52:43] [TIKTOK] unknown
[2026-01-09 15:52:43] [GA4] purchase
[2026-01-09 15:57:13] [FACEBOOK] unknown
[2026-01-09 15:57:13] [TIKTOK] unknown
[2026-01-09 15:57:13] [GA4] purchase
[2026-01-09 15:57:51] [FACEBOOK] unknown
[2026-01-09 15:57:52] [TIKTOK] unknown
[2026-01-09 15:57:52] [GA4] purchase
[2026-01-09 16:02:19] [FACEBOOK] unknown
[2026-01-09 16:02:19] [TIKTOK] unknown
[2026-01-09 16:02:19] [GA4] purchase
[2026-01-09 16:06:47] [FACEBOOK] unknown
[2026-01-09 16:06:47] [TIKTOK] unknown
[2026-01-09 16:06:48] [GA4] purchase
[2026-01-09 16:07:01] [FACEBOOK] unknown
[2026-01-09 16:07:02] [TIKTOK] unknown
[2026-01-09 16:07:02] [GA4] purchase
[2026-01-10 02:45:01] [FACEBOOK] unknown
[2026-01-10 02:45:01] [TIKTOK] unknown
[2026-01-10 02:45:01] [GA4] purchase
[2026-01-10 02:45:20] [FACEBOOK] unknown
[2026-01-10 02:45:21] [TIKTOK] unknown
[2026-01-10 02:45:21] [GA4] purchase
[2026-01-10 02:46:26] [FACEBOOK] unknown
[2026-01-10 02:46:26] [TIKTOK] unknown
[2026-01-10 02:46:27] [GA4] purchase
[2026-01-10 02:47:46] [FACEBOOK] unknown
[2026-01-10 02:47:46] [TIKTOK] unknown
[2026-01-10 02:47:46] [GA4] purchase
[2026-01-10 03:03:05] [FACEBOOK] unknown
[2026-01-10 03:03:05] [TIKTOK] unknown
[2026-01-10 03:03:06] [GA4] purchase
[2026-01-10 03:03:27] [FACEBOOK] unknown
[2026-01-10 03:03:27] [TIKTOK] unknown
[2026-01-10 03:03:27] [GA4] purchase
[2026-01-10 03:04:30] [FACEBOOK] unknown
[2026-01-10 03:04:30] [TIKTOK] unknown
[2026-01-10 03:04:30] [GA4] purchase
[2026-01-10 03:07:39] [FACEBOOK] unknown
[2026-01-10 03:07:39] [TIKTOK] unknown
[2026-01-10 03:07:39] [GA4] purchase
[2026-01-10 03:14:36] [FACEBOOK] unknown
[2026-01-10 03:14:36] [TIKTOK] unknown
[2026-01-10 03:14:36] [GA4] purchase
[2026-01-10 03:14:44] [FACEBOOK] unknown
[2026-01-10 03:14:44] [TIKTOK] unknown
[2026-01-10 03:14:44] [GA4] purchase
[2026-01-10 13:47:11] [FACEBOOK] unknown
[2026-01-10 13:47:11] [TIKTOK] unknown
[2026-01-10 13:47:12] [GA4] purchase
[2026-01-10 13:47:35] [FACEBOOK] unknown
[2026-01-10 13:47:35] [TIKTOK] unknown
[2026-01-10 13:47:35] [GA4] purchase
[2026-01-10 13:50:46] [FACEBOOK] unknown
[2026-01-10 13:50:46] [TIKTOK] unknown
[2026-01-10 13:50:46] [GA4] purchase
[2026-01-10 13:51:56] [FACEBOOK] unknown
[2026-01-10 13:51:56] [TIKTOK] unknown
[2026-01-10 13:51:56] [GA4] purchase
[2026-01-10 13:52:26] [FACEBOOK] unknown
[2026-01-10 13:52:26] [TIKTOK] unknown
[2026-01-10 13:52:27] [GA4] purchase
[2026-01-10 13:59:30] [FACEBOOK] unknown
[2026-01-10 13:59:31] [TIKTOK] unknown
[2026-01-10 13:59:31] [GA4] purchase
[2026-01-10 14:03:16] [FACEBOOK] unknown
[2026-01-10 14:03:16] [TIKTOK] unknown
[2026-01-10 14:03:16] [GA4] purchase
[2026-01-10 14:06:55] [FACEBOOK] unknown
[2026-01-10 14:06:55] [TIKTOK] unknown
[2026-01-10 14:06:55] [GA4] purchase
[2026-01-10 14:07:03] [FACEBOOK] unknown
[2026-01-10 14:07:03] [TIKTOK] unknown
[2026-01-10 14:07:04] [GA4] purchase
[2026-01-10 14:15:58] [FACEBOOK] unknown
[2026-01-10 14:15:58] [TIKTOK] unknown
[2026-01-10 14:15:58] [GA4] purchase
[2026-01-11 00:47:14] [FACEBOOK] unknown
[2026-01-11 00:47:15] [TIKTOK] unknown
[2026-01-11 00:47:15] [GA4] purchase
[2026-01-11 00:48:17] [FACEBOOK] unknown
[2026-01-11 00:48:18] [TIKTOK] unknown
[2026-01-11 00:48:18] [GA4] purchase
[2026-01-11 00:50:52] [FACEBOOK] unknown
[2026-01-11 00:50:53] [TIKTOK] unknown
[2026-01-11 00:50:53] [GA4] purchase
[2026-01-11 00:51:57] [FACEBOOK] unknown
[2026-01-11 00:51:58] [TIKTOK] unknown
[2026-01-11 00:51:58] [GA4] purchase
[2026-01-11 00:53:58] [FACEBOOK] unknown
[2026-01-11 00:53:59] [TIKTOK] unknown
[2026-01-11 00:53:59] [GA4] purchase
[2026-01-11 01:04:21] [FACEBOOK] unknown
[2026-01-11 01:04:21] [TIKTOK] unknown
[2026-01-11 01:04:22] [GA4] purchase
[2026-01-11 01:07:59] [FACEBOOK] unknown
[2026-01-11 01:08:00] [TIKTOK] unknown
[2026-01-11 01:08:00] [GA4] purchase
[2026-01-11 01:13:46] [FACEBOOK] unknown
[2026-01-11 01:13:46] [TIKTOK] unknown
[2026-01-11 01:13:47] [GA4] purchase
[2026-01-11 01:21:16] [FACEBOOK] unknown
[2026-01-11 01:21:16] [TIKTOK] unknown
[2026-01-11 01:21:16] [GA4] purchase
[2026-01-11 01:21:34] [FACEBOOK] unknown
[2026-01-11 01:21:34] [TIKTOK] unknown
[2026-01-11 01:21:34] [GA4] purchase
[2026-01-11 08:53:10] [FACEBOOK] unknown
[2026-01-11 08:53:11] [TIKTOK] unknown
[2026-01-11 08:53:11] [GA4] purchase
[2026-01-11 08:53:14] [FACEBOOK] unknown
[2026-01-11 08:53:15] [TIKTOK] unknown
[2026-01-11 08:53:15] [GA4] purchase
[2026-01-11 11:44:43] [FACEBOOK] unknown
[2026-01-11 11:44:44] [TIKTOK] unknown
[2026-01-11 11:44:44] [GA4] purchase
[2026-01-11 11:44:54] [FACEBOOK] unknown
[2026-01-11 11:44:54] [TIKTOK] unknown
[2026-01-11 11:44:55] [GA4] purchase
[2026-01-11 11:49:00] [FACEBOOK] unknown
[2026-01-11 11:49:00] [TIKTOK] unknown
[2026-01-11 11:49:00] [GA4] purchase
[2026-01-11 11:49:18] [FACEBOOK] unknown
[2026-01-11 11:49:18] [TIKTOK] unknown
[2026-01-11 11:49:18] [GA4] purchase
[2026-01-11 11:57:23] [FACEBOOK] unknown
[2026-01-11 11:57:23] [TIKTOK] unknown
[2026-01-11 11:57:23] [GA4] purchase
[2026-01-11 11:58:07] [FACEBOOK] unknown
[2026-01-11 11:58:07] [TIKTOK] unknown
[2026-01-11 11:58:08] [GA4] purchase
[2026-01-11 12:01:24] [FACEBOOK] unknown
[2026-01-11 12:01:24] [TIKTOK] unknown
[2026-01-11 12:01:24] [GA4] purchase
[2026-01-11 12:01:26] [FACEBOOK] unknown
[2026-01-11 12:01:26] [TIKTOK] unknown
[2026-01-11 12:01:27] [GA4] purchase
[2026-01-11 12:10:52] [FACEBOOK] unknown
[2026-01-11 12:10:52] [TIKTOK] unknown
[2026-01-11 12:10:52] [GA4] purchase
[2026-01-11 12:18:23] [FACEBOOK] unknown
[2026-01-11 12:18:23] [TIKTOK] unknown
[2026-01-11 12:18:23] [GA4] purchase
[2026-01-11 19:46:56] [FACEBOOK] unknown
[2026-01-11 19:46:57] [TIKTOK] unknown
[2026-01-11 19:46:57] [GA4] purchase
[2026-01-11 19:46:59] [FACEBOOK] unknown
[2026-01-11 19:47:00] [TIKTOK] unknown
[2026-01-11 19:47:00] [GA4] purchase
[2026-01-11 22:48:13] [FACEBOOK] unknown
[2026-01-11 22:48:14] [TIKTOK] unknown
[2026-01-11 22:48:14] [GA4] purchase
[2026-01-11 22:51:32] [FACEBOOK] unknown
[2026-01-11 22:51:33] [TIKTOK] unknown
[2026-01-11 22:51:33] [GA4] purchase
[2026-01-11 22:51:37] [FACEBOOK] unknown
[2026-01-11 22:51:38] [TIKTOK] unknown
[2026-01-11 22:51:38] [GA4] purchase
[2026-01-11 22:51:51] [FACEBOOK] unknown
[2026-01-11 22:51:51] [TIKTOK] unknown
[2026-01-11 22:51:51] [GA4] purchase
[2026-01-11 23:03:01] [FACEBOOK] unknown
[2026-01-11 23:03:02] [TIKTOK] unknown
[2026-01-11 23:03:02] [GA4] purchase
[2026-01-11 23:07:42] [FACEBOOK] unknown
[2026-01-11 23:07:42] [TIKTOK] unknown
[2026-01-11 23:07:42] [GA4] purchase
[2026-01-11 23:08:23] [FACEBOOK] unknown
[2026-01-11 23:08:23] [TIKTOK] unknown
[2026-01-11 23:08:23] [GA4] purchase
[2026-01-11 23:18:33] [FACEBOOK] unknown
[2026-01-11 23:18:34] [TIKTOK] unknown
[2026-01-11 23:18:34] [GA4] purchase
[2026-01-11 23:32:12] [FACEBOOK] unknown
[2026-01-11 23:32:13] [TIKTOK] unknown
[2026-01-11 23:32:13] [GA4] purchase
[2026-01-11 23:32:20] [FACEBOOK] unknown
[2026-01-11 23:32:21] [TIKTOK] unknown
[2026-01-11 23:32:21] [GA4] purchase
[2026-01-12 09:39:04] [FACEBOOK] unknown
[2026-01-12 09:39:04] [TIKTOK] unknown
[2026-01-12 09:39:05] [GA4] purchase
[2026-01-12 09:42:51] [FACEBOOK] unknown
[2026-01-12 09:42:51] [TIKTOK] unknown
[2026-01-12 09:42:51] [GA4] purchase
[2026-01-12 09:44:25] [FACEBOOK] unknown
[2026-01-12 09:44:26] [TIKTOK] unknown
[2026-01-12 09:44:26] [GA4] purchase
[2026-01-12 09:49:47] [FACEBOOK] unknown
[2026-01-12 09:49:47] [TIKTOK] unknown
[2026-01-12 09:49:47] [GA4] purchase
[2026-01-12 10:04:26] [FACEBOOK] unknown
[2026-01-12 10:04:27] [TIKTOK] unknown
[2026-01-12 10:04:27] [GA4] purchase
[2026-01-12 10:04:37] [FACEBOOK] unknown
[2026-01-12 10:04:37] [TIKTOK] unknown
[2026-01-12 10:04:38] [GA4] purchase
[2026-01-12 10:07:41] [FACEBOOK] unknown
[2026-01-12 10:07:42] [TIKTOK] unknown
[2026-01-12 10:07:42] [GA4] purchase
[2026-01-12 10:07:47] [FACEBOOK] unknown
[2026-01-12 10:07:47] [TIKTOK] unknown
[2026-01-12 10:07:47] [GA4] purchase
[2026-01-12 10:07:51] [FACEBOOK] unknown
[2026-01-12 10:07:51] [TIKTOK] unknown
[2026-01-12 10:07:51] [GA4] purchase
[2026-01-12 10:18:37] [FACEBOOK] unknown
[2026-01-12 10:18:37] [TIKTOK] unknown
[2026-01-12 10:18:37] [GA4] purchase
[2026-01-12 11:53:32] [FACEBOOK] unknown
[2026-01-12 11:53:32] [TIKTOK] unknown
[2026-01-12 11:53:32] [GA4] purchase
[2026-01-12 11:53:42] [FACEBOOK] unknown
[2026-01-12 11:53:43] [TIKTOK] unknown
[2026-01-12 11:53:43] [GA4] purchase
[2026-01-12 19:41:37] [FACEBOOK] unknown
[2026-01-12 19:41:38] [TIKTOK] unknown
[2026-01-12 19:41:38] [GA4] purchase
[2026-01-12 20:41:35] [FACEBOOK] unknown
[2026-01-12 20:41:36] [TIKTOK] unknown
[2026-01-12 20:41:36] [GA4] purchase
[2026-01-12 20:42:28] [FACEBOOK] unknown
[2026-01-12 20:42:28] [TIKTOK] unknown
[2026-01-12 20:42:28] [GA4] purchase
[2026-01-12 20:43:20] [FACEBOOK] unknown
[2026-01-12 20:43:20] [TIKTOK] unknown
[2026-01-12 20:43:20] [GA4] purchase
[2026-01-12 20:47:06] [FACEBOOK] unknown
[2026-01-12 20:47:07] [TIKTOK] unknown
[2026-01-12 20:47:07] [GA4] purchase
[2026-01-12 20:53:07] [FACEBOOK] unknown
[2026-01-12 20:53:08] [TIKTOK] unknown
[2026-01-12 20:53:08] [GA4] purchase
[2026-01-12 20:57:27] [FACEBOOK] unknown
[2026-01-12 20:57:27] [TIKTOK] unknown
[2026-01-12 20:57:27] [GA4] purchase
[2026-01-12 20:57:33] [FACEBOOK] unknown
[2026-01-12 20:57:33] [TIKTOK] unknown
[2026-01-12 20:57:33] [GA4] purchase
[2026-01-12 21:01:35] [FACEBOOK] unknown
[2026-01-12 21:01:36] [TIKTOK] unknown
[2026-01-12 21:01:36] [GA4] purchase
[2026-01-12 21:10:26] [FACEBOOK] unknown
[2026-01-12 21:10:26] [TIKTOK] unknown
[2026-01-12 21:10:26] [GA4] purchase
[2026-01-12 21:18:24] [FACEBOOK] unknown
[2026-01-12 21:18:24] [TIKTOK] unknown
[2026-01-12 21:18:25] [GA4] purchase
[2026-01-13 04:45:23] [FACEBOOK] unknown
[2026-01-13 04:45:24] [TIKTOK] unknown
[2026-01-13 04:45:24] [GA4] purchase
[2026-01-13 04:45:29] [FACEBOOK] unknown
[2026-01-13 04:45:29] [TIKTOK] unknown
[2026-01-13 04:45:29] [GA4] purchase
[2026-01-13 05:54:06] [FACEBOOK] unknown
[2026-01-13 05:54:06] [TIKTOK] unknown
[2026-01-13 05:54:07] [GA4] purchase
[2026-01-13 06:56:40] [FACEBOOK] unknown
[2026-01-13 06:56:40] [TIKTOK] unknown
[2026-01-13 06:56:40] [GA4] purchase
[2026-01-13 06:56:49] [FACEBOOK] unknown
[2026-01-13 06:56:49] [TIKTOK] unknown
[2026-01-13 06:56:49] [GA4] purchase
[2026-01-13 07:40:36] [FACEBOOK] unknown
[2026-01-13 07:40:37] [TIKTOK] unknown
[2026-01-13 07:40:37] [GA4] purchase
[2026-01-13 07:41:54] [FACEBOOK] unknown
[2026-01-13 07:41:55] [TIKTOK] unknown
[2026-01-13 07:41:55] [GA4] purchase
[2026-01-13 07:44:12] [FACEBOOK] unknown
[2026-01-13 07:44:12] [TIKTOK] unknown
[2026-01-13 07:44:12] [GA4] purchase
[2026-01-13 07:45:11] [FACEBOOK] unknown
[2026-01-13 07:45:11] [TIKTOK] unknown
[2026-01-13 07:45:11] [GA4] purchase
[2026-01-13 07:52:10] [FACEBOOK] unknown
[2026-01-13 07:52:10] [TIKTOK] unknown
[2026-01-13 07:52:10] [GA4] purchase
[2026-01-13 07:58:16] [FACEBOOK] unknown
[2026-01-13 07:58:17] [TIKTOK] unknown
[2026-01-13 07:58:17] [GA4] purchase
[2026-01-13 07:58:43] [FACEBOOK] unknown
[2026-01-13 07:58:43] [TIKTOK] unknown
[2026-01-13 07:58:43] [GA4] purchase
[2026-01-13 08:04:41] [FACEBOOK] unknown
[2026-01-13 08:04:41] [TIKTOK] unknown
[2026-01-13 08:04:41] [GA4] purchase
[2026-01-13 08:14:08] [FACEBOOK] unknown
[2026-01-13 08:14:08] [TIKTOK] unknown
[2026-01-13 08:14:09] [GA4] purchase
[2026-01-13 08:17:59] [FACEBOOK] unknown
[2026-01-13 08:17:59] [TIKTOK] unknown
[2026-01-13 08:18:00] [GA4] purchase
[2026-01-13 11:46:44] [FACEBOOK] unknown
[2026-01-13 11:46:44] [TIKTOK] unknown
[2026-01-13 11:46:44] [GA4] purchase
[2026-01-13 11:46:56] [FACEBOOK] unknown
[2026-01-13 11:46:56] [TIKTOK] unknown
[2026-01-13 11:46:56] [GA4] purchase
[2026-01-13 11:48:28] [FACEBOOK] unknown
[2026-01-13 11:48:29] [TIKTOK] unknown
[2026-01-13 11:48:29] [GA4] purchase
[2026-01-13 11:48:33] [FACEBOOK] unknown
[2026-01-13 11:48:33] [TIKTOK] unknown
[2026-01-13 11:48:33] [GA4] purchase
[2026-01-13 16:46:25] [FACEBOOK] unknown
[2026-01-13 16:46:25] [TIKTOK] unknown
[2026-01-13 16:46:26] [GA4] purchase
[2026-01-13 18:44:51] [FACEBOOK] unknown
[2026-01-13 18:44:51] [TIKTOK] unknown
[2026-01-13 18:44:52] [GA4] purchase
[2026-01-13 18:45:40] [FACEBOOK] unknown
[2026-01-13 18:45:40] [TIKTOK] unknown
[2026-01-13 18:45:40] [GA4] purchase
[2026-01-13 18:46:17] [FACEBOOK] unknown
[2026-01-13 18:46:17] [TIKTOK] unknown
[2026-01-13 18:46:17] [GA4] purchase
[2026-01-13 18:46:33] [FACEBOOK] unknown
[2026-01-13 18:46:33] [TIKTOK] unknown
[2026-01-13 18:46:33] [GA4] purchase
[2026-01-13 18:49:33] [FACEBOOK] unknown
[2026-01-13 18:49:33] [TIKTOK] unknown
[2026-01-13 18:49:33] [GA4] purchase
[2026-01-13 18:58:28] [FACEBOOK] unknown
[2026-01-13 18:58:28] [TIKTOK] unknown
[2026-01-13 18:58:28] [GA4] purchase
[2026-01-13 19:04:47] [FACEBOOK] unknown
[2026-01-13 19:04:48] [TIKTOK] unknown
[2026-01-13 19:04:48] [GA4] purchase
[2026-01-13 19:04:52] [FACEBOOK] unknown
[2026-01-13 19:04:52] [TIKTOK] unknown
[2026-01-13 19:04:53] [GA4] purchase
[2026-01-13 19:09:55] [FACEBOOK] unknown
[2026-01-13 19:09:55] [TIKTOK] unknown
[2026-01-13 19:09:55] [GA4] purchase
[2026-01-13 19:16:31] [FACEBOOK] unknown
[2026-01-13 19:16:31] [TIKTOK] unknown
[2026-01-13 19:16:31] [GA4] purchase
[2026-01-14 03:46:56] [FACEBOOK] unknown
[2026-01-14 03:46:57] [TIKTOK] unknown
[2026-01-14 03:46:57] [GA4] purchase
[2026-01-14 05:42:55] [FACEBOOK] unknown
[2026-01-14 05:42:55] [TIKTOK] unknown
[2026-01-14 05:42:56] [GA4] purchase
[2026-01-14 05:43:42] [FACEBOOK] unknown
[2026-01-14 05:43:43] [TIKTOK] unknown
[2026-01-14 05:43:43] [GA4] purchase
[2026-01-14 05:44:53] [FACEBOOK] unknown
[2026-01-14 05:44:53] [TIKTOK] unknown
[2026-01-14 05:44:53] [GA4] purchase
[2026-01-14 05:46:38] [FACEBOOK] unknown
[2026-01-14 05:46:38] [TIKTOK] unknown
[2026-01-14 05:46:38] [GA4] purchase
[2026-01-14 05:55:43] [FACEBOOK] unknown
[2026-01-14 05:55:43] [TIKTOK] unknown
[2026-01-14 05:55:43] [GA4] purchase
[2026-01-14 05:59:08] [FACEBOOK] unknown
[2026-01-14 05:59:08] [TIKTOK] unknown
[2026-01-14 05:59:08] [GA4] purchase
[2026-01-14 06:00:02] [FACEBOOK] unknown
[2026-01-14 06:00:02] [TIKTOK] unknown
[2026-01-14 06:00:03] [GA4] purchase
[2026-01-14 06:05:22] [FACEBOOK] unknown
[2026-01-14 06:05:23] [TIKTOK] unknown
[2026-01-14 06:05:23] [GA4] purchase
[2026-01-14 06:15:51] [FACEBOOK] unknown
[2026-01-14 06:15:51] [TIKTOK] unknown
[2026-01-14 06:15:51] [GA4] purchase
[2026-01-14 06:15:59] [FACEBOOK] unknown
[2026-01-14 06:16:00] [TIKTOK] unknown
[2026-01-14 06:16:00] [GA4] purchase
[2026-01-14 14:43:44] [FACEBOOK] unknown
[2026-01-14 14:43:44] [TIKTOK] unknown
[2026-01-14 14:43:45] [GA4] purchase
[2026-01-14 16:42:10] [FACEBOOK] unknown
[2026-01-14 16:42:11] [TIKTOK] unknown
[2026-01-14 16:42:11] [GA4] purchase
[2026-01-14 16:44:23] [FACEBOOK] unknown
[2026-01-14 16:44:24] [TIKTOK] unknown
[2026-01-14 16:44:24] [GA4] purchase
[2026-01-14 16:45:10] [FACEBOOK] unknown
[2026-01-14 16:45:10] [TIKTOK] unknown
[2026-01-14 16:45:10] [GA4] purchase
[2026-01-14 16:45:21] [FACEBOOK] unknown
[2026-01-14 16:45:21] [TIKTOK] unknown
[2026-01-14 16:45:21] [GA4] purchase
[2026-01-14 16:52:32] [FACEBOOK] unknown
[2026-01-14 16:52:32] [TIKTOK] unknown
[2026-01-14 16:52:33] [GA4] purchase
[2026-01-14 16:57:28] [FACEBOOK] unknown
[2026-01-14 16:57:29] [TIKTOK] unknown
[2026-01-14 16:57:29] [GA4] purchase
[2026-01-14 16:58:24] [FACEBOOK] unknown
[2026-01-14 16:58:25] [TIKTOK] unknown
[2026-01-14 16:58:25] [GA4] purchase
[2026-01-14 17:05:56] [FACEBOOK] unknown
[2026-01-14 17:05:56] [TIKTOK] unknown
[2026-01-14 17:05:56] [GA4] purchase
[2026-01-14 17:14:28] [FACEBOOK] unknown
[2026-01-14 17:14:29] [TIKTOK] unknown
[2026-01-14 17:14:29] [GA4] purchase
[2026-01-14 17:16:10] [FACEBOOK] unknown
[2026-01-14 17:16:10] [TIKTOK] unknown
[2026-01-14 17:16:10] [GA4] purchase
[2026-01-15 01:40:36] [FACEBOOK] unknown
[2026-01-15 01:40:36] [TIKTOK] unknown
[2026-01-15 01:40:36] [GA4] purchase
[2026-01-15 03:45:12] [FACEBOOK] unknown
[2026-01-15 03:45:13] [TIKTOK] unknown
[2026-01-15 03:45:13] [GA4] purchase
[2026-01-15 03:45:30] [FACEBOOK] unknown
[2026-01-15 03:45:30] [TIKTOK] unknown
[2026-01-15 03:45:30] [GA4] purchase
[2026-01-15 03:46:17] [FACEBOOK] unknown
[2026-01-15 03:46:17] [TIKTOK] unknown
[2026-01-15 03:46:17] [GA4] purchase
[2026-01-15 03:46:49] [FACEBOOK] unknown
[2026-01-15 03:46:50] [TIKTOK] unknown
[2026-01-15 03:46:50] [GA4] purchase
[2026-01-15 03:54:21] [FACEBOOK] unknown
[2026-01-15 03:54:21] [TIKTOK] unknown
[2026-01-15 03:54:22] [GA4] purchase
[2026-01-15 03:59:56] [FACEBOOK] unknown
[2026-01-15 03:59:56] [TIKTOK] unknown
[2026-01-15 03:59:56] [GA4] purchase
[2026-01-15 04:00:31] [FACEBOOK] unknown
[2026-01-15 04:00:31] [TIKTOK] unknown
[2026-01-15 04:00:32] [GA4] purchase
[2026-01-15 04:07:23] [FACEBOOK] unknown
[2026-01-15 04:07:23] [TIKTOK] unknown
[2026-01-15 04:07:24] [GA4] purchase
[2026-01-15 04:14:10] [FACEBOOK] unknown
[2026-01-15 04:14:11] [TIKTOK] unknown
[2026-01-15 04:14:11] [GA4] purchase
[2026-01-15 04:23:25] [FACEBOOK] unknown
[2026-01-15 04:23:25] [TIKTOK] unknown
[2026-01-15 04:23:25] [GA4] purchase
[2026-01-15 12:48:32] [FACEBOOK] unknown
[2026-01-15 12:48:33] [TIKTOK] unknown
[2026-01-15 12:48:33] [GA4] purchase
[2026-01-15 14:40:27] [FACEBOOK] unknown
[2026-01-15 14:40:27] [TIKTOK] unknown
[2026-01-15 14:40:28] [GA4] purchase
[2026-01-15 14:41:21] [FACEBOOK] unknown
[2026-01-15 14:41:22] [TIKTOK] unknown
[2026-01-15 14:41:22] [GA4] purchase
[2026-01-15 14:44:16] [FACEBOOK] unknown
[2026-01-15 14:44:17] [TIKTOK] unknown
[2026-01-15 14:44:17] [GA4] purchase
[2026-01-15 14:44:46] [FACEBOOK] unknown
[2026-01-15 14:44:46] [TIKTOK] unknown
[2026-01-15 14:44:46] [GA4] purchase
[2026-01-15 14:51:41] [FACEBOOK] unknown
[2026-01-15 14:51:41] [TIKTOK] unknown
[2026-01-15 14:51:42] [GA4] purchase
[2026-01-15 14:57:30] [FACEBOOK] unknown
[2026-01-15 14:57:30] [TIKTOK] unknown
[2026-01-15 14:57:30] [GA4] purchase
[2026-01-15 14:57:37] [FACEBOOK] unknown
[2026-01-15 14:57:37] [TIKTOK] unknown
[2026-01-15 14:57:38] [GA4] purchase
[2026-01-15 15:02:30] [FACEBOOK] unknown
[2026-01-15 15:02:30] [TIKTOK] unknown
[2026-01-15 15:02:31] [GA4] purchase
[2026-01-15 15:06:52] [FACEBOOK] unknown
[2026-01-15 15:06:53] [TIKTOK] unknown
[2026-01-15 15:06:53] [GA4] purchase
[2026-01-15 15:10:53] [FACEBOOK] unknown
[2026-01-15 15:10:53] [TIKTOK] unknown
[2026-01-15 15:10:53] [GA4] purchase
[2026-01-15 23:46:39] [FACEBOOK] unknown
[2026-01-15 23:46:40] [TIKTOK] unknown
[2026-01-15 23:46:40] [GA4] purchase
[2026-01-16 01:47:20] [FACEBOOK] unknown
[2026-01-16 01:47:20] [TIKTOK] unknown
[2026-01-16 01:47:21] [GA4] purchase
[2026-01-16 01:47:32] [FACEBOOK] unknown
[2026-01-16 01:47:32] [TIKTOK] unknown
[2026-01-16 01:47:33] [GA4] purchase
[2026-01-16 01:48:23] [FACEBOOK] unknown
[2026-01-16 01:48:23] [TIKTOK] unknown
[2026-01-16 01:48:24] [GA4] purchase
[2026-01-16 01:52:12] [FACEBOOK] unknown
[2026-01-16 01:52:12] [TIKTOK] unknown
[2026-01-16 01:52:12] [GA4] purchase
[2026-01-16 02:01:45] [FACEBOOK] unknown
[2026-01-16 02:01:45] [TIKTOK] unknown
[2026-01-16 02:01:45] [GA4] purchase
[2026-01-16 02:05:06] [FACEBOOK] unknown
[2026-01-16 02:05:06] [TIKTOK] unknown
[2026-01-16 02:05:06] [GA4] purchase
[2026-01-16 02:05:14] [FACEBOOK] unknown
[2026-01-16 02:05:14] [TIKTOK] unknown
[2026-01-16 02:05:14] [GA4] purchase
[2026-01-16 02:08:24] [FACEBOOK] unknown
[2026-01-16 02:08:24] [TIKTOK] unknown
[2026-01-16 02:08:26] [GA4] purchase
[2026-01-16 02:16:43] [FACEBOOK] unknown
[2026-01-16 02:16:44] [TIKTOK] unknown
[2026-01-16 02:16:44] [GA4] purchase
[2026-01-16 02:24:06] [FACEBOOK] unknown
[2026-01-16 02:24:06] [TIKTOK] unknown
[2026-01-16 02:24:06] [GA4] purchase
[2026-01-16 10:27:42] [FACEBOOK] unknown
[2026-01-16 10:27:42] [TIKTOK] unknown
[2026-01-16 10:27:42] [GA4] purchase
[2026-01-16 10:27:45] [FACEBOOK] unknown
[2026-01-16 10:27:45] [TIKTOK] unknown
[2026-01-16 10:27:45] [GA4] purchase
[2026-01-16 10:42:55] [FACEBOOK] unknown
[2026-01-16 10:42:55] [TIKTOK] unknown
[2026-01-16 10:42:56] [GA4] purchase
[2026-01-16 12:41:46] [FACEBOOK] unknown
[2026-01-16 12:41:46] [TIKTOK] unknown
[2026-01-16 12:41:56] [GA4] purchase
[2026-01-16 12:42:26] [FACEBOOK] unknown
[2026-01-16 12:42:26] [TIKTOK] unknown
[2026-01-16 12:42:26] [GA4] purchase
[2026-01-16 12:44:12] [FACEBOOK] unknown
[2026-01-16 12:44:12] [TIKTOK] unknown
[2026-01-16 12:44:13] [GA4] purchase
[2026-01-16 12:45:34] [FACEBOOK] unknown
[2026-01-16 12:45:34] [TIKTOK] unknown
[2026-01-16 12:45:35] [GA4] purchase
[2026-01-16 12:51:12] [FACEBOOK] unknown
[2026-01-16 12:51:12] [TIKTOK] unknown
[2026-01-16 12:51:13] [GA4] purchase
[2026-01-16 13:00:00] [FACEBOOK] unknown
[2026-01-16 13:00:00] [TIKTOK] unknown
[2026-01-16 13:00:00] [GA4] purchase
[2026-01-16 13:04:17] [FACEBOOK] unknown
[2026-01-16 13:04:17] [TIKTOK] unknown
[2026-01-16 13:04:17] [GA4] purchase
[2026-01-16 13:11:58] [FACEBOOK] unknown
[2026-01-16 13:11:58] [TIKTOK] unknown
[2026-01-16 13:11:59] [GA4] purchase
[2026-01-16 13:17:34] [FACEBOOK] unknown
[2026-01-16 13:17:34] [TIKTOK] unknown
[2026-01-16 13:17:35] [GA4] purchase
[2026-01-16 13:17:36] [FACEBOOK] unknown
[2026-01-16 13:17:36] [TIKTOK] unknown
[2026-01-16 13:17:36] [GA4] purchase
[2026-01-16 13:18:46] [FACEBOOK] unknown
[2026-01-16 13:18:46] [TIKTOK] unknown
[2026-01-16 13:18:46] [GA4] purchase
[2026-01-16 21:41:17] [FACEBOOK] unknown
[2026-01-16 21:41:18] [TIKTOK] unknown
[2026-01-16 21:41:18] [GA4] purchase
[2026-01-16 23:40:20] [FACEBOOK] unknown
[2026-01-16 23:40:20] [TIKTOK] unknown
[2026-01-16 23:40:20] [GA4] purchase
[2026-01-16 23:45:34] [FACEBOOK] unknown
[2026-01-16 23:45:35] [TIKTOK] unknown
[2026-01-16 23:45:35] [GA4] purchase
[2026-01-16 23:46:40] [FACEBOOK] unknown
[2026-01-16 23:46:40] [TIKTOK] unknown
[2026-01-16 23:46:41] [GA4] purchase
[2026-01-16 23:47:01] [FACEBOOK] unknown
[2026-01-16 23:47:01] [TIKTOK] unknown
[2026-01-16 23:47:01] [GA4] purchase
[2026-01-17 00:01:20] [FACEBOOK] unknown
[2026-01-17 00:01:20] [TIKTOK] unknown
[2026-01-17 00:01:21] [GA4] purchase
[2026-01-17 00:02:32] [FACEBOOK] unknown
[2026-01-17 00:02:33] [TIKTOK] unknown
[2026-01-17 00:02:33] [GA4] purchase
[2026-01-17 00:07:54] [FACEBOOK] unknown
[2026-01-17 00:07:54] [TIKTOK] unknown
[2026-01-17 00:07:54] [GA4] purchase
[2026-01-17 00:07:57] [FACEBOOK] unknown
[2026-01-17 00:07:57] [TIKTOK] unknown
[2026-01-17 00:07:57] [GA4] purchase
[2026-01-17 00:22:26] [FACEBOOK] unknown
[2026-01-17 00:22:26] [TIKTOK] unknown
[2026-01-17 00:22:26] [GA4] purchase
[2026-01-17 00:24:33] [FACEBOOK] unknown
[2026-01-17 00:24:33] [TIKTOK] unknown
[2026-01-17 00:24:33] [GA4] purchase
[2026-01-17 08:54:24] [FACEBOOK] unknown
[2026-01-17 08:54:25] [TIKTOK] unknown
[2026-01-17 08:54:25] [GA4] purchase
[2026-01-17 10:39:11] [FACEBOOK] unknown
[2026-01-17 10:39:11] [TIKTOK] unknown
[2026-01-17 10:39:11] [GA4] purchase
[2026-01-17 10:44:52] [FACEBOOK] unknown
[2026-01-17 10:44:52] [TIKTOK] unknown
[2026-01-17 10:44:52] [GA4] purchase
[2026-01-17 10:48:40] [FACEBOOK] unknown
[2026-01-17 10:48:40] [TIKTOK] unknown
[2026-01-17 10:48:40] [GA4] purchase
[2026-01-17 10:49:18] [FACEBOOK] unknown
[2026-01-17 10:49:19] [TIKTOK] unknown
[2026-01-17 10:49:19] [GA4] purchase
[2026-01-17 10:55:09] [FACEBOOK] unknown
[2026-01-17 10:55:09] [TIKTOK] unknown
[2026-01-17 10:55:10] [GA4] purchase
[2026-01-17 11:07:09] [FACEBOOK] unknown
[2026-01-17 11:07:09] [TIKTOK] unknown
[2026-01-17 11:07:09] [GA4] purchase
[2026-01-17 11:07:44] [FACEBOOK] unknown
[2026-01-17 11:07:44] [TIKTOK] unknown
[2026-01-17 11:07:44] [GA4] purchase
[2026-01-17 11:19:23] [FACEBOOK] unknown
[2026-01-17 11:19:24] [TIKTOK] unknown
[2026-01-17 11:19:24] [GA4] purchase
[2026-01-17 11:29:19] [FACEBOOK] unknown
[2026-01-17 11:29:19] [TIKTOK] unknown
[2026-01-17 11:29:19] [GA4] purchase
[2026-01-17 11:29:26] [FACEBOOK] unknown
[2026-01-17 11:29:27] [TIKTOK] unknown
[2026-01-17 11:29:27] [GA4] purchase
[2026-01-17 19:53:56] [FACEBOOK] unknown
[2026-01-17 19:53:56] [TIKTOK] unknown
[2026-01-17 19:53:56] [GA4] purchase
[2026-01-17 21:46:27] [FACEBOOK] unknown
[2026-01-17 21:46:27] [TIKTOK] unknown
[2026-01-17 21:46:27] [GA4] purchase
[2026-01-17 21:47:39] [FACEBOOK] unknown
[2026-01-17 21:47:39] [TIKTOK] unknown
[2026-01-17 21:47:39] [GA4] purchase
[2026-01-17 21:50:36] [FACEBOOK] unknown
[2026-01-17 21:50:37] [TIKTOK] unknown
[2026-01-17 21:50:37] [GA4] purchase
[2026-01-17 21:50:45] [FACEBOOK] unknown
[2026-01-17 21:50:45] [TIKTOK] unknown
[2026-01-17 21:50:45] [GA4] purchase
[2026-01-17 21:58:32] [FACEBOOK] unknown
[2026-01-17 21:58:32] [TIKTOK] unknown
[2026-01-17 21:58:32] [GA4] purchase
[2026-01-17 22:07:27] [FACEBOOK] unknown
[2026-01-17 22:07:27] [TIKTOK] unknown
[2026-01-17 22:07:28] [GA4] purchase
[2026-01-17 22:10:14] [FACEBOOK] unknown
[2026-01-17 22:10:14] [TIKTOK] unknown
[2026-01-17 22:10:14] [GA4] purchase
[2026-01-17 22:10:17] [FACEBOOK] unknown
[2026-01-17 22:10:18] [TIKTOK] unknown
[2026-01-17 22:10:18] [GA4] purchase
[2026-01-17 22:22:08] [FACEBOOK] unknown
[2026-01-17 22:22:08] [TIKTOK] unknown
[2026-01-17 22:22:09] [GA4] purchase
[2026-01-17 22:29:54] [FACEBOOK] unknown
[2026-01-17 22:29:54] [TIKTOK] unknown
[2026-01-17 22:29:54] [GA4] purchase
[2026-01-18 02:03:52] [FACEBOOK] unknown
[2026-01-18 02:03:52] [TIKTOK] unknown
[2026-01-18 02:03:52] [GA4] purchase
[2026-01-18 02:04:00] [FACEBOOK] unknown
[2026-01-18 02:04:00] [TIKTOK] unknown
[2026-01-18 02:04:00] [GA4] purchase
[2026-01-18 02:05:35] [FACEBOOK] unknown
[2026-01-18 02:05:36] [TIKTOK] unknown
[2026-01-18 02:05:36] [GA4] purchase
[2026-01-18 02:05:39] [FACEBOOK] unknown
[2026-01-18 02:05:40] [TIKTOK] unknown
[2026-01-18 02:05:40] [GA4] purchase
[2026-01-18 06:47:06] [FACEBOOK] unknown
[2026-01-18 06:47:06] [TIKTOK] unknown
[2026-01-18 06:47:06] [GA4] purchase
[2026-01-18 08:45:45] [FACEBOOK] unknown
[2026-01-18 08:45:45] [TIKTOK] unknown
[2026-01-18 08:45:46] [GA4] purchase
[2026-01-18 08:45:54] [FACEBOOK] unknown
[2026-01-18 08:45:54] [TIKTOK] unknown
[2026-01-18 08:45:54] [GA4] purchase
[2026-01-18 08:53:25] [FACEBOOK] unknown
[2026-01-18 08:53:25] [TIKTOK] unknown
[2026-01-18 08:53:26] [GA4] purchase
[2026-01-18 08:53:48] [FACEBOOK] unknown
[2026-01-18 08:53:48] [TIKTOK] unknown
[2026-01-18 08:53:49] [GA4] purchase
[2026-01-18 09:00:20] [FACEBOOK] unknown
[2026-01-18 09:00:20] [TIKTOK] unknown
[2026-01-18 09:00:20] [GA4] purchase
[2026-01-18 09:01:12] [FACEBOOK] unknown
[2026-01-18 09:01:12] [TIKTOK] unknown
[2026-01-18 09:01:12] [GA4] purchase
[2026-01-18 09:05:16] [FACEBOOK] unknown
[2026-01-18 09:05:16] [TIKTOK] unknown
[2026-01-18 09:05:17] [GA4] purchase
[2026-01-18 09:05:19] [FACEBOOK] unknown
[2026-01-18 09:05:20] [TIKTOK] unknown
[2026-01-18 09:05:20] [GA4] purchase
[2026-01-18 09:12:16] [FACEBOOK] unknown
[2026-01-18 09:12:16] [TIKTOK] unknown
[2026-01-18 09:12:16] [GA4] purchase
[2026-01-18 09:20:19] [FACEBOOK] unknown
[2026-01-18 09:20:19] [TIKTOK] unknown
[2026-01-18 09:20:19] [GA4] purchase
[2026-01-18 13:25:38] [FACEBOOK] unknown
[2026-01-18 13:25:39] [TIKTOK] unknown
[2026-01-18 13:25:39] [GA4] purchase
[2026-01-18 13:25:51] [FACEBOOK] unknown
[2026-01-18 13:25:52] [TIKTOK] unknown
[2026-01-18 13:25:52] [GA4] purchase
[2026-01-18 13:27:27] [FACEBOOK] unknown
[2026-01-18 13:27:27] [TIKTOK] unknown
[2026-01-18 13:27:27] [GA4] purchase
[2026-01-18 13:27:32] [FACEBOOK] unknown
[2026-01-18 13:27:32] [TIKTOK] unknown
[2026-01-18 13:27:33] [GA4] purchase
[2026-01-18 17:44:25] [FACEBOOK] unknown
[2026-01-18 17:44:25] [TIKTOK] unknown
[2026-01-18 17:44:25] [GA4] purchase
[2026-01-18 19:47:46] [FACEBOOK] unknown
[2026-01-18 19:47:46] [TIKTOK] unknown
[2026-01-18 19:47:46] [GA4] purchase
[2026-01-18 19:48:51] [FACEBOOK] unknown
[2026-01-18 19:48:51] [TIKTOK] unknown
[2026-01-18 19:48:51] [GA4] purchase
[2026-01-18 19:48:53] [FACEBOOK] unknown
[2026-01-18 19:48:54] [TIKTOK] unknown
[2026-01-18 19:48:54] [GA4] purchase
[2026-01-18 19:48:58] [FACEBOOK] unknown
[2026-01-18 19:48:58] [TIKTOK] unknown
[2026-01-18 19:48:58] [GA4] purchase
[2026-01-18 19:50:20] [FACEBOOK] unknown
[2026-01-18 19:50:21] [TIKTOK] unknown
[2026-01-18 19:50:21] [GA4] purchase
[2026-01-18 19:51:48] [FACEBOOK] unknown
[2026-01-18 19:51:48] [TIKTOK] unknown
[2026-01-18 19:51:48] [GA4] purchase
[2026-01-18 20:02:58] [FACEBOOK] unknown
[2026-01-18 20:02:58] [TIKTOK] unknown
[2026-01-18 20:02:59] [GA4] purchase
[2026-01-18 20:09:25] [FACEBOOK] unknown
[2026-01-18 20:09:26] [TIKTOK] unknown
[2026-01-18 20:09:26] [GA4] purchase
[2026-01-18 20:13:20] [FACEBOOK] unknown
[2026-01-18 20:13:20] [TIKTOK] unknown
[2026-01-18 20:13:21] [GA4] purchase
[2026-01-18 20:13:24] [FACEBOOK] unknown
[2026-01-18 20:13:25] [TIKTOK] unknown
[2026-01-18 20:13:25] [GA4] purchase
[2026-01-18 20:21:20] [FACEBOOK] unknown
[2026-01-18 20:21:20] [TIKTOK] unknown
[2026-01-18 20:21:21] [GA4] purchase
[2026-01-18 20:23:34] [FACEBOOK] unknown
[2026-01-18 20:23:34] [TIKTOK] unknown
[2026-01-18 20:23:34] [GA4] purchase
[2026-01-19 04:47:16] [FACEBOOK] unknown
[2026-01-19 04:47:17] [TIKTOK] unknown
[2026-01-19 04:47:17] [GA4] purchase
[2026-01-19 05:59:00] [FACEBOOK] unknown
[2026-01-19 05:59:00] [TIKTOK] unknown
[2026-01-19 05:59:00] [GA4] purchase
[2026-01-19 05:59:08] [FACEBOOK] unknown
[2026-01-19 05:59:09] [TIKTOK] unknown
[2026-01-19 05:59:09] [GA4] purchase
[2026-01-19 06:00:47] [FACEBOOK] unknown
[2026-01-19 06:00:47] [TIKTOK] unknown
[2026-01-19 06:00:47] [GA4] purchase
[2026-01-19 06:00:50] [FACEBOOK] unknown
[2026-01-19 06:00:51] [TIKTOK] unknown
[2026-01-19 06:00:51] [GA4] purchase
[2026-01-19 06:41:53] [FACEBOOK] unknown
[2026-01-19 06:41:54] [TIKTOK] unknown
[2026-01-19 06:41:54] [GA4] purchase
[2026-01-19 06:44:01] [FACEBOOK] unknown
[2026-01-19 06:44:01] [TIKTOK] unknown
[2026-01-19 06:44:01] [GA4] purchase
[2026-01-19 06:47:23] [FACEBOOK] unknown
[2026-01-19 06:47:23] [TIKTOK] unknown
[2026-01-19 06:47:23] [GA4] purchase
[2026-01-19 06:49:05] [FACEBOOK] unknown
[2026-01-19 06:49:05] [TIKTOK] unknown
[2026-01-19 06:49:05] [GA4] purchase
[2026-01-19 06:49:45] [FACEBOOK] unknown
[2026-01-19 06:49:45] [TIKTOK] unknown
[2026-01-19 06:49:45] [GA4] purchase
[2026-01-19 06:59:45] [FACEBOOK] unknown
[2026-01-19 06:59:45] [TIKTOK] unknown
[2026-01-19 06:59:45] [GA4] purchase
[2026-01-19 07:00:23] [FACEBOOK] unknown
[2026-01-19 07:00:23] [TIKTOK] unknown
[2026-01-19 07:00:23] [GA4] purchase
[2026-01-19 07:10:06] [FACEBOOK] unknown
[2026-01-19 07:10:06] [TIKTOK] unknown
[2026-01-19 07:10:07] [GA4] purchase
[2026-01-19 07:10:09] [FACEBOOK] unknown
[2026-01-19 07:10:09] [TIKTOK] unknown
[2026-01-19 07:10:09] [GA4] purchase
[2026-01-19 07:29:59] [FACEBOOK] unknown
[2026-01-19 07:30:00] [TIKTOK] unknown
[2026-01-19 07:30:00] [GA4] purchase
[2026-01-19 15:40:35] [FACEBOOK] unknown
[2026-01-19 15:40:36] [TIKTOK] unknown
[2026-01-19 15:40:36] [GA4] purchase
[2026-01-19 17:44:43] [FACEBOOK] unknown
[2026-01-19 17:44:43] [TIKTOK] unknown
[2026-01-19 17:44:43] [GA4] purchase
[2026-01-19 17:45:33] [FACEBOOK] unknown
[2026-01-19 17:45:34] [TIKTOK] unknown
[2026-01-19 17:45:34] [GA4] purchase
[2026-01-19 17:49:06] [FACEBOOK] unknown
[2026-01-19 17:49:06] [TIKTOK] unknown
[2026-01-19 17:49:06] [GA4] purchase
[2026-01-19 17:49:20] [FACEBOOK] unknown
[2026-01-19 17:49:21] [TIKTOK] unknown
[2026-01-19 17:49:21] [GA4] purchase
[2026-01-19 17:53:23] [FACEBOOK] unknown
[2026-01-19 17:53:23] [TIKTOK] unknown
[2026-01-19 17:53:24] [GA4] purchase
[2026-01-19 17:59:31] [FACEBOOK] unknown
[2026-01-19 17:59:32] [TIKTOK] unknown
[2026-01-19 17:59:32] [GA4] purchase
[2026-01-19 18:00:14] [FACEBOOK] unknown
[2026-01-19 18:00:15] [TIKTOK] unknown
[2026-01-19 18:00:15] [GA4] purchase
[2026-01-19 18:04:57] [FACEBOOK] unknown
[2026-01-19 18:04:57] [TIKTOK] unknown
[2026-01-19 18:04:58] [GA4] purchase
[2026-01-19 18:18:36] [FACEBOOK] unknown
[2026-01-19 18:18:36] [TIKTOK] unknown
[2026-01-19 18:18:36] [GA4] purchase
[2026-01-19 18:21:12] [FACEBOOK] unknown
[2026-01-19 18:21:12] [TIKTOK] unknown
[2026-01-19 18:21:13] [GA4] purchase
[2026-01-19 20:04:31] [FACEBOOK] unknown
[2026-01-19 20:04:31] [TIKTOK] unknown
[2026-01-19 20:04:31] [GA4] purchase
[2026-01-19 20:04:36] [FACEBOOK] unknown
[2026-01-19 20:04:36] [TIKTOK] unknown
[2026-01-19 20:04:37] [GA4] purchase
[2026-01-20 01:49:42] [FACEBOOK] unknown
[2026-01-20 01:49:43] [TIKTOK] unknown
[2026-01-20 01:49:43] [GA4] purchase
[2026-01-20 04:44:30] [FACEBOOK] unknown
[2026-01-20 04:44:31] [TIKTOK] unknown
[2026-01-20 04:44:31] [GA4] purchase
[2026-01-20 04:44:56] [FACEBOOK] unknown
[2026-01-20 04:44:57] [TIKTOK] unknown
[2026-01-20 04:44:57] [GA4] purchase
[2026-01-20 04:45:57] [FACEBOOK] unknown
[2026-01-20 04:45:58] [TIKTOK] unknown
[2026-01-20 04:45:58] [GA4] purchase
[2026-01-20 04:46:24] [FACEBOOK] unknown
[2026-01-20 04:46:25] [TIKTOK] unknown
[2026-01-20 04:46:26] [GA4] purchase
[2026-01-20 04:58:14] [FACEBOOK] unknown
[2026-01-20 04:58:14] [TIKTOK] unknown
[2026-01-20 04:58:15] [GA4] purchase
[2026-01-20 05:06:09] [FACEBOOK] unknown
[2026-01-20 05:06:09] [TIKTOK] unknown
[2026-01-20 05:06:10] [GA4] purchase
[2026-01-20 05:10:29] [FACEBOOK] unknown
[2026-01-20 05:10:29] [TIKTOK] unknown
[2026-01-20 05:10:29] [GA4] purchase
[2026-01-20 05:10:33] [FACEBOOK] unknown
[2026-01-20 05:10:33] [TIKTOK] unknown
[2026-01-20 05:10:33] [GA4] purchase
[2026-01-20 05:14:33] [FACEBOOK] unknown
[2026-01-20 05:14:34] [TIKTOK] unknown
[2026-01-20 05:14:34] [GA4] purchase
[2026-01-20 05:22:17] [FACEBOOK] unknown
[2026-01-20 05:22:17] [TIKTOK] unknown
[2026-01-20 05:22:17] [GA4] purchase
[2026-01-20 12:50:50] [FACEBOOK] unknown
[2026-01-20 12:50:51] [TIKTOK] unknown
[2026-01-20 12:50:51] [GA4] purchase
[2026-01-20 15:39:28] [FACEBOOK] unknown
[2026-01-20 15:39:28] [TIKTOK] unknown
[2026-01-20 15:39:29] [GA4] purchase
[2026-01-20 15:39:48] [FACEBOOK] unknown
[2026-01-20 15:39:48] [TIKTOK] unknown
[2026-01-20 15:39:48] [GA4] purchase
[2026-01-20 15:43:44] [FACEBOOK] unknown
[2026-01-20 15:43:44] [TIKTOK] unknown
[2026-01-20 15:43:44] [GA4] purchase
[2026-01-20 15:47:21] [FACEBOOK] unknown
[2026-01-20 15:47:22] [TIKTOK] unknown
[2026-01-20 15:47:22] [GA4] purchase
[2026-01-20 15:55:05] [FACEBOOK] unknown
[2026-01-20 15:55:05] [TIKTOK] unknown
[2026-01-20 15:55:06] [GA4] purchase
[2026-01-20 15:58:44] [FACEBOOK] unknown
[2026-01-20 15:58:45] [TIKTOK] unknown
[2026-01-20 15:58:45] [GA4] purchase
[2026-01-20 15:59:53] [FACEBOOK] unknown
[2026-01-20 15:59:53] [TIKTOK] unknown
[2026-01-20 15:59:54] [GA4] purchase
[2026-01-20 16:08:27] [FACEBOOK] unknown
[2026-01-20 16:08:28] [TIKTOK] unknown
[2026-01-20 16:08:28] [GA4] purchase
[2026-01-20 16:14:23] [FACEBOOK] unknown
[2026-01-20 16:14:23] [TIKTOK] unknown
[2026-01-20 16:14:23] [GA4] purchase
[2026-01-20 16:20:51] [FACEBOOK] unknown
[2026-01-20 16:20:51] [TIKTOK] unknown
[2026-01-20 16:20:51] [GA4] purchase
[2026-01-20 19:27:50] [FACEBOOK] Purchase
[2026-01-20 19:27:51] [TIKTOK] Purchase
[2026-01-20 19:27:51] [GA4] purchase
