

[2025-05-20 19:50:09] New request
* Host graph.facebook.com:443 was resolved.
* IPv6: 2a03:2880:f084:a:face:b00c:0:2
* IPv4: 157.240.252.10
*   Trying [2a03:2880:f084:a:face:b00c:0:2]:443...
* ALPN: curl offers h2,http/1.1
*  CAfile: /etc/pki/tls/certs/ca-bundle.crt
*  CApath: none
* SSL connection using TLSv1.3 / TLS_CHACHA20_POLY1305_SHA256 / [blank] / UNDEF
* ALPN: server accepted h2
* Server certificate:
*  subject: C=US; ST=California; L=Menlo Park; O=Meta Platforms, Inc.; CN=*.facebook.com
*  start date: Feb 27 00:00:00 2025 GMT
*  expire date: May 28 23:59:59 2025 GMT
*  subjectAltName: host "graph.facebook.com" matched cert's "*.facebook.com"
*  issuer: C=US; O=DigiCert Inc; OU=www.digicert.com; CN=DigiCert SHA2 High Assurance Server CA
*  SSL certificate verify ok.
*   Certificate level 0: Public key type ? (256/128 Bits/secBits), signed using sha256WithRSAEncryption
*   Certificate level 1: Public key type ? (2048/112 Bits/secBits), signed using sha256WithRSAEncryption
*   Certificate level 2: Public key type ? (2048/112 Bits/secBits), signed using sha1WithRSAEncryption
* Connected to graph.facebook.com (2a03:2880:f084:a:face:b00c:0:2) port 443
* using HTTP/2
* [HTTP/2] [1] OPENED stream for https://graph.facebook.com/v20.0/1678719472762199/events
* [HTTP/2] [1] [:method: POST]
* [HTTP/2] [1] [:scheme: https]
* [HTTP/2] [1] [:authority: graph.facebook.com]
* [HTTP/2] [1] [:path: /v20.0/1678719472762199/events]
* [HTTP/2] [1] [accept: */*]
* [HTTP/2] [1] [content-type: application/json]
* [HTTP/2] [1] [authorization: Bearer EAAmh7hEmLboBO9Rns15MKACUggWffTpcsWwfpP8GKh2P8BXLAtglXldZA3Dc6HdSu8bvZAGR4Cx33k4vaAW3nOpttncIF7fqXMnyZB5aF6ZAmd7MoDRQxt9ATYrkQtPIsGgFuNbZCwZCy2ZAqm1zlBHVErQMFIQr5Tv3roOwCsnbOYqIJ3TJBMNffhRn2ZCocbfHOwZDZD]
* [HTTP/2] [1] [content-length: 588]
> POST /v20.0/1678719472762199/events HTTP/2
Host: graph.facebook.com
Accept: */*
Content-Type: application/json
Authorization: Bearer EAAmh7hEmLboBO9Rns15MKACUggWffTpcsWwfpP8GKh2P8BXLAtglXldZA3Dc6HdSu8bvZAGR4Cx33k4vaAW3nOpttncIF7fqXMnyZB5aF6ZAmd7MoDRQxt9ATYrkQtPIsGgFuNbZCwZCy2ZAqm1zlBHVErQMFIQr5Tv3roOwCsnbOYqIJ3TJBMNffhRn2ZCocbfHOwZDZD
Content-Length: 588

* upload completely sent off: 588 bytes
< HTTP/2 200 
< content-type: application/json; charset=UTF-8
< vary: Origin
< vary: Accept-Encoding
< x-ad-api-version-warning: You are calling a deprecated version of the Ads API.
< cross-origin-resource-policy: cross-origin
< x-app-usage: {"call_count":0,"total_cputime":0,"total_time":0}
< access-control-allow-origin: *
< facebook-api-version: v20.0
< strict-transport-security: max-age=15552000; preload
< pragma: no-cache
< cache-control: private, no-cache, no-store, must-revalidate
< expires: Sat, 01 Jan 2000 00:00:00 GMT
< x-fb-request-id: AJYhEwhsS-vORAStcY7ESgC
< x-fb-trace-id: EB73UdGATA8
< x-fb-rev: 1023015479
< x-fb-debug: gGOl5c4ns/NhbtW53tv+fKZUqisYnRl2aBy2FTdLXOaClW/VnKPnoak1VtkyRKIwg8OvDP352hhf8YNYmPvc6Q==
< content-length: 74
< date: Tue, 20 May 2025 19:50:11 GMT
< x-fb-connection-quality: EXCELLENT; q=0.9, rtt=27, rtx=0, c=10, mss=1380, tbw=3532, tp=-1, tpl=-1, uplat=414, ullat=0
< alt-svc: h3=":443"; ma=86400
< 
* Connection #0 to host graph.facebook.com left intact


[2025-05-20 19:53:54] New request
* Host graph.facebook.com:443 was resolved.
* IPv6: 2a03:2880:f083:10e:face:b00c:0:2
* IPv4: 157.240.253.13
*   Trying [2a03:2880:f083:10e:face:b00c:0:2]:443...
* ALPN: curl offers h2,http/1.1
*  CAfile: /etc/pki/tls/certs/ca-bundle.crt
*  CApath: none
* SSL connection using TLSv1.3 / TLS_CHACHA20_POLY1305_SHA256 / [blank] / UNDEF
* ALPN: server accepted h2
* Server certificate:
*  subject: C=US; ST=California; L=Menlo Park; O=Meta Platforms, Inc.; CN=*.facebook.com
*  start date: Feb 27 00:00:00 2025 GMT
*  expire date: May 28 23:59:59 2025 GMT
*  subjectAltName: host "graph.facebook.com" matched cert's "*.facebook.com"
*  issuer: C=US; O=DigiCert Inc; OU=www.digicert.com; CN=DigiCert SHA2 High Assurance Server CA
*  SSL certificate verify ok.
*   Certificate level 0: Public key type ? (256/128 Bits/secBits), signed using sha256WithRSAEncryption
*   Certificate level 1: Public key type ? (2048/112 Bits/secBits), signed using sha256WithRSAEncryption
*   Certificate level 2: Public key type ? (2048/112 Bits/secBits), signed using sha1WithRSAEncryption
* Connected to graph.facebook.com (2a03:2880:f083:10e:face:b00c:0:2) port 443
* using HTTP/2
* [HTTP/2] [1] OPENED stream for https://graph.facebook.com/v20.0/1678719472762199/events
* [HTTP/2] [1] [:method: POST]
* [HTTP/2] [1] [:scheme: https]
* [HTTP/2] [1] [:authority: graph.facebook.com]
* [HTTP/2] [1] [:path: /v20.0/1678719472762199/events]
* [HTTP/2] [1] [accept: */*]
* [HTTP/2] [1] [content-type: application/json]
* [HTTP/2] [1] [authorization: Bearer EAAmh7hEmLboBO9Rns15MKACUggWffTpcsWwfpP8GKh2P8BXLAtglXldZA3Dc6HdSu8bvZAGR4Cx33k4vaAW3nOpttncIF7fqXMnyZB5aF6ZAmd7MoDRQxt9ATYrkQtPIsGgFuNbZCwZCy2ZAqm1zlBHVErQMFIQr5Tv3roOwCsnbOYqIJ3TJBMNffhRn2ZCocbfHOwZDZD]
* [HTTP/2] [1] [content-length: 588]
> POST /v20.0/1678719472762199/events HTTP/2
Host: graph.facebook.com
Accept: */*
Content-Type: application/json
Authorization: Bearer EAAmh7hEmLboBO9Rns15MKACUggWffTpcsWwfpP8GKh2P8BXLAtglXldZA3Dc6HdSu8bvZAGR4Cx33k4vaAW3nOpttncIF7fqXMnyZB5aF6ZAmd7MoDRQxt9ATYrkQtPIsGgFuNbZCwZCy2ZAqm1zlBHVErQMFIQr5Tv3roOwCsnbOYqIJ3TJBMNffhRn2ZCocbfHOwZDZD
Content-Length: 588

* upload completely sent off: 588 bytes
< HTTP/2 200 
< content-type: application/json; charset=UTF-8
< vary: Origin
< vary: Accept-Encoding
< x-ad-api-version-warning: You are calling a deprecated version of the Ads API.
< cross-origin-resource-policy: cross-origin
< x-app-usage: {"call_count":0,"total_cputime":0,"total_time":0}
< access-control-allow-origin: *
< facebook-api-version: v20.0
< strict-transport-security: max-age=15552000; preload
< pragma: no-cache
< cache-control: private, no-cache, no-store, must-revalidate
< expires: Sat, 01 Jan 2000 00:00:00 GMT
< x-fb-request-id: AHTYb0AH5D2EXYLy6S1KGC1
< x-fb-trace-id: GsRUksdkwG1
< x-fb-rev: 1023015479
< x-fb-debug: r93jpjSDPgCxYWmgZJFhmwj04CUaGW7jLQ4IFEFw+KNhNACIIrzyw5eqjxboWYJgWA8loupECqgIgJ6kQUJbVw==
< content-length: 74
< date: Tue, 20 May 2025 19:53:55 GMT
< x-fb-connection-quality: EXCELLENT; q=0.9, rtt=23, rtx=0, c=10, mss=1380, tbw=3533, tp=-1, tpl=-1, uplat=635, ullat=0
< alt-svc: h3=":443"; ma=86400
< 
* Connection #0 to host graph.facebook.com left intact


[2025-05-20 20:06:51] New request
* Host graph.facebook.com:443 was resolved.
* IPv6: 2a03:2880:f084:a:face:b00c:0:2
* IPv4: 157.240.253.13
*   Trying [2a03:2880:f084:a:face:b00c:0:2]:443...
* ALPN: curl offers h2,http/1.1
*  CAfile: /etc/pki/tls/certs/ca-bundle.crt
*  CApath: none
* SSL connection using TLSv1.3 / TLS_CHACHA20_POLY1305_SHA256 / [blank] / UNDEF
* ALPN: server accepted h2
* Server certificate:
*  subject: C=US; ST=California; L=Menlo Park; O=Meta Platforms, Inc.; CN=*.facebook.com
*  start date: Feb 27 00:00:00 2025 GMT
*  expire date: May 28 23:59:59 2025 GMT
*  subjectAltName: host "graph.facebook.com" matched cert's "*.facebook.com"
*  issuer: C=US; O=DigiCert Inc; OU=www.digicert.com; CN=DigiCert SHA2 High Assurance Server CA
*  SSL certificate verify ok.
*   Certificate level 0: Public key type ? (256/128 Bits/secBits), signed using sha256WithRSAEncryption
*   Certificate level 1: Public key type ? (2048/112 Bits/secBits), signed using sha256WithRSAEncryption
*   Certificate level 2: Public key type ? (2048/112 Bits/secBits), signed using sha1WithRSAEncryption
* Connected to graph.facebook.com (2a03:2880:f084:a:face:b00c:0:2) port 443
* using HTTP/2
* [HTTP/2] [1] OPENED stream for https://graph.facebook.com/v20.0/1678719472762199/events
* [HTTP/2] [1] [:method: POST]
* [HTTP/2] [1] [:scheme: https]
* [HTTP/2] [1] [:authority: graph.facebook.com]
* [HTTP/2] [1] [:path: /v20.0/1678719472762199/events]
* [HTTP/2] [1] [accept: */*]
* [HTTP/2] [1] [content-type: application/json]
* [HTTP/2] [1] [authorization: Bearer EAAmh7hEmLboBO9Rns15MKACUggWffTpcsWwfpP8GKh2P8BXLAtglXldZA3Dc6HdSu8bvZAGR4Cx33k4vaAW3nOpttncIF7fqXMnyZB5aF6ZAmd7MoDRQxt9ATYrkQtPIsGgFuNbZCwZCy2ZAqm1zlBHVErQMFIQr5Tv3roOwCsnbOYqIJ3TJBMNffhRn2ZCocbfHOwZDZD]
* [HTTP/2] [1] [content-length: 572]
> POST /v20.0/1678719472762199/events HTTP/2
Host: graph.facebook.com
Accept: */*
Content-Type: application/json
Authorization: Bearer EAAmh7hEmLboBO9Rns15MKACUggWffTpcsWwfpP8GKh2P8BXLAtglXldZA3Dc6HdSu8bvZAGR4Cx33k4vaAW3nOpttncIF7fqXMnyZB5aF6ZAmd7MoDRQxt9ATYrkQtPIsGgFuNbZCwZCy2ZAqm1zlBHVErQMFIQr5Tv3roOwCsnbOYqIJ3TJBMNffhRn2ZCocbfHOwZDZD
Content-Length: 572

* upload completely sent off: 572 bytes
< HTTP/2 200 
< content-type: application/json; charset=UTF-8
< vary: Origin
< vary: Accept-Encoding
< x-ad-api-version-warning: You are calling a deprecated version of the Ads API.
< cross-origin-resource-policy: cross-origin
< x-app-usage: {"call_count":0,"total_cputime":0,"total_time":0}
< access-control-allow-origin: *
< facebook-api-version: v20.0
< strict-transport-security: max-age=15552000; preload
< pragma: no-cache
< cache-control: private, no-cache, no-store, must-revalidate
< expires: Sat, 01 Jan 2000 00:00:00 GMT
< x-fb-request-id: ApKsrNrhfCT81M4XHow3Jp6
< x-fb-trace-id: BnGvvZb+PmL
< x-fb-rev: 1023015479
< x-fb-debug: V2mljy+InhD/LNIvBpmjoLtVbuWxonzY4vt1G6JAIFW1THuePYtO2ON87VakueraECImsDofGxApgrEbgG3UKA==
< content-length: 74
< date: Tue, 20 May 2025 20:06:53 GMT
< x-fb-connection-quality: EXCELLENT; q=0.9, rtt=24, rtx=0, c=10, mss=1380, tbw=3532, tp=-1, tpl=-1, uplat=559, ullat=0
< alt-svc: h3=":443"; ma=86400
< 
* Connection #0 to host graph.facebook.com left intact


[2025-05-20 20:11:38] New request
* Host graph.facebook.com:443 was resolved.
* IPv6: 2a03:2880:f084:a:face:b00c:0:2
* IPv4: 157.240.253.13
*   Trying [2a03:2880:f084:a:face:b00c:0:2]:443...
* ALPN: curl offers h2,http/1.1
*  CAfile: /etc/pki/tls/certs/ca-bundle.crt
*  CApath: none
* SSL connection using TLSv1.3 / TLS_CHACHA20_POLY1305_SHA256 / [blank] / UNDEF
* ALPN: server accepted h2
* Server certificate:
*  subject: C=US; ST=California; L=Menlo Park; O=Meta Platforms, Inc.; CN=*.facebook.com
*  start date: Feb 27 00:00:00 2025 GMT
*  expire date: May 28 23:59:59 2025 GMT
*  subjectAltName: host "graph.facebook.com" matched cert's "*.facebook.com"
*  issuer: C=US; O=DigiCert Inc; OU=www.digicert.com; CN=DigiCert SHA2 High Assurance Server CA
*  SSL certificate verify ok.
*   Certificate level 0: Public key type ? (256/128 Bits/secBits), signed using sha256WithRSAEncryption
*   Certificate level 1: Public key type ? (2048/112 Bits/secBits), signed using sha256WithRSAEncryption
*   Certificate level 2: Public key type ? (2048/112 Bits/secBits), signed using sha1WithRSAEncryption
* Connected to graph.facebook.com (2a03:2880:f084:a:face:b00c:0:2) port 443
* using HTTP/2
* [HTTP/2] [1] OPENED stream for https://graph.facebook.com/v20.0/1678719472762199/events
* [HTTP/2] [1] [:method: POST]
* [HTTP/2] [1] [:scheme: https]
* [HTTP/2] [1] [:authority: graph.facebook.com]
* [HTTP/2] [1] [:path: /v20.0/1678719472762199/events]
* [HTTP/2] [1] [accept: */*]
* [HTTP/2] [1] [content-type: application/json]
* [HTTP/2] [1] [authorization: Bearer EAAmh7hEmLboBO9Rns15MKACUggWffTpcsWwfpP8GKh2P8BXLAtglXldZA3Dc6HdSu8bvZAGR4Cx33k4vaAW3nOpttncIF7fqXMnyZB5aF6ZAmd7MoDRQxt9ATYrkQtPIsGgFuNbZCwZCy2ZAqm1zlBHVErQMFIQr5Tv3roOwCsnbOYqIJ3TJBMNffhRn2ZCocbfHOwZDZD]
* [HTTP/2] [1] [content-length: 572]
> POST /v20.0/1678719472762199/events HTTP/2
Host: graph.facebook.com
Accept: */*
Content-Type: application/json
Authorization: Bearer EAAmh7hEmLboBO9Rns15MKACUggWffTpcsWwfpP8GKh2P8BXLAtglXldZA3Dc6HdSu8bvZAGR4Cx33k4vaAW3nOpttncIF7fqXMnyZB5aF6ZAmd7MoDRQxt9ATYrkQtPIsGgFuNbZCwZCy2ZAqm1zlBHVErQMFIQr5Tv3roOwCsnbOYqIJ3TJBMNffhRn2ZCocbfHOwZDZD
Content-Length: 572

* upload completely sent off: 572 bytes
< HTTP/2 200 
< content-type: application/json; charset=UTF-8
< vary: Origin
< vary: Accept-Encoding
< x-ad-api-version-warning: You are calling a deprecated version of the Ads API.
< cross-origin-resource-policy: cross-origin
< x-app-usage: {"call_count":0,"total_cputime":0,"total_time":0}
< access-control-allow-origin: *
< facebook-api-version: v20.0
< strict-transport-security: max-age=15552000; preload
< pragma: no-cache
< cache-control: private, no-cache, no-store, must-revalidate
< expires: Sat, 01 Jan 2000 00:00:00 GMT
< x-fb-request-id: APNyIfzCw9VevkuKl9qiraA
< x-fb-trace-id: Hy8MPpt58YY
< x-fb-rev: 1023015479
< x-fb-debug: iN73HrtjzfS5AfpbcNGObk4NQN8rBc1dXqHAmQsOJLj6IDmq6uZ02BDQIRuUTLlPNGV5L4IRbFT0JsdKB0DmGg==
< content-length: 74
< date: Tue, 20 May 2025 20:11:39 GMT
< x-fb-connection-quality: EXCELLENT; q=0.9, rtt=28, rtx=0, c=10, mss=1380, tbw=3534, tp=-1, tpl=-1, uplat=537, ullat=0
< alt-svc: h3=":443"; ma=86400
< 
* Connection #0 to host graph.facebook.com left intact


[2025-05-20 20:12:43] New request
* Host graph.facebook.com:443 was resolved.
* IPv6: 2a03:2880:f084:a:face:b00c:0:2
* IPv4: 157.240.253.13
*   Trying [2a03:2880:f084:a:face:b00c:0:2]:443...
* ALPN: curl offers h2,http/1.1
*  CAfile: /etc/pki/tls/certs/ca-bundle.crt
*  CApath: none
* SSL connection using TLSv1.3 / TLS_CHACHA20_POLY1305_SHA256 / [blank] / UNDEF
* ALPN: server accepted h2
* Server certificate:
*  subject: C=US; ST=California; L=Menlo Park; O=Meta Platforms, Inc.; CN=*.facebook.com
*  start date: Feb 27 00:00:00 2025 GMT
*  expire date: May 28 23:59:59 2025 GMT
*  subjectAltName: host "graph.facebook.com" matched cert's "*.facebook.com"
*  issuer: C=US; O=DigiCert Inc; OU=www.digicert.com; CN=DigiCert SHA2 High Assurance Server CA
*  SSL certificate verify ok.
*   Certificate level 0: Public key type ? (256/128 Bits/secBits), signed using sha256WithRSAEncryption
*   Certificate level 1: Public key type ? (2048/112 Bits/secBits), signed using sha256WithRSAEncryption
*   Certificate level 2: Public key type ? (2048/112 Bits/secBits), signed using sha1WithRSAEncryption
* Connected to graph.facebook.com (2a03:2880:f084:a:face:b00c:0:2) port 443
* using HTTP/2
* [HTTP/2] [1] OPENED stream for https://graph.facebook.com/v20.0/1678719472762199/events
* [HTTP/2] [1] [:method: POST]
* [HTTP/2] [1] [:scheme: https]
* [HTTP/2] [1] [:authority: graph.facebook.com]
* [HTTP/2] [1] [:path: /v20.0/1678719472762199/events]
* [HTTP/2] [1] [accept: */*]
* [HTTP/2] [1] [content-type: application/json]
* [HTTP/2] [1] [authorization: Bearer EAAmh7hEmLboBO9Rns15MKACUggWffTpcsWwfpP8GKh2P8BXLAtglXldZA3Dc6HdSu8bvZAGR4Cx33k4vaAW3nOpttncIF7fqXMnyZB5aF6ZAmd7MoDRQxt9ATYrkQtPIsGgFuNbZCwZCy2ZAqm1zlBHVErQMFIQr5Tv3roOwCsnbOYqIJ3TJBMNffhRn2ZCocbfHOwZDZD]
* [HTTP/2] [1] [content-length: 533]
> POST /v20.0/1678719472762199/events HTTP/2
Host: graph.facebook.com
Accept: */*
Content-Type: application/json
Authorization: Bearer EAAmh7hEmLboBO9Rns15MKACUggWffTpcsWwfpP8GKh2P8BXLAtglXldZA3Dc6HdSu8bvZAGR4Cx33k4vaAW3nOpttncIF7fqXMnyZB5aF6ZAmd7MoDRQxt9ATYrkQtPIsGgFuNbZCwZCy2ZAqm1zlBHVErQMFIQr5Tv3roOwCsnbOYqIJ3TJBMNffhRn2ZCocbfHOwZDZD
Content-Length: 533

* upload completely sent off: 533 bytes
< HTTP/2 200 
< content-type: application/json; charset=UTF-8
< vary: Origin
< vary: Accept-Encoding
< x-ad-api-version-warning: You are calling a deprecated version of the Ads API.
< cross-origin-resource-policy: cross-origin
< x-app-usage: {"call_count":0,"total_cputime":0,"total_time":0}
< access-control-allow-origin: *
< facebook-api-version: v20.0
< strict-transport-security: max-age=15552000; preload
< pragma: no-cache
< cache-control: private, no-cache, no-store, must-revalidate
< expires: Sat, 01 Jan 2000 00:00:00 GMT
< x-fb-request-id: ATN8baTARXjGbzQTXuUcIQS
< x-fb-trace-id: HjWFF66+spF
< x-fb-rev: 1023015479
< x-fb-debug: bktWlzk/07q+ffMVXAgZ8QDmImZjRQCVqUxc3EklODEyjB44YKpcZSDIV7cmTa1THd1qlt026EFDETZmwps6Yg==
< content-length: 74
< date: Tue, 20 May 2025 20:12:44 GMT
< x-fb-connection-quality: EXCELLENT; q=0.9, rtt=29, rtx=0, c=10, mss=1380, tbw=3533, tp=-1, tpl=-1, uplat=552, ullat=0
< alt-svc: h3=":443"; ma=86400
< 
* Connection #0 to host graph.facebook.com left intact


[2025-05-20 20:13:07] New request
* Host graph.facebook.com:443 was resolved.
* IPv6: 2a03:2880:f084:a:face:b00c:0:2
* IPv4: 157.240.253.13
*   Trying [2a03:2880:f084:a:face:b00c:0:2]:443...
* ALPN: curl offers h2,http/1.1
*  CAfile: /etc/pki/tls/certs/ca-bundle.crt
*  CApath: none
* SSL connection using TLSv1.3 / TLS_CHACHA20_POLY1305_SHA256 / [blank] / UNDEF
* ALPN: server accepted h2
* Server certificate:
*  subject: C=US; ST=California; L=Menlo Park; O=Meta Platforms, Inc.; CN=*.facebook.com
*  start date: Feb 27 00:00:00 2025 GMT
*  expire date: May 28 23:59:59 2025 GMT
*  subjectAltName: host "graph.facebook.com" matched cert's "*.facebook.com"
*  issuer: C=US; O=DigiCert Inc; OU=www.digicert.com; CN=DigiCert SHA2 High Assurance Server CA
*  SSL certificate verify ok.
*   Certificate level 0: Public key type ? (256/128 Bits/secBits), signed using sha256WithRSAEncryption
*   Certificate level 1: Public key type ? (2048/112 Bits/secBits), signed using sha256WithRSAEncryption
*   Certificate level 2: Public key type ? (2048/112 Bits/secBits), signed using sha1WithRSAEncryption
* Connected to graph.facebook.com (2a03:2880:f084:a:face:b00c:0:2) port 443
* using HTTP/2
* [HTTP/2] [1] OPENED stream for https://graph.facebook.com/v20.0/1678719472762199/events
* [HTTP/2] [1] [:method: POST]
* [HTTP/2] [1] [:scheme: https]
* [HTTP/2] [1] [:authority: graph.facebook.com]
* [HTTP/2] [1] [:path: /v20.0/1678719472762199/events]
* [HTTP/2] [1] [accept: */*]
* [HTTP/2] [1] [content-type: application/json]
* [HTTP/2] [1] [authorization: Bearer EAAmh7hEmLboBO9Rns15MKACUggWffTpcsWwfpP8GKh2P8BXLAtglXldZA3Dc6HdSu8bvZAGR4Cx33k4vaAW3nOpttncIF7fqXMnyZB5aF6ZAmd7MoDRQxt9ATYrkQtPIsGgFuNbZCwZCy2ZAqm1zlBHVErQMFIQr5Tv3roOwCsnbOYqIJ3TJBMNffhRn2ZCocbfHOwZDZD]
* [HTTP/2] [1] [content-length: 517]
> POST /v20.0/1678719472762199/events HTTP/2
Host: graph.facebook.com
Accept: */*
Content-Type: application/json
Authorization: Bearer EAAmh7hEmLboBO9Rns15MKACUggWffTpcsWwfpP8GKh2P8BXLAtglXldZA3Dc6HdSu8bvZAGR4Cx33k4vaAW3nOpttncIF7fqXMnyZB5aF6ZAmd7MoDRQxt9ATYrkQtPIsGgFuNbZCwZCy2ZAqm1zlBHVErQMFIQr5Tv3roOwCsnbOYqIJ3TJBMNffhRn2ZCocbfHOwZDZD
Content-Length: 517

* upload completely sent off: 517 bytes
< HTTP/2 200 
< content-type: application/json; charset=UTF-8
< vary: Origin
< vary: Accept-Encoding
< x-ad-api-version-warning: You are calling a deprecated version of the Ads API.
< cross-origin-resource-policy: cross-origin
< x-app-usage: {"call_count":0,"total_cputime":0,"total_time":0}
< access-control-allow-origin: *
< facebook-api-version: v20.0
< strict-transport-security: max-age=15552000; preload
< pragma: no-cache
< cache-control: private, no-cache, no-store, must-revalidate
< expires: Sat, 01 Jan 2000 00:00:00 GMT
< x-fb-request-id: AC4laZ24wj118PfaCRSPCa2
< x-fb-trace-id: G/1YsZs76d8
< x-fb-rev: 1023015479
< x-fb-debug: IqmsyJJVO4qRGh7MJssmpujfdy7MyWaR9/PvjU4yjEGPCNfK7uPzeC/vLQE7uRp12yVH3lyaX9uZ/6OCGyzoXA==
< content-length: 74
< date: Tue, 20 May 2025 20:13:08 GMT
< x-fb-connection-quality: EXCELLENT; q=0.9, rtt=24, rtx=0, c=10, mss=1380, tbw=3532, tp=-1, tpl=-1, uplat=498, ullat=0
< alt-svc: h3=":443"; ma=86400
< 
* Connection #0 to host graph.facebook.com left intact


[2025-05-20 20:13:18] New request
* Host graph.facebook.com:443 was resolved.
* IPv6: 2a03:2880:f084:a:face:b00c:0:2
* IPv4: 157.240.252.10
*   Trying [2a03:2880:f084:a:face:b00c:0:2]:443...
* ALPN: curl offers h2,http/1.1
*  CAfile: /etc/pki/tls/certs/ca-bundle.crt
*  CApath: none
* SSL connection using TLSv1.3 / TLS_CHACHA20_POLY1305_SHA256 / [blank] / UNDEF
* ALPN: server accepted h2
* Server certificate:
*  subject: C=US; ST=California; L=Menlo Park; O=Meta Platforms, Inc.; CN=*.facebook.com
*  start date: Feb 27 00:00:00 2025 GMT
*  expire date: May 28 23:59:59 2025 GMT
*  subjectAltName: host "graph.facebook.com" matched cert's "*.facebook.com"
*  issuer: C=US; O=DigiCert Inc; OU=www.digicert.com; CN=DigiCert SHA2 High Assurance Server CA
*  SSL certificate verify ok.
*   Certificate level 0: Public key type ? (256/128 Bits/secBits), signed using sha256WithRSAEncryption
*   Certificate level 1: Public key type ? (2048/112 Bits/secBits), signed using sha256WithRSAEncryption
*   Certificate level 2: Public key type ? (2048/112 Bits/secBits), signed using sha1WithRSAEncryption
* Connected to graph.facebook.com (2a03:2880:f084:a:face:b00c:0:2) port 443
* using HTTP/2
* [HTTP/2] [1] OPENED stream for https://graph.facebook.com/v20.0/1678719472762199/events
* [HTTP/2] [1] [:method: POST]
* [HTTP/2] [1] [:scheme: https]
* [HTTP/2] [1] [:authority: graph.facebook.com]
* [HTTP/2] [1] [:path: /v20.0/1678719472762199/events]
* [HTTP/2] [1] [accept: */*]
* [HTTP/2] [1] [content-type: application/json]
* [HTTP/2] [1] [authorization: Bearer EAAmh7hEmLboBO9Rns15MKACUggWffTpcsWwfpP8GKh2P8BXLAtglXldZA3Dc6HdSu8bvZAGR4Cx33k4vaAW3nOpttncIF7fqXMnyZB5aF6ZAmd7MoDRQxt9ATYrkQtPIsGgFuNbZCwZCy2ZAqm1zlBHVErQMFIQr5Tv3roOwCsnbOYqIJ3TJBMNffhRn2ZCocbfHOwZDZD]
* [HTTP/2] [1] [content-length: 517]
> POST /v20.0/1678719472762199/events HTTP/2
Host: graph.facebook.com
Accept: */*
Content-Type: application/json
Authorization: Bearer EAAmh7hEmLboBO9Rns15MKACUggWffTpcsWwfpP8GKh2P8BXLAtglXldZA3Dc6HdSu8bvZAGR4Cx33k4vaAW3nOpttncIF7fqXMnyZB5aF6ZAmd7MoDRQxt9ATYrkQtPIsGgFuNbZCwZCy2ZAqm1zlBHVErQMFIQr5Tv3roOwCsnbOYqIJ3TJBMNffhRn2ZCocbfHOwZDZD
Content-Length: 517

* upload completely sent off: 517 bytes
< HTTP/2 200 
< content-type: application/json; charset=UTF-8
< vary: Origin
< vary: Accept-Encoding
< x-ad-api-version-warning: You are calling a deprecated version of the Ads API.
< cross-origin-resource-policy: cross-origin
< x-app-usage: {"call_count":0,"total_cputime":0,"total_time":0}
< access-control-allow-origin: *
< facebook-api-version: v20.0
< strict-transport-security: max-age=15552000; preload
< pragma: no-cache
< cache-control: private, no-cache, no-store, must-revalidate
< expires: Sat, 01 Jan 2000 00:00:00 GMT
< x-fb-request-id: A6yJOHS_kvdOfbAsD33QZRq
< x-fb-trace-id: Crf08jyrql+
< x-fb-rev: 1023015479
< x-fb-debug: XdYakVd61ULbiP6ItO5y5ZrVTDbZlAfYAPOCNSXXT5WOaMvZZEOKIy2xjBOCMPha+I4Uy59oTWHym/TDSBJfNw==
< content-length: 74
< date: Tue, 20 May 2025 20:13:20 GMT
< x-fb-connection-quality: EXCELLENT; q=0.9, rtt=27, rtx=0, c=10, mss=1380, tbw=3532, tp=-1, tpl=-1, uplat=524, ullat=0
< alt-svc: h3=":443"; ma=86400
< 
* Connection #0 to host graph.facebook.com left intact


[2025-05-20 20:13:24] New request
* Host graph.facebook.com:443 was resolved.
* IPv6: 2a03:2880:f084:a:face:b00c:0:2
* IPv4: 157.240.252.10
*   Trying [2a03:2880:f084:a:face:b00c:0:2]:443...
* ALPN: curl offers h2,http/1.1
*  CAfile: /etc/pki/tls/certs/ca-bundle.crt
*  CApath: none
* SSL connection using TLSv1.3 / TLS_CHACHA20_POLY1305_SHA256 / [blank] / UNDEF
* ALPN: server accepted h2
* Server certificate:
*  subject: C=US; ST=California; L=Menlo Park; O=Meta Platforms, Inc.; CN=*.facebook.com
*  start date: Feb 27 00:00:00 2025 GMT
*  expire date: May 28 23:59:59 2025 GMT
*  subjectAltName: host "graph.facebook.com" matched cert's "*.facebook.com"
*  issuer: C=US; O=DigiCert Inc; OU=www.digicert.com; CN=DigiCert SHA2 High Assurance Server CA
*  SSL certificate verify ok.
*   Certificate level 0: Public key type ? (256/128 Bits/secBits), signed using sha256WithRSAEncryption
*   Certificate level 1: Public key type ? (2048/112 Bits/secBits), signed using sha256WithRSAEncryption
*   Certificate level 2: Public key type ? (2048/112 Bits/secBits), signed using sha1WithRSAEncryption
* Connected to graph.facebook.com (2a03:2880:f084:a:face:b00c:0:2) port 443
* using HTTP/2
* [HTTP/2] [1] OPENED stream for https://graph.facebook.com/v20.0/1678719472762199/events
* [HTTP/2] [1] [:method: POST]
* [HTTP/2] [1] [:scheme: https]
* [HTTP/2] [1] [:authority: graph.facebook.com]
* [HTTP/2] [1] [:path: /v20.0/1678719472762199/events]
* [HTTP/2] [1] [accept: */*]
* [HTTP/2] [1] [content-type: application/json]
* [HTTP/2] [1] [authorization: Bearer EAAmh7hEmLboBO9Rns15MKACUggWffTpcsWwfpP8GKh2P8BXLAtglXldZA3Dc6HdSu8bvZAGR4Cx33k4vaAW3nOpttncIF7fqXMnyZB5aF6ZAmd7MoDRQxt9ATYrkQtPIsGgFuNbZCwZCy2ZAqm1zlBHVErQMFIQr5Tv3roOwCsnbOYqIJ3TJBMNffhRn2ZCocbfHOwZDZD]
* [HTTP/2] [1] [content-length: 517]
> POST /v20.0/1678719472762199/events HTTP/2
Host: graph.facebook.com
Accept: */*
Content-Type: application/json
Authorization: Bearer EAAmh7hEmLboBO9Rns15MKACUggWffTpcsWwfpP8GKh2P8BXLAtglXldZA3Dc6HdSu8bvZAGR4Cx33k4vaAW3nOpttncIF7fqXMnyZB5aF6ZAmd7MoDRQxt9ATYrkQtPIsGgFuNbZCwZCy2ZAqm1zlBHVErQMFIQr5Tv3roOwCsnbOYqIJ3TJBMNffhRn2ZCocbfHOwZDZD
Content-Length: 517

* upload completely sent off: 517 bytes
< HTTP/2 200 
< content-type: application/json; charset=UTF-8
< vary: Origin
< vary: Accept-Encoding
< x-ad-api-version-warning: You are calling a deprecated version of the Ads API.
< cross-origin-resource-policy: cross-origin
< x-app-usage: {"call_count":0,"total_cputime":0,"total_time":0}
< access-control-allow-origin: *
< facebook-api-version: v20.0
< strict-transport-security: max-age=15552000; preload
< pragma: no-cache
< cache-control: private, no-cache, no-store, must-revalidate
< expires: Sat, 01 Jan 2000 00:00:00 GMT
< x-fb-request-id: AMS4QnJuHMyvS0XM7E0BWwM
< x-fb-trace-id: Hfp5JYCUpZV
< x-fb-rev: 1023015479
< x-fb-debug: kMezPIU9QKCqd2l/5RUHfhzQozgWvpcHMmrquRJ2MvbRNLKOgP/qnyRQXInlpr/6kYjQR7KG5+GXLrDjyl4inQ==
< content-length: 74
< date: Tue, 20 May 2025 20:13:26 GMT
< x-fb-connection-quality: EXCELLENT; q=0.9, rtt=23, rtx=0, c=10, mss=1380, tbw=3534, tp=-1, tpl=-1, uplat=501, ullat=0
< alt-svc: h3=":443"; ma=86400
< 
* Connection #0 to host graph.facebook.com left intact


[2025-05-20 20:13:58] New request
* Host graph.facebook.com:443 was resolved.
* IPv6: 2a03:2880:f084:a:face:b00c:0:2
* IPv4: 157.240.252.10
*   Trying [2a03:2880:f084:a:face:b00c:0:2]:443...
* ALPN: curl offers h2,http/1.1
*  CAfile: /etc/pki/tls/certs/ca-bundle.crt
*  CApath: none
* SSL connection using TLSv1.3 / TLS_CHACHA20_POLY1305_SHA256 / [blank] / UNDEF
* ALPN: server accepted h2
* Server certificate:
*  subject: C=US; ST=California; L=Menlo Park; O=Meta Platforms, Inc.; CN=*.facebook.com
*  start date: Feb 27 00:00:00 2025 GMT
*  expire date: May 28 23:59:59 2025 GMT
*  subjectAltName: host "graph.facebook.com" matched cert's "*.facebook.com"
*  issuer: C=US; O=DigiCert Inc; OU=www.digicert.com; CN=DigiCert SHA2 High Assurance Server CA
*  SSL certificate verify ok.
*   Certificate level 0: Public key type ? (256/128 Bits/secBits), signed using sha256WithRSAEncryption
*   Certificate level 1: Public key type ? (2048/112 Bits/secBits), signed using sha256WithRSAEncryption
*   Certificate level 2: Public key type ? (2048/112 Bits/secBits), signed using sha1WithRSAEncryption
* Connected to graph.facebook.com (2a03:2880:f084:a:face:b00c:0:2) port 443
* using HTTP/2
* [HTTP/2] [1] OPENED stream for https://graph.facebook.com/v20.0/1678719472762199/events
* [HTTP/2] [1] [:method: POST]
* [HTTP/2] [1] [:scheme: https]
* [HTTP/2] [1] [:authority: graph.facebook.com]
* [HTTP/2] [1] [:path: /v20.0/1678719472762199/events]
* [HTTP/2] [1] [accept: */*]
* [HTTP/2] [1] [content-type: application/json]
* [HTTP/2] [1] [authorization: Bearer EAAmh7hEmLboBO9Rns15MKACUggWffTpcsWwfpP8GKh2P8BXLAtglXldZA3Dc6HdSu8bvZAGR4Cx33k4vaAW3nOpttncIF7fqXMnyZB5aF6ZAmd7MoDRQxt9ATYrkQtPIsGgFuNbZCwZCy2ZAqm1zlBHVErQMFIQr5Tv3roOwCsnbOYqIJ3TJBMNffhRn2ZCocbfHOwZDZD]
* [HTTP/2] [1] [content-length: 572]
> POST /v20.0/1678719472762199/events HTTP/2
Host: graph.facebook.com
Accept: */*
Content-Type: application/json
Authorization: Bearer EAAmh7hEmLboBO9Rns15MKACUggWffTpcsWwfpP8GKh2P8BXLAtglXldZA3Dc6HdSu8bvZAGR4Cx33k4vaAW3nOpttncIF7fqXMnyZB5aF6ZAmd7MoDRQxt9ATYrkQtPIsGgFuNbZCwZCy2ZAqm1zlBHVErQMFIQr5Tv3roOwCsnbOYqIJ3TJBMNffhRn2ZCocbfHOwZDZD
Content-Length: 572

* upload completely sent off: 572 bytes
< HTTP/2 200 
< content-type: application/json; charset=UTF-8
< vary: Origin
< vary: Accept-Encoding
< x-ad-api-version-warning: You are calling a deprecated version of the Ads API.
< cross-origin-resource-policy: cross-origin
< x-app-usage: {"call_count":0,"total_cputime":0,"total_time":0}
< access-control-allow-origin: *
< facebook-api-version: v20.0
< strict-transport-security: max-age=15552000; preload
< pragma: no-cache
< cache-control: private, no-cache, no-store, must-revalidate
< expires: Sat, 01 Jan 2000 00:00:00 GMT
< x-fb-request-id: Am2gwnqdbFICq9tU08sSHqC
< x-fb-trace-id: CTZ5Ym/y1NQ
< x-fb-rev: 1023015479
< x-fb-debug: VzBcL6U5mBkJCVlyP9zobwOZZV+zg0NBGXkH23Ry3cEzPQXHMVoKIlqzeMPm5VQkK7ObBtj9jM5cKsmBar1n1A==
< content-length: 74
< date: Tue, 20 May 2025 20:14:00 GMT
< x-fb-connection-quality: EXCELLENT; q=0.9, rtt=23, rtx=0, c=10, mss=1380, tbw=3532, tp=-1, tpl=-1, uplat=275, ullat=0
< alt-svc: h3=":443"; ma=86400
< 
* Connection #0 to host graph.facebook.com left intact


[2025-05-20 20:14:17] New request
* Host graph.facebook.com:443 was resolved.
* IPv6: 2a03:2880:f084:a:face:b00c:0:2
* IPv4: 157.240.252.10
*   Trying [2a03:2880:f084:a:face:b00c:0:2]:443...
* ALPN: curl offers h2,http/1.1
*  CAfile: /etc/pki/tls/certs/ca-bundle.crt
*  CApath: none
* SSL connection using TLSv1.3 / TLS_CHACHA20_POLY1305_SHA256 / [blank] / UNDEF
* ALPN: server accepted h2
* Server certificate:
*  subject: C=US; ST=California; L=Menlo Park; O=Meta Platforms, Inc.; CN=*.facebook.com
*  start date: Feb 27 00:00:00 2025 GMT
*  expire date: May 28 23:59:59 2025 GMT
*  subjectAltName: host "graph.facebook.com" matched cert's "*.facebook.com"
*  issuer: C=US; O=DigiCert Inc; OU=www.digicert.com; CN=DigiCert SHA2 High Assurance Server CA
*  SSL certificate verify ok.
*   Certificate level 0: Public key type ? (256/128 Bits/secBits), signed using sha256WithRSAEncryption
*   Certificate level 1: Public key type ? (2048/112 Bits/secBits), signed using sha256WithRSAEncryption
*   Certificate level 2: Public key type ? (2048/112 Bits/secBits), signed using sha1WithRSAEncryption
* Connected to graph.facebook.com (2a03:2880:f084:a:face:b00c:0:2) port 443
* using HTTP/2
* [HTTP/2] [1] OPENED stream for https://graph.facebook.com/v20.0/1678719472762199/events
* [HTTP/2] [1] [:method: POST]
* [HTTP/2] [1] [:scheme: https]
* [HTTP/2] [1] [:authority: graph.facebook.com]
* [HTTP/2] [1] [:path: /v20.0/1678719472762199/events]
* [HTTP/2] [1] [accept: */*]
* [HTTP/2] [1] [content-type: application/json]
* [HTTP/2] [1] [authorization: Bearer EAAmh7hEmLboBO9Rns15MKACUggWffTpcsWwfpP8GKh2P8BXLAtglXldZA3Dc6HdSu8bvZAGR4Cx33k4vaAW3nOpttncIF7fqXMnyZB5aF6ZAmd7MoDRQxt9ATYrkQtPIsGgFuNbZCwZCy2ZAqm1zlBHVErQMFIQr5Tv3roOwCsnbOYqIJ3TJBMNffhRn2ZCocbfHOwZDZD]
* [HTTP/2] [1] [content-length: 517]
> POST /v20.0/1678719472762199/events HTTP/2
Host: graph.facebook.com
Accept: */*
Content-Type: application/json
Authorization: Bearer EAAmh7hEmLboBO9Rns15MKACUggWffTpcsWwfpP8GKh2P8BXLAtglXldZA3Dc6HdSu8bvZAGR4Cx33k4vaAW3nOpttncIF7fqXMnyZB5aF6ZAmd7MoDRQxt9ATYrkQtPIsGgFuNbZCwZCy2ZAqm1zlBHVErQMFIQr5Tv3roOwCsnbOYqIJ3TJBMNffhRn2ZCocbfHOwZDZD
Content-Length: 517

* upload completely sent off: 517 bytes
< HTTP/2 200 
< content-type: application/json; charset=UTF-8
< vary: Origin
< vary: Accept-Encoding
< x-ad-api-version-warning: You are calling a deprecated version of the Ads API.
< cross-origin-resource-policy: cross-origin
< x-app-usage: {"call_count":0,"total_cputime":0,"total_time":0}
< access-control-allow-origin: *
< facebook-api-version: v20.0
< strict-transport-security: max-age=15552000; preload
< pragma: no-cache
< cache-control: private, no-cache, no-store, must-revalidate
< expires: Sat, 01 Jan 2000 00:00:00 GMT
< x-fb-request-id: AzHeeJm-KZLHd7W4EIcNPVZ
< x-fb-trace-id: HYflpZ5sg2B
< x-fb-rev: 1023015479
< x-fb-debug: 5unH+EA4Ckp/hUU/zIQZi5PpwWPKfxeErWSBbR/fyIYinQrgfmt5niV4XECuQNUeM+oqcl57NYBi9oAD3AnItA==
< content-length: 74
< date: Tue, 20 May 2025 20:14:18 GMT
< x-fb-connection-quality: EXCELLENT; q=0.9, rtt=23, rtx=0, c=10, mss=1380, tbw=3534, tp=-1, tpl=-1, uplat=426, ullat=0
< alt-svc: h3=":443"; ma=86400
< 
* Connection #0 to host graph.facebook.com left intact


[2025-05-20 20:14:23] New request
* Host graph.facebook.com:443 was resolved.
* IPv6: 2a03:2880:f084:a:face:b00c:0:2
* IPv4: 157.240.252.10
*   Trying [2a03:2880:f084:a:face:b00c:0:2]:443...
* ALPN: curl offers h2,http/1.1
*  CAfile: /etc/pki/tls/certs/ca-bundle.crt
*  CApath: none
* SSL connection using TLSv1.3 / TLS_CHACHA20_POLY1305_SHA256 / [blank] / UNDEF
* ALPN: server accepted h2
* Server certificate:
*  subject: C=US; ST=California; L=Menlo Park; O=Meta Platforms, Inc.; CN=*.facebook.com
*  start date: Feb 27 00:00:00 2025 GMT
*  expire date: May 28 23:59:59 2025 GMT
*  subjectAltName: host "graph.facebook.com" matched cert's "*.facebook.com"
*  issuer: C=US; O=DigiCert Inc; OU=www.digicert.com; CN=DigiCert SHA2 High Assurance Server CA
*  SSL certificate verify ok.
*   Certificate level 0: Public key type ? (256/128 Bits/secBits), signed using sha256WithRSAEncryption
*   Certificate level 1: Public key type ? (2048/112 Bits/secBits), signed using sha256WithRSAEncryption
*   Certificate level 2: Public key type ? (2048/112 Bits/secBits), signed using sha1WithRSAEncryption
* Connected to graph.facebook.com (2a03:2880:f084:a:face:b00c:0:2) port 443
* using HTTP/2
* [HTTP/2] [1] OPENED stream for https://graph.facebook.com/v20.0/1678719472762199/events
* [HTTP/2] [1] [:method: POST]
* [HTTP/2] [1] [:scheme: https]
* [HTTP/2] [1] [:authority: graph.facebook.com]
* [HTTP/2] [1] [:path: /v20.0/1678719472762199/events]
* [HTTP/2] [1] [accept: */*]
* [HTTP/2] [1] [content-type: application/json]
* [HTTP/2] [1] [authorization: Bearer EAAmh7hEmLboBO9Rns15MKACUggWffTpcsWwfpP8GKh2P8BXLAtglXldZA3Dc6HdSu8bvZAGR4Cx33k4vaAW3nOpttncIF7fqXMnyZB5aF6ZAmd7MoDRQxt9ATYrkQtPIsGgFuNbZCwZCy2ZAqm1zlBHVErQMFIQr5Tv3roOwCsnbOYqIJ3TJBMNffhRn2ZCocbfHOwZDZD]
* [HTTP/2] [1] [content-length: 517]
> POST /v20.0/1678719472762199/events HTTP/2
Host: graph.facebook.com
Accept: */*
Content-Type: application/json
Authorization: Bearer EAAmh7hEmLboBO9Rns15MKACUggWffTpcsWwfpP8GKh2P8BXLAtglXldZA3Dc6HdSu8bvZAGR4Cx33k4vaAW3nOpttncIF7fqXMnyZB5aF6ZAmd7MoDRQxt9ATYrkQtPIsGgFuNbZCwZCy2ZAqm1zlBHVErQMFIQr5Tv3roOwCsnbOYqIJ3TJBMNffhRn2ZCocbfHOwZDZD
Content-Length: 517

* upload completely sent off: 517 bytes
< HTTP/2 200 
< content-type: application/json; charset=UTF-8
< vary: Origin
< vary: Accept-Encoding
< x-ad-api-version-warning: You are calling a deprecated version of the Ads API.
< cross-origin-resource-policy: cross-origin
< x-app-usage: {"call_count":0,"total_cputime":0,"total_time":0}
< access-control-allow-origin: *
< facebook-api-version: v20.0
< strict-transport-security: max-age=15552000; preload
< pragma: no-cache
< cache-control: private, no-cache, no-store, must-revalidate
< expires: Sat, 01 Jan 2000 00:00:00 GMT
< x-fb-request-id: AmBiIPu09bbft84bsQoQUbx
< x-fb-trace-id: DZQEH2WHuKD
< x-fb-rev: 1023015479
< x-fb-debug: OQT1JNS98ax3X2O5T5EvCHW8kwfIwR136gZfcxOK0kwBK8znWXigXYQbHT3bL5vQW4it6vBR/5QMYbBCkFZu0A==
< content-length: 74
< date: Tue, 20 May 2025 20:14:24 GMT
< x-fb-connection-quality: EXCELLENT; q=0.9, rtt=22, rtx=0, c=10, mss=1380, tbw=3534, tp=-1, tpl=-1, uplat=536, ullat=0
< alt-svc: h3=":443"; ma=86400
< 
* Connection #0 to host graph.facebook.com left intact


[2025-05-20 20:18:56] New request
* Host graph.facebook.com:443 was resolved.
* IPv6: 2a03:2880:f330:95:face:b00c:0:2
* IPv4: 157.240.252.10
*   Trying [2a03:2880:f330:95:face:b00c:0:2]:443...
* ALPN: curl offers h2,http/1.1
*  CAfile: /etc/pki/tls/certs/ca-bundle.crt
*  CApath: none
* SSL connection using TLSv1.3 / TLS_CHACHA20_POLY1305_SHA256 / [blank] / UNDEF
* ALPN: server accepted h2
* Server certificate:
*  subject: C=US; ST=California; L=Menlo Park; O=Meta Platforms, Inc.; CN=*.facebook.com
*  start date: Feb 27 00:00:00 2025 GMT
*  expire date: May 28 23:59:59 2025 GMT
*  subjectAltName: host "graph.facebook.com" matched cert's "*.facebook.com"
*  issuer: C=US; O=DigiCert Inc; OU=www.digicert.com; CN=DigiCert SHA2 High Assurance Server CA
*  SSL certificate verify ok.
*   Certificate level 0: Public key type ? (256/128 Bits/secBits), signed using sha256WithRSAEncryption
*   Certificate level 1: Public key type ? (2048/112 Bits/secBits), signed using sha256WithRSAEncryption
*   Certificate level 2: Public key type ? (2048/112 Bits/secBits), signed using sha1WithRSAEncryption
* Connected to graph.facebook.com (2a03:2880:f330:95:face:b00c:0:2) port 443
* using HTTP/2
* [HTTP/2] [1] OPENED stream for https://graph.facebook.com/v20.0/1678719472762199/events
* [HTTP/2] [1] [:method: POST]
* [HTTP/2] [1] [:scheme: https]
* [HTTP/2] [1] [:authority: graph.facebook.com]
* [HTTP/2] [1] [:path: /v20.0/1678719472762199/events]
* [HTTP/2] [1] [accept: */*]
* [HTTP/2] [1] [content-type: application/json]
* [HTTP/2] [1] [authorization: Bearer EAAmh7hEmLboBO9Rns15MKACUggWffTpcsWwfpP8GKh2P8BXLAtglXldZA3Dc6HdSu8bvZAGR4Cx33k4vaAW3nOpttncIF7fqXMnyZB5aF6ZAmd7MoDRQxt9ATYrkQtPIsGgFuNbZCwZCy2ZAqm1zlBHVErQMFIQr5Tv3roOwCsnbOYqIJ3TJBMNffhRn2ZCocbfHOwZDZD]
* [HTTP/2] [1] [content-length: 572]
> POST /v20.0/1678719472762199/events HTTP/2
Host: graph.facebook.com
Accept: */*
Content-Type: application/json
Authorization: Bearer EAAmh7hEmLboBO9Rns15MKACUggWffTpcsWwfpP8GKh2P8BXLAtglXldZA3Dc6HdSu8bvZAGR4Cx33k4vaAW3nOpttncIF7fqXMnyZB5aF6ZAmd7MoDRQxt9ATYrkQtPIsGgFuNbZCwZCy2ZAqm1zlBHVErQMFIQr5Tv3roOwCsnbOYqIJ3TJBMNffhRn2ZCocbfHOwZDZD
Content-Length: 572

* upload completely sent off: 572 bytes
< HTTP/2 200 
< content-type: application/json; charset=UTF-8
< vary: Origin
< vary: Accept-Encoding
< x-ad-api-version-warning: You are calling a deprecated version of the Ads API.
< cross-origin-resource-policy: cross-origin
< x-app-usage: {"call_count":0,"total_cputime":0,"total_time":0}
< access-control-allow-origin: *
< facebook-api-version: v20.0
< strict-transport-security: max-age=15552000; preload
< pragma: no-cache
< cache-control: private, no-cache, no-store, must-revalidate
< expires: Sat, 01 Jan 2000 00:00:00 GMT
< x-fb-request-id: At-qK86Vbu07ux-ApQ_QFlu
< x-fb-trace-id: F03jlU1lf0u
< x-fb-rev: 1023015479
< x-fb-debug: SQNY0El0bVKAEC7fgyrsHOujnFhj/qLE/hYW6WLntyX0kLwPcjpeYd3Ywo0h8Fx8eeFN86lvyQHJPjJs8KCHnw==
< content-length: 74
< date: Tue, 20 May 2025 20:18:58 GMT
< x-fb-connection-quality: EXCELLENT; q=0.9, rtt=13, rtx=0, c=10, mss=1380, tbw=3532, tp=-1, tpl=-1, uplat=493, ullat=0
< alt-svc: h3=":443"; ma=86400
< 
* Connection #0 to host graph.facebook.com left intact


[2025-05-20 20:21:14] New request
* Host graph.facebook.com:443 was resolved.
* IPv6: 2a03:2880:f330:95:face:b00c:0:2
* IPv4: 57.144.112.141
*   Trying [2a03:2880:f330:95:face:b00c:0:2]:443...
* ALPN: curl offers h2,http/1.1
*  CAfile: /etc/pki/tls/certs/ca-bundle.crt
*  CApath: none
* SSL connection using TLSv1.3 / TLS_CHACHA20_POLY1305_SHA256 / [blank] / UNDEF
* ALPN: server accepted h2
* Server certificate:
*  subject: C=US; ST=California; L=Menlo Park; O=Meta Platforms, Inc.; CN=*.facebook.com
*  start date: Feb 27 00:00:00 2025 GMT
*  expire date: May 28 23:59:59 2025 GMT
*  subjectAltName: host "graph.facebook.com" matched cert's "*.facebook.com"
*  issuer: C=US; O=DigiCert Inc; OU=www.digicert.com; CN=DigiCert SHA2 High Assurance Server CA
*  SSL certificate verify ok.
*   Certificate level 0: Public key type ? (256/128 Bits/secBits), signed using sha256WithRSAEncryption
*   Certificate level 1: Public key type ? (2048/112 Bits/secBits), signed using sha256WithRSAEncryption
*   Certificate level 2: Public key type ? (2048/112 Bits/secBits), signed using sha1WithRSAEncryption
* Connected to graph.facebook.com (2a03:2880:f330:95:face:b00c:0:2) port 443
* using HTTP/2
* [HTTP/2] [1] OPENED stream for https://graph.facebook.com/v20.0/1678719472762199/events
* [HTTP/2] [1] [:method: POST]
* [HTTP/2] [1] [:scheme: https]
* [HTTP/2] [1] [:authority: graph.facebook.com]
* [HTTP/2] [1] [:path: /v20.0/1678719472762199/events]
* [HTTP/2] [1] [accept: */*]
* [HTTP/2] [1] [content-type: application/json]
* [HTTP/2] [1] [authorization: Bearer EAAmh7hEmLboBO9Rns15MKACUggWffTpcsWwfpP8GKh2P8BXLAtglXldZA3Dc6HdSu8bvZAGR4Cx33k4vaAW3nOpttncIF7fqXMnyZB5aF6ZAmd7MoDRQxt9ATYrkQtPIsGgFuNbZCwZCy2ZAqm1zlBHVErQMFIQr5Tv3roOwCsnbOYqIJ3TJBMNffhRn2ZCocbfHOwZDZD]
* [HTTP/2] [1] [content-length: 572]
> POST /v20.0/1678719472762199/events HTTP/2
Host: graph.facebook.com
Accept: */*
Content-Type: application/json
Authorization: Bearer EAAmh7hEmLboBO9Rns15MKACUggWffTpcsWwfpP8GKh2P8BXLAtglXldZA3Dc6HdSu8bvZAGR4Cx33k4vaAW3nOpttncIF7fqXMnyZB5aF6ZAmd7MoDRQxt9ATYrkQtPIsGgFuNbZCwZCy2ZAqm1zlBHVErQMFIQr5Tv3roOwCsnbOYqIJ3TJBMNffhRn2ZCocbfHOwZDZD
Content-Length: 572

* upload completely sent off: 572 bytes
< HTTP/2 200 
< content-type: application/json; charset=UTF-8
< vary: Origin
< vary: Accept-Encoding
< x-ad-api-version-warning: You are calling a deprecated version of the Ads API.
< cross-origin-resource-policy: cross-origin
< x-app-usage: {"call_count":0,"total_cputime":0,"total_time":0}
< access-control-allow-origin: *
< facebook-api-version: v20.0
< strict-transport-security: max-age=15552000; preload
< pragma: no-cache
< cache-control: private, no-cache, no-store, must-revalidate
< expires: Sat, 01 Jan 2000 00:00:00 GMT
< x-fb-request-id: AoqyPzVyWPn2O658sujt-0S
< x-fb-trace-id: BKzGP+7kWAg
< x-fb-rev: 1023015479
< x-fb-debug: dwujdvQJ9Ew9hghP6f9QOoan+yULb9s94J9rXFDBnesrDXjNpXLgx2yNfPi1hrqG0XIjl4VKoUj6f3fpl6RkQA==
< content-length: 74
< date: Tue, 20 May 2025 20:21:15 GMT
< x-fb-connection-quality: EXCELLENT; q=0.9, rtt=8, rtx=0, c=10, mss=1380, tbw=3532, tp=-1, tpl=-1, uplat=524, ullat=0
< alt-svc: h3=":443"; ma=86400
< 
* Connection #0 to host graph.facebook.com left intact


[2025-05-20 20:21:53] New request
* Host graph.facebook.com:443 was resolved.
* IPv6: 2a03:2880:f32e:90:face:b00c:0:2
* IPv4: 57.144.112.141
*   Trying [2a03:2880:f32e:90:face:b00c:0:2]:443...
* ALPN: curl offers h2,http/1.1
*  CAfile: /etc/pki/tls/certs/ca-bundle.crt
*  CApath: none
* SSL connection using TLSv1.3 / TLS_CHACHA20_POLY1305_SHA256 / [blank] / UNDEF
* ALPN: server accepted h2
* Server certificate:
*  subject: C=US; ST=California; L=Menlo Park; O=Meta Platforms, Inc.; CN=*.facebook.com
*  start date: Feb 27 00:00:00 2025 GMT
*  expire date: May 28 23:59:59 2025 GMT
*  subjectAltName: host "graph.facebook.com" matched cert's "*.facebook.com"
*  issuer: C=US; O=DigiCert Inc; OU=www.digicert.com; CN=DigiCert SHA2 High Assurance Server CA
*  SSL certificate verify ok.
*   Certificate level 0: Public key type ? (256/128 Bits/secBits), signed using sha256WithRSAEncryption
*   Certificate level 1: Public key type ? (2048/112 Bits/secBits), signed using sha256WithRSAEncryption
*   Certificate level 2: Public key type ? (2048/112 Bits/secBits), signed using sha1WithRSAEncryption
* Connected to graph.facebook.com (2a03:2880:f32e:90:face:b00c:0:2) port 443
* using HTTP/2
* [HTTP/2] [1] OPENED stream for https://graph.facebook.com/v20.0/1678719472762199/events
* [HTTP/2] [1] [:method: POST]
* [HTTP/2] [1] [:scheme: https]
* [HTTP/2] [1] [:authority: graph.facebook.com]
* [HTTP/2] [1] [:path: /v20.0/1678719472762199/events]
* [HTTP/2] [1] [accept: */*]
* [HTTP/2] [1] [content-type: application/json]
* [HTTP/2] [1] [authorization: Bearer EAAmh7hEmLboBO9Rns15MKACUggWffTpcsWwfpP8GKh2P8BXLAtglXldZA3Dc6HdSu8bvZAGR4Cx33k4vaAW3nOpttncIF7fqXMnyZB5aF6ZAmd7MoDRQxt9ATYrkQtPIsGgFuNbZCwZCy2ZAqm1zlBHVErQMFIQr5Tv3roOwCsnbOYqIJ3TJBMNffhRn2ZCocbfHOwZDZD]
* [HTTP/2] [1] [content-length: 572]
> POST /v20.0/1678719472762199/events HTTP/2
Host: graph.facebook.com
Accept: */*
Content-Type: application/json
Authorization: Bearer EAAmh7hEmLboBO9Rns15MKACUggWffTpcsWwfpP8GKh2P8BXLAtglXldZA3Dc6HdSu8bvZAGR4Cx33k4vaAW3nOpttncIF7fqXMnyZB5aF6ZAmd7MoDRQxt9ATYrkQtPIsGgFuNbZCwZCy2ZAqm1zlBHVErQMFIQr5Tv3roOwCsnbOYqIJ3TJBMNffhRn2ZCocbfHOwZDZD
Content-Length: 572

* upload completely sent off: 572 bytes
< HTTP/2 200 
< content-type: application/json; charset=UTF-8
< vary: Origin
< vary: Accept-Encoding
< x-ad-api-version-warning: You are calling a deprecated version of the Ads API.
< cross-origin-resource-policy: cross-origin
< x-app-usage: {"call_count":0,"total_cputime":0,"total_time":0}
< access-control-allow-origin: *
< facebook-api-version: v20.0
< strict-transport-security: max-age=15552000; preload
< pragma: no-cache
< cache-control: private, no-cache, no-store, must-revalidate
< expires: Sat, 01 Jan 2000 00:00:00 GMT
< x-fb-request-id: AkeClbedlQ_Cv94jDLi0Hx1
< x-fb-trace-id: FKi3FL11aj6
< x-fb-rev: 1023015479
< x-fb-debug: lepRcGMKyVwV9I8tT8M71Ypxr5qFz9KbFg5u4ehKhj79zev7J5oRw6x9JUOCPGfkT5mbAhFWWAA+estww7ixGA==
< content-length: 74
< date: Tue, 20 May 2025 20:21:54 GMT
< x-fb-connection-quality: EXCELLENT; q=0.9, rtt=8, rtx=0, c=10, mss=1380, tbw=3533, tp=-1, tpl=-1, uplat=482, ullat=0
< alt-svc: h3=":443"; ma=86400
< 
* Connection #0 to host graph.facebook.com left intact


[2025-05-20 20:29:34] New request
* Host graph.facebook.com:443 was resolved.
* IPv6: 2a03:2880:f084:a:face:b00c:0:2
* IPv4: 57.144.112.141
*   Trying [2a03:2880:f084:a:face:b00c:0:2]:443...
* ALPN: curl offers h2,http/1.1
*  CAfile: /etc/pki/tls/certs/ca-bundle.crt
*  CApath: none
* SSL connection using TLSv1.3 / TLS_CHACHA20_POLY1305_SHA256 / [blank] / UNDEF
* ALPN: server accepted h2
* Server certificate:
*  subject: C=US; ST=California; L=Menlo Park; O=Meta Platforms, Inc.; CN=*.facebook.com
*  start date: Feb 27 00:00:00 2025 GMT
*  expire date: May 28 23:59:59 2025 GMT
*  subjectAltName: host "graph.facebook.com" matched cert's "*.facebook.com"
*  issuer: C=US; O=DigiCert Inc; OU=www.digicert.com; CN=DigiCert SHA2 High Assurance Server CA
*  SSL certificate verify ok.
*   Certificate level 0: Public key type ? (256/128 Bits/secBits), signed using sha256WithRSAEncryption
*   Certificate level 1: Public key type ? (2048/112 Bits/secBits), signed using sha256WithRSAEncryption
*   Certificate level 2: Public key type ? (2048/112 Bits/secBits), signed using sha1WithRSAEncryption
* Connected to graph.facebook.com (2a03:2880:f084:a:face:b00c:0:2) port 443
* using HTTP/2
* [HTTP/2] [1] OPENED stream for https://graph.facebook.com/v20.0/1678719472762199/events
* [HTTP/2] [1] [:method: POST]
* [HTTP/2] [1] [:scheme: https]
* [HTTP/2] [1] [:authority: graph.facebook.com]
* [HTTP/2] [1] [:path: /v20.0/1678719472762199/events]
* [HTTP/2] [1] [accept: */*]
* [HTTP/2] [1] [content-type: application/json]
* [HTTP/2] [1] [authorization: Bearer EAAmh7hEmLboBO9Rns15MKACUggWffTpcsWwfpP8GKh2P8BXLAtglXldZA3Dc6HdSu8bvZAGR4Cx33k4vaAW3nOpttncIF7fqXMnyZB5aF6ZAmd7MoDRQxt9ATYrkQtPIsGgFuNbZCwZCy2ZAqm1zlBHVErQMFIQr5Tv3roOwCsnbOYqIJ3TJBMNffhRn2ZCocbfHOwZDZD]
* [HTTP/2] [1] [content-length: 572]
> POST /v20.0/1678719472762199/events HTTP/2
Host: graph.facebook.com
Accept: */*
Content-Type: application/json
Authorization: Bearer EAAmh7hEmLboBO9Rns15MKACUggWffTpcsWwfpP8GKh2P8BXLAtglXldZA3Dc6HdSu8bvZAGR4Cx33k4vaAW3nOpttncIF7fqXMnyZB5aF6ZAmd7MoDRQxt9ATYrkQtPIsGgFuNbZCwZCy2ZAqm1zlBHVErQMFIQr5Tv3roOwCsnbOYqIJ3TJBMNffhRn2ZCocbfHOwZDZD
Content-Length: 572

* upload completely sent off: 572 bytes
< HTTP/2 200 
< content-type: application/json; charset=UTF-8
< vary: Origin
< vary: Accept-Encoding
< x-ad-api-version-warning: You are calling a deprecated version of the Ads API.
< cross-origin-resource-policy: cross-origin
< x-app-usage: {"call_count":0,"total_cputime":0,"total_time":0}
< access-control-allow-origin: *
< facebook-api-version: v20.0
< strict-transport-security: max-age=15552000; preload
< pragma: no-cache
< cache-control: private, no-cache, no-store, must-revalidate
< expires: Sat, 01 Jan 2000 00:00:00 GMT
< x-fb-request-id: AOeihIwCcVa3lQFDCljUOAz
< x-fb-trace-id: BivWnIhfs6E
< x-fb-rev: 1023015479
< x-fb-debug: GD7qcbf9HUsa1FvUCmqgGxxFHiNMexNRVrELoZYTJVHYqMb6i9dtEInvdc807VEnpAgMNbnTl4D5mEiCiNep9Q==
< content-length: 74
< date: Tue, 20 May 2025 20:29:36 GMT
< x-fb-connection-quality: EXCELLENT; q=0.9, rtt=24, rtx=0, c=10, mss=1380, tbw=3533, tp=-1, tpl=-1, uplat=498, ullat=0
< alt-svc: h3=":443"; ma=86400
< 
* Connection #0 to host graph.facebook.com left intact


[2025-05-20 20:30:18] New request
* Host graph.facebook.com:443 was resolved.
* IPv6: 2a03:2880:f084:a:face:b00c:0:2
* IPv4: 57.144.112.141
*   Trying [2a03:2880:f084:a:face:b00c:0:2]:443...
* ALPN: curl offers h2,http/1.1
*  CAfile: /etc/pki/tls/certs/ca-bundle.crt
*  CApath: none
* SSL connection using TLSv1.3 / TLS_CHACHA20_POLY1305_SHA256 / [blank] / UNDEF
* ALPN: server accepted h2
* Server certificate:
*  subject: C=US; ST=California; L=Menlo Park; O=Meta Platforms, Inc.; CN=*.facebook.com
*  start date: Feb 27 00:00:00 2025 GMT
*  expire date: May 28 23:59:59 2025 GMT
*  subjectAltName: host "graph.facebook.com" matched cert's "*.facebook.com"
*  issuer: C=US; O=DigiCert Inc; OU=www.digicert.com; CN=DigiCert SHA2 High Assurance Server CA
*  SSL certificate verify ok.
*   Certificate level 0: Public key type ? (256/128 Bits/secBits), signed using sha256WithRSAEncryption
*   Certificate level 1: Public key type ? (2048/112 Bits/secBits), signed using sha256WithRSAEncryption
*   Certificate level 2: Public key type ? (2048/112 Bits/secBits), signed using sha1WithRSAEncryption
* Connected to graph.facebook.com (2a03:2880:f084:a:face:b00c:0:2) port 443
* using HTTP/2
* [HTTP/2] [1] OPENED stream for https://graph.facebook.com/v20.0/1678719472762199/events
* [HTTP/2] [1] [:method: POST]
* [HTTP/2] [1] [:scheme: https]
* [HTTP/2] [1] [:authority: graph.facebook.com]
* [HTTP/2] [1] [:path: /v20.0/1678719472762199/events]
* [HTTP/2] [1] [accept: */*]
* [HTTP/2] [1] [content-type: application/json]
* [HTTP/2] [1] [authorization: Bearer EAAmh7hEmLboBO9Rns15MKACUggWffTpcsWwfpP8GKh2P8BXLAtglXldZA3Dc6HdSu8bvZAGR4Cx33k4vaAW3nOpttncIF7fqXMnyZB5aF6ZAmd7MoDRQxt9ATYrkQtPIsGgFuNbZCwZCy2ZAqm1zlBHVErQMFIQr5Tv3roOwCsnbOYqIJ3TJBMNffhRn2ZCocbfHOwZDZD]
* [HTTP/2] [1] [content-length: 572]
> POST /v20.0/1678719472762199/events HTTP/2
Host: graph.facebook.com
Accept: */*
Content-Type: application/json
Authorization: Bearer EAAmh7hEmLboBO9Rns15MKACUggWffTpcsWwfpP8GKh2P8BXLAtglXldZA3Dc6HdSu8bvZAGR4Cx33k4vaAW3nOpttncIF7fqXMnyZB5aF6ZAmd7MoDRQxt9ATYrkQtPIsGgFuNbZCwZCy2ZAqm1zlBHVErQMFIQr5Tv3roOwCsnbOYqIJ3TJBMNffhRn2ZCocbfHOwZDZD
Content-Length: 572

* upload completely sent off: 572 bytes
< HTTP/2 200 
< content-type: application/json; charset=UTF-8
< vary: Origin
< vary: Accept-Encoding
< x-ad-api-version-warning: You are calling a deprecated version of the Ads API.
< cross-origin-resource-policy: cross-origin
< x-app-usage: {"call_count":0,"total_cputime":0,"total_time":0}
< access-control-allow-origin: *
< facebook-api-version: v20.0
< strict-transport-security: max-age=15552000; preload
< pragma: no-cache
< cache-control: private, no-cache, no-store, must-revalidate
< expires: Sat, 01 Jan 2000 00:00:00 GMT
< x-fb-request-id: Asy3oKcC3xfINvy14TkBLYm
< x-fb-trace-id: GoJidpNwqWs
< x-fb-rev: 1023015479
< x-fb-debug: +k7Yr40yLb8CdkGHzEeirJMsnZJkbo5+lBupKCvQ0Cyk9qB2oNxxaZOZjM27rk43MCdzKkW78r7Rp7rTWR1G7A==
< content-length: 74
< date: Tue, 20 May 2025 20:30:18 GMT
< x-fb-connection-quality: EXCELLENT; q=0.9, rtt=27, rtx=0, c=10, mss=1380, tbw=3533, tp=-1, tpl=-1, uplat=372, ullat=0
< alt-svc: h3=":443"; ma=86400
< 
* Connection #0 to host graph.facebook.com left intact


[2025-05-20 20:30:32] New request
* Host graph.facebook.com:443 was resolved.
* IPv6: 2a03:2880:f084:a:face:b00c:0:2
* IPv4: 57.144.112.141
*   Trying [2a03:2880:f084:a:face:b00c:0:2]:443...
* ALPN: curl offers h2,http/1.1
*  CAfile: /etc/pki/tls/certs/ca-bundle.crt
*  CApath: none
* SSL connection using TLSv1.3 / TLS_CHACHA20_POLY1305_SHA256 / [blank] / UNDEF
* ALPN: server accepted h2
* Server certificate:
*  subject: C=US; ST=California; L=Menlo Park; O=Meta Platforms, Inc.; CN=*.facebook.com
*  start date: Feb 27 00:00:00 2025 GMT
*  expire date: May 28 23:59:59 2025 GMT
*  subjectAltName: host "graph.facebook.com" matched cert's "*.facebook.com"
*  issuer: C=US; O=DigiCert Inc; OU=www.digicert.com; CN=DigiCert SHA2 High Assurance Server CA
*  SSL certificate verify ok.
*   Certificate level 0: Public key type ? (256/128 Bits/secBits), signed using sha256WithRSAEncryption
*   Certificate level 1: Public key type ? (2048/112 Bits/secBits), signed using sha256WithRSAEncryption
*   Certificate level 2: Public key type ? (2048/112 Bits/secBits), signed using sha1WithRSAEncryption
* Connected to graph.facebook.com (2a03:2880:f084:a:face:b00c:0:2) port 443
* using HTTP/2
* [HTTP/2] [1] OPENED stream for https://graph.facebook.com/v20.0/1678719472762199/events
* [HTTP/2] [1] [:method: POST]
* [HTTP/2] [1] [:scheme: https]
* [HTTP/2] [1] [:authority: graph.facebook.com]
* [HTTP/2] [1] [:path: /v20.0/1678719472762199/events]
* [HTTP/2] [1] [accept: */*]
* [HTTP/2] [1] [content-type: application/json]
* [HTTP/2] [1] [authorization: Bearer EAAmh7hEmLboBO9Rns15MKACUggWffTpcsWwfpP8GKh2P8BXLAtglXldZA3Dc6HdSu8bvZAGR4Cx33k4vaAW3nOpttncIF7fqXMnyZB5aF6ZAmd7MoDRQxt9ATYrkQtPIsGgFuNbZCwZCy2ZAqm1zlBHVErQMFIQr5Tv3roOwCsnbOYqIJ3TJBMNffhRn2ZCocbfHOwZDZD]
* [HTTP/2] [1] [content-length: 517]
> POST /v20.0/1678719472762199/events HTTP/2
Host: graph.facebook.com
Accept: */*
Content-Type: application/json
Authorization: Bearer EAAmh7hEmLboBO9Rns15MKACUggWffTpcsWwfpP8GKh2P8BXLAtglXldZA3Dc6HdSu8bvZAGR4Cx33k4vaAW3nOpttncIF7fqXMnyZB5aF6ZAmd7MoDRQxt9ATYrkQtPIsGgFuNbZCwZCy2ZAqm1zlBHVErQMFIQr5Tv3roOwCsnbOYqIJ3TJBMNffhRn2ZCocbfHOwZDZD
Content-Length: 517

* upload completely sent off: 517 bytes
< HTTP/2 200 
< content-type: application/json; charset=UTF-8
< vary: Origin
< vary: Accept-Encoding
< x-ad-api-version-warning: You are calling a deprecated version of the Ads API.
< cross-origin-resource-policy: cross-origin
< x-app-usage: {"call_count":0,"total_cputime":0,"total_time":0}
< access-control-allow-origin: *
< facebook-api-version: v20.0
< strict-transport-security: max-age=15552000; preload
< pragma: no-cache
< cache-control: private, no-cache, no-store, must-revalidate
< expires: Sat, 01 Jan 2000 00:00:00 GMT
< x-fb-request-id: Ab4C3r4hrc0RSnRT_SCsEqn
< x-fb-trace-id: BCnVkwE1l1v
< x-fb-rev: 1023015479
< x-fb-debug: 4RyLFoHvGpE168dfaiQZ1VwT4H7GRjtBszK3VKDizeXs+HFf7CgmEKtekUB1bvVP4InMGju2lE1V6QPuxP9vzA==
< content-length: 74
< date: Tue, 20 May 2025 20:30:33 GMT
< x-fb-connection-quality: EXCELLENT; q=0.9, rtt=24, rtx=0, c=10, mss=1380, tbw=3534, tp=-1, tpl=-1, uplat=434, ullat=0
< alt-svc: h3=":443"; ma=86400
< 
* Connection #0 to host graph.facebook.com left intact


[2025-05-20 20:31:02] New request
* Host graph.facebook.com:443 was resolved.
* IPv6: 2a03:2880:f084:a:face:b00c:0:2
* IPv4: 57.144.112.141
*   Trying [2a03:2880:f084:a:face:b00c:0:2]:443...
* ALPN: curl offers h2,http/1.1
*  CAfile: /etc/pki/tls/certs/ca-bundle.crt
*  CApath: none
* SSL connection using TLSv1.3 / TLS_CHACHA20_POLY1305_SHA256 / [blank] / UNDEF
* ALPN: server accepted h2
* Server certificate:
*  subject: C=US; ST=California; L=Menlo Park; O=Meta Platforms, Inc.; CN=*.facebook.com
*  start date: Feb 27 00:00:00 2025 GMT
*  expire date: May 28 23:59:59 2025 GMT
*  subjectAltName: host "graph.facebook.com" matched cert's "*.facebook.com"
*  issuer: C=US; O=DigiCert Inc; OU=www.digicert.com; CN=DigiCert SHA2 High Assurance Server CA
*  SSL certificate verify ok.
*   Certificate level 0: Public key type ? (256/128 Bits/secBits), signed using sha256WithRSAEncryption
*   Certificate level 1: Public key type ? (2048/112 Bits/secBits), signed using sha256WithRSAEncryption
*   Certificate level 2: Public key type ? (2048/112 Bits/secBits), signed using sha1WithRSAEncryption
* Connected to graph.facebook.com (2a03:2880:f084:a:face:b00c:0:2) port 443
* using HTTP/2
* [HTTP/2] [1] OPENED stream for https://graph.facebook.com/v20.0/1678719472762199/events
* [HTTP/2] [1] [:method: POST]
* [HTTP/2] [1] [:scheme: https]
* [HTTP/2] [1] [:authority: graph.facebook.com]
* [HTTP/2] [1] [:path: /v20.0/1678719472762199/events]
* [HTTP/2] [1] [accept: */*]
* [HTTP/2] [1] [content-type: application/json]
* [HTTP/2] [1] [authorization: Bearer EAAmh7hEmLboBO9Rns15MKACUggWffTpcsWwfpP8GKh2P8BXLAtglXldZA3Dc6HdSu8bvZAGR4Cx33k4vaAW3nOpttncIF7fqXMnyZB5aF6ZAmd7MoDRQxt9ATYrkQtPIsGgFuNbZCwZCy2ZAqm1zlBHVErQMFIQr5Tv3roOwCsnbOYqIJ3TJBMNffhRn2ZCocbfHOwZDZD]
* [HTTP/2] [1] [content-length: 572]
> POST /v20.0/1678719472762199/events HTTP/2
Host: graph.facebook.com
Accept: */*
Content-Type: application/json
Authorization: Bearer EAAmh7hEmLboBO9Rns15MKACUggWffTpcsWwfpP8GKh2P8BXLAtglXldZA3Dc6HdSu8bvZAGR4Cx33k4vaAW3nOpttncIF7fqXMnyZB5aF6ZAmd7MoDRQxt9ATYrkQtPIsGgFuNbZCwZCy2ZAqm1zlBHVErQMFIQr5Tv3roOwCsnbOYqIJ3TJBMNffhRn2ZCocbfHOwZDZD
Content-Length: 572

* upload completely sent off: 572 bytes
< HTTP/2 200 
< content-type: application/json; charset=UTF-8
< vary: Origin
< vary: Accept-Encoding
< x-ad-api-version-warning: You are calling a deprecated version of the Ads API.
< cross-origin-resource-policy: cross-origin
< x-app-usage: {"call_count":0,"total_cputime":0,"total_time":0}
< access-control-allow-origin: *
< facebook-api-version: v20.0
< strict-transport-security: max-age=15552000; preload
< pragma: no-cache
< cache-control: private, no-cache, no-store, must-revalidate
< expires: Sat, 01 Jan 2000 00:00:00 GMT
< x-fb-request-id: AlVnVjp8buAsJIGP2tJIPfO
< x-fb-trace-id: BHZYlm8G5zi
< x-fb-rev: 1023015479
< x-fb-debug: cVgt+ROPstW9oJ6JKRA10UNo9fqafIFG9q2L5hrVm5X0JeGIZtjwoF9sZtANoR9d+g+FY+P1njm3noweW0AcRg==
< content-length: 74
< date: Tue, 20 May 2025 20:31:03 GMT
< x-fb-connection-quality: EXCELLENT; q=0.9, rtt=28, rtx=0, c=10, mss=1380, tbw=3533, tp=-1, tpl=-1, uplat=346, ullat=0
< alt-svc: h3=":443"; ma=86400
< 
* Connection #0 to host graph.facebook.com left intact


[2025-05-20 20:31:23] New request
* Host graph.facebook.com:443 was resolved.
* IPv6: 2a03:2880:f084:a:face:b00c:0:2
* IPv4: 57.144.112.141
*   Trying [2a03:2880:f084:a:face:b00c:0:2]:443...
* ALPN: curl offers h2,http/1.1
*  CAfile: /etc/pki/tls/certs/ca-bundle.crt
*  CApath: none
* SSL connection using TLSv1.3 / TLS_CHACHA20_POLY1305_SHA256 / [blank] / UNDEF
* ALPN: server accepted h2
* Server certificate:
*  subject: C=US; ST=California; L=Menlo Park; O=Meta Platforms, Inc.; CN=*.facebook.com
*  start date: Feb 27 00:00:00 2025 GMT
*  expire date: May 28 23:59:59 2025 GMT
*  subjectAltName: host "graph.facebook.com" matched cert's "*.facebook.com"
*  issuer: C=US; O=DigiCert Inc; OU=www.digicert.com; CN=DigiCert SHA2 High Assurance Server CA
*  SSL certificate verify ok.
*   Certificate level 0: Public key type ? (256/128 Bits/secBits), signed using sha256WithRSAEncryption
*   Certificate level 1: Public key type ? (2048/112 Bits/secBits), signed using sha256WithRSAEncryption
*   Certificate level 2: Public key type ? (2048/112 Bits/secBits), signed using sha1WithRSAEncryption
* Connected to graph.facebook.com (2a03:2880:f084:a:face:b00c:0:2) port 443
* using HTTP/2
* [HTTP/2] [1] OPENED stream for https://graph.facebook.com/v20.0/1678719472762199/events
* [HTTP/2] [1] [:method: POST]
* [HTTP/2] [1] [:scheme: https]
* [HTTP/2] [1] [:authority: graph.facebook.com]
* [HTTP/2] [1] [:path: /v20.0/1678719472762199/events]
* [HTTP/2] [1] [accept: */*]
* [HTTP/2] [1] [content-type: application/json]
* [HTTP/2] [1] [authorization: Bearer EAAmh7hEmLboBO9Rns15MKACUggWffTpcsWwfpP8GKh2P8BXLAtglXldZA3Dc6HdSu8bvZAGR4Cx33k4vaAW3nOpttncIF7fqXMnyZB5aF6ZAmd7MoDRQxt9ATYrkQtPIsGgFuNbZCwZCy2ZAqm1zlBHVErQMFIQr5Tv3roOwCsnbOYqIJ3TJBMNffhRn2ZCocbfHOwZDZD]
* [HTTP/2] [1] [content-length: 572]
> POST /v20.0/1678719472762199/events HTTP/2
Host: graph.facebook.com
Accept: */*
Content-Type: application/json
Authorization: Bearer EAAmh7hEmLboBO9Rns15MKACUggWffTpcsWwfpP8GKh2P8BXLAtglXldZA3Dc6HdSu8bvZAGR4Cx33k4vaAW3nOpttncIF7fqXMnyZB5aF6ZAmd7MoDRQxt9ATYrkQtPIsGgFuNbZCwZCy2ZAqm1zlBHVErQMFIQr5Tv3roOwCsnbOYqIJ3TJBMNffhRn2ZCocbfHOwZDZD
Content-Length: 572

* upload completely sent off: 572 bytes
< HTTP/2 200 
< content-type: application/json; charset=UTF-8
< vary: Origin
< vary: Accept-Encoding
< x-ad-api-version-warning: You are calling a deprecated version of the Ads API.
< cross-origin-resource-policy: cross-origin
< x-app-usage: {"call_count":0,"total_cputime":0,"total_time":0}
< access-control-allow-origin: *
< facebook-api-version: v20.0
< strict-transport-security: max-age=15552000; preload
< pragma: no-cache
< cache-control: private, no-cache, no-store, must-revalidate
< expires: Sat, 01 Jan 2000 00:00:00 GMT
< x-fb-request-id: ASzrONxhQljPQ-Ey9sgBsWL
< x-fb-trace-id: DOxYKa8mEXk
< x-fb-rev: 1023015479
< x-fb-debug: N/lQdpAJmGoYY4MWWBcYOOyCUJohAgPWlCtepiA3dDvz6ocS3WtIBBugxbeC0vGt0EkMhLZgqpbiRs4MJgyM/A==
< content-length: 74
< date: Tue, 20 May 2025 20:31:23 GMT
< x-fb-connection-quality: EXCELLENT; q=0.9, rtt=32, rtx=0, c=10, mss=1380, tbw=3533, tp=-1, tpl=-1, uplat=546, ullat=0
< alt-svc: h3=":443"; ma=86400
< 
* Connection #0 to host graph.facebook.com left intact


[2025-05-20 20:31:35] New request
* Host graph.facebook.com:443 was resolved.
* IPv6: 2a03:2880:f330:95:face:b00c:0:2
* IPv4: 57.144.112.141
*   Trying [2a03:2880:f330:95:face:b00c:0:2]:443...
* ALPN: curl offers h2,http/1.1
*  CAfile: /etc/pki/tls/certs/ca-bundle.crt
*  CApath: none
* SSL connection using TLSv1.3 / TLS_CHACHA20_POLY1305_SHA256 / [blank] / UNDEF
* ALPN: server accepted h2
* Server certificate:
*  subject: C=US; ST=California; L=Menlo Park; O=Meta Platforms, Inc.; CN=*.facebook.com
*  start date: Feb 27 00:00:00 2025 GMT
*  expire date: May 28 23:59:59 2025 GMT
*  subjectAltName: host "graph.facebook.com" matched cert's "*.facebook.com"
*  issuer: C=US; O=DigiCert Inc; OU=www.digicert.com; CN=DigiCert SHA2 High Assurance Server CA
*  SSL certificate verify ok.
*   Certificate level 0: Public key type ? (256/128 Bits/secBits), signed using sha256WithRSAEncryption
*   Certificate level 1: Public key type ? (2048/112 Bits/secBits), signed using sha256WithRSAEncryption
*   Certificate level 2: Public key type ? (2048/112 Bits/secBits), signed using sha1WithRSAEncryption
* Connected to graph.facebook.com (2a03:2880:f330:95:face:b00c:0:2) port 443
* using HTTP/2
* [HTTP/2] [1] OPENED stream for https://graph.facebook.com/v20.0/1678719472762199/events
* [HTTP/2] [1] [:method: POST]
* [HTTP/2] [1] [:scheme: https]
* [HTTP/2] [1] [:authority: graph.facebook.com]
* [HTTP/2] [1] [:path: /v20.0/1678719472762199/events]
* [HTTP/2] [1] [accept: */*]
* [HTTP/2] [1] [content-type: application/json]
* [HTTP/2] [1] [authorization: Bearer EAAmh7hEmLboBO9Rns15MKACUggWffTpcsWwfpP8GKh2P8BXLAtglXldZA3Dc6HdSu8bvZAGR4Cx33k4vaAW3nOpttncIF7fqXMnyZB5aF6ZAmd7MoDRQxt9ATYrkQtPIsGgFuNbZCwZCy2ZAqm1zlBHVErQMFIQr5Tv3roOwCsnbOYqIJ3TJBMNffhRn2ZCocbfHOwZDZD]
* [HTTP/2] [1] [content-length: 572]
> POST /v20.0/1678719472762199/events HTTP/2
Host: graph.facebook.com
Accept: */*
Content-Type: application/json
Authorization: Bearer EAAmh7hEmLboBO9Rns15MKACUggWffTpcsWwfpP8GKh2P8BXLAtglXldZA3Dc6HdSu8bvZAGR4Cx33k4vaAW3nOpttncIF7fqXMnyZB5aF6ZAmd7MoDRQxt9ATYrkQtPIsGgFuNbZCwZCy2ZAqm1zlBHVErQMFIQr5Tv3roOwCsnbOYqIJ3TJBMNffhRn2ZCocbfHOwZDZD
Content-Length: 572

* upload completely sent off: 572 bytes
< HTTP/2 200 
< content-type: application/json; charset=UTF-8
< vary: Origin
< vary: Accept-Encoding
< x-ad-api-version-warning: You are calling a deprecated version of the Ads API.
< cross-origin-resource-policy: cross-origin
< x-app-usage: {"call_count":0,"total_cputime":0,"total_time":0}
< access-control-allow-origin: *
< facebook-api-version: v20.0
< strict-transport-security: max-age=15552000; preload
< pragma: no-cache
< cache-control: private, no-cache, no-store, must-revalidate
< expires: Sat, 01 Jan 2000 00:00:00 GMT
< x-fb-request-id: AYBQG_UbujooPSeKLhcg0X2
< x-fb-trace-id: CzliiVe3csP
< x-fb-rev: 1023015479
< x-fb-debug: ojZN14yznWWW0M+CEVAUcOBDfCzAf/LnQMGtoc/+UVsHf51vZQtN6tscTejBPqtf5SYAyMoqXKFP9M53Vb8B/w==
< content-length: 74
< date: Tue, 20 May 2025 20:31:35 GMT
< x-fb-connection-quality: EXCELLENT; q=0.9, rtt=8, rtx=0, c=10, mss=1380, tbw=3534, tp=-1, tpl=-1, uplat=615, ullat=0
< alt-svc: h3=":443"; ma=86400
< 
* Connection #0 to host graph.facebook.com left intact


[2025-05-20 20:32:28] New request
* Host graph.facebook.com:443 was resolved.
* IPv6: 2a03:2880:f330:95:face:b00c:0:2
* IPv4: 57.144.112.141
*   Trying [2a03:2880:f330:95:face:b00c:0:2]:443...
* ALPN: curl offers h2,http/1.1
*  CAfile: /etc/pki/tls/certs/ca-bundle.crt
*  CApath: none
* SSL connection using TLSv1.3 / TLS_CHACHA20_POLY1305_SHA256 / [blank] / UNDEF
* ALPN: server accepted h2
* Server certificate:
*  subject: C=US; ST=California; L=Menlo Park; O=Meta Platforms, Inc.; CN=*.facebook.com
*  start date: Feb 27 00:00:00 2025 GMT
*  expire date: May 28 23:59:59 2025 GMT
*  subjectAltName: host "graph.facebook.com" matched cert's "*.facebook.com"
*  issuer: C=US; O=DigiCert Inc; OU=www.digicert.com; CN=DigiCert SHA2 High Assurance Server CA
*  SSL certificate verify ok.
*   Certificate level 0: Public key type ? (256/128 Bits/secBits), signed using sha256WithRSAEncryption
*   Certificate level 1: Public key type ? (2048/112 Bits/secBits), signed using sha256WithRSAEncryption
*   Certificate level 2: Public key type ? (2048/112 Bits/secBits), signed using sha1WithRSAEncryption
* Connected to graph.facebook.com (2a03:2880:f330:95:face:b00c:0:2) port 443
* using HTTP/2
* [HTTP/2] [1] OPENED stream for https://graph.facebook.com/v20.0/1678719472762199/events
* [HTTP/2] [1] [:method: POST]
* [HTTP/2] [1] [:scheme: https]
* [HTTP/2] [1] [:authority: graph.facebook.com]
* [HTTP/2] [1] [:path: /v20.0/1678719472762199/events]
* [HTTP/2] [1] [accept: */*]
* [HTTP/2] [1] [content-type: application/json]
* [HTTP/2] [1] [authorization: Bearer EAAmh7hEmLboBO9Rns15MKACUggWffTpcsWwfpP8GKh2P8BXLAtglXldZA3Dc6HdSu8bvZAGR4Cx33k4vaAW3nOpttncIF7fqXMnyZB5aF6ZAmd7MoDRQxt9ATYrkQtPIsGgFuNbZCwZCy2ZAqm1zlBHVErQMFIQr5Tv3roOwCsnbOYqIJ3TJBMNffhRn2ZCocbfHOwZDZD]
* [HTTP/2] [1] [content-length: 572]
> POST /v20.0/1678719472762199/events HTTP/2
Host: graph.facebook.com
Accept: */*
Content-Type: application/json
Authorization: Bearer EAAmh7hEmLboBO9Rns15MKACUggWffTpcsWwfpP8GKh2P8BXLAtglXldZA3Dc6HdSu8bvZAGR4Cx33k4vaAW3nOpttncIF7fqXMnyZB5aF6ZAmd7MoDRQxt9ATYrkQtPIsGgFuNbZCwZCy2ZAqm1zlBHVErQMFIQr5Tv3roOwCsnbOYqIJ3TJBMNffhRn2ZCocbfHOwZDZD
Content-Length: 572

* upload completely sent off: 572 bytes
< HTTP/2 200 
< content-type: application/json; charset=UTF-8
< vary: Origin
< vary: Accept-Encoding
< x-ad-api-version-warning: You are calling a deprecated version of the Ads API.
< cross-origin-resource-policy: cross-origin
< x-app-usage: {"call_count":0,"total_cputime":0,"total_time":0}
< access-control-allow-origin: *
< facebook-api-version: v20.0
< strict-transport-security: max-age=15552000; preload
< pragma: no-cache
< cache-control: private, no-cache, no-store, must-revalidate
< expires: Sat, 01 Jan 2000 00:00:00 GMT
< x-fb-request-id: AENMXPCf6slIbUGILkJM1Qd
< x-fb-trace-id: AZpLVgsR3Ei
< x-fb-rev: 1023015479
< x-fb-debug: NQoFrXmo7riaf2JjbAb/ogLbJNM9wikhI+n78CDY3uO/QLYrbGgieD/J47YhjwiJP3gyJc1u6qOxojJz/MqXUg==
< content-length: 74
< date: Tue, 20 May 2025 20:32:28 GMT
< x-fb-connection-quality: EXCELLENT; q=0.9, rtt=8, rtx=0, c=10, mss=1380, tbw=3532, tp=-1, tpl=-1, uplat=598, ullat=0
< alt-svc: h3=":443"; ma=86400
< 
* Connection #0 to host graph.facebook.com left intact


[2025-05-20 20:33:00] New request
* Host graph.facebook.com:443 was resolved.
* IPv6: 2a03:2880:f32e:90:face:b00c:0:2
* IPv4: 57.144.112.141
*   Trying [2a03:2880:f32e:90:face:b00c:0:2]:443...
* ALPN: curl offers h2,http/1.1
*  CAfile: /etc/pki/tls/certs/ca-bundle.crt
*  CApath: none
* SSL connection using TLSv1.3 / TLS_CHACHA20_POLY1305_SHA256 / [blank] / UNDEF
* ALPN: server accepted h2
* Server certificate:
*  subject: C=US; ST=California; L=Menlo Park; O=Meta Platforms, Inc.; CN=*.facebook.com
*  start date: Feb 27 00:00:00 2025 GMT
*  expire date: May 28 23:59:59 2025 GMT
*  subjectAltName: host "graph.facebook.com" matched cert's "*.facebook.com"
*  issuer: C=US; O=DigiCert Inc; OU=www.digicert.com; CN=DigiCert SHA2 High Assurance Server CA
*  SSL certificate verify ok.
*   Certificate level 0: Public key type ? (256/128 Bits/secBits), signed using sha256WithRSAEncryption
*   Certificate level 1: Public key type ? (2048/112 Bits/secBits), signed using sha256WithRSAEncryption
*   Certificate level 2: Public key type ? (2048/112 Bits/secBits), signed using sha1WithRSAEncryption
* Connected to graph.facebook.com (2a03:2880:f32e:90:face:b00c:0:2) port 443
* using HTTP/2
* [HTTP/2] [1] OPENED stream for https://graph.facebook.com/v20.0/1678719472762199/events
* [HTTP/2] [1] [:method: POST]
* [HTTP/2] [1] [:scheme: https]
* [HTTP/2] [1] [:authority: graph.facebook.com]
* [HTTP/2] [1] [:path: /v20.0/1678719472762199/events]
* [HTTP/2] [1] [accept: */*]
* [HTTP/2] [1] [content-type: application/json]
* [HTTP/2] [1] [authorization: Bearer EAAmh7hEmLboBO9Rns15MKACUggWffTpcsWwfpP8GKh2P8BXLAtglXldZA3Dc6HdSu8bvZAGR4Cx33k4vaAW3nOpttncIF7fqXMnyZB5aF6ZAmd7MoDRQxt9ATYrkQtPIsGgFuNbZCwZCy2ZAqm1zlBHVErQMFIQr5Tv3roOwCsnbOYqIJ3TJBMNffhRn2ZCocbfHOwZDZD]
* [HTTP/2] [1] [content-length: 572]
> POST /v20.0/1678719472762199/events HTTP/2
Host: graph.facebook.com
Accept: */*
Content-Type: application/json
Authorization: Bearer EAAmh7hEmLboBO9Rns15MKACUggWffTpcsWwfpP8GKh2P8BXLAtglXldZA3Dc6HdSu8bvZAGR4Cx33k4vaAW3nOpttncIF7fqXMnyZB5aF6ZAmd7MoDRQxt9ATYrkQtPIsGgFuNbZCwZCy2ZAqm1zlBHVErQMFIQr5Tv3roOwCsnbOYqIJ3TJBMNffhRn2ZCocbfHOwZDZD
Content-Length: 572

* upload completely sent off: 572 bytes
< HTTP/2 200 
< content-type: application/json; charset=UTF-8
< vary: Origin
< vary: Accept-Encoding
< x-ad-api-version-warning: You are calling a deprecated version of the Ads API.
< cross-origin-resource-policy: cross-origin
< x-app-usage: {"call_count":0,"total_cputime":0,"total_time":0}
< access-control-allow-origin: *
< facebook-api-version: v20.0
< strict-transport-security: max-age=15552000; preload
< pragma: no-cache
< cache-control: private, no-cache, no-store, must-revalidate
< expires: Sat, 01 Jan 2000 00:00:00 GMT
< x-fb-request-id: A_nZma6-R7wgf8d4l_PGNuI
< x-fb-trace-id: FgUOGGkBmk4
< x-fb-rev: 1023015479
< x-fb-debug: ddhjiG/4GXE+6BZcIADTyJoc1ujZhxBvvh95A61MBd/2uOjWP6zE7sHyjBdmFgfXXmcmFnAMJV/SbgZzpPeGZQ==
< content-length: 74
< date: Tue, 20 May 2025 20:33:00 GMT
< x-fb-connection-quality: EXCELLENT; q=0.9, rtt=8, rtx=0, c=10, mss=1380, tbw=3532, tp=-1, tpl=-1, uplat=520, ullat=0
< alt-svc: h3=":443"; ma=86400
< 
* Connection #0 to host graph.facebook.com left intact


[2025-05-20 20:34:05] New request
* Host graph.facebook.com:443 was resolved.
* IPv6: 2a03:2880:f330:95:face:b00c:0:2
* IPv4: 157.240.252.10
*   Trying [2a03:2880:f330:95:face:b00c:0:2]:443...
* ALPN: curl offers h2,http/1.1
*  CAfile: /etc/pki/tls/certs/ca-bundle.crt
*  CApath: none
* SSL connection using TLSv1.3 / TLS_CHACHA20_POLY1305_SHA256 / [blank] / UNDEF
* ALPN: server accepted h2
* Server certificate:
*  subject: C=US; ST=California; L=Menlo Park; O=Meta Platforms, Inc.; CN=*.facebook.com
*  start date: Feb 27 00:00:00 2025 GMT
*  expire date: May 28 23:59:59 2025 GMT
*  subjectAltName: host "graph.facebook.com" matched cert's "*.facebook.com"
*  issuer: C=US; O=DigiCert Inc; OU=www.digicert.com; CN=DigiCert SHA2 High Assurance Server CA
*  SSL certificate verify ok.
*   Certificate level 0: Public key type ? (256/128 Bits/secBits), signed using sha256WithRSAEncryption
*   Certificate level 1: Public key type ? (2048/112 Bits/secBits), signed using sha256WithRSAEncryption
*   Certificate level 2: Public key type ? (2048/112 Bits/secBits), signed using sha1WithRSAEncryption
* Connected to graph.facebook.com (2a03:2880:f330:95:face:b00c:0:2) port 443
* using HTTP/2
* [HTTP/2] [1] OPENED stream for https://graph.facebook.com/v20.0/1678719472762199/events
* [HTTP/2] [1] [:method: POST]
* [HTTP/2] [1] [:scheme: https]
* [HTTP/2] [1] [:authority: graph.facebook.com]
* [HTTP/2] [1] [:path: /v20.0/1678719472762199/events]
* [HTTP/2] [1] [accept: */*]
* [HTTP/2] [1] [content-type: application/json]
* [HTTP/2] [1] [authorization: Bearer EAAmh7hEmLboBO9Rns15MKACUggWffTpcsWwfpP8GKh2P8BXLAtglXldZA3Dc6HdSu8bvZAGR4Cx33k4vaAW3nOpttncIF7fqXMnyZB5aF6ZAmd7MoDRQxt9ATYrkQtPIsGgFuNbZCwZCy2ZAqm1zlBHVErQMFIQr5Tv3roOwCsnbOYqIJ3TJBMNffhRn2ZCocbfHOwZDZD]
* [HTTP/2] [1] [content-length: 572]
> POST /v20.0/1678719472762199/events HTTP/2
Host: graph.facebook.com
Accept: */*
Content-Type: application/json
Authorization: Bearer EAAmh7hEmLboBO9Rns15MKACUggWffTpcsWwfpP8GKh2P8BXLAtglXldZA3Dc6HdSu8bvZAGR4Cx33k4vaAW3nOpttncIF7fqXMnyZB5aF6ZAmd7MoDRQxt9ATYrkQtPIsGgFuNbZCwZCy2ZAqm1zlBHVErQMFIQr5Tv3roOwCsnbOYqIJ3TJBMNffhRn2ZCocbfHOwZDZD
Content-Length: 572

* upload completely sent off: 572 bytes
< HTTP/2 200 
< content-type: application/json; charset=UTF-8
< vary: Origin
< vary: Accept-Encoding
< x-ad-api-version-warning: You are calling a deprecated version of the Ads API.
< cross-origin-resource-policy: cross-origin
< x-app-usage: {"call_count":0,"total_cputime":0,"total_time":0}
< access-control-allow-origin: *
< facebook-api-version: v20.0
< strict-transport-security: max-age=15552000; preload
< pragma: no-cache
< cache-control: private, no-cache, no-store, must-revalidate
< expires: Sat, 01 Jan 2000 00:00:00 GMT
< x-fb-request-id: ATpTMSc-9K-rfD_kCxMh9ei
< x-fb-trace-id: Goxbjf8nysz
< x-fb-rev: 1023015479
< x-fb-debug: cqBSWO8P0KFw7ALOOwn7F7fhYksWzFl4y5BirxUdw0ZH2bOKjkYEeaZnjFNaj+6Fspk5GMmRFjFz3oIrwz+1ig==
< content-length: 74
< date: Tue, 20 May 2025 20:34:05 GMT
< x-fb-connection-quality: EXCELLENT; q=0.9, rtt=13, rtx=0, c=10, mss=1380, tbw=3533, tp=-1, tpl=-1, uplat=312, ullat=0
< alt-svc: h3=":443"; ma=86400
< 
* Connection #0 to host graph.facebook.com left intact


[2025-05-20 20:34:52] New request
* Host graph.facebook.com:443 was resolved.
* IPv6: 2a03:2880:f084:a:face:b00c:0:2
* IPv4: 157.240.252.10
*   Trying [2a03:2880:f084:a:face:b00c:0:2]:443...
* ALPN: curl offers h2,http/1.1
*  CAfile: /etc/pki/tls/certs/ca-bundle.crt
*  CApath: none
* SSL connection using TLSv1.3 / TLS_CHACHA20_POLY1305_SHA256 / [blank] / UNDEF
* ALPN: server accepted h2
* Server certificate:
*  subject: C=US; ST=California; L=Menlo Park; O=Meta Platforms, Inc.; CN=*.facebook.com
*  start date: Feb 27 00:00:00 2025 GMT
*  expire date: May 28 23:59:59 2025 GMT
*  subjectAltName: host "graph.facebook.com" matched cert's "*.facebook.com"
*  issuer: C=US; O=DigiCert Inc; OU=www.digicert.com; CN=DigiCert SHA2 High Assurance Server CA
*  SSL certificate verify ok.
*   Certificate level 0: Public key type ? (256/128 Bits/secBits), signed using sha256WithRSAEncryption
*   Certificate level 1: Public key type ? (2048/112 Bits/secBits), signed using sha256WithRSAEncryption
*   Certificate level 2: Public key type ? (2048/112 Bits/secBits), signed using sha1WithRSAEncryption
* Connected to graph.facebook.com (2a03:2880:f084:a:face:b00c:0:2) port 443
* using HTTP/2
* [HTTP/2] [1] OPENED stream for https://graph.facebook.com/v20.0/1678719472762199/events
* [HTTP/2] [1] [:method: POST]
* [HTTP/2] [1] [:scheme: https]
* [HTTP/2] [1] [:authority: graph.facebook.com]
* [HTTP/2] [1] [:path: /v20.0/1678719472762199/events]
* [HTTP/2] [1] [accept: */*]
* [HTTP/2] [1] [content-type: application/json]
* [HTTP/2] [1] [authorization: Bearer EAAmh7hEmLboBO9Rns15MKACUggWffTpcsWwfpP8GKh2P8BXLAtglXldZA3Dc6HdSu8bvZAGR4Cx33k4vaAW3nOpttncIF7fqXMnyZB5aF6ZAmd7MoDRQxt9ATYrkQtPIsGgFuNbZCwZCy2ZAqm1zlBHVErQMFIQr5Tv3roOwCsnbOYqIJ3TJBMNffhRn2ZCocbfHOwZDZD]
* [HTTP/2] [1] [content-length: 572]
> POST /v20.0/1678719472762199/events HTTP/2
Host: graph.facebook.com
Accept: */*
Content-Type: application/json
Authorization: Bearer EAAmh7hEmLboBO9Rns15MKACUggWffTpcsWwfpP8GKh2P8BXLAtglXldZA3Dc6HdSu8bvZAGR4Cx33k4vaAW3nOpttncIF7fqXMnyZB5aF6ZAmd7MoDRQxt9ATYrkQtPIsGgFuNbZCwZCy2ZAqm1zlBHVErQMFIQr5Tv3roOwCsnbOYqIJ3TJBMNffhRn2ZCocbfHOwZDZD
Content-Length: 572

* upload completely sent off: 572 bytes
< HTTP/2 200 
< content-type: application/json; charset=UTF-8
< vary: Origin
< vary: Accept-Encoding
< x-ad-api-version-warning: You are calling a deprecated version of the Ads API.
< cross-origin-resource-policy: cross-origin
< x-app-usage: {"call_count":0,"total_cputime":0,"total_time":0}
< access-control-allow-origin: *
< facebook-api-version: v20.0
< strict-transport-security: max-age=15552000; preload
< pragma: no-cache
< cache-control: private, no-cache, no-store, must-revalidate
< expires: Sat, 01 Jan 2000 00:00:00 GMT
< x-fb-request-id: AIvpxsMR6WqMNG-87da-tNG
< x-fb-trace-id: BGpRNO3CYyw
< x-fb-rev: 1023015479
< x-fb-debug: 9hfrFKvex5bSgnMVfjff+pAYJa6cqoertZGR3AwNfLqdO/cF/xpk7Pl4H95Xg2LEIL8iHck43fRhsKk61DU++g==
< content-length: 74
< date: Tue, 20 May 2025 20:34:52 GMT
< x-fb-connection-quality: EXCELLENT; q=0.9, rtt=25, rtx=0, c=10, mss=1380, tbw=3532, tp=-1, tpl=-1, uplat=498, ullat=0
< alt-svc: h3=":443"; ma=86400
< 
* Connection #0 to host graph.facebook.com left intact


[2025-05-20 20:35:05] New request
* Host graph.facebook.com:443 was resolved.
* IPv6: 2a03:2880:f084:a:face:b00c:0:2
* IPv4: 157.240.252.10
*   Trying [2a03:2880:f084:a:face:b00c:0:2]:443...
* ALPN: curl offers h2,http/1.1
*  CAfile: /etc/pki/tls/certs/ca-bundle.crt
*  CApath: none
* SSL connection using TLSv1.3 / TLS_CHACHA20_POLY1305_SHA256 / [blank] / UNDEF
* ALPN: server accepted h2
* Server certificate:
*  subject: C=US; ST=California; L=Menlo Park; O=Meta Platforms, Inc.; CN=*.facebook.com
*  start date: Feb 27 00:00:00 2025 GMT
*  expire date: May 28 23:59:59 2025 GMT
*  subjectAltName: host "graph.facebook.com" matched cert's "*.facebook.com"
*  issuer: C=US; O=DigiCert Inc; OU=www.digicert.com; CN=DigiCert SHA2 High Assurance Server CA
*  SSL certificate verify ok.
*   Certificate level 0: Public key type ? (256/128 Bits/secBits), signed using sha256WithRSAEncryption
*   Certificate level 1: Public key type ? (2048/112 Bits/secBits), signed using sha256WithRSAEncryption
*   Certificate level 2: Public key type ? (2048/112 Bits/secBits), signed using sha1WithRSAEncryption
* Connected to graph.facebook.com (2a03:2880:f084:a:face:b00c:0:2) port 443
* using HTTP/2
* [HTTP/2] [1] OPENED stream for https://graph.facebook.com/v20.0/1678719472762199/events
* [HTTP/2] [1] [:method: POST]
* [HTTP/2] [1] [:scheme: https]
* [HTTP/2] [1] [:authority: graph.facebook.com]
* [HTTP/2] [1] [:path: /v20.0/1678719472762199/events]
* [HTTP/2] [1] [accept: */*]
* [HTTP/2] [1] [content-type: application/json]
* [HTTP/2] [1] [authorization: Bearer EAAmh7hEmLboBO9Rns15MKACUggWffTpcsWwfpP8GKh2P8BXLAtglXldZA3Dc6HdSu8bvZAGR4Cx33k4vaAW3nOpttncIF7fqXMnyZB5aF6ZAmd7MoDRQxt9ATYrkQtPIsGgFuNbZCwZCy2ZAqm1zlBHVErQMFIQr5Tv3roOwCsnbOYqIJ3TJBMNffhRn2ZCocbfHOwZDZD]
* [HTTP/2] [1] [content-length: 572]
> POST /v20.0/1678719472762199/events HTTP/2
Host: graph.facebook.com
Accept: */*
Content-Type: application/json
Authorization: Bearer EAAmh7hEmLboBO9Rns15MKACUggWffTpcsWwfpP8GKh2P8BXLAtglXldZA3Dc6HdSu8bvZAGR4Cx33k4vaAW3nOpttncIF7fqXMnyZB5aF6ZAmd7MoDRQxt9ATYrkQtPIsGgFuNbZCwZCy2ZAqm1zlBHVErQMFIQr5Tv3roOwCsnbOYqIJ3TJBMNffhRn2ZCocbfHOwZDZD
Content-Length: 572

* upload completely sent off: 572 bytes
< HTTP/2 200 
< content-type: application/json; charset=UTF-8
< vary: Origin
< vary: Accept-Encoding
< x-ad-api-version-warning: You are calling a deprecated version of the Ads API.
< cross-origin-resource-policy: cross-origin
< x-app-usage: {"call_count":0,"total_cputime":0,"total_time":0}
< access-control-allow-origin: *
< facebook-api-version: v20.0
< strict-transport-security: max-age=15552000; preload
< pragma: no-cache
< cache-control: private, no-cache, no-store, must-revalidate
< expires: Sat, 01 Jan 2000 00:00:00 GMT
< x-fb-request-id: A3IWONvVi8kxTF2X_KA-Cgy
< x-fb-trace-id: B8GC1yeuZT5
< x-fb-rev: 1023015479
< x-fb-debug: oznDWEHunjogk1+P8bGNDiDUZyPJBB7RJgSermjEkn8cjONNhYzUsOdTRknE+7NWOBuwuvvROpFuR8+1AVlGwg==
< content-length: 74
< date: Tue, 20 May 2025 20:35:06 GMT
< x-fb-connection-quality: EXCELLENT; q=0.9, rtt=23, rtx=0, c=10, mss=1380, tbw=3533, tp=-1, tpl=-1, uplat=447, ullat=0
< alt-svc: h3=":443"; ma=86400
< 
* Connection #0 to host graph.facebook.com left intact


[2025-05-20 20:35:13] New request
* Host graph.facebook.com:443 was resolved.
* IPv6: 2a03:2880:f084:a:face:b00c:0:2
* IPv4: 157.240.252.10
*   Trying [2a03:2880:f084:a:face:b00c:0:2]:443...
* ALPN: curl offers h2,http/1.1
*  CAfile: /etc/pki/tls/certs/ca-bundle.crt
*  CApath: none
* SSL connection using TLSv1.3 / TLS_CHACHA20_POLY1305_SHA256 / [blank] / UNDEF
* ALPN: server accepted h2
* Server certificate:
*  subject: C=US; ST=California; L=Menlo Park; O=Meta Platforms, Inc.; CN=*.facebook.com
*  start date: Feb 27 00:00:00 2025 GMT
*  expire date: May 28 23:59:59 2025 GMT
*  subjectAltName: host "graph.facebook.com" matched cert's "*.facebook.com"
*  issuer: C=US; O=DigiCert Inc; OU=www.digicert.com; CN=DigiCert SHA2 High Assurance Server CA
*  SSL certificate verify ok.
*   Certificate level 0: Public key type ? (256/128 Bits/secBits), signed using sha256WithRSAEncryption
*   Certificate level 1: Public key type ? (2048/112 Bits/secBits), signed using sha256WithRSAEncryption
*   Certificate level 2: Public key type ? (2048/112 Bits/secBits), signed using sha1WithRSAEncryption
* Connected to graph.facebook.com (2a03:2880:f084:a:face:b00c:0:2) port 443
* using HTTP/2
* [HTTP/2] [1] OPENED stream for https://graph.facebook.com/v20.0/1678719472762199/events
* [HTTP/2] [1] [:method: POST]
* [HTTP/2] [1] [:scheme: https]
* [HTTP/2] [1] [:authority: graph.facebook.com]
* [HTTP/2] [1] [:path: /v20.0/1678719472762199/events]
* [HTTP/2] [1] [accept: */*]
* [HTTP/2] [1] [content-type: application/json]
* [HTTP/2] [1] [authorization: Bearer EAAmh7hEmLboBO9Rns15MKACUggWffTpcsWwfpP8GKh2P8BXLAtglXldZA3Dc6HdSu8bvZAGR4Cx33k4vaAW3nOpttncIF7fqXMnyZB5aF6ZAmd7MoDRQxt9ATYrkQtPIsGgFuNbZCwZCy2ZAqm1zlBHVErQMFIQr5Tv3roOwCsnbOYqIJ3TJBMNffhRn2ZCocbfHOwZDZD]
* [HTTP/2] [1] [content-length: 572]
> POST /v20.0/1678719472762199/events HTTP/2
Host: graph.facebook.com
Accept: */*
Content-Type: application/json
Authorization: Bearer EAAmh7hEmLboBO9Rns15MKACUggWffTpcsWwfpP8GKh2P8BXLAtglXldZA3Dc6HdSu8bvZAGR4Cx33k4vaAW3nOpttncIF7fqXMnyZB5aF6ZAmd7MoDRQxt9ATYrkQtPIsGgFuNbZCwZCy2ZAqm1zlBHVErQMFIQr5Tv3roOwCsnbOYqIJ3TJBMNffhRn2ZCocbfHOwZDZD
Content-Length: 572

* upload completely sent off: 572 bytes
< HTTP/2 200 
< content-type: application/json; charset=UTF-8
< vary: Origin
< vary: Accept-Encoding
< x-ad-api-version-warning: You are calling a deprecated version of the Ads API.
< cross-origin-resource-policy: cross-origin
< x-app-usage: {"call_count":0,"total_cputime":0,"total_time":0}
< access-control-allow-origin: *
< facebook-api-version: v20.0
< strict-transport-security: max-age=15552000; preload
< pragma: no-cache
< cache-control: private, no-cache, no-store, must-revalidate
< expires: Sat, 01 Jan 2000 00:00:00 GMT
< x-fb-request-id: AfVPbjhIub7wShhppVMc9XN
< x-fb-trace-id: HDguT+CgBBe
< x-fb-rev: 1023015479
< x-fb-debug: m/p6Y041mGunm1vBy9gK7pqdW0naMWfyQTCbf91FEMqKkVYJR/fvmYuR28YgalKGu7D070Lrh0e/UmdvWnvrUg==
< content-length: 74
< date: Tue, 20 May 2025 20:35:14 GMT
< x-fb-connection-quality: EXCELLENT; q=0.9, rtt=25, rtx=0, c=10, mss=1380, tbw=3533, tp=-1, tpl=-1, uplat=541, ullat=0
< alt-svc: h3=":443"; ma=86400
< 
* Connection #0 to host graph.facebook.com left intact


[2025-05-20 20:38:07] New request
* Host graph.facebook.com:443 was resolved.
* IPv6: 2a03:2880:f32e:90:face:b00c:0:2
* IPv4: 57.144.112.141
*   Trying [2a03:2880:f32e:90:face:b00c:0:2]:443...
* ALPN: curl offers h2,http/1.1
*  CAfile: /etc/pki/tls/certs/ca-bundle.crt
*  CApath: none
* SSL connection using TLSv1.3 / TLS_CHACHA20_POLY1305_SHA256 / [blank] / UNDEF
* ALPN: server accepted h2
* Server certificate:
*  subject: C=US; ST=California; L=Menlo Park; O=Meta Platforms, Inc.; CN=*.facebook.com
*  start date: Feb 27 00:00:00 2025 GMT
*  expire date: May 28 23:59:59 2025 GMT
*  subjectAltName: host "graph.facebook.com" matched cert's "*.facebook.com"
*  issuer: C=US; O=DigiCert Inc; OU=www.digicert.com; CN=DigiCert SHA2 High Assurance Server CA
*  SSL certificate verify ok.
*   Certificate level 0: Public key type ? (256/128 Bits/secBits), signed using sha256WithRSAEncryption
*   Certificate level 1: Public key type ? (2048/112 Bits/secBits), signed using sha256WithRSAEncryption
*   Certificate level 2: Public key type ? (2048/112 Bits/secBits), signed using sha1WithRSAEncryption
* Connected to graph.facebook.com (2a03:2880:f32e:90:face:b00c:0:2) port 443
* using HTTP/2
* [HTTP/2] [1] OPENED stream for https://graph.facebook.com/v20.0/1678719472762199/events
* [HTTP/2] [1] [:method: POST]
* [HTTP/2] [1] [:scheme: https]
* [HTTP/2] [1] [:authority: graph.facebook.com]
* [HTTP/2] [1] [:path: /v20.0/1678719472762199/events]
* [HTTP/2] [1] [accept: */*]
* [HTTP/2] [1] [content-type: application/json]
* [HTTP/2] [1] [authorization: Bearer EAAmh7hEmLboBO9Rns15MKACUggWffTpcsWwfpP8GKh2P8BXLAtglXldZA3Dc6HdSu8bvZAGR4Cx33k4vaAW3nOpttncIF7fqXMnyZB5aF6ZAmd7MoDRQxt9ATYrkQtPIsGgFuNbZCwZCy2ZAqm1zlBHVErQMFIQr5Tv3roOwCsnbOYqIJ3TJBMNffhRn2ZCocbfHOwZDZD]
* [HTTP/2] [1] [content-length: 572]
> POST /v20.0/1678719472762199/events HTTP/2
Host: graph.facebook.com
Accept: */*
Content-Type: application/json
Authorization: Bearer EAAmh7hEmLboBO9Rns15MKACUggWffTpcsWwfpP8GKh2P8BXLAtglXldZA3Dc6HdSu8bvZAGR4Cx33k4vaAW3nOpttncIF7fqXMnyZB5aF6ZAmd7MoDRQxt9ATYrkQtPIsGgFuNbZCwZCy2ZAqm1zlBHVErQMFIQr5Tv3roOwCsnbOYqIJ3TJBMNffhRn2ZCocbfHOwZDZD
Content-Length: 572

* upload completely sent off: 572 bytes
< HTTP/2 200 
< content-type: application/json; charset=UTF-8
< vary: Origin
< vary: Accept-Encoding
< x-ad-api-version-warning: You are calling a deprecated version of the Ads API.
< cross-origin-resource-policy: cross-origin
< x-app-usage: {"call_count":0,"total_cputime":0,"total_time":0}
< access-control-allow-origin: *
< facebook-api-version: v20.0
< strict-transport-security: max-age=15552000; preload
< pragma: no-cache
< cache-control: private, no-cache, no-store, must-revalidate
< expires: Sat, 01 Jan 2000 00:00:00 GMT
< x-fb-request-id: AO82fvMlcvEEZQNj3rhS1Oo
< x-fb-trace-id: B0yjN5OtvSY
< x-fb-rev: 1023015479
< x-fb-debug: It3sSJiP4lkMF4RKnZToK9Ly3DdT/5XSEqQ9B9yy6thOQPCX+B5WMUnbSyy5rYAEpdNahtJF+ZolhrVVW6DI9g==
< content-length: 74
< date: Tue, 20 May 2025 20:38:08 GMT
< x-fb-connection-quality: EXCELLENT; q=0.9, rtt=8, rtx=0, c=10, mss=1380, tbw=3532, tp=-1, tpl=-1, uplat=614, ullat=0
< alt-svc: h3=":443"; ma=86400
< 
* Connection #0 to host graph.facebook.com left intact


[2025-05-20 20:38:25] New request
* Host graph.facebook.com:443 was resolved.
* IPv6: 2a03:2880:f32e:90:face:b00c:0:2
* IPv4: 57.144.112.141
*   Trying [2a03:2880:f32e:90:face:b00c:0:2]:443...
* ALPN: curl offers h2,http/1.1
*  CAfile: /etc/pki/tls/certs/ca-bundle.crt
*  CApath: none
* SSL connection using TLSv1.3 / TLS_CHACHA20_POLY1305_SHA256 / [blank] / UNDEF
* ALPN: server accepted h2
* Server certificate:
*  subject: C=US; ST=California; L=Menlo Park; O=Meta Platforms, Inc.; CN=*.facebook.com
*  start date: Feb 27 00:00:00 2025 GMT
*  expire date: May 28 23:59:59 2025 GMT
*  subjectAltName: host "graph.facebook.com" matched cert's "*.facebook.com"
*  issuer: C=US; O=DigiCert Inc; OU=www.digicert.com; CN=DigiCert SHA2 High Assurance Server CA
*  SSL certificate verify ok.
*   Certificate level 0: Public key type ? (256/128 Bits/secBits), signed using sha256WithRSAEncryption
*   Certificate level 1: Public key type ? (2048/112 Bits/secBits), signed using sha256WithRSAEncryption
*   Certificate level 2: Public key type ? (2048/112 Bits/secBits), signed using sha1WithRSAEncryption
* Connected to graph.facebook.com (2a03:2880:f32e:90:face:b00c:0:2) port 443
* using HTTP/2
* [HTTP/2] [1] OPENED stream for https://graph.facebook.com/v20.0/1678719472762199/events
* [HTTP/2] [1] [:method: POST]
* [HTTP/2] [1] [:scheme: https]
* [HTTP/2] [1] [:authority: graph.facebook.com]
* [HTTP/2] [1] [:path: /v20.0/1678719472762199/events]
* [HTTP/2] [1] [accept: */*]
* [HTTP/2] [1] [content-type: application/json]
* [HTTP/2] [1] [authorization: Bearer EAAmh7hEmLboBO9Rns15MKACUggWffTpcsWwfpP8GKh2P8BXLAtglXldZA3Dc6HdSu8bvZAGR4Cx33k4vaAW3nOpttncIF7fqXMnyZB5aF6ZAmd7MoDRQxt9ATYrkQtPIsGgFuNbZCwZCy2ZAqm1zlBHVErQMFIQr5Tv3roOwCsnbOYqIJ3TJBMNffhRn2ZCocbfHOwZDZD]
* [HTTP/2] [1] [content-length: 572]
> POST /v20.0/1678719472762199/events HTTP/2
Host: graph.facebook.com
Accept: */*
Content-Type: application/json
Authorization: Bearer EAAmh7hEmLboBO9Rns15MKACUggWffTpcsWwfpP8GKh2P8BXLAtglXldZA3Dc6HdSu8bvZAGR4Cx33k4vaAW3nOpttncIF7fqXMnyZB5aF6ZAmd7MoDRQxt9ATYrkQtPIsGgFuNbZCwZCy2ZAqm1zlBHVErQMFIQr5Tv3roOwCsnbOYqIJ3TJBMNffhRn2ZCocbfHOwZDZD
Content-Length: 572

* upload completely sent off: 572 bytes
< HTTP/2 200 
< content-type: application/json; charset=UTF-8
< vary: Origin
< vary: Accept-Encoding
< x-ad-api-version-warning: You are calling a deprecated version of the Ads API.
< cross-origin-resource-policy: cross-origin
< x-app-usage: {"call_count":0,"total_cputime":0,"total_time":0}
< access-control-allow-origin: *
< facebook-api-version: v20.0
< strict-transport-security: max-age=15552000; preload
< pragma: no-cache
< cache-control: private, no-cache, no-store, must-revalidate
< expires: Sat, 01 Jan 2000 00:00:00 GMT
< x-fb-request-id: AFI9vUY_Rr9UPjmHIKYSqLo
< x-fb-trace-id: HMg5ArN+YzH
< x-fb-rev: 1023015479
< x-fb-debug: KOKVovajc2OMUHYrPDFKp6QU9vZL4c+y6Jt4eEthXMbOziu/IN8fxfZDIOdhsHf+IhbqDfV3LwlGneOOfq7kfQ==
< content-length: 74
< date: Tue, 20 May 2025 20:38:26 GMT
< x-fb-connection-quality: EXCELLENT; q=0.9, rtt=8, rtx=0, c=10, mss=1380, tbw=3533, tp=-1, tpl=-1, uplat=521, ullat=0
< alt-svc: h3=":443"; ma=86400
< 
* Connection #0 to host graph.facebook.com left intact


[2025-05-20 20:38:49] New request
* Host graph.facebook.com:443 was resolved.
* IPv6: 2a03:2880:f330:95:face:b00c:0:2
* IPv4: 57.144.112.141
*   Trying [2a03:2880:f330:95:face:b00c:0:2]:443...
* ALPN: curl offers h2,http/1.1
*  CAfile: /etc/pki/tls/certs/ca-bundle.crt
*  CApath: none
* SSL connection using TLSv1.3 / TLS_CHACHA20_POLY1305_SHA256 / [blank] / UNDEF
* ALPN: server accepted h2
* Server certificate:
*  subject: C=US; ST=California; L=Menlo Park; O=Meta Platforms, Inc.; CN=*.facebook.com
*  start date: Feb 27 00:00:00 2025 GMT
*  expire date: May 28 23:59:59 2025 GMT
*  subjectAltName: host "graph.facebook.com" matched cert's "*.facebook.com"
*  issuer: C=US; O=DigiCert Inc; OU=www.digicert.com; CN=DigiCert SHA2 High Assurance Server CA
*  SSL certificate verify ok.
*   Certificate level 0: Public key type ? (256/128 Bits/secBits), signed using sha256WithRSAEncryption
*   Certificate level 1: Public key type ? (2048/112 Bits/secBits), signed using sha256WithRSAEncryption
*   Certificate level 2: Public key type ? (2048/112 Bits/secBits), signed using sha1WithRSAEncryption
* Connected to graph.facebook.com (2a03:2880:f330:95:face:b00c:0:2) port 443
* using HTTP/2
* [HTTP/2] [1] OPENED stream for https://graph.facebook.com/v20.0/1678719472762199/events
* [HTTP/2] [1] [:method: POST]
* [HTTP/2] [1] [:scheme: https]
* [HTTP/2] [1] [:authority: graph.facebook.com]
* [HTTP/2] [1] [:path: /v20.0/1678719472762199/events]
* [HTTP/2] [1] [accept: */*]
* [HTTP/2] [1] [content-type: application/json]
* [HTTP/2] [1] [authorization: Bearer EAAmh7hEmLboBO9Rns15MKACUggWffTpcsWwfpP8GKh2P8BXLAtglXldZA3Dc6HdSu8bvZAGR4Cx33k4vaAW3nOpttncIF7fqXMnyZB5aF6ZAmd7MoDRQxt9ATYrkQtPIsGgFuNbZCwZCy2ZAqm1zlBHVErQMFIQr5Tv3roOwCsnbOYqIJ3TJBMNffhRn2ZCocbfHOwZDZD]
* [HTTP/2] [1] [content-length: 572]
> POST /v20.0/1678719472762199/events HTTP/2
Host: graph.facebook.com
Accept: */*
Content-Type: application/json
Authorization: Bearer EAAmh7hEmLboBO9Rns15MKACUggWffTpcsWwfpP8GKh2P8BXLAtglXldZA3Dc6HdSu8bvZAGR4Cx33k4vaAW3nOpttncIF7fqXMnyZB5aF6ZAmd7MoDRQxt9ATYrkQtPIsGgFuNbZCwZCy2ZAqm1zlBHVErQMFIQr5Tv3roOwCsnbOYqIJ3TJBMNffhRn2ZCocbfHOwZDZD
Content-Length: 572

* upload completely sent off: 572 bytes
< HTTP/2 200 
< content-type: application/json; charset=UTF-8
< vary: Origin
< vary: Accept-Encoding
< x-ad-api-version-warning: You are calling a deprecated version of the Ads API.
< cross-origin-resource-policy: cross-origin
< x-app-usage: {"call_count":0,"total_cputime":0,"total_time":0}
< access-control-allow-origin: *
< facebook-api-version: v20.0
< strict-transport-security: max-age=15552000; preload
< pragma: no-cache
< cache-control: private, no-cache, no-store, must-revalidate
< expires: Sat, 01 Jan 2000 00:00:00 GMT
< x-fb-request-id: A0yDfEkn1VTWEmXKe34g7Za
< x-fb-trace-id: CCcg7YTSNsB
< x-fb-rev: 1023023599
< x-fb-debug: aUj+Zrai7AmdTlL8zbn6abMSUl3q0SP3kleaO86nYJLCYp7qwDO6C7fBfEXHRD7ltZUZozJatP0bvda2OtB1QA==
< content-length: 74
< date: Tue, 20 May 2025 20:38:50 GMT
< x-fb-connection-quality: EXCELLENT; q=0.9, rtt=13, rtx=0, c=10, mss=1380, tbw=3532, tp=-1, tpl=-1, uplat=339, ullat=0
< alt-svc: h3=":443"; ma=86400
< 
* Connection #0 to host graph.facebook.com left intact


[2025-05-20 20:40:01] New request
* Host graph.facebook.com:443 was resolved.
* IPv6: 2a03:2880:f32e:90:face:b00c:0:2
* IPv4: 57.144.112.141
*   Trying [2a03:2880:f32e:90:face:b00c:0:2]:443...
* ALPN: curl offers h2,http/1.1
*  CAfile: /etc/pki/tls/certs/ca-bundle.crt
*  CApath: none
* SSL connection using TLSv1.3 / TLS_CHACHA20_POLY1305_SHA256 / [blank] / UNDEF
* ALPN: server accepted h2
* Server certificate:
*  subject: C=US; ST=California; L=Menlo Park; O=Meta Platforms, Inc.; CN=*.facebook.com
*  start date: Feb 27 00:00:00 2025 GMT
*  expire date: May 28 23:59:59 2025 GMT
*  subjectAltName: host "graph.facebook.com" matched cert's "*.facebook.com"
*  issuer: C=US; O=DigiCert Inc; OU=www.digicert.com; CN=DigiCert SHA2 High Assurance Server CA
*  SSL certificate verify ok.
*   Certificate level 0: Public key type ? (256/128 Bits/secBits), signed using sha256WithRSAEncryption
*   Certificate level 1: Public key type ? (2048/112 Bits/secBits), signed using sha256WithRSAEncryption
*   Certificate level 2: Public key type ? (2048/112 Bits/secBits), signed using sha1WithRSAEncryption
* Connected to graph.facebook.com (2a03:2880:f32e:90:face:b00c:0:2) port 443
* using HTTP/2
* [HTTP/2] [1] OPENED stream for https://graph.facebook.com/v20.0/1678719472762199/events
* [HTTP/2] [1] [:method: POST]
* [HTTP/2] [1] [:scheme: https]
* [HTTP/2] [1] [:authority: graph.facebook.com]
* [HTTP/2] [1] [:path: /v20.0/1678719472762199/events]
* [HTTP/2] [1] [accept: */*]
* [HTTP/2] [1] [content-type: application/json]
* [HTTP/2] [1] [authorization: Bearer EAAmh7hEmLboBO9Rns15MKACUggWffTpcsWwfpP8GKh2P8BXLAtglXldZA3Dc6HdSu8bvZAGR4Cx33k4vaAW3nOpttncIF7fqXMnyZB5aF6ZAmd7MoDRQxt9ATYrkQtPIsGgFuNbZCwZCy2ZAqm1zlBHVErQMFIQr5Tv3roOwCsnbOYqIJ3TJBMNffhRn2ZCocbfHOwZDZD]
* [HTTP/2] [1] [content-length: 572]
> POST /v20.0/1678719472762199/events HTTP/2
Host: graph.facebook.com
Accept: */*
Content-Type: application/json
Authorization: Bearer EAAmh7hEmLboBO9Rns15MKACUggWffTpcsWwfpP8GKh2P8BXLAtglXldZA3Dc6HdSu8bvZAGR4Cx33k4vaAW3nOpttncIF7fqXMnyZB5aF6ZAmd7MoDRQxt9ATYrkQtPIsGgFuNbZCwZCy2ZAqm1zlBHVErQMFIQr5Tv3roOwCsnbOYqIJ3TJBMNffhRn2ZCocbfHOwZDZD
Content-Length: 572

* upload completely sent off: 572 bytes
< HTTP/2 200 
< content-type: application/json; charset=UTF-8
< vary: Origin
< vary: Accept-Encoding
< x-ad-api-version-warning: You are calling a deprecated version of the Ads API.
< cross-origin-resource-policy: cross-origin
< x-app-usage: {"call_count":0,"total_cputime":0,"total_time":0}
< access-control-allow-origin: *
< facebook-api-version: v20.0
< strict-transport-security: max-age=15552000; preload
< pragma: no-cache
< cache-control: private, no-cache, no-store, must-revalidate
< expires: Sat, 01 Jan 2000 00:00:00 GMT
< x-fb-request-id: ABIYI3HySELFUGqo_aXNYEd
< x-fb-trace-id: BOkQUqsZT4N
< x-fb-rev: 1023023599
< x-fb-debug: MpZTLDX86wrFjMvxte1scuEWvB9qDcYBvkm1Vrd6MfvX1MTYxeEzBBAUiidRO1gC19TzpPP88OOFb2JfvCIuJg==
< content-length: 74
< date: Tue, 20 May 2025 20:40:01 GMT
< x-fb-connection-quality: EXCELLENT; q=0.9, rtt=8, rtx=0, c=10, mss=1380, tbw=3533, tp=-1, tpl=-1, uplat=474, ullat=0
< alt-svc: h3=":443"; ma=86400
< 
* Connection #0 to host graph.facebook.com left intact


[2025-05-20 20:42:23] New request
* Host graph.facebook.com:443 was resolved.
* IPv6: 2a03:2880:f32e:90:face:b00c:0:2
* IPv4: 57.144.112.141
*   Trying [2a03:2880:f32e:90:face:b00c:0:2]:443...
* ALPN: curl offers h2,http/1.1
*  CAfile: /etc/pki/tls/certs/ca-bundle.crt
*  CApath: none
* SSL connection using TLSv1.3 / TLS_CHACHA20_POLY1305_SHA256 / [blank] / UNDEF
* ALPN: server accepted h2
* Server certificate:
*  subject: C=US; ST=California; L=Menlo Park; O=Meta Platforms, Inc.; CN=*.facebook.com
*  start date: Feb 27 00:00:00 2025 GMT
*  expire date: May 28 23:59:59 2025 GMT
*  subjectAltName: host "graph.facebook.com" matched cert's "*.facebook.com"
*  issuer: C=US; O=DigiCert Inc; OU=www.digicert.com; CN=DigiCert SHA2 High Assurance Server CA
*  SSL certificate verify ok.
*   Certificate level 0: Public key type ? (256/128 Bits/secBits), signed using sha256WithRSAEncryption
*   Certificate level 1: Public key type ? (2048/112 Bits/secBits), signed using sha256WithRSAEncryption
*   Certificate level 2: Public key type ? (2048/112 Bits/secBits), signed using sha1WithRSAEncryption
* Connected to graph.facebook.com (2a03:2880:f32e:90:face:b00c:0:2) port 443
* using HTTP/2
* [HTTP/2] [1] OPENED stream for https://graph.facebook.com/v20.0/1678719472762199/events
* [HTTP/2] [1] [:method: POST]
* [HTTP/2] [1] [:scheme: https]
* [HTTP/2] [1] [:authority: graph.facebook.com]
* [HTTP/2] [1] [:path: /v20.0/1678719472762199/events]
* [HTTP/2] [1] [accept: */*]
* [HTTP/2] [1] [content-type: application/json]
* [HTTP/2] [1] [authorization: Bearer EAAmh7hEmLboBO9Rns15MKACUggWffTpcsWwfpP8GKh2P8BXLAtglXldZA3Dc6HdSu8bvZAGR4Cx33k4vaAW3nOpttncIF7fqXMnyZB5aF6ZAmd7MoDRQxt9ATYrkQtPIsGgFuNbZCwZCy2ZAqm1zlBHVErQMFIQr5Tv3roOwCsnbOYqIJ3TJBMNffhRn2ZCocbfHOwZDZD]
* [HTTP/2] [1] [content-length: 572]
> POST /v20.0/1678719472762199/events HTTP/2
Host: graph.facebook.com
Accept: */*
Content-Type: application/json
Authorization: Bearer EAAmh7hEmLboBO9Rns15MKACUggWffTpcsWwfpP8GKh2P8BXLAtglXldZA3Dc6HdSu8bvZAGR4Cx33k4vaAW3nOpttncIF7fqXMnyZB5aF6ZAmd7MoDRQxt9ATYrkQtPIsGgFuNbZCwZCy2ZAqm1zlBHVErQMFIQr5Tv3roOwCsnbOYqIJ3TJBMNffhRn2ZCocbfHOwZDZD
Content-Length: 572

* upload completely sent off: 572 bytes
< HTTP/2 200 
< content-type: application/json; charset=UTF-8
< vary: Origin
< vary: Accept-Encoding
< x-ad-api-version-warning: You are calling a deprecated version of the Ads API.
< cross-origin-resource-policy: cross-origin
< x-app-usage: {"call_count":0,"total_cputime":0,"total_time":0}
< access-control-allow-origin: *
< facebook-api-version: v20.0
< strict-transport-security: max-age=15552000; preload
< pragma: no-cache
< cache-control: private, no-cache, no-store, must-revalidate
< expires: Sat, 01 Jan 2000 00:00:00 GMT
< x-fb-request-id: AXGt18yVcPpvuIc2OQ7_ORE
< x-fb-trace-id: HSogDeOwASi
< x-fb-rev: 1023023599
< x-fb-debug: 3f7PEAa4yzq7BRmG/BXFicP2PT2bAWp2IPf36o8wkuMdK5BHOq9lPmBxD9L4Wf3e+ImoVOceQ6iyPx13OJS0ig==
< content-length: 74
< date: Tue, 20 May 2025 20:42:24 GMT
< x-fb-connection-quality: EXCELLENT; q=0.9, rtt=8, rtx=0, c=10, mss=1380, tbw=3533, tp=-1, tpl=-1, uplat=427, ullat=0
< alt-svc: h3=":443"; ma=86400
< 
* Connection #0 to host graph.facebook.com left intact


[2025-05-20 20:42:31] New request
* Host graph.facebook.com:443 was resolved.
* IPv6: 2a03:2880:f32e:90:face:b00c:0:2
* IPv4: 57.144.112.141
*   Trying [2a03:2880:f32e:90:face:b00c:0:2]:443...
* ALPN: curl offers h2,http/1.1
*  CAfile: /etc/pki/tls/certs/ca-bundle.crt
*  CApath: none
* SSL connection using TLSv1.3 / TLS_CHACHA20_POLY1305_SHA256 / [blank] / UNDEF
* ALPN: server accepted h2
* Server certificate:
*  subject: C=US; ST=California; L=Menlo Park; O=Meta Platforms, Inc.; CN=*.facebook.com
*  start date: Feb 27 00:00:00 2025 GMT
*  expire date: May 28 23:59:59 2025 GMT
*  subjectAltName: host "graph.facebook.com" matched cert's "*.facebook.com"
*  issuer: C=US; O=DigiCert Inc; OU=www.digicert.com; CN=DigiCert SHA2 High Assurance Server CA
*  SSL certificate verify ok.
*   Certificate level 0: Public key type ? (256/128 Bits/secBits), signed using sha256WithRSAEncryption
*   Certificate level 1: Public key type ? (2048/112 Bits/secBits), signed using sha256WithRSAEncryption
*   Certificate level 2: Public key type ? (2048/112 Bits/secBits), signed using sha1WithRSAEncryption
* Connected to graph.facebook.com (2a03:2880:f32e:90:face:b00c:0:2) port 443
* using HTTP/2
* [HTTP/2] [1] OPENED stream for https://graph.facebook.com/v20.0/1678719472762199/events
* [HTTP/2] [1] [:method: POST]
* [HTTP/2] [1] [:scheme: https]
* [HTTP/2] [1] [:authority: graph.facebook.com]
* [HTTP/2] [1] [:path: /v20.0/1678719472762199/events]
* [HTTP/2] [1] [accept: */*]
* [HTTP/2] [1] [content-type: application/json]
* [HTTP/2] [1] [authorization: Bearer EAAmh7hEmLboBO9Rns15MKACUggWffTpcsWwfpP8GKh2P8BXLAtglXldZA3Dc6HdSu8bvZAGR4Cx33k4vaAW3nOpttncIF7fqXMnyZB5aF6ZAmd7MoDRQxt9ATYrkQtPIsGgFuNbZCwZCy2ZAqm1zlBHVErQMFIQr5Tv3roOwCsnbOYqIJ3TJBMNffhRn2ZCocbfHOwZDZD]
* [HTTP/2] [1] [content-length: 572]
> POST /v20.0/1678719472762199/events HTTP/2
Host: graph.facebook.com
Accept: */*
Content-Type: application/json
Authorization: Bearer EAAmh7hEmLboBO9Rns15MKACUggWffTpcsWwfpP8GKh2P8BXLAtglXldZA3Dc6HdSu8bvZAGR4Cx33k4vaAW3nOpttncIF7fqXMnyZB5aF6ZAmd7MoDRQxt9ATYrkQtPIsGgFuNbZCwZCy2ZAqm1zlBHVErQMFIQr5Tv3roOwCsnbOYqIJ3TJBMNffhRn2ZCocbfHOwZDZD
Content-Length: 572

* upload completely sent off: 572 bytes
< HTTP/2 200 
< content-type: application/json; charset=UTF-8
< vary: Origin
< vary: Accept-Encoding
< x-ad-api-version-warning: You are calling a deprecated version of the Ads API.
< cross-origin-resource-policy: cross-origin
< x-app-usage: {"call_count":0,"total_cputime":0,"total_time":0}
< access-control-allow-origin: *
< facebook-api-version: v20.0
< strict-transport-security: max-age=15552000; preload
< pragma: no-cache
< cache-control: private, no-cache, no-store, must-revalidate
< expires: Sat, 01 Jan 2000 00:00:00 GMT
< x-fb-request-id: A0NwoWfxBReJuOcgtpiIl85
< x-fb-trace-id: HJq9qL9lbwZ
< x-fb-rev: 1023023599
< x-fb-debug: Q4w1woIsuxOBHGGAKdxYzOnQcBfm7G8WeEG17XyQi6ND70KJmWSt10K1+BrmVeUaAhMhuqUG4pPHyfGmJso8Jw==
< content-length: 74
< date: Tue, 20 May 2025 20:42:32 GMT
< x-fb-connection-quality: EXCELLENT; q=0.9, rtt=8, rtx=0, c=10, mss=1380, tbw=3532, tp=-1, tpl=-1, uplat=533, ullat=0
< alt-svc: h3=":443"; ma=86400
< 
* Connection #0 to host graph.facebook.com left intact


[2025-05-20 20:44:29] New request
* Host graph.facebook.com:443 was resolved.
* IPv6: 2a03:2880:f32e:90:face:b00c:0:2
* IPv4: 57.144.112.141
*   Trying [2a03:2880:f32e:90:face:b00c:0:2]:443...
* ALPN: curl offers h2,http/1.1
*  CAfile: /etc/pki/tls/certs/ca-bundle.crt
*  CApath: none
* SSL connection using TLSv1.3 / TLS_CHACHA20_POLY1305_SHA256 / [blank] / UNDEF
* ALPN: server accepted h2
* Server certificate:
*  subject: C=US; ST=California; L=Menlo Park; O=Meta Platforms, Inc.; CN=*.facebook.com
*  start date: Feb 27 00:00:00 2025 GMT
*  expire date: May 28 23:59:59 2025 GMT
*  subjectAltName: host "graph.facebook.com" matched cert's "*.facebook.com"
*  issuer: C=US; O=DigiCert Inc; OU=www.digicert.com; CN=DigiCert SHA2 High Assurance Server CA
*  SSL certificate verify ok.
*   Certificate level 0: Public key type ? (256/128 Bits/secBits), signed using sha256WithRSAEncryption
*   Certificate level 1: Public key type ? (2048/112 Bits/secBits), signed using sha256WithRSAEncryption
*   Certificate level 2: Public key type ? (2048/112 Bits/secBits), signed using sha1WithRSAEncryption
* Connected to graph.facebook.com (2a03:2880:f32e:90:face:b00c:0:2) port 443
* using HTTP/2
* [HTTP/2] [1] OPENED stream for https://graph.facebook.com/v20.0/1678719472762199/events
* [HTTP/2] [1] [:method: POST]
* [HTTP/2] [1] [:scheme: https]
* [HTTP/2] [1] [:authority: graph.facebook.com]
* [HTTP/2] [1] [:path: /v20.0/1678719472762199/events]
* [HTTP/2] [1] [accept: */*]
* [HTTP/2] [1] [content-type: application/json]
* [HTTP/2] [1] [authorization: Bearer EAAmh7hEmLboBO9Rns15MKACUggWffTpcsWwfpP8GKh2P8BXLAtglXldZA3Dc6HdSu8bvZAGR4Cx33k4vaAW3nOpttncIF7fqXMnyZB5aF6ZAmd7MoDRQxt9ATYrkQtPIsGgFuNbZCwZCy2ZAqm1zlBHVErQMFIQr5Tv3roOwCsnbOYqIJ3TJBMNffhRn2ZCocbfHOwZDZD]
* [HTTP/2] [1] [content-length: 572]
> POST /v20.0/1678719472762199/events HTTP/2
Host: graph.facebook.com
Accept: */*
Content-Type: application/json
Authorization: Bearer EAAmh7hEmLboBO9Rns15MKACUggWffTpcsWwfpP8GKh2P8BXLAtglXldZA3Dc6HdSu8bvZAGR4Cx33k4vaAW3nOpttncIF7fqXMnyZB5aF6ZAmd7MoDRQxt9ATYrkQtPIsGgFuNbZCwZCy2ZAqm1zlBHVErQMFIQr5Tv3roOwCsnbOYqIJ3TJBMNffhRn2ZCocbfHOwZDZD
Content-Length: 572

* upload completely sent off: 572 bytes
< HTTP/2 200 
< content-type: application/json; charset=UTF-8
< vary: Origin
< vary: Accept-Encoding
< x-ad-api-version-warning: You are calling a deprecated version of the Ads API.
< cross-origin-resource-policy: cross-origin
< x-app-usage: {"call_count":0,"total_cputime":0,"total_time":0}
< access-control-allow-origin: *
< facebook-api-version: v20.0
< strict-transport-security: max-age=15552000; preload
< pragma: no-cache
< cache-control: private, no-cache, no-store, must-revalidate
< expires: Sat, 01 Jan 2000 00:00:00 GMT
< x-fb-request-id: AxK5mvgWOl3bP7JF_bwcrDD
< x-fb-trace-id: DyT6Jdv0Gg7
< x-fb-rev: 1023023599
< x-fb-debug: Yj/rKpZukwNE0Tm/k0zoqMirrxdlPWlMsdZopDu8F0UmX/vxYzI794SiiyvR9cUpiez7soGFjqv4JMCwDD42yg==
< content-length: 74
< date: Tue, 20 May 2025 20:44:30 GMT
< x-fb-connection-quality: EXCELLENT; q=0.9, rtt=13, rtx=0, c=10, mss=1380, tbw=3532, tp=-1, tpl=-1, uplat=600, ullat=0
< alt-svc: h3=":443"; ma=86400
< 
* Connection #0 to host graph.facebook.com left intact


[2025-05-20 20:45:07] New request
* Host graph.facebook.com:443 was resolved.
* IPv6: 2a03:2880:f32e:90:face:b00c:0:2
* IPv4: 57.144.112.141
*   Trying [2a03:2880:f32e:90:face:b00c:0:2]:443...
* ALPN: curl offers h2,http/1.1
*  CAfile: /etc/pki/tls/certs/ca-bundle.crt
*  CApath: none
* SSL connection using TLSv1.3 / TLS_CHACHA20_POLY1305_SHA256 / [blank] / UNDEF
* ALPN: server accepted h2
* Server certificate:
*  subject: C=US; ST=California; L=Menlo Park; O=Meta Platforms, Inc.; CN=*.facebook.com
*  start date: Feb 27 00:00:00 2025 GMT
*  expire date: May 28 23:59:59 2025 GMT
*  subjectAltName: host "graph.facebook.com" matched cert's "*.facebook.com"
*  issuer: C=US; O=DigiCert Inc; OU=www.digicert.com; CN=DigiCert SHA2 High Assurance Server CA
*  SSL certificate verify ok.
*   Certificate level 0: Public key type ? (256/128 Bits/secBits), signed using sha256WithRSAEncryption
*   Certificate level 1: Public key type ? (2048/112 Bits/secBits), signed using sha256WithRSAEncryption
*   Certificate level 2: Public key type ? (2048/112 Bits/secBits), signed using sha1WithRSAEncryption
* Connected to graph.facebook.com (2a03:2880:f32e:90:face:b00c:0:2) port 443
* using HTTP/2
* [HTTP/2] [1] OPENED stream for https://graph.facebook.com/v20.0/1678719472762199/events
* [HTTP/2] [1] [:method: POST]
* [HTTP/2] [1] [:scheme: https]
* [HTTP/2] [1] [:authority: graph.facebook.com]
* [HTTP/2] [1] [:path: /v20.0/1678719472762199/events]
* [HTTP/2] [1] [accept: */*]
* [HTTP/2] [1] [content-type: application/json]
* [HTTP/2] [1] [authorization: Bearer EAAmh7hEmLboBO9Rns15MKACUggWffTpcsWwfpP8GKh2P8BXLAtglXldZA3Dc6HdSu8bvZAGR4Cx33k4vaAW3nOpttncIF7fqXMnyZB5aF6ZAmd7MoDRQxt9ATYrkQtPIsGgFuNbZCwZCy2ZAqm1zlBHVErQMFIQr5Tv3roOwCsnbOYqIJ3TJBMNffhRn2ZCocbfHOwZDZD]
* [HTTP/2] [1] [content-length: 572]
> POST /v20.0/1678719472762199/events HTTP/2
Host: graph.facebook.com
Accept: */*
Content-Type: application/json
Authorization: Bearer EAAmh7hEmLboBO9Rns15MKACUggWffTpcsWwfpP8GKh2P8BXLAtglXldZA3Dc6HdSu8bvZAGR4Cx33k4vaAW3nOpttncIF7fqXMnyZB5aF6ZAmd7MoDRQxt9ATYrkQtPIsGgFuNbZCwZCy2ZAqm1zlBHVErQMFIQr5Tv3roOwCsnbOYqIJ3TJBMNffhRn2ZCocbfHOwZDZD
Content-Length: 572

* upload completely sent off: 572 bytes
< HTTP/2 200 
< content-type: application/json; charset=UTF-8
< vary: Origin
< vary: Accept-Encoding
< x-ad-api-version-warning: You are calling a deprecated version of the Ads API.
< cross-origin-resource-policy: cross-origin
< x-app-usage: {"call_count":0,"total_cputime":0,"total_time":0}
< access-control-allow-origin: *
< facebook-api-version: v20.0
< strict-transport-security: max-age=15552000; preload
< pragma: no-cache
< cache-control: private, no-cache, no-store, must-revalidate
< expires: Sat, 01 Jan 2000 00:00:00 GMT
< x-fb-request-id: AITgAIluLSxG0lL9PNkVZMj
< x-fb-trace-id: Aefr9Rdc8rd
< x-fb-rev: 1023023599
< x-fb-debug: n4st7OP50Kxsssk7YAP2j+Dmc3pjfXG3MpCduFvMw1nk7RuTRPFsApCn5QC1LyjUP8gKrdMg25cDURKp73F4Kw==
< content-length: 74
< date: Tue, 20 May 2025 20:45:07 GMT
< x-fb-connection-quality: EXCELLENT; q=0.9, rtt=8, rtx=0, c=10, mss=1380, tbw=3533, tp=-1, tpl=-1, uplat=411, ullat=0
< alt-svc: h3=":443"; ma=86400
< 
* Connection #0 to host graph.facebook.com left intact


[2025-05-20 20:45:19] New request
* Host graph.facebook.com:443 was resolved.
* IPv6: 2a03:2880:f32e:90:face:b00c:0:2
* IPv4: 57.144.112.141
*   Trying [2a03:2880:f32e:90:face:b00c:0:2]:443...
* ALPN: curl offers h2,http/1.1
*  CAfile: /etc/pki/tls/certs/ca-bundle.crt
*  CApath: none
* SSL connection using TLSv1.3 / TLS_CHACHA20_POLY1305_SHA256 / [blank] / UNDEF
* ALPN: server accepted h2
* Server certificate:
*  subject: C=US; ST=California; L=Menlo Park; O=Meta Platforms, Inc.; CN=*.facebook.com
*  start date: Feb 27 00:00:00 2025 GMT
*  expire date: May 28 23:59:59 2025 GMT
*  subjectAltName: host "graph.facebook.com" matched cert's "*.facebook.com"
*  issuer: C=US; O=DigiCert Inc; OU=www.digicert.com; CN=DigiCert SHA2 High Assurance Server CA
*  SSL certificate verify ok.
*   Certificate level 0: Public key type ? (256/128 Bits/secBits), signed using sha256WithRSAEncryption
*   Certificate level 1: Public key type ? (2048/112 Bits/secBits), signed using sha256WithRSAEncryption
*   Certificate level 2: Public key type ? (2048/112 Bits/secBits), signed using sha1WithRSAEncryption
* Connected to graph.facebook.com (2a03:2880:f32e:90:face:b00c:0:2) port 443
* using HTTP/2
* [HTTP/2] [1] OPENED stream for https://graph.facebook.com/v20.0/1678719472762199/events
* [HTTP/2] [1] [:method: POST]
* [HTTP/2] [1] [:scheme: https]
* [HTTP/2] [1] [:authority: graph.facebook.com]
* [HTTP/2] [1] [:path: /v20.0/1678719472762199/events]
* [HTTP/2] [1] [accept: */*]
* [HTTP/2] [1] [content-type: application/json]
* [HTTP/2] [1] [authorization: Bearer EAAmh7hEmLboBO9Rns15MKACUggWffTpcsWwfpP8GKh2P8BXLAtglXldZA3Dc6HdSu8bvZAGR4Cx33k4vaAW3nOpttncIF7fqXMnyZB5aF6ZAmd7MoDRQxt9ATYrkQtPIsGgFuNbZCwZCy2ZAqm1zlBHVErQMFIQr5Tv3roOwCsnbOYqIJ3TJBMNffhRn2ZCocbfHOwZDZD]
* [HTTP/2] [1] [content-length: 572]
> POST /v20.0/1678719472762199/events HTTP/2
Host: graph.facebook.com
Accept: */*
Content-Type: application/json
Authorization: Bearer EAAmh7hEmLboBO9Rns15MKACUggWffTpcsWwfpP8GKh2P8BXLAtglXldZA3Dc6HdSu8bvZAGR4Cx33k4vaAW3nOpttncIF7fqXMnyZB5aF6ZAmd7MoDRQxt9ATYrkQtPIsGgFuNbZCwZCy2ZAqm1zlBHVErQMFIQr5Tv3roOwCsnbOYqIJ3TJBMNffhRn2ZCocbfHOwZDZD
Content-Length: 572

* upload completely sent off: 572 bytes
< HTTP/2 200 
< content-type: application/json; charset=UTF-8
< vary: Origin
< vary: Accept-Encoding
< x-ad-api-version-warning: You are calling a deprecated version of the Ads API.
< cross-origin-resource-policy: cross-origin
< x-app-usage: {"call_count":0,"total_cputime":0,"total_time":0}
< access-control-allow-origin: *
< facebook-api-version: v20.0
< strict-transport-security: max-age=15552000; preload
< pragma: no-cache
< cache-control: private, no-cache, no-store, must-revalidate
< expires: Sat, 01 Jan 2000 00:00:00 GMT
< x-fb-request-id: AwkqhwYLfrhCK0Lul5IUKAw
< x-fb-trace-id: APC1KvxQlyl
< x-fb-rev: 1023023599
< x-fb-debug: KXyCw93yyOb1tQo4wfhMpYr8LvWnUL4iDrDmZTJpcpHsnLzPaq980yOzrtNxL3U0y78dTR2Dfi3vFPQXddXjOw==
< content-length: 74
< date: Tue, 20 May 2025 20:45:19 GMT
< x-fb-connection-quality: EXCELLENT; q=0.9, rtt=8, rtx=0, c=10, mss=1380, tbw=3532, tp=-1, tpl=-1, uplat=352, ullat=0
< alt-svc: h3=":443"; ma=86400
< 
* Connection #0 to host graph.facebook.com left intact


[2025-05-20 20:45:58] New request
* Host graph.facebook.com:443 was resolved.
* IPv6: 2a03:2880:f32e:90:face:b00c:0:2
* IPv4: 157.240.253.13
*   Trying [2a03:2880:f32e:90:face:b00c:0:2]:443...
* ALPN: curl offers h2,http/1.1
*  CAfile: /etc/pki/tls/certs/ca-bundle.crt
*  CApath: none
* SSL connection using TLSv1.3 / TLS_CHACHA20_POLY1305_SHA256 / [blank] / UNDEF
* ALPN: server accepted h2
* Server certificate:
*  subject: C=US; ST=California; L=Menlo Park; O=Meta Platforms, Inc.; CN=*.facebook.com
*  start date: Feb 27 00:00:00 2025 GMT
*  expire date: May 28 23:59:59 2025 GMT
*  subjectAltName: host "graph.facebook.com" matched cert's "*.facebook.com"
*  issuer: C=US; O=DigiCert Inc; OU=www.digicert.com; CN=DigiCert SHA2 High Assurance Server CA
*  SSL certificate verify ok.
*   Certificate level 0: Public key type ? (256/128 Bits/secBits), signed using sha256WithRSAEncryption
*   Certificate level 1: Public key type ? (2048/112 Bits/secBits), signed using sha256WithRSAEncryption
*   Certificate level 2: Public key type ? (2048/112 Bits/secBits), signed using sha1WithRSAEncryption
* Connected to graph.facebook.com (2a03:2880:f32e:90:face:b00c:0:2) port 443
* using HTTP/2
* [HTTP/2] [1] OPENED stream for https://graph.facebook.com/v20.0/1678719472762199/events
* [HTTP/2] [1] [:method: POST]
* [HTTP/2] [1] [:scheme: https]
* [HTTP/2] [1] [:authority: graph.facebook.com]
* [HTTP/2] [1] [:path: /v20.0/1678719472762199/events]
* [HTTP/2] [1] [accept: */*]
* [HTTP/2] [1] [content-type: application/json]
* [HTTP/2] [1] [authorization: Bearer EAAmh7hEmLboBO9Rns15MKACUggWffTpcsWwfpP8GKh2P8BXLAtglXldZA3Dc6HdSu8bvZAGR4Cx33k4vaAW3nOpttncIF7fqXMnyZB5aF6ZAmd7MoDRQxt9ATYrkQtPIsGgFuNbZCwZCy2ZAqm1zlBHVErQMFIQr5Tv3roOwCsnbOYqIJ3TJBMNffhRn2ZCocbfHOwZDZD]
* [HTTP/2] [1] [content-length: 572]
> POST /v20.0/1678719472762199/events HTTP/2
Host: graph.facebook.com
Accept: */*
Content-Type: application/json
Authorization: Bearer EAAmh7hEmLboBO9Rns15MKACUggWffTpcsWwfpP8GKh2P8BXLAtglXldZA3Dc6HdSu8bvZAGR4Cx33k4vaAW3nOpttncIF7fqXMnyZB5aF6ZAmd7MoDRQxt9ATYrkQtPIsGgFuNbZCwZCy2ZAqm1zlBHVErQMFIQr5Tv3roOwCsnbOYqIJ3TJBMNffhRn2ZCocbfHOwZDZD
Content-Length: 572

* upload completely sent off: 572 bytes
< HTTP/2 200 
< content-type: application/json; charset=UTF-8
< vary: Origin
< vary: Accept-Encoding
< x-ad-api-version-warning: You are calling a deprecated version of the Ads API.
< cross-origin-resource-policy: cross-origin
< x-app-usage: {"call_count":0,"total_cputime":0,"total_time":0}
< access-control-allow-origin: *
< facebook-api-version: v20.0
< strict-transport-security: max-age=15552000; preload
< pragma: no-cache
< cache-control: private, no-cache, no-store, must-revalidate
< expires: Sat, 01 Jan 2000 00:00:00 GMT
< x-fb-request-id: AeKh74Xm3wKlMW_N52Jn7lC
< x-fb-trace-id: Ep6IW5Is88B
< x-fb-rev: 1023023599
< x-fb-debug: +dYLVUq1k93Id+3O1/tSulGbCX44NlpRQpBaC6ozHWB95FHM/v3KDONfgplTgZ341+wYvq+I+p3rfQHz4TdpcQ==
< content-length: 74
< date: Tue, 20 May 2025 20:45:59 GMT
< x-fb-connection-quality: EXCELLENT; q=0.9, rtt=8, rtx=0, c=10, mss=1380, tbw=3533, tp=-1, tpl=-1, uplat=423, ullat=0
< alt-svc: h3=":443"; ma=86400
< 
* Connection #0 to host graph.facebook.com left intact


[2025-05-20 20:46:55] New request
* Host graph.facebook.com:443 was resolved.
* IPv6: 2a03:2880:f32e:90:face:b00c:0:2
* IPv4: 157.240.253.13
*   Trying [2a03:2880:f32e:90:face:b00c:0:2]:443...
* ALPN: curl offers h2,http/1.1
*  CAfile: /etc/pki/tls/certs/ca-bundle.crt
*  CApath: none
* SSL connection using TLSv1.3 / TLS_CHACHA20_POLY1305_SHA256 / [blank] / UNDEF
* ALPN: server accepted h2
* Server certificate:
*  subject: C=US; ST=California; L=Menlo Park; O=Meta Platforms, Inc.; CN=*.facebook.com
*  start date: Feb 27 00:00:00 2025 GMT
*  expire date: May 28 23:59:59 2025 GMT
*  subjectAltName: host "graph.facebook.com" matched cert's "*.facebook.com"
*  issuer: C=US; O=DigiCert Inc; OU=www.digicert.com; CN=DigiCert SHA2 High Assurance Server CA
*  SSL certificate verify ok.
*   Certificate level 0: Public key type ? (256/128 Bits/secBits), signed using sha256WithRSAEncryption
*   Certificate level 1: Public key type ? (2048/112 Bits/secBits), signed using sha256WithRSAEncryption
*   Certificate level 2: Public key type ? (2048/112 Bits/secBits), signed using sha1WithRSAEncryption
* Connected to graph.facebook.com (2a03:2880:f32e:90:face:b00c:0:2) port 443
* using HTTP/2
* [HTTP/2] [1] OPENED stream for https://graph.facebook.com/v20.0/1678719472762199/events
* [HTTP/2] [1] [:method: POST]
* [HTTP/2] [1] [:scheme: https]
* [HTTP/2] [1] [:authority: graph.facebook.com]
* [HTTP/2] [1] [:path: /v20.0/1678719472762199/events]
* [HTTP/2] [1] [accept: */*]
* [HTTP/2] [1] [content-type: application/json]
* [HTTP/2] [1] [authorization: Bearer EAAmh7hEmLboBO9Rns15MKACUggWffTpcsWwfpP8GKh2P8BXLAtglXldZA3Dc6HdSu8bvZAGR4Cx33k4vaAW3nOpttncIF7fqXMnyZB5aF6ZAmd7MoDRQxt9ATYrkQtPIsGgFuNbZCwZCy2ZAqm1zlBHVErQMFIQr5Tv3roOwCsnbOYqIJ3TJBMNffhRn2ZCocbfHOwZDZD]
* [HTTP/2] [1] [content-length: 823]
> POST /v20.0/1678719472762199/events HTTP/2
Host: graph.facebook.com
Accept: */*
Content-Type: application/json
Authorization: Bearer EAAmh7hEmLboBO9Rns15MKACUggWffTpcsWwfpP8GKh2P8BXLAtglXldZA3Dc6HdSu8bvZAGR4Cx33k4vaAW3nOpttncIF7fqXMnyZB5aF6ZAmd7MoDRQxt9ATYrkQtPIsGgFuNbZCwZCy2ZAqm1zlBHVErQMFIQr5Tv3roOwCsnbOYqIJ3TJBMNffhRn2ZCocbfHOwZDZD
Content-Length: 823

* upload completely sent off: 823 bytes
< HTTP/2 200 
< content-type: application/json; charset=UTF-8
< vary: Origin
< vary: Accept-Encoding
< x-ad-api-version-warning: You are calling a deprecated version of the Ads API.
< cross-origin-resource-policy: cross-origin
< x-app-usage: {"call_count":0,"total_cputime":0,"total_time":0}
< access-control-allow-origin: *
< facebook-api-version: v20.0
< strict-transport-security: max-age=15552000; preload
< pragma: no-cache
< cache-control: private, no-cache, no-store, must-revalidate
< expires: Sat, 01 Jan 2000 00:00:00 GMT
< x-fb-request-id: ASaBW6XsISapocIbhdeiH8u
< x-fb-trace-id: F4xz4ogXELZ
< x-fb-rev: 1023023599
< x-fb-debug: wcllzlJQ0VnUNXnxxIoi2kFr28D39JbSBq1xpi4g5jMAgNuBxODp2a1mMr5YeBx6HYYkxCIqJxIrlNmPde1iyA==
< content-length: 74
< date: Tue, 20 May 2025 20:46:55 GMT
< x-fb-connection-quality: EXCELLENT; q=0.9, rtt=8, rtx=0, c=10, mss=1380, tbw=3532, tp=-1, tpl=-1, uplat=434, ullat=0
< alt-svc: h3=":443"; ma=86400
< 
* Connection #0 to host graph.facebook.com left intact


[2025-05-20 20:47:20] New request
* Host graph.facebook.com:443 was resolved.
* IPv6: 2a03:2880:f32e:90:face:b00c:0:2
* IPv4: 157.240.253.13
*   Trying [2a03:2880:f32e:90:face:b00c:0:2]:443...
* ALPN: curl offers h2,http/1.1
*  CAfile: /etc/pki/tls/certs/ca-bundle.crt
*  CApath: none
* SSL connection using TLSv1.3 / TLS_CHACHA20_POLY1305_SHA256 / [blank] / UNDEF
* ALPN: server accepted h2
* Server certificate:
*  subject: C=US; ST=California; L=Menlo Park; O=Meta Platforms, Inc.; CN=*.facebook.com
*  start date: Feb 27 00:00:00 2025 GMT
*  expire date: May 28 23:59:59 2025 GMT
*  subjectAltName: host "graph.facebook.com" matched cert's "*.facebook.com"
*  issuer: C=US; O=DigiCert Inc; OU=www.digicert.com; CN=DigiCert SHA2 High Assurance Server CA
*  SSL certificate verify ok.
*   Certificate level 0: Public key type ? (256/128 Bits/secBits), signed using sha256WithRSAEncryption
*   Certificate level 1: Public key type ? (2048/112 Bits/secBits), signed using sha256WithRSAEncryption
*   Certificate level 2: Public key type ? (2048/112 Bits/secBits), signed using sha1WithRSAEncryption
* Connected to graph.facebook.com (2a03:2880:f32e:90:face:b00c:0:2) port 443
* using HTTP/2
* [HTTP/2] [1] OPENED stream for https://graph.facebook.com/v20.0/1678719472762199/events
* [HTTP/2] [1] [:method: POST]
* [HTTP/2] [1] [:scheme: https]
* [HTTP/2] [1] [:authority: graph.facebook.com]
* [HTTP/2] [1] [:path: /v20.0/1678719472762199/events]
* [HTTP/2] [1] [accept: */*]
* [HTTP/2] [1] [content-type: application/json]
* [HTTP/2] [1] [authorization: Bearer EAAmh7hEmLboBO9Rns15MKACUggWffTpcsWwfpP8GKh2P8BXLAtglXldZA3Dc6HdSu8bvZAGR4Cx33k4vaAW3nOpttncIF7fqXMnyZB5aF6ZAmd7MoDRQxt9ATYrkQtPIsGgFuNbZCwZCy2ZAqm1zlBHVErQMFIQr5Tv3roOwCsnbOYqIJ3TJBMNffhRn2ZCocbfHOwZDZD]
* [HTTP/2] [1] [content-length: 823]
> POST /v20.0/1678719472762199/events HTTP/2
Host: graph.facebook.com
Accept: */*
Content-Type: application/json
Authorization: Bearer EAAmh7hEmLboBO9Rns15MKACUggWffTpcsWwfpP8GKh2P8BXLAtglXldZA3Dc6HdSu8bvZAGR4Cx33k4vaAW3nOpttncIF7fqXMnyZB5aF6ZAmd7MoDRQxt9ATYrkQtPIsGgFuNbZCwZCy2ZAqm1zlBHVErQMFIQr5Tv3roOwCsnbOYqIJ3TJBMNffhRn2ZCocbfHOwZDZD
Content-Length: 823

* upload completely sent off: 823 bytes
< HTTP/2 200 
< content-type: application/json; charset=UTF-8
< vary: Origin
< vary: Accept-Encoding
< x-ad-api-version-warning: You are calling a deprecated version of the Ads API.
< cross-origin-resource-policy: cross-origin
< x-app-usage: {"call_count":0,"total_cputime":0,"total_time":0}
< access-control-allow-origin: *
< facebook-api-version: v20.0
< strict-transport-security: max-age=15552000; preload
< pragma: no-cache
< cache-control: private, no-cache, no-store, must-revalidate
< expires: Sat, 01 Jan 2000 00:00:00 GMT
< x-fb-request-id: ABVLiIXt-KlDN0bsfAFp0nS
< x-fb-trace-id: EK9pnFQ6HcG
< x-fb-rev: 1023023599
< x-fb-debug: e9aMQhIFRzDlrD6+L8Ofu+Vh9M5OFfDp8R+kcFZ/UI/T6PjmhFBCRu4xYOuMWUtyZbhsccPOGkhyQzQZYcbX5A==
< content-length: 74
< date: Tue, 20 May 2025 20:47:21 GMT
< x-fb-connection-quality: EXCELLENT; q=0.9, rtt=13, rtx=0, c=10, mss=1380, tbw=3533, tp=-1, tpl=-1, uplat=528, ullat=0
< alt-svc: h3=":443"; ma=86400
< 
* Connection #0 to host graph.facebook.com left intact


[2025-05-20 20:47:39] New request
* Host graph.facebook.com:443 was resolved.
* IPv6: 2a03:2880:f32e:90:face:b00c:0:2
* IPv4: 57.144.110.141
*   Trying [2a03:2880:f32e:90:face:b00c:0:2]:443...
* ALPN: curl offers h2,http/1.1
*  CAfile: /etc/pki/tls/certs/ca-bundle.crt
*  CApath: none
* SSL connection using TLSv1.3 / TLS_CHACHA20_POLY1305_SHA256 / [blank] / UNDEF
* ALPN: server accepted h2
* Server certificate:
*  subject: C=US; ST=California; L=Menlo Park; O=Meta Platforms, Inc.; CN=*.facebook.com
*  start date: Feb 27 00:00:00 2025 GMT
*  expire date: May 28 23:59:59 2025 GMT
*  subjectAltName: host "graph.facebook.com" matched cert's "*.facebook.com"
*  issuer: C=US; O=DigiCert Inc; OU=www.digicert.com; CN=DigiCert SHA2 High Assurance Server CA
*  SSL certificate verify ok.
*   Certificate level 0: Public key type ? (256/128 Bits/secBits), signed using sha256WithRSAEncryption
*   Certificate level 1: Public key type ? (2048/112 Bits/secBits), signed using sha256WithRSAEncryption
*   Certificate level 2: Public key type ? (2048/112 Bits/secBits), signed using sha1WithRSAEncryption
* Connected to graph.facebook.com (2a03:2880:f32e:90:face:b00c:0:2) port 443
* using HTTP/2
* [HTTP/2] [1] OPENED stream for https://graph.facebook.com/v20.0/1678719472762199/events
* [HTTP/2] [1] [:method: POST]
* [HTTP/2] [1] [:scheme: https]
* [HTTP/2] [1] [:authority: graph.facebook.com]
* [HTTP/2] [1] [:path: /v20.0/1678719472762199/events]
* [HTTP/2] [1] [accept: */*]
* [HTTP/2] [1] [content-type: application/json]
* [HTTP/2] [1] [authorization: Bearer EAAmh7hEmLboBO9Rns15MKACUggWffTpcsWwfpP8GKh2P8BXLAtglXldZA3Dc6HdSu8bvZAGR4Cx33k4vaAW3nOpttncIF7fqXMnyZB5aF6ZAmd7MoDRQxt9ATYrkQtPIsGgFuNbZCwZCy2ZAqm1zlBHVErQMFIQr5Tv3roOwCsnbOYqIJ3TJBMNffhRn2ZCocbfHOwZDZD]
* [HTTP/2] [1] [content-length: 823]
> POST /v20.0/1678719472762199/events HTTP/2
Host: graph.facebook.com
Accept: */*
Content-Type: application/json
Authorization: Bearer EAAmh7hEmLboBO9Rns15MKACUggWffTpcsWwfpP8GKh2P8BXLAtglXldZA3Dc6HdSu8bvZAGR4Cx33k4vaAW3nOpttncIF7fqXMnyZB5aF6ZAmd7MoDRQxt9ATYrkQtPIsGgFuNbZCwZCy2ZAqm1zlBHVErQMFIQr5Tv3roOwCsnbOYqIJ3TJBMNffhRn2ZCocbfHOwZDZD
Content-Length: 823

* upload completely sent off: 823 bytes
< HTTP/2 200 
< content-type: application/json; charset=UTF-8
< vary: Origin
< vary: Accept-Encoding
< x-ad-api-version-warning: You are calling a deprecated version of the Ads API.
< cross-origin-resource-policy: cross-origin
< x-app-usage: {"call_count":0,"total_cputime":0,"total_time":0}
< access-control-allow-origin: *
< facebook-api-version: v20.0
< strict-transport-security: max-age=15552000; preload
< pragma: no-cache
< cache-control: private, no-cache, no-store, must-revalidate
< expires: Sat, 01 Jan 2000 00:00:00 GMT
< x-fb-request-id: AvqE8G3t8YM9GIUVyQks8gO
< x-fb-trace-id: Gds/n6YSlC2
< x-fb-rev: 1023023599
< x-fb-debug: yRnARmvNUqhNDkZfnNSscvk9B6t7UmluhvYny217DF8z4b1FyIanxjXVMG6KbWyzx6BnTIc6Gm94AR32DxoU2A==
< content-length: 74
< date: Tue, 20 May 2025 20:47:39 GMT
< x-fb-connection-quality: EXCELLENT; q=0.9, rtt=7, rtx=0, c=10, mss=1380, tbw=3533, tp=-1, tpl=-1, uplat=451, ullat=0
< alt-svc: h3=":443"; ma=86400
< 
* Connection #0 to host graph.facebook.com left intact


[2025-05-20 20:48:12] New request
* Host graph.facebook.com:443 was resolved.
* IPv6: 2a03:2880:f32e:90:face:b00c:0:2
* IPv4: 57.144.110.141
*   Trying [2a03:2880:f32e:90:face:b00c:0:2]:443...
* ALPN: curl offers h2,http/1.1
*  CAfile: /etc/pki/tls/certs/ca-bundle.crt
*  CApath: none
* SSL connection using TLSv1.3 / TLS_CHACHA20_POLY1305_SHA256 / [blank] / UNDEF
* ALPN: server accepted h2
* Server certificate:
*  subject: C=US; ST=California; L=Menlo Park; O=Meta Platforms, Inc.; CN=*.facebook.com
*  start date: Feb 27 00:00:00 2025 GMT
*  expire date: May 28 23:59:59 2025 GMT
*  subjectAltName: host "graph.facebook.com" matched cert's "*.facebook.com"
*  issuer: C=US; O=DigiCert Inc; OU=www.digicert.com; CN=DigiCert SHA2 High Assurance Server CA
*  SSL certificate verify ok.
*   Certificate level 0: Public key type ? (256/128 Bits/secBits), signed using sha256WithRSAEncryption
*   Certificate level 1: Public key type ? (2048/112 Bits/secBits), signed using sha256WithRSAEncryption
*   Certificate level 2: Public key type ? (2048/112 Bits/secBits), signed using sha1WithRSAEncryption
* Connected to graph.facebook.com (2a03:2880:f32e:90:face:b00c:0:2) port 443
* using HTTP/2
* [HTTP/2] [1] OPENED stream for https://graph.facebook.com/v20.0/1678719472762199/events
* [HTTP/2] [1] [:method: POST]
* [HTTP/2] [1] [:scheme: https]
* [HTTP/2] [1] [:authority: graph.facebook.com]
* [HTTP/2] [1] [:path: /v20.0/1678719472762199/events]
* [HTTP/2] [1] [accept: */*]
* [HTTP/2] [1] [content-type: application/json]
* [HTTP/2] [1] [authorization: Bearer EAAmh7hEmLboBO9Rns15MKACUggWffTpcsWwfpP8GKh2P8BXLAtglXldZA3Dc6HdSu8bvZAGR4Cx33k4vaAW3nOpttncIF7fqXMnyZB5aF6ZAmd7MoDRQxt9ATYrkQtPIsGgFuNbZCwZCy2ZAqm1zlBHVErQMFIQr5Tv3roOwCsnbOYqIJ3TJBMNffhRn2ZCocbfHOwZDZD]
* [HTTP/2] [1] [content-length: 823]
> POST /v20.0/1678719472762199/events HTTP/2
Host: graph.facebook.com
Accept: */*
Content-Type: application/json
Authorization: Bearer EAAmh7hEmLboBO9Rns15MKACUggWffTpcsWwfpP8GKh2P8BXLAtglXldZA3Dc6HdSu8bvZAGR4Cx33k4vaAW3nOpttncIF7fqXMnyZB5aF6ZAmd7MoDRQxt9ATYrkQtPIsGgFuNbZCwZCy2ZAqm1zlBHVErQMFIQr5Tv3roOwCsnbOYqIJ3TJBMNffhRn2ZCocbfHOwZDZD
Content-Length: 823

* upload completely sent off: 823 bytes
< HTTP/2 200 
< content-type: application/json; charset=UTF-8
< vary: Origin
< vary: Accept-Encoding
< x-ad-api-version-warning: You are calling a deprecated version of the Ads API.
< cross-origin-resource-policy: cross-origin
< x-app-usage: {"call_count":0,"total_cputime":0,"total_time":0}
< access-control-allow-origin: *
< facebook-api-version: v20.0
< strict-transport-security: max-age=15552000; preload
< pragma: no-cache
< cache-control: private, no-cache, no-store, must-revalidate
< expires: Sat, 01 Jan 2000 00:00:00 GMT
< x-fb-request-id: AeykBhRxQqiC0bEPIiA-rco
< x-fb-trace-id: BoTVhShmgiW
< x-fb-rev: 1023023599
< x-fb-debug: oQbe5foUlqyEDBYJSb+p1CBJa3QqgemZ2l3BAvxaMraWBvDAWc8EfYQ0dJiFnrt3RdKtc+o/12h6juYXE0pV0w==
< content-length: 74
< date: Tue, 20 May 2025 20:48:12 GMT
< x-fb-connection-quality: EXCELLENT; q=0.9, rtt=13, rtx=0, c=10, mss=1380, tbw=3533, tp=-1, tpl=-1, uplat=579, ullat=0
< alt-svc: h3=":443"; ma=86400
< 
* Connection #0 to host graph.facebook.com left intact


[2025-05-20 20:48:19] New request
* Host graph.facebook.com:443 was resolved.
* IPv6: 2a03:2880:f32e:90:face:b00c:0:2
* IPv4: 57.144.110.141
*   Trying [2a03:2880:f32e:90:face:b00c:0:2]:443...
* ALPN: curl offers h2,http/1.1
*  CAfile: /etc/pki/tls/certs/ca-bundle.crt
*  CApath: none
* SSL connection using TLSv1.3 / TLS_CHACHA20_POLY1305_SHA256 / [blank] / UNDEF
* ALPN: server accepted h2
* Server certificate:
*  subject: C=US; ST=California; L=Menlo Park; O=Meta Platforms, Inc.; CN=*.facebook.com
*  start date: Feb 27 00:00:00 2025 GMT
*  expire date: May 28 23:59:59 2025 GMT
*  subjectAltName: host "graph.facebook.com" matched cert's "*.facebook.com"
*  issuer: C=US; O=DigiCert Inc; OU=www.digicert.com; CN=DigiCert SHA2 High Assurance Server CA
*  SSL certificate verify ok.
*   Certificate level 0: Public key type ? (256/128 Bits/secBits), signed using sha256WithRSAEncryption
*   Certificate level 1: Public key type ? (2048/112 Bits/secBits), signed using sha256WithRSAEncryption
*   Certificate level 2: Public key type ? (2048/112 Bits/secBits), signed using sha1WithRSAEncryption
* Connected to graph.facebook.com (2a03:2880:f32e:90:face:b00c:0:2) port 443
* using HTTP/2
* [HTTP/2] [1] OPENED stream for https://graph.facebook.com/v20.0/1678719472762199/events
* [HTTP/2] [1] [:method: POST]
* [HTTP/2] [1] [:scheme: https]
* [HTTP/2] [1] [:authority: graph.facebook.com]
* [HTTP/2] [1] [:path: /v20.0/1678719472762199/events]
* [HTTP/2] [1] [accept: */*]
* [HTTP/2] [1] [content-type: application/json]
* [HTTP/2] [1] [authorization: Bearer EAAmh7hEmLboBO9Rns15MKACUggWffTpcsWwfpP8GKh2P8BXLAtglXldZA3Dc6HdSu8bvZAGR4Cx33k4vaAW3nOpttncIF7fqXMnyZB5aF6ZAmd7MoDRQxt9ATYrkQtPIsGgFuNbZCwZCy2ZAqm1zlBHVErQMFIQr5Tv3roOwCsnbOYqIJ3TJBMNffhRn2ZCocbfHOwZDZD]
* [HTTP/2] [1] [content-length: 823]
> POST /v20.0/1678719472762199/events HTTP/2
Host: graph.facebook.com
Accept: */*
Content-Type: application/json
Authorization: Bearer EAAmh7hEmLboBO9Rns15MKACUggWffTpcsWwfpP8GKh2P8BXLAtglXldZA3Dc6HdSu8bvZAGR4Cx33k4vaAW3nOpttncIF7fqXMnyZB5aF6ZAmd7MoDRQxt9ATYrkQtPIsGgFuNbZCwZCy2ZAqm1zlBHVErQMFIQr5Tv3roOwCsnbOYqIJ3TJBMNffhRn2ZCocbfHOwZDZD
Content-Length: 823

* upload completely sent off: 823 bytes
< HTTP/2 200 
< content-type: application/json; charset=UTF-8
< vary: Origin
< vary: Accept-Encoding
< x-ad-api-version-warning: You are calling a deprecated version of the Ads API.
< cross-origin-resource-policy: cross-origin
< x-app-usage: {"call_count":0,"total_cputime":0,"total_time":0}
< access-control-allow-origin: *
< facebook-api-version: v20.0
< strict-transport-security: max-age=15552000; preload
< pragma: no-cache
< cache-control: private, no-cache, no-store, must-revalidate
< expires: Sat, 01 Jan 2000 00:00:00 GMT
< x-fb-request-id: Au44uT3heMzaT32JL_AIysg
< x-fb-trace-id: Gll7Pxfg1u2
< x-fb-rev: 1023023599
< x-fb-debug: jwaq4pmlH0e9R/zvGV4kEgs08HfSp74U3N+eDhaYtBX2SdPUKO4stSRvyGtUgrq9HuRsbCopGWi0VogLQx3YBQ==
< content-length: 74
< date: Tue, 20 May 2025 20:48:19 GMT
< x-fb-connection-quality: EXCELLENT; q=0.9, rtt=8, rtx=0, c=10, mss=1380, tbw=3532, tp=-1, tpl=-1, uplat=181, ullat=0
< alt-svc: h3=":443"; ma=86400
< 
* Connection #0 to host graph.facebook.com left intact


[2025-05-20 20:48:29] New request
* Host graph.facebook.com:443 was resolved.
* IPv6: 2a03:2880:f32e:90:face:b00c:0:2
* IPv4: 57.144.110.141
*   Trying [2a03:2880:f32e:90:face:b00c:0:2]:443...
* ALPN: curl offers h2,http/1.1
*  CAfile: /etc/pki/tls/certs/ca-bundle.crt
*  CApath: none
* SSL connection using TLSv1.3 / TLS_CHACHA20_POLY1305_SHA256 / [blank] / UNDEF
* ALPN: server accepted h2
* Server certificate:
*  subject: C=US; ST=California; L=Menlo Park; O=Meta Platforms, Inc.; CN=*.facebook.com
*  start date: Feb 27 00:00:00 2025 GMT
*  expire date: May 28 23:59:59 2025 GMT
*  subjectAltName: host "graph.facebook.com" matched cert's "*.facebook.com"
*  issuer: C=US; O=DigiCert Inc; OU=www.digicert.com; CN=DigiCert SHA2 High Assurance Server CA
*  SSL certificate verify ok.
*   Certificate level 0: Public key type ? (256/128 Bits/secBits), signed using sha256WithRSAEncryption
*   Certificate level 1: Public key type ? (2048/112 Bits/secBits), signed using sha256WithRSAEncryption
*   Certificate level 2: Public key type ? (2048/112 Bits/secBits), signed using sha1WithRSAEncryption
* Connected to graph.facebook.com (2a03:2880:f32e:90:face:b00c:0:2) port 443
* using HTTP/2
* [HTTP/2] [1] OPENED stream for https://graph.facebook.com/v20.0/1678719472762199/events
* [HTTP/2] [1] [:method: POST]
* [HTTP/2] [1] [:scheme: https]
* [HTTP/2] [1] [:authority: graph.facebook.com]
* [HTTP/2] [1] [:path: /v20.0/1678719472762199/events]
* [HTTP/2] [1] [accept: */*]
* [HTTP/2] [1] [content-type: application/json]
* [HTTP/2] [1] [authorization: Bearer EAAmh7hEmLboBO9Rns15MKACUggWffTpcsWwfpP8GKh2P8BXLAtglXldZA3Dc6HdSu8bvZAGR4Cx33k4vaAW3nOpttncIF7fqXMnyZB5aF6ZAmd7MoDRQxt9ATYrkQtPIsGgFuNbZCwZCy2ZAqm1zlBHVErQMFIQr5Tv3roOwCsnbOYqIJ3TJBMNffhRn2ZCocbfHOwZDZD]
* [HTTP/2] [1] [content-length: 572]
> POST /v20.0/1678719472762199/events HTTP/2
Host: graph.facebook.com
Accept: */*
Content-Type: application/json
Authorization: Bearer EAAmh7hEmLboBO9Rns15MKACUggWffTpcsWwfpP8GKh2P8BXLAtglXldZA3Dc6HdSu8bvZAGR4Cx33k4vaAW3nOpttncIF7fqXMnyZB5aF6ZAmd7MoDRQxt9ATYrkQtPIsGgFuNbZCwZCy2ZAqm1zlBHVErQMFIQr5Tv3roOwCsnbOYqIJ3TJBMNffhRn2ZCocbfHOwZDZD
Content-Length: 572

* upload completely sent off: 572 bytes
< HTTP/2 200 
< content-type: application/json; charset=UTF-8
< vary: Origin
< vary: Accept-Encoding
< x-ad-api-version-warning: You are calling a deprecated version of the Ads API.
< cross-origin-resource-policy: cross-origin
< x-app-usage: {"call_count":0,"total_cputime":0,"total_time":0}
< access-control-allow-origin: *
< facebook-api-version: v20.0
< strict-transport-security: max-age=15552000; preload
< pragma: no-cache
< cache-control: private, no-cache, no-store, must-revalidate
< expires: Sat, 01 Jan 2000 00:00:00 GMT
< x-fb-request-id: A9ngMsGQRji7vqE23k470_Z
< x-fb-trace-id: A2VMW80Inmh
< x-fb-rev: 1023023599
< x-fb-debug: NWdX3h+swHaKMBsHc724uHWmirNEuYj6xcYk3a4kIUwKluVVu8q1OeDvdhe/lvZlOhXgmQT48dQSTm4l+m89OQ==
< content-length: 74
< date: Tue, 20 May 2025 20:48:29 GMT
< x-fb-connection-quality: EXCELLENT; q=0.9, rtt=8, rtx=0, c=10, mss=1380, tbw=3534, tp=-1, tpl=-1, uplat=392, ullat=0
< alt-svc: h3=":443"; ma=86400
< 
* Connection #0 to host graph.facebook.com left intact


[2025-05-20 20:48:40] New request
* Host graph.facebook.com:443 was resolved.
* IPv6: 2a03:2880:f330:95:face:b00c:0:2
* IPv4: 57.144.112.141
*   Trying [2a03:2880:f330:95:face:b00c:0:2]:443...
* ALPN: curl offers h2,http/1.1
*  CAfile: /etc/pki/tls/certs/ca-bundle.crt
*  CApath: none
* SSL connection using TLSv1.3 / TLS_CHACHA20_POLY1305_SHA256 / [blank] / UNDEF
* ALPN: server accepted h2
* Server certificate:
*  subject: C=US; ST=California; L=Menlo Park; O=Meta Platforms, Inc.; CN=*.facebook.com
*  start date: Feb 27 00:00:00 2025 GMT
*  expire date: May 28 23:59:59 2025 GMT
*  subjectAltName: host "graph.facebook.com" matched cert's "*.facebook.com"
*  issuer: C=US; O=DigiCert Inc; OU=www.digicert.com; CN=DigiCert SHA2 High Assurance Server CA
*  SSL certificate verify ok.
*   Certificate level 0: Public key type ? (256/128 Bits/secBits), signed using sha256WithRSAEncryption
*   Certificate level 1: Public key type ? (2048/112 Bits/secBits), signed using sha256WithRSAEncryption
*   Certificate level 2: Public key type ? (2048/112 Bits/secBits), signed using sha1WithRSAEncryption
* Connected to graph.facebook.com (2a03:2880:f330:95:face:b00c:0:2) port 443
* using HTTP/2
* [HTTP/2] [1] OPENED stream for https://graph.facebook.com/v20.0/1678719472762199/events
* [HTTP/2] [1] [:method: POST]
* [HTTP/2] [1] [:scheme: https]
* [HTTP/2] [1] [:authority: graph.facebook.com]
* [HTTP/2] [1] [:path: /v20.0/1678719472762199/events]
* [HTTP/2] [1] [accept: */*]
* [HTTP/2] [1] [content-type: application/json]
* [HTTP/2] [1] [authorization: Bearer EAAmh7hEmLboBO9Rns15MKACUggWffTpcsWwfpP8GKh2P8BXLAtglXldZA3Dc6HdSu8bvZAGR4Cx33k4vaAW3nOpttncIF7fqXMnyZB5aF6ZAmd7MoDRQxt9ATYrkQtPIsGgFuNbZCwZCy2ZAqm1zlBHVErQMFIQr5Tv3roOwCsnbOYqIJ3TJBMNffhRn2ZCocbfHOwZDZD]
* [HTTP/2] [1] [content-length: 823]
> POST /v20.0/1678719472762199/events HTTP/2
Host: graph.facebook.com
Accept: */*
Content-Type: application/json
Authorization: Bearer EAAmh7hEmLboBO9Rns15MKACUggWffTpcsWwfpP8GKh2P8BXLAtglXldZA3Dc6HdSu8bvZAGR4Cx33k4vaAW3nOpttncIF7fqXMnyZB5aF6ZAmd7MoDRQxt9ATYrkQtPIsGgFuNbZCwZCy2ZAqm1zlBHVErQMFIQr5Tv3roOwCsnbOYqIJ3TJBMNffhRn2ZCocbfHOwZDZD
Content-Length: 823

* upload completely sent off: 823 bytes
< HTTP/2 200 
< content-type: application/json; charset=UTF-8
< vary: Origin
< vary: Accept-Encoding
< x-ad-api-version-warning: You are calling a deprecated version of the Ads API.
< cross-origin-resource-policy: cross-origin
< x-app-usage: {"call_count":0,"total_cputime":0,"total_time":0}
< access-control-allow-origin: *
< facebook-api-version: v20.0
< strict-transport-security: max-age=15552000; preload
< pragma: no-cache
< cache-control: private, no-cache, no-store, must-revalidate
< expires: Sat, 01 Jan 2000 00:00:00 GMT
< x-fb-request-id: A-QT81owGm2ApDhBkcY3lH5
< x-fb-trace-id: CqrQYzW7QPM
< x-fb-rev: 1023023599
< x-fb-debug: KjHVQ+Cx0dhksxyfIMpyof3AWGEOKReYUWnSNXofTeoWvxz6sgg03TGu/O/VrPNmPkCCjVeMdw9Iu1ybPPQeRQ==
< content-length: 74
< date: Tue, 20 May 2025 20:48:40 GMT
< x-fb-connection-quality: EXCELLENT; q=0.9, rtt=8, rtx=0, c=10, mss=1380, tbw=3533, tp=-1, tpl=-1, uplat=190, ullat=0
< alt-svc: h3=":443"; ma=86400
< 
* Connection #0 to host graph.facebook.com left intact


[2025-05-20 20:48:54] New request
* Host graph.facebook.com:443 was resolved.
* IPv6: 2a03:2880:f330:95:face:b00c:0:2
* IPv4: 57.144.112.141
*   Trying [2a03:2880:f330:95:face:b00c:0:2]:443...
* ALPN: curl offers h2,http/1.1
*  CAfile: /etc/pki/tls/certs/ca-bundle.crt
*  CApath: none
* SSL connection using TLSv1.3 / TLS_CHACHA20_POLY1305_SHA256 / [blank] / UNDEF
* ALPN: server accepted h2
* Server certificate:
*  subject: C=US; ST=California; L=Menlo Park; O=Meta Platforms, Inc.; CN=*.facebook.com
*  start date: Feb 27 00:00:00 2025 GMT
*  expire date: May 28 23:59:59 2025 GMT
*  subjectAltName: host "graph.facebook.com" matched cert's "*.facebook.com"
*  issuer: C=US; O=DigiCert Inc; OU=www.digicert.com; CN=DigiCert SHA2 High Assurance Server CA
*  SSL certificate verify ok.
*   Certificate level 0: Public key type ? (256/128 Bits/secBits), signed using sha256WithRSAEncryption
*   Certificate level 1: Public key type ? (2048/112 Bits/secBits), signed using sha256WithRSAEncryption
*   Certificate level 2: Public key type ? (2048/112 Bits/secBits), signed using sha1WithRSAEncryption
* Connected to graph.facebook.com (2a03:2880:f330:95:face:b00c:0:2) port 443
* using HTTP/2
* [HTTP/2] [1] OPENED stream for https://graph.facebook.com/v20.0/1678719472762199/events
* [HTTP/2] [1] [:method: POST]
* [HTTP/2] [1] [:scheme: https]
* [HTTP/2] [1] [:authority: graph.facebook.com]
* [HTTP/2] [1] [:path: /v20.0/1678719472762199/events]
* [HTTP/2] [1] [accept: */*]
* [HTTP/2] [1] [content-type: application/json]
* [HTTP/2] [1] [authorization: Bearer EAAmh7hEmLboBO9Rns15MKACUggWffTpcsWwfpP8GKh2P8BXLAtglXldZA3Dc6HdSu8bvZAGR4Cx33k4vaAW3nOpttncIF7fqXMnyZB5aF6ZAmd7MoDRQxt9ATYrkQtPIsGgFuNbZCwZCy2ZAqm1zlBHVErQMFIQr5Tv3roOwCsnbOYqIJ3TJBMNffhRn2ZCocbfHOwZDZD]
* [HTTP/2] [1] [content-length: 572]
> POST /v20.0/1678719472762199/events HTTP/2
Host: graph.facebook.com
Accept: */*
Content-Type: application/json
Authorization: Bearer EAAmh7hEmLboBO9Rns15MKACUggWffTpcsWwfpP8GKh2P8BXLAtglXldZA3Dc6HdSu8bvZAGR4Cx33k4vaAW3nOpttncIF7fqXMnyZB5aF6ZAmd7MoDRQxt9ATYrkQtPIsGgFuNbZCwZCy2ZAqm1zlBHVErQMFIQr5Tv3roOwCsnbOYqIJ3TJBMNffhRn2ZCocbfHOwZDZD
Content-Length: 572

* upload completely sent off: 572 bytes
< HTTP/2 200 
< content-type: application/json; charset=UTF-8
< vary: Origin
< vary: Accept-Encoding
< x-ad-api-version-warning: You are calling a deprecated version of the Ads API.
< cross-origin-resource-policy: cross-origin
< x-app-usage: {"call_count":0,"total_cputime":0,"total_time":0}
< access-control-allow-origin: *
< facebook-api-version: v20.0
< strict-transport-security: max-age=15552000; preload
< pragma: no-cache
< cache-control: private, no-cache, no-store, must-revalidate
< expires: Sat, 01 Jan 2000 00:00:00 GMT
< x-fb-request-id: A6EqmHv01qcgMyS_lAbvSqu
< x-fb-trace-id: FJC5NHbEVUp
< x-fb-rev: 1023023599
< x-fb-debug: +Q3eEEowS5o3fwrW0QESxPtkGVvlHYS5XKvWMXSQbB180Ev+C8gusNnpSeXufgEMOlBmh8bpIwl6wHY/Y2OyKg==
< content-length: 74
< date: Tue, 20 May 2025 20:48:54 GMT
< x-fb-connection-quality: EXCELLENT; q=0.9, rtt=8, rtx=0, c=10, mss=1380, tbw=3533, tp=-1, tpl=-1, uplat=438, ullat=0
< alt-svc: h3=":443"; ma=86400
< 
* Connection #0 to host graph.facebook.com left intact


[2025-05-20 20:48:59] New request
* Host graph.facebook.com:443 was resolved.
* IPv6: 2a03:2880:f330:95:face:b00c:0:2
* IPv4: 57.144.112.141
*   Trying [2a03:2880:f330:95:face:b00c:0:2]:443...
* ALPN: curl offers h2,http/1.1
*  CAfile: /etc/pki/tls/certs/ca-bundle.crt
*  CApath: none
* SSL connection using TLSv1.3 / TLS_CHACHA20_POLY1305_SHA256 / [blank] / UNDEF
* ALPN: server accepted h2
* Server certificate:
*  subject: C=US; ST=California; L=Menlo Park; O=Meta Platforms, Inc.; CN=*.facebook.com
*  start date: Feb 27 00:00:00 2025 GMT
*  expire date: May 28 23:59:59 2025 GMT
*  subjectAltName: host "graph.facebook.com" matched cert's "*.facebook.com"
*  issuer: C=US; O=DigiCert Inc; OU=www.digicert.com; CN=DigiCert SHA2 High Assurance Server CA
*  SSL certificate verify ok.
*   Certificate level 0: Public key type ? (256/128 Bits/secBits), signed using sha256WithRSAEncryption
*   Certificate level 1: Public key type ? (2048/112 Bits/secBits), signed using sha256WithRSAEncryption
*   Certificate level 2: Public key type ? (2048/112 Bits/secBits), signed using sha1WithRSAEncryption
* Connected to graph.facebook.com (2a03:2880:f330:95:face:b00c:0:2) port 443
* using HTTP/2
* [HTTP/2] [1] OPENED stream for https://graph.facebook.com/v20.0/1678719472762199/events
* [HTTP/2] [1] [:method: POST]
* [HTTP/2] [1] [:scheme: https]
* [HTTP/2] [1] [:authority: graph.facebook.com]
* [HTTP/2] [1] [:path: /v20.0/1678719472762199/events]
* [HTTP/2] [1] [accept: */*]
* [HTTP/2] [1] [content-type: application/json]
* [HTTP/2] [1] [authorization: Bearer EAAmh7hEmLboBO9Rns15MKACUggWffTpcsWwfpP8GKh2P8BXLAtglXldZA3Dc6HdSu8bvZAGR4Cx33k4vaAW3nOpttncIF7fqXMnyZB5aF6ZAmd7MoDRQxt9ATYrkQtPIsGgFuNbZCwZCy2ZAqm1zlBHVErQMFIQr5Tv3roOwCsnbOYqIJ3TJBMNffhRn2ZCocbfHOwZDZD]
* [HTTP/2] [1] [content-length: 572]
> POST /v20.0/1678719472762199/events HTTP/2
Host: graph.facebook.com
Accept: */*
Content-Type: application/json
Authorization: Bearer EAAmh7hEmLboBO9Rns15MKACUggWffTpcsWwfpP8GKh2P8BXLAtglXldZA3Dc6HdSu8bvZAGR4Cx33k4vaAW3nOpttncIF7fqXMnyZB5aF6ZAmd7MoDRQxt9ATYrkQtPIsGgFuNbZCwZCy2ZAqm1zlBHVErQMFIQr5Tv3roOwCsnbOYqIJ3TJBMNffhRn2ZCocbfHOwZDZD
Content-Length: 572

* upload completely sent off: 572 bytes
< HTTP/2 200 
< content-type: application/json; charset=UTF-8
< vary: Origin
< vary: Accept-Encoding
< x-ad-api-version-warning: You are calling a deprecated version of the Ads API.
< cross-origin-resource-policy: cross-origin
< x-app-usage: {"call_count":0,"total_cputime":0,"total_time":0}
< access-control-allow-origin: *
< facebook-api-version: v20.0
< strict-transport-security: max-age=15552000; preload
< pragma: no-cache
< cache-control: private, no-cache, no-store, must-revalidate
< expires: Sat, 01 Jan 2000 00:00:00 GMT
< x-fb-request-id: APMlPkLg9PF7aZhX5Z7pTDz
< x-fb-trace-id: EUgwikcrMSk
< x-fb-rev: 1023023599
< x-fb-debug: EttC6To8DHeeZ/j4Ue2xN0+mLxe+vYPznkhvqFVcSuY9ehC3CrrIpt8+IASE/86Bckqf4t6AWFWPq+Xg5YFOYg==
< content-length: 74
< date: Tue, 20 May 2025 20:48:59 GMT
< x-fb-connection-quality: EXCELLENT; q=0.9, rtt=8, rtx=0, c=10, mss=1380, tbw=3532, tp=-1, tpl=-1, uplat=433, ullat=0
< alt-svc: h3=":443"; ma=86400
< 
* Connection #0 to host graph.facebook.com left intact


[2025-05-20 20:50:10] New request
* Host graph.facebook.com:443 was resolved.
* IPv6: 2a03:2880:f32e:90:face:b00c:0:2
* IPv4: 57.144.112.141
*   Trying [2a03:2880:f32e:90:face:b00c:0:2]:443...
* ALPN: curl offers h2,http/1.1
*  CAfile: /etc/pki/tls/certs/ca-bundle.crt
*  CApath: none
* SSL connection using TLSv1.3 / TLS_CHACHA20_POLY1305_SHA256 / [blank] / UNDEF
* ALPN: server accepted h2
* Server certificate:
*  subject: C=US; ST=California; L=Menlo Park; O=Meta Platforms, Inc.; CN=*.facebook.com
*  start date: Feb 27 00:00:00 2025 GMT
*  expire date: May 28 23:59:59 2025 GMT
*  subjectAltName: host "graph.facebook.com" matched cert's "*.facebook.com"
*  issuer: C=US; O=DigiCert Inc; OU=www.digicert.com; CN=DigiCert SHA2 High Assurance Server CA
*  SSL certificate verify ok.
*   Certificate level 0: Public key type ? (256/128 Bits/secBits), signed using sha256WithRSAEncryption
*   Certificate level 1: Public key type ? (2048/112 Bits/secBits), signed using sha256WithRSAEncryption
*   Certificate level 2: Public key type ? (2048/112 Bits/secBits), signed using sha1WithRSAEncryption
* Connected to graph.facebook.com (2a03:2880:f32e:90:face:b00c:0:2) port 443
* using HTTP/2
* [HTTP/2] [1] OPENED stream for https://graph.facebook.com/v20.0/1678719472762199/events
* [HTTP/2] [1] [:method: POST]
* [HTTP/2] [1] [:scheme: https]
* [HTTP/2] [1] [:authority: graph.facebook.com]
* [HTTP/2] [1] [:path: /v20.0/1678719472762199/events]
* [HTTP/2] [1] [accept: */*]
* [HTTP/2] [1] [content-type: application/json]
* [HTTP/2] [1] [authorization: Bearer EAAmh7hEmLboBO9Rns15MKACUggWffTpcsWwfpP8GKh2P8BXLAtglXldZA3Dc6HdSu8bvZAGR4Cx33k4vaAW3nOpttncIF7fqXMnyZB5aF6ZAmd7MoDRQxt9ATYrkQtPIsGgFuNbZCwZCy2ZAqm1zlBHVErQMFIQr5Tv3roOwCsnbOYqIJ3TJBMNffhRn2ZCocbfHOwZDZD]
* [HTTP/2] [1] [content-length: 572]
> POST /v20.0/1678719472762199/events HTTP/2
Host: graph.facebook.com
Accept: */*
Content-Type: application/json
Authorization: Bearer EAAmh7hEmLboBO9Rns15MKACUggWffTpcsWwfpP8GKh2P8BXLAtglXldZA3Dc6HdSu8bvZAGR4Cx33k4vaAW3nOpttncIF7fqXMnyZB5aF6ZAmd7MoDRQxt9ATYrkQtPIsGgFuNbZCwZCy2ZAqm1zlBHVErQMFIQr5Tv3roOwCsnbOYqIJ3TJBMNffhRn2ZCocbfHOwZDZD
Content-Length: 572

* upload completely sent off: 572 bytes
< HTTP/2 200 
< content-type: application/json; charset=UTF-8
< vary: Origin
< vary: Accept-Encoding
< x-ad-api-version-warning: You are calling a deprecated version of the Ads API.
< cross-origin-resource-policy: cross-origin
< x-app-usage: {"call_count":0,"total_cputime":0,"total_time":0}
< access-control-allow-origin: *
< facebook-api-version: v20.0
< strict-transport-security: max-age=15552000; preload
< pragma: no-cache
< cache-control: private, no-cache, no-store, must-revalidate
< expires: Sat, 01 Jan 2000 00:00:00 GMT
< x-fb-request-id: A0yfVJsEBye2nfYMMo1cYze
< x-fb-trace-id: BOb6boRVxJo
< x-fb-rev: 1023023599
< x-fb-debug: mGRbLy3AdDtIMXsSwSlpQsCxaBOtpsm23ykoZ2tWnkxrXDdhpZWBhxzD42UUOL0RW5Aa4fpfLRjoRzIy2O4y8A==
< content-length: 74
< date: Tue, 20 May 2025 20:50:10 GMT
< x-fb-connection-quality: EXCELLENT; q=0.9, rtt=8, rtx=0, c=10, mss=1380, tbw=3533, tp=-1, tpl=-1, uplat=652, ullat=0
< alt-svc: h3=":443"; ma=86400
< 
* Connection #0 to host graph.facebook.com left intact


[2025-05-20 20:51:57] New request
* Host graph.facebook.com:443 was resolved.
* IPv6: 2a03:2880:f330:95:face:b00c:0:2
* IPv4: 57.144.112.141
*   Trying [2a03:2880:f330:95:face:b00c:0:2]:443...
* ALPN: curl offers h2,http/1.1
*  CAfile: /etc/pki/tls/certs/ca-bundle.crt
*  CApath: none
* SSL connection using TLSv1.3 / TLS_CHACHA20_POLY1305_SHA256 / [blank] / UNDEF
* ALPN: server accepted h2
* Server certificate:
*  subject: C=US; ST=California; L=Menlo Park; O=Meta Platforms, Inc.; CN=*.facebook.com
*  start date: Feb 27 00:00:00 2025 GMT
*  expire date: May 28 23:59:59 2025 GMT
*  subjectAltName: host "graph.facebook.com" matched cert's "*.facebook.com"
*  issuer: C=US; O=DigiCert Inc; OU=www.digicert.com; CN=DigiCert SHA2 High Assurance Server CA
*  SSL certificate verify ok.
*   Certificate level 0: Public key type ? (256/128 Bits/secBits), signed using sha256WithRSAEncryption
*   Certificate level 1: Public key type ? (2048/112 Bits/secBits), signed using sha256WithRSAEncryption
*   Certificate level 2: Public key type ? (2048/112 Bits/secBits), signed using sha1WithRSAEncryption
* Connected to graph.facebook.com (2a03:2880:f330:95:face:b00c:0:2) port 443
* using HTTP/2
* [HTTP/2] [1] OPENED stream for https://graph.facebook.com/v20.0/1678719472762199/events
* [HTTP/2] [1] [:method: POST]
* [HTTP/2] [1] [:scheme: https]
* [HTTP/2] [1] [:authority: graph.facebook.com]
* [HTTP/2] [1] [:path: /v20.0/1678719472762199/events]
* [HTTP/2] [1] [accept: */*]
* [HTTP/2] [1] [content-type: application/json]
* [HTTP/2] [1] [authorization: Bearer EAAmh7hEmLboBO9Rns15MKACUggWffTpcsWwfpP8GKh2P8BXLAtglXldZA3Dc6HdSu8bvZAGR4Cx33k4vaAW3nOpttncIF7fqXMnyZB5aF6ZAmd7MoDRQxt9ATYrkQtPIsGgFuNbZCwZCy2ZAqm1zlBHVErQMFIQr5Tv3roOwCsnbOYqIJ3TJBMNffhRn2ZCocbfHOwZDZD]
* [HTTP/2] [1] [content-length: 572]
> POST /v20.0/1678719472762199/events HTTP/2
Host: graph.facebook.com
Accept: */*
Content-Type: application/json
Authorization: Bearer EAAmh7hEmLboBO9Rns15MKACUggWffTpcsWwfpP8GKh2P8BXLAtglXldZA3Dc6HdSu8bvZAGR4Cx33k4vaAW3nOpttncIF7fqXMnyZB5aF6ZAmd7MoDRQxt9ATYrkQtPIsGgFuNbZCwZCy2ZAqm1zlBHVErQMFIQr5Tv3roOwCsnbOYqIJ3TJBMNffhRn2ZCocbfHOwZDZD
Content-Length: 572

* upload completely sent off: 572 bytes
< HTTP/2 200 
< content-type: application/json; charset=UTF-8
< vary: Origin
< vary: Accept-Encoding
< x-ad-api-version-warning: You are calling a deprecated version of the Ads API.
< cross-origin-resource-policy: cross-origin
< x-app-usage: {"call_count":0,"total_cputime":0,"total_time":0}
< access-control-allow-origin: *
< facebook-api-version: v20.0
< strict-transport-security: max-age=15552000; preload
< pragma: no-cache
< cache-control: private, no-cache, no-store, must-revalidate
< expires: Sat, 01 Jan 2000 00:00:00 GMT
< x-fb-request-id: AqMnb1qE4-U0wrpQSv84Xfl
< x-fb-trace-id: EurwFuHFPsy
< x-fb-rev: 1023023599
< x-fb-debug: qy0SQX5N2ROyelwKDFdDmNml4ucycHEMInxgtAXT1ksCZtcN9UiDRjjcbu4PH8pN4NHNzLhz7XkqhstLcFUzxA==
< content-length: 74
< date: Tue, 20 May 2025 20:51:58 GMT
< x-fb-connection-quality: EXCELLENT; q=0.9, rtt=12, rtx=0, c=10, mss=1380, tbw=3533, tp=-1, tpl=-1, uplat=466, ullat=0
< alt-svc: h3=":443"; ma=86400
< 
* Connection #0 to host graph.facebook.com left intact


[2025-05-20 20:53:49] New request
* Host graph.facebook.com:443 was resolved.
* IPv6: 2a03:2880:f330:95:face:b00c:0:2
* IPv4: 57.144.112.141
*   Trying [2a03:2880:f330:95:face:b00c:0:2]:443...
* ALPN: curl offers h2,http/1.1
*  CAfile: /etc/pki/tls/certs/ca-bundle.crt
*  CApath: none
* SSL connection using TLSv1.3 / TLS_CHACHA20_POLY1305_SHA256 / [blank] / UNDEF
* ALPN: server accepted h2
* Server certificate:
*  subject: C=US; ST=California; L=Menlo Park; O=Meta Platforms, Inc.; CN=*.facebook.com
*  start date: Feb 27 00:00:00 2025 GMT
*  expire date: May 28 23:59:59 2025 GMT
*  subjectAltName: host "graph.facebook.com" matched cert's "*.facebook.com"
*  issuer: C=US; O=DigiCert Inc; OU=www.digicert.com; CN=DigiCert SHA2 High Assurance Server CA
*  SSL certificate verify ok.
*   Certificate level 0: Public key type ? (256/128 Bits/secBits), signed using sha256WithRSAEncryption
*   Certificate level 1: Public key type ? (2048/112 Bits/secBits), signed using sha256WithRSAEncryption
*   Certificate level 2: Public key type ? (2048/112 Bits/secBits), signed using sha1WithRSAEncryption
* Connected to graph.facebook.com (2a03:2880:f330:95:face:b00c:0:2) port 443
* using HTTP/2
* [HTTP/2] [1] OPENED stream for https://graph.facebook.com/v20.0/1678719472762199/events
* [HTTP/2] [1] [:method: POST]
* [HTTP/2] [1] [:scheme: https]
* [HTTP/2] [1] [:authority: graph.facebook.com]
* [HTTP/2] [1] [:path: /v20.0/1678719472762199/events]
* [HTTP/2] [1] [accept: */*]
* [HTTP/2] [1] [content-type: application/json]
* [HTTP/2] [1] [authorization: Bearer EAAmh7hEmLboBO9Rns15MKACUggWffTpcsWwfpP8GKh2P8BXLAtglXldZA3Dc6HdSu8bvZAGR4Cx33k4vaAW3nOpttncIF7fqXMnyZB5aF6ZAmd7MoDRQxt9ATYrkQtPIsGgFuNbZCwZCy2ZAqm1zlBHVErQMFIQr5Tv3roOwCsnbOYqIJ3TJBMNffhRn2ZCocbfHOwZDZD]
* [HTTP/2] [1] [content-length: 572]
> POST /v20.0/1678719472762199/events HTTP/2
Host: graph.facebook.com
Accept: */*
Content-Type: application/json
Authorization: Bearer EAAmh7hEmLboBO9Rns15MKACUggWffTpcsWwfpP8GKh2P8BXLAtglXldZA3Dc6HdSu8bvZAGR4Cx33k4vaAW3nOpttncIF7fqXMnyZB5aF6ZAmd7MoDRQxt9ATYrkQtPIsGgFuNbZCwZCy2ZAqm1zlBHVErQMFIQr5Tv3roOwCsnbOYqIJ3TJBMNffhRn2ZCocbfHOwZDZD
Content-Length: 572

* upload completely sent off: 572 bytes
< HTTP/2 200 
< content-type: application/json; charset=UTF-8
< vary: Origin
< vary: Accept-Encoding
< x-ad-api-version-warning: You are calling a deprecated version of the Ads API.
< cross-origin-resource-policy: cross-origin
< x-app-usage: {"call_count":0,"total_cputime":0,"total_time":0}
< access-control-allow-origin: *
< facebook-api-version: v20.0
< strict-transport-security: max-age=15552000; preload
< pragma: no-cache
< cache-control: private, no-cache, no-store, must-revalidate
< expires: Sat, 01 Jan 2000 00:00:00 GMT
< x-fb-request-id: A99hR_zTbF8SsfDM2KgOQGJ
< x-fb-trace-id: Ge454nkrrHL
< x-fb-rev: 1023023599
< x-fb-debug: LRcr5euA9/kKm7GY7ktD8zQQR6KlUGh037EhsPkTKB9LoZYnwofzRdzVC3ovMchfuIzz/VKx13ERwxVW1hGFUw==
< content-length: 74
< date: Tue, 20 May 2025 20:53:49 GMT
< x-fb-connection-quality: EXCELLENT; q=0.9, rtt=8, rtx=0, c=10, mss=1380, tbw=3533, tp=-1, tpl=-1, uplat=431, ullat=0
< alt-svc: h3=":443"; ma=86400
< 
* Connection #0 to host graph.facebook.com left intact


[2025-05-20 20:54:03] New request
* Host graph.facebook.com:443 was resolved.
* IPv6: 2a03:2880:f330:95:face:b00c:0:2
* IPv4: 57.144.112.141
*   Trying [2a03:2880:f330:95:face:b00c:0:2]:443...
* ALPN: curl offers h2,http/1.1
*  CAfile: /etc/pki/tls/certs/ca-bundle.crt
*  CApath: none
* SSL connection using TLSv1.3 / TLS_CHACHA20_POLY1305_SHA256 / [blank] / UNDEF
* ALPN: server accepted h2
* Server certificate:
*  subject: C=US; ST=California; L=Menlo Park; O=Meta Platforms, Inc.; CN=*.facebook.com
*  start date: Feb 27 00:00:00 2025 GMT
*  expire date: May 28 23:59:59 2025 GMT
*  subjectAltName: host "graph.facebook.com" matched cert's "*.facebook.com"
*  issuer: C=US; O=DigiCert Inc; OU=www.digicert.com; CN=DigiCert SHA2 High Assurance Server CA
*  SSL certificate verify ok.
*   Certificate level 0: Public key type ? (256/128 Bits/secBits), signed using sha256WithRSAEncryption
*   Certificate level 1: Public key type ? (2048/112 Bits/secBits), signed using sha256WithRSAEncryption
*   Certificate level 2: Public key type ? (2048/112 Bits/secBits), signed using sha1WithRSAEncryption
* Connected to graph.facebook.com (2a03:2880:f330:95:face:b00c:0:2) port 443
* using HTTP/2
* [HTTP/2] [1] OPENED stream for https://graph.facebook.com/v20.0/1678719472762199/events
* [HTTP/2] [1] [:method: POST]
* [HTTP/2] [1] [:scheme: https]
* [HTTP/2] [1] [:authority: graph.facebook.com]
* [HTTP/2] [1] [:path: /v20.0/1678719472762199/events]
* [HTTP/2] [1] [accept: */*]
* [HTTP/2] [1] [content-type: application/json]
* [HTTP/2] [1] [authorization: Bearer EAAmh7hEmLboBO9Rns15MKACUggWffTpcsWwfpP8GKh2P8BXLAtglXldZA3Dc6HdSu8bvZAGR4Cx33k4vaAW3nOpttncIF7fqXMnyZB5aF6ZAmd7MoDRQxt9ATYrkQtPIsGgFuNbZCwZCy2ZAqm1zlBHVErQMFIQr5Tv3roOwCsnbOYqIJ3TJBMNffhRn2ZCocbfHOwZDZD]
* [HTTP/2] [1] [content-length: 572]
> POST /v20.0/1678719472762199/events HTTP/2
Host: graph.facebook.com
Accept: */*
Content-Type: application/json
Authorization: Bearer EAAmh7hEmLboBO9Rns15MKACUggWffTpcsWwfpP8GKh2P8BXLAtglXldZA3Dc6HdSu8bvZAGR4Cx33k4vaAW3nOpttncIF7fqXMnyZB5aF6ZAmd7MoDRQxt9ATYrkQtPIsGgFuNbZCwZCy2ZAqm1zlBHVErQMFIQr5Tv3roOwCsnbOYqIJ3TJBMNffhRn2ZCocbfHOwZDZD
Content-Length: 572

* upload completely sent off: 572 bytes
< HTTP/2 200 
< content-type: application/json; charset=UTF-8
< vary: Origin
< vary: Accept-Encoding
< x-ad-api-version-warning: You are calling a deprecated version of the Ads API.
< cross-origin-resource-policy: cross-origin
< x-app-usage: {"call_count":0,"total_cputime":0,"total_time":0}
< access-control-allow-origin: *
< facebook-api-version: v20.0
< strict-transport-security: max-age=15552000; preload
< pragma: no-cache
< cache-control: private, no-cache, no-store, must-revalidate
< expires: Sat, 01 Jan 2000 00:00:00 GMT
< x-fb-request-id: APAbfgVvFEet8fDmPDGiMmB
< x-fb-trace-id: BHxs1q7/CpQ
< x-fb-rev: 1023023599
< x-fb-debug: On/W38Yd8pZJ9xnMeexGnD158Qa9cN6anHjNet9biTu5VbVIcoKMZFZqn23uYOiKg9FbcjdQkbuV60ia0eRtEQ==
< content-length: 74
< date: Tue, 20 May 2025 20:54:03 GMT
< x-fb-connection-quality: EXCELLENT; q=0.9, rtt=13, rtx=0, c=10, mss=1380, tbw=3534, tp=-1, tpl=-1, uplat=435, ullat=0
< alt-svc: h3=":443"; ma=86400
< 
* Connection #0 to host graph.facebook.com left intact


[2025-05-20 20:55:49] New request
* Host graph.facebook.com:443 was resolved.
* IPv6: 2a03:2880:f32e:90:face:b00c:0:2
* IPv4: 157.240.252.10
*   Trying [2a03:2880:f32e:90:face:b00c:0:2]:443...
* ALPN: curl offers h2,http/1.1
*  CAfile: /etc/pki/tls/certs/ca-bundle.crt
*  CApath: none
* SSL connection using TLSv1.3 / TLS_CHACHA20_POLY1305_SHA256 / [blank] / UNDEF
* ALPN: server accepted h2
* Server certificate:
*  subject: C=US; ST=California; L=Menlo Park; O=Meta Platforms, Inc.; CN=*.facebook.com
*  start date: Feb 27 00:00:00 2025 GMT
*  expire date: May 28 23:59:59 2025 GMT
*  subjectAltName: host "graph.facebook.com" matched cert's "*.facebook.com"
*  issuer: C=US; O=DigiCert Inc; OU=www.digicert.com; CN=DigiCert SHA2 High Assurance Server CA
*  SSL certificate verify ok.
*   Certificate level 0: Public key type ? (256/128 Bits/secBits), signed using sha256WithRSAEncryption
*   Certificate level 1: Public key type ? (2048/112 Bits/secBits), signed using sha256WithRSAEncryption
*   Certificate level 2: Public key type ? (2048/112 Bits/secBits), signed using sha1WithRSAEncryption
* Connected to graph.facebook.com (2a03:2880:f32e:90:face:b00c:0:2) port 443
* using HTTP/2
* [HTTP/2] [1] OPENED stream for https://graph.facebook.com/v20.0/1678719472762199/events
* [HTTP/2] [1] [:method: POST]
* [HTTP/2] [1] [:scheme: https]
* [HTTP/2] [1] [:authority: graph.facebook.com]
* [HTTP/2] [1] [:path: /v20.0/1678719472762199/events]
* [HTTP/2] [1] [accept: */*]
* [HTTP/2] [1] [content-type: application/json]
* [HTTP/2] [1] [authorization: Bearer EAAmh7hEmLboBO9Rns15MKACUggWffTpcsWwfpP8GKh2P8BXLAtglXldZA3Dc6HdSu8bvZAGR4Cx33k4vaAW3nOpttncIF7fqXMnyZB5aF6ZAmd7MoDRQxt9ATYrkQtPIsGgFuNbZCwZCy2ZAqm1zlBHVErQMFIQr5Tv3roOwCsnbOYqIJ3TJBMNffhRn2ZCocbfHOwZDZD]
* [HTTP/2] [1] [content-length: 572]
> POST /v20.0/1678719472762199/events HTTP/2
Host: graph.facebook.com
Accept: */*
Content-Type: application/json
Authorization: Bearer EAAmh7hEmLboBO9Rns15MKACUggWffTpcsWwfpP8GKh2P8BXLAtglXldZA3Dc6HdSu8bvZAGR4Cx33k4vaAW3nOpttncIF7fqXMnyZB5aF6ZAmd7MoDRQxt9ATYrkQtPIsGgFuNbZCwZCy2ZAqm1zlBHVErQMFIQr5Tv3roOwCsnbOYqIJ3TJBMNffhRn2ZCocbfHOwZDZD
Content-Length: 572

* upload completely sent off: 572 bytes
< HTTP/2 200 
< content-type: application/json; charset=UTF-8
< vary: Origin
< vary: Accept-Encoding
< x-ad-api-version-warning: You are calling a deprecated version of the Ads API.
< cross-origin-resource-policy: cross-origin
< x-app-usage: {"call_count":0,"total_cputime":0,"total_time":0}
< access-control-allow-origin: *
< facebook-api-version: v20.0
< strict-transport-security: max-age=15552000; preload
< pragma: no-cache
< cache-control: private, no-cache, no-store, must-revalidate
< expires: Sat, 01 Jan 2000 00:00:00 GMT
< x-fb-request-id: AS3zMlLgaYTGSZVWjN37H7P
< x-fb-trace-id: BOnHTDvlzuK
< x-fb-rev: 1023023599
< x-fb-debug: FuNOMpev/3btxM3PZRGWgm4+qYSsp56z2yYBXov8+3+1773zYn2Oy7qfvCXQAOVFTmZGgSEKqZw6BI5vEQiExA==
< content-length: 74
< date: Tue, 20 May 2025 20:55:50 GMT
< x-fb-connection-quality: EXCELLENT; q=0.9, rtt=13, rtx=0, c=10, mss=1380, tbw=3532, tp=-1, tpl=-1, uplat=329, ullat=0
< alt-svc: h3=":443"; ma=86400
< 
* Connection #0 to host graph.facebook.com left intact


[2025-05-20 20:56:32] New request
* Host graph.facebook.com:443 was resolved.
* IPv6: 2a03:2880:f32e:90:face:b00c:0:2
* IPv4: 157.240.252.10
*   Trying [2a03:2880:f32e:90:face:b00c:0:2]:443...
* ALPN: curl offers h2,http/1.1
*  CAfile: /etc/pki/tls/certs/ca-bundle.crt
*  CApath: none
* SSL connection using TLSv1.3 / TLS_CHACHA20_POLY1305_SHA256 / [blank] / UNDEF
* ALPN: server accepted h2
* Server certificate:
*  subject: C=US; ST=California; L=Menlo Park; O=Meta Platforms, Inc.; CN=*.facebook.com
*  start date: Feb 27 00:00:00 2025 GMT
*  expire date: May 28 23:59:59 2025 GMT
*  subjectAltName: host "graph.facebook.com" matched cert's "*.facebook.com"
*  issuer: C=US; O=DigiCert Inc; OU=www.digicert.com; CN=DigiCert SHA2 High Assurance Server CA
*  SSL certificate verify ok.
*   Certificate level 0: Public key type ? (256/128 Bits/secBits), signed using sha256WithRSAEncryption
*   Certificate level 1: Public key type ? (2048/112 Bits/secBits), signed using sha256WithRSAEncryption
*   Certificate level 2: Public key type ? (2048/112 Bits/secBits), signed using sha1WithRSAEncryption
* Connected to graph.facebook.com (2a03:2880:f32e:90:face:b00c:0:2) port 443
* using HTTP/2
* [HTTP/2] [1] OPENED stream for https://graph.facebook.com/v20.0/1678719472762199/events
* [HTTP/2] [1] [:method: POST]
* [HTTP/2] [1] [:scheme: https]
* [HTTP/2] [1] [:authority: graph.facebook.com]
* [HTTP/2] [1] [:path: /v20.0/1678719472762199/events]
* [HTTP/2] [1] [accept: */*]
* [HTTP/2] [1] [content-type: application/json]
* [HTTP/2] [1] [authorization: Bearer EAAmh7hEmLboBO9Rns15MKACUggWffTpcsWwfpP8GKh2P8BXLAtglXldZA3Dc6HdSu8bvZAGR4Cx33k4vaAW3nOpttncIF7fqXMnyZB5aF6ZAmd7MoDRQxt9ATYrkQtPIsGgFuNbZCwZCy2ZAqm1zlBHVErQMFIQr5Tv3roOwCsnbOYqIJ3TJBMNffhRn2ZCocbfHOwZDZD]
* [HTTP/2] [1] [content-length: 572]
> POST /v20.0/1678719472762199/events HTTP/2
Host: graph.facebook.com
Accept: */*
Content-Type: application/json
Authorization: Bearer EAAmh7hEmLboBO9Rns15MKACUggWffTpcsWwfpP8GKh2P8BXLAtglXldZA3Dc6HdSu8bvZAGR4Cx33k4vaAW3nOpttncIF7fqXMnyZB5aF6ZAmd7MoDRQxt9ATYrkQtPIsGgFuNbZCwZCy2ZAqm1zlBHVErQMFIQr5Tv3roOwCsnbOYqIJ3TJBMNffhRn2ZCocbfHOwZDZD
Content-Length: 572

* upload completely sent off: 572 bytes
< HTTP/2 200 
< content-type: application/json; charset=UTF-8
< vary: Origin
< vary: Accept-Encoding
< x-ad-api-version-warning: You are calling a deprecated version of the Ads API.
< cross-origin-resource-policy: cross-origin
< x-app-usage: {"call_count":0,"total_cputime":0,"total_time":0}
< access-control-allow-origin: *
< facebook-api-version: v20.0
< strict-transport-security: max-age=15552000; preload
< pragma: no-cache
< cache-control: private, no-cache, no-store, must-revalidate
< expires: Sat, 01 Jan 2000 00:00:00 GMT
< x-fb-request-id: A27lWBZoChodEgFYKBbCYh4
< x-fb-trace-id: A2Y99VtiDs9
< x-fb-rev: 1023023599
< x-fb-debug: /s4J3PmY1CSRAoeR1VGeLLf/A8KxUD+4Ps4h66WGIkhyXcQxme5VaiAbIO3uftgeMI9ZhgSKA2z6d8LsN+k+jg==
< content-length: 74
< date: Tue, 20 May 2025 20:56:32 GMT
< x-fb-connection-quality: EXCELLENT; q=0.9, rtt=13, rtx=0, c=10, mss=1380, tbw=3534, tp=-1, tpl=-1, uplat=619, ullat=0
< alt-svc: h3=":443"; ma=86400
< 
* Connection #0 to host graph.facebook.com left intact


[2025-05-20 20:59:01] New request
* Host graph.facebook.com:443 was resolved.
* IPv6: 2a03:2880:f330:95:face:b00c:0:2
* IPv4: 57.144.112.141
*   Trying [2a03:2880:f330:95:face:b00c:0:2]:443...
* ALPN: curl offers h2,http/1.1
*  CAfile: /etc/pki/tls/certs/ca-bundle.crt
*  CApath: none
* SSL connection using TLSv1.3 / TLS_CHACHA20_POLY1305_SHA256 / [blank] / UNDEF
* ALPN: server accepted h2
* Server certificate:
*  subject: C=US; ST=California; L=Menlo Park; O=Meta Platforms, Inc.; CN=*.facebook.com
*  start date: Feb 27 00:00:00 2025 GMT
*  expire date: May 28 23:59:59 2025 GMT
*  subjectAltName: host "graph.facebook.com" matched cert's "*.facebook.com"
*  issuer: C=US; O=DigiCert Inc; OU=www.digicert.com; CN=DigiCert SHA2 High Assurance Server CA
*  SSL certificate verify ok.
*   Certificate level 0: Public key type ? (256/128 Bits/secBits), signed using sha256WithRSAEncryption
*   Certificate level 1: Public key type ? (2048/112 Bits/secBits), signed using sha256WithRSAEncryption
*   Certificate level 2: Public key type ? (2048/112 Bits/secBits), signed using sha1WithRSAEncryption
* Connected to graph.facebook.com (2a03:2880:f330:95:face:b00c:0:2) port 443
* using HTTP/2
* [HTTP/2] [1] OPENED stream for https://graph.facebook.com/v20.0/1678719472762199/events
* [HTTP/2] [1] [:method: POST]
* [HTTP/2] [1] [:scheme: https]
* [HTTP/2] [1] [:authority: graph.facebook.com]
* [HTTP/2] [1] [:path: /v20.0/1678719472762199/events]
* [HTTP/2] [1] [accept: */*]
* [HTTP/2] [1] [content-type: application/json]
* [HTTP/2] [1] [authorization: Bearer EAAmh7hEmLboBO9Rns15MKACUggWffTpcsWwfpP8GKh2P8BXLAtglXldZA3Dc6HdSu8bvZAGR4Cx33k4vaAW3nOpttncIF7fqXMnyZB5aF6ZAmd7MoDRQxt9ATYrkQtPIsGgFuNbZCwZCy2ZAqm1zlBHVErQMFIQr5Tv3roOwCsnbOYqIJ3TJBMNffhRn2ZCocbfHOwZDZD]
* [HTTP/2] [1] [content-length: 455]
> POST /v20.0/1678719472762199/events HTTP/2
Host: graph.facebook.com
Accept: */*
Content-Type: application/json
Authorization: Bearer EAAmh7hEmLboBO9Rns15MKACUggWffTpcsWwfpP8GKh2P8BXLAtglXldZA3Dc6HdSu8bvZAGR4Cx33k4vaAW3nOpttncIF7fqXMnyZB5aF6ZAmd7MoDRQxt9ATYrkQtPIsGgFuNbZCwZCy2ZAqm1zlBHVErQMFIQr5Tv3roOwCsnbOYqIJ3TJBMNffhRn2ZCocbfHOwZDZD
Content-Length: 455

* upload completely sent off: 455 bytes
< HTTP/2 200 
< content-type: application/json; charset=UTF-8
< vary: Origin
< vary: Accept-Encoding
< x-ad-api-version-warning: You are calling a deprecated version of the Ads API.
< cross-origin-resource-policy: cross-origin
< x-app-usage: {"call_count":0,"total_cputime":0,"total_time":0}
< access-control-allow-origin: *
< facebook-api-version: v20.0
< strict-transport-security: max-age=15552000; preload
< pragma: no-cache
< cache-control: private, no-cache, no-store, must-revalidate
< expires: Sat, 01 Jan 2000 00:00:00 GMT
< x-fb-request-id: A3IqYQFNpRzNSN8ddk_8Mq7
< x-fb-trace-id: HK/KFUg12Tf
< x-fb-rev: 1023023599
< x-fb-debug: K669B0KoH8yRzurANUQK/95bUJyf+4u81iP7tO3JpptPtf09hCJmMVElezRUWm10FsJICdQ3fbXmkWyRVruqGw==
< content-length: 74
< date: Tue, 20 May 2025 20:59:02 GMT
< x-fb-connection-quality: EXCELLENT; q=0.9, rtt=8, rtx=0, c=10, mss=1380, tbw=3533, tp=-1, tpl=-1, uplat=572, ullat=0
< alt-svc: h3=":443"; ma=86400
< 
* Connection #0 to host graph.facebook.com left intact


[2025-05-20 20:59:16] New request
* Host graph.facebook.com:443 was resolved.
* IPv6: 2a03:2880:f330:95:face:b00c:0:2
* IPv4: 57.144.112.141
*   Trying [2a03:2880:f330:95:face:b00c:0:2]:443...
* ALPN: curl offers h2,http/1.1
*  CAfile: /etc/pki/tls/certs/ca-bundle.crt
*  CApath: none
* SSL connection using TLSv1.3 / TLS_CHACHA20_POLY1305_SHA256 / [blank] / UNDEF
* ALPN: server accepted h2
* Server certificate:
*  subject: C=US; ST=California; L=Menlo Park; O=Meta Platforms, Inc.; CN=*.facebook.com
*  start date: Feb 27 00:00:00 2025 GMT
*  expire date: May 28 23:59:59 2025 GMT
*  subjectAltName: host "graph.facebook.com" matched cert's "*.facebook.com"
*  issuer: C=US; O=DigiCert Inc; OU=www.digicert.com; CN=DigiCert SHA2 High Assurance Server CA
*  SSL certificate verify ok.
*   Certificate level 0: Public key type ? (256/128 Bits/secBits), signed using sha256WithRSAEncryption
*   Certificate level 1: Public key type ? (2048/112 Bits/secBits), signed using sha256WithRSAEncryption
*   Certificate level 2: Public key type ? (2048/112 Bits/secBits), signed using sha1WithRSAEncryption
* Connected to graph.facebook.com (2a03:2880:f330:95:face:b00c:0:2) port 443
* using HTTP/2
* [HTTP/2] [1] OPENED stream for https://graph.facebook.com/v20.0/1678719472762199/events
* [HTTP/2] [1] [:method: POST]
* [HTTP/2] [1] [:scheme: https]
* [HTTP/2] [1] [:authority: graph.facebook.com]
* [HTTP/2] [1] [:path: /v20.0/1678719472762199/events]
* [HTTP/2] [1] [accept: */*]
* [HTTP/2] [1] [content-type: application/json]
* [HTTP/2] [1] [authorization: Bearer EAAmh7hEmLboBO9Rns15MKACUggWffTpcsWwfpP8GKh2P8BXLAtglXldZA3Dc6HdSu8bvZAGR4Cx33k4vaAW3nOpttncIF7fqXMnyZB5aF6ZAmd7MoDRQxt9ATYrkQtPIsGgFuNbZCwZCy2ZAqm1zlBHVErQMFIQr5Tv3roOwCsnbOYqIJ3TJBMNffhRn2ZCocbfHOwZDZD]
* [HTTP/2] [1] [content-length: 517]
> POST /v20.0/1678719472762199/events HTTP/2
Host: graph.facebook.com
Accept: */*
Content-Type: application/json
Authorization: Bearer EAAmh7hEmLboBO9Rns15MKACUggWffTpcsWwfpP8GKh2P8BXLAtglXldZA3Dc6HdSu8bvZAGR4Cx33k4vaAW3nOpttncIF7fqXMnyZB5aF6ZAmd7MoDRQxt9ATYrkQtPIsGgFuNbZCwZCy2ZAqm1zlBHVErQMFIQr5Tv3roOwCsnbOYqIJ3TJBMNffhRn2ZCocbfHOwZDZD
Content-Length: 517

* upload completely sent off: 517 bytes
< HTTP/2 200 
< content-type: application/json; charset=UTF-8
< vary: Origin
< vary: Accept-Encoding
< x-ad-api-version-warning: You are calling a deprecated version of the Ads API.
< cross-origin-resource-policy: cross-origin
< x-app-usage: {"call_count":0,"total_cputime":0,"total_time":0}
< access-control-allow-origin: *
< facebook-api-version: v20.0
< strict-transport-security: max-age=15552000; preload
< pragma: no-cache
< cache-control: private, no-cache, no-store, must-revalidate
< expires: Sat, 01 Jan 2000 00:00:00 GMT
< x-fb-request-id: AxY1dxWuibO8lBumgdb4978
< x-fb-trace-id: EpPYgbGO/zZ
< x-fb-rev: 1023023599
< x-fb-debug: pmVZuGZR2vQ4CEsKGOx8iTQC12ajfVYgg3vP47XpSB7yk8gAh3VKV/KVUDeQ0TuRohwLwCnwDAVlV53YMBfNLA==
< content-length: 74
< date: Tue, 20 May 2025 20:59:17 GMT
< x-fb-connection-quality: EXCELLENT; q=0.9, rtt=13, rtx=0, c=10, mss=1380, tbw=3533, tp=-1, tpl=-1, uplat=833, ullat=0
< alt-svc: h3=":443"; ma=86400
< 
* Connection #0 to host graph.facebook.com left intact


[2025-05-20 20:59:34] New request
* Host graph.facebook.com:443 was resolved.
* IPv6: 2a03:2880:f330:95:face:b00c:0:2
* IPv4: 57.144.112.141
*   Trying [2a03:2880:f330:95:face:b00c:0:2]:443...
* ALPN: curl offers h2,http/1.1
*  CAfile: /etc/pki/tls/certs/ca-bundle.crt
*  CApath: none
* SSL connection using TLSv1.3 / TLS_CHACHA20_POLY1305_SHA256 / [blank] / UNDEF
* ALPN: server accepted h2
* Server certificate:
*  subject: C=US; ST=California; L=Menlo Park; O=Meta Platforms, Inc.; CN=*.facebook.com
*  start date: Feb 27 00:00:00 2025 GMT
*  expire date: May 28 23:59:59 2025 GMT
*  subjectAltName: host "graph.facebook.com" matched cert's "*.facebook.com"
*  issuer: C=US; O=DigiCert Inc; OU=www.digicert.com; CN=DigiCert SHA2 High Assurance Server CA
*  SSL certificate verify ok.
*   Certificate level 0: Public key type ? (256/128 Bits/secBits), signed using sha256WithRSAEncryption
*   Certificate level 1: Public key type ? (2048/112 Bits/secBits), signed using sha256WithRSAEncryption
*   Certificate level 2: Public key type ? (2048/112 Bits/secBits), signed using sha1WithRSAEncryption
* Connected to graph.facebook.com (2a03:2880:f330:95:face:b00c:0:2) port 443
* using HTTP/2
* [HTTP/2] [1] OPENED stream for https://graph.facebook.com/v20.0/1678719472762199/events
* [HTTP/2] [1] [:method: POST]
* [HTTP/2] [1] [:scheme: https]
* [HTTP/2] [1] [:authority: graph.facebook.com]
* [HTTP/2] [1] [:path: /v20.0/1678719472762199/events]
* [HTTP/2] [1] [accept: */*]
* [HTTP/2] [1] [content-type: application/json]
* [HTTP/2] [1] [authorization: Bearer EAAmh7hEmLboBO9Rns15MKACUggWffTpcsWwfpP8GKh2P8BXLAtglXldZA3Dc6HdSu8bvZAGR4Cx33k4vaAW3nOpttncIF7fqXMnyZB5aF6ZAmd7MoDRQxt9ATYrkQtPIsGgFuNbZCwZCy2ZAqm1zlBHVErQMFIQr5Tv3roOwCsnbOYqIJ3TJBMNffhRn2ZCocbfHOwZDZD]
* [HTTP/2] [1] [content-length: 517]
> POST /v20.0/1678719472762199/events HTTP/2
Host: graph.facebook.com
Accept: */*
Content-Type: application/json
Authorization: Bearer EAAmh7hEmLboBO9Rns15MKACUggWffTpcsWwfpP8GKh2P8BXLAtglXldZA3Dc6HdSu8bvZAGR4Cx33k4vaAW3nOpttncIF7fqXMnyZB5aF6ZAmd7MoDRQxt9ATYrkQtPIsGgFuNbZCwZCy2ZAqm1zlBHVErQMFIQr5Tv3roOwCsnbOYqIJ3TJBMNffhRn2ZCocbfHOwZDZD
Content-Length: 517

* upload completely sent off: 517 bytes
< HTTP/2 200 
< content-type: application/json; charset=UTF-8
< vary: Origin
< vary: Accept-Encoding
< x-ad-api-version-warning: You are calling a deprecated version of the Ads API.
< cross-origin-resource-policy: cross-origin
< x-app-usage: {"call_count":0,"total_cputime":0,"total_time":0}
< access-control-allow-origin: *
< facebook-api-version: v20.0
< strict-transport-security: max-age=15552000; preload
< pragma: no-cache
< cache-control: private, no-cache, no-store, must-revalidate
< expires: Sat, 01 Jan 2000 00:00:00 GMT
< x-fb-request-id: A-A12X6D53CNWDSki2Q05ax
< x-fb-trace-id: BMVHCDDlhiB
< x-fb-rev: 1023023599
< x-fb-debug: 0anXXdpyvkLsRqbZhYvL858XPoMoq78EvFQ7H6Yc1KugKl2xQYSdreKxz60fQyx25b2V4cnI193UIJFYT1yPJA==
< content-length: 74
< date: Tue, 20 May 2025 20:59:35 GMT
< x-fb-connection-quality: EXCELLENT; q=0.9, rtt=8, rtx=0, c=10, mss=1380, tbw=3532, tp=-1, tpl=-1, uplat=514, ullat=0
< alt-svc: h3=":443"; ma=86400
< 
* Connection #0 to host graph.facebook.com left intact


[2025-05-20 21:00:02] New request
* Host graph.facebook.com:443 was resolved.
* IPv6: 2a03:2880:f32e:90:face:b00c:0:2
* IPv4: 57.144.110.141
*   Trying [2a03:2880:f32e:90:face:b00c:0:2]:443...
* ALPN: curl offers h2,http/1.1
*  CAfile: /etc/pki/tls/certs/ca-bundle.crt
*  CApath: none
* SSL connection using TLSv1.3 / TLS_CHACHA20_POLY1305_SHA256 / [blank] / UNDEF
* ALPN: server accepted h2
* Server certificate:
*  subject: C=US; ST=California; L=Menlo Park; O=Meta Platforms, Inc.; CN=*.facebook.com
*  start date: Feb 27 00:00:00 2025 GMT
*  expire date: May 28 23:59:59 2025 GMT
*  subjectAltName: host "graph.facebook.com" matched cert's "*.facebook.com"
*  issuer: C=US; O=DigiCert Inc; OU=www.digicert.com; CN=DigiCert SHA2 High Assurance Server CA
*  SSL certificate verify ok.
*   Certificate level 0: Public key type ? (256/128 Bits/secBits), signed using sha256WithRSAEncryption
*   Certificate level 1: Public key type ? (2048/112 Bits/secBits), signed using sha256WithRSAEncryption
*   Certificate level 2: Public key type ? (2048/112 Bits/secBits), signed using sha1WithRSAEncryption
* Connected to graph.facebook.com (2a03:2880:f32e:90:face:b00c:0:2) port 443
* using HTTP/2
* [HTTP/2] [1] OPENED stream for https://graph.facebook.com/v20.0/1678719472762199/events
* [HTTP/2] [1] [:method: POST]
* [HTTP/2] [1] [:scheme: https]
* [HTTP/2] [1] [:authority: graph.facebook.com]
* [HTTP/2] [1] [:path: /v20.0/1678719472762199/events]
* [HTTP/2] [1] [accept: */*]
* [HTTP/2] [1] [content-type: application/json]
* [HTTP/2] [1] [authorization: Bearer EAAmh7hEmLboBO9Rns15MKACUggWffTpcsWwfpP8GKh2P8BXLAtglXldZA3Dc6HdSu8bvZAGR4Cx33k4vaAW3nOpttncIF7fqXMnyZB5aF6ZAmd7MoDRQxt9ATYrkQtPIsGgFuNbZCwZCy2ZAqm1zlBHVErQMFIQr5Tv3roOwCsnbOYqIJ3TJBMNffhRn2ZCocbfHOwZDZD]
* [HTTP/2] [1] [content-length: 517]
> POST /v20.0/1678719472762199/events HTTP/2
Host: graph.facebook.com
Accept: */*
Content-Type: application/json
Authorization: Bearer EAAmh7hEmLboBO9Rns15MKACUggWffTpcsWwfpP8GKh2P8BXLAtglXldZA3Dc6HdSu8bvZAGR4Cx33k4vaAW3nOpttncIF7fqXMnyZB5aF6ZAmd7MoDRQxt9ATYrkQtPIsGgFuNbZCwZCy2ZAqm1zlBHVErQMFIQr5Tv3roOwCsnbOYqIJ3TJBMNffhRn2ZCocbfHOwZDZD
Content-Length: 517

* upload completely sent off: 517 bytes
< HTTP/2 200 
< content-type: application/json; charset=UTF-8
< vary: Origin
< vary: Accept-Encoding
< x-ad-api-version-warning: You are calling a deprecated version of the Ads API.
< cross-origin-resource-policy: cross-origin
< x-app-usage: {"call_count":0,"total_cputime":0,"total_time":0}
< access-control-allow-origin: *
< facebook-api-version: v20.0
< strict-transport-security: max-age=15552000; preload
< pragma: no-cache
< cache-control: private, no-cache, no-store, must-revalidate
< expires: Sat, 01 Jan 2000 00:00:00 GMT
< x-fb-request-id: ARM1IjqKwdfpfKo-jjxJ_lt
< x-fb-trace-id: HWZxLLyy+eO
< x-fb-rev: 1023023599
< x-fb-debug: COzwpH5AHj2jShAL2Lq9qvqweHD0dzpf2vqAiDmAsaUmauAXrXKocvnXurN5eWbtM5MTJ8KRHeHuvf7kfGsP7g==
< content-length: 74
< date: Tue, 20 May 2025 21:00:02 GMT
< x-fb-connection-quality: EXCELLENT; q=0.9, rtt=8, rtx=0, c=10, mss=1380, tbw=3533, tp=-1, tpl=-1, uplat=462, ullat=0
< alt-svc: h3=":443"; ma=86400
< 
* Connection #0 to host graph.facebook.com left intact


[2025-05-20 21:00:20] New request
* Host graph.facebook.com:443 was resolved.
* IPv6: 2a03:2880:f32e:90:face:b00c:0:2
* IPv4: 57.144.110.141
*   Trying [2a03:2880:f32e:90:face:b00c:0:2]:443...
* ALPN: curl offers h2,http/1.1
*  CAfile: /etc/pki/tls/certs/ca-bundle.crt
*  CApath: none
* SSL connection using TLSv1.3 / TLS_CHACHA20_POLY1305_SHA256 / [blank] / UNDEF
* ALPN: server accepted h2
* Server certificate:
*  subject: C=US; ST=California; L=Menlo Park; O=Meta Platforms, Inc.; CN=*.facebook.com
*  start date: Feb 27 00:00:00 2025 GMT
*  expire date: May 28 23:59:59 2025 GMT
*  subjectAltName: host "graph.facebook.com" matched cert's "*.facebook.com"
*  issuer: C=US; O=DigiCert Inc; OU=www.digicert.com; CN=DigiCert SHA2 High Assurance Server CA
*  SSL certificate verify ok.
*   Certificate level 0: Public key type ? (256/128 Bits/secBits), signed using sha256WithRSAEncryption
*   Certificate level 1: Public key type ? (2048/112 Bits/secBits), signed using sha256WithRSAEncryption
*   Certificate level 2: Public key type ? (2048/112 Bits/secBits), signed using sha1WithRSAEncryption
* Connected to graph.facebook.com (2a03:2880:f32e:90:face:b00c:0:2) port 443
* using HTTP/2
* [HTTP/2] [1] OPENED stream for https://graph.facebook.com/v20.0/1678719472762199/events
* [HTTP/2] [1] [:method: POST]
* [HTTP/2] [1] [:scheme: https]
* [HTTP/2] [1] [:authority: graph.facebook.com]
* [HTTP/2] [1] [:path: /v20.0/1678719472762199/events]
* [HTTP/2] [1] [accept: */*]
* [HTTP/2] [1] [content-type: application/json]
* [HTTP/2] [1] [authorization: Bearer EAAmh7hEmLboBO9Rns15MKACUggWffTpcsWwfpP8GKh2P8BXLAtglXldZA3Dc6HdSu8bvZAGR4Cx33k4vaAW3nOpttncIF7fqXMnyZB5aF6ZAmd7MoDRQxt9ATYrkQtPIsGgFuNbZCwZCy2ZAqm1zlBHVErQMFIQr5Tv3roOwCsnbOYqIJ3TJBMNffhRn2ZCocbfHOwZDZD]
* [HTTP/2] [1] [content-length: 572]
> POST /v20.0/1678719472762199/events HTTP/2
Host: graph.facebook.com
Accept: */*
Content-Type: application/json
Authorization: Bearer EAAmh7hEmLboBO9Rns15MKACUggWffTpcsWwfpP8GKh2P8BXLAtglXldZA3Dc6HdSu8bvZAGR4Cx33k4vaAW3nOpttncIF7fqXMnyZB5aF6ZAmd7MoDRQxt9ATYrkQtPIsGgFuNbZCwZCy2ZAqm1zlBHVErQMFIQr5Tv3roOwCsnbOYqIJ3TJBMNffhRn2ZCocbfHOwZDZD
Content-Length: 572

* upload completely sent off: 572 bytes
< HTTP/2 200 
< content-type: application/json; charset=UTF-8
< vary: Origin
< vary: Accept-Encoding
< x-ad-api-version-warning: You are calling a deprecated version of the Ads API.
< cross-origin-resource-policy: cross-origin
< x-app-usage: {"call_count":0,"total_cputime":0,"total_time":0}
< access-control-allow-origin: *
< facebook-api-version: v20.0
< strict-transport-security: max-age=15552000; preload
< pragma: no-cache
< cache-control: private, no-cache, no-store, must-revalidate
< expires: Sat, 01 Jan 2000 00:00:00 GMT
< x-fb-request-id: AdhGyNri21G4Lu8p8XvPUjS
< x-fb-trace-id: A+pPlB0ysqp
< x-fb-rev: 1023023599
< x-fb-debug: vmFUpaP1trKyPLzTX8a2D//tFD48ew2UZbcIDA1Bjql13Xi1Rs1uhC13aCnJStX+T6b6deQHe9VSRxJWEEeywA==
< content-length: 74
< date: Tue, 20 May 2025 21:00:21 GMT
< x-fb-connection-quality: EXCELLENT; q=0.9, rtt=8, rtx=0, c=10, mss=1380, tbw=3533, tp=-1, tpl=-1, uplat=464, ullat=0
< alt-svc: h3=":443"; ma=86400
< 
* Connection #0 to host graph.facebook.com left intact


[2025-05-20 21:02:17] New request
* Host graph.facebook.com:443 was resolved.
* IPv6: 2a03:2880:f084:a:face:b00c:0:2
* IPv4: 157.240.252.10
*   Trying [2a03:2880:f084:a:face:b00c:0:2]:443...
* ALPN: curl offers h2,http/1.1
*  CAfile: /etc/pki/tls/certs/ca-bundle.crt
*  CApath: none
* SSL connection using TLSv1.3 / TLS_CHACHA20_POLY1305_SHA256 / [blank] / UNDEF
* ALPN: server accepted h2
* Server certificate:
*  subject: C=US; ST=California; L=Menlo Park; O=Meta Platforms, Inc.; CN=*.facebook.com
*  start date: Feb 27 00:00:00 2025 GMT
*  expire date: May 28 23:59:59 2025 GMT
*  subjectAltName: host "graph.facebook.com" matched cert's "*.facebook.com"
*  issuer: C=US; O=DigiCert Inc; OU=www.digicert.com; CN=DigiCert SHA2 High Assurance Server CA
*  SSL certificate verify ok.
*   Certificate level 0: Public key type ? (256/128 Bits/secBits), signed using sha256WithRSAEncryption
*   Certificate level 1: Public key type ? (2048/112 Bits/secBits), signed using sha256WithRSAEncryption
*   Certificate level 2: Public key type ? (2048/112 Bits/secBits), signed using sha1WithRSAEncryption
* Connected to graph.facebook.com (2a03:2880:f084:a:face:b00c:0:2) port 443
* using HTTP/2
* [HTTP/2] [1] OPENED stream for https://graph.facebook.com/v20.0/1678719472762199/events
* [HTTP/2] [1] [:method: POST]
* [HTTP/2] [1] [:scheme: https]
* [HTTP/2] [1] [:authority: graph.facebook.com]
* [HTTP/2] [1] [:path: /v20.0/1678719472762199/events]
* [HTTP/2] [1] [accept: */*]
* [HTTP/2] [1] [content-type: application/json]
* [HTTP/2] [1] [authorization: Bearer EAAmh7hEmLboBO9Rns15MKACUggWffTpcsWwfpP8GKh2P8BXLAtglXldZA3Dc6HdSu8bvZAGR4Cx33k4vaAW3nOpttncIF7fqXMnyZB5aF6ZAmd7MoDRQxt9ATYrkQtPIsGgFuNbZCwZCy2ZAqm1zlBHVErQMFIQr5Tv3roOwCsnbOYqIJ3TJBMNffhRn2ZCocbfHOwZDZD]
* [HTTP/2] [1] [content-length: 572]
> POST /v20.0/1678719472762199/events HTTP/2
Host: graph.facebook.com
Accept: */*
Content-Type: application/json
Authorization: Bearer EAAmh7hEmLboBO9Rns15MKACUggWffTpcsWwfpP8GKh2P8BXLAtglXldZA3Dc6HdSu8bvZAGR4Cx33k4vaAW3nOpttncIF7fqXMnyZB5aF6ZAmd7MoDRQxt9ATYrkQtPIsGgFuNbZCwZCy2ZAqm1zlBHVErQMFIQr5Tv3roOwCsnbOYqIJ3TJBMNffhRn2ZCocbfHOwZDZD
Content-Length: 572

* upload completely sent off: 572 bytes
< HTTP/2 200 
< content-type: application/json; charset=UTF-8
< vary: Origin
< vary: Accept-Encoding
< x-ad-api-version-warning: You are calling a deprecated version of the Ads API.
< cross-origin-resource-policy: cross-origin
< x-app-usage: {"call_count":0,"total_cputime":0,"total_time":0}
< access-control-allow-origin: *
< facebook-api-version: v20.0
< strict-transport-security: max-age=15552000; preload
< pragma: no-cache
< cache-control: private, no-cache, no-store, must-revalidate
< expires: Sat, 01 Jan 2000 00:00:00 GMT
< x-fb-request-id: Al6HjoHFA2vJNs1DBgw6O9i
< x-fb-trace-id: E+Yy/3y1UAW
< x-fb-rev: 1023023599
< x-fb-debug: CMjTKCpMEMO2753x1+JyTOvy1Z7+3M5p52fKUWdzGJ7BZ0HOo75sYzPMdpDltraSQgmbLeyfAdpRg+VUgeIUhg==
< content-length: 74
< date: Tue, 20 May 2025 21:02:18 GMT
< x-fb-connection-quality: EXCELLENT; q=0.9, rtt=27, rtx=0, c=10, mss=1380, tbw=3533, tp=-1, tpl=-1, uplat=637, ullat=0
< alt-svc: h3=":443"; ma=86400
< 
* Connection #0 to host graph.facebook.com left intact


[2025-05-20 21:04:46] New request
* Host graph.facebook.com:443 was resolved.
* IPv6: 2a03:2880:f084:a:face:b00c:0:2
* IPv4: 57.144.112.141
*   Trying [2a03:2880:f084:a:face:b00c:0:2]:443...
* ALPN: curl offers h2,http/1.1
*  CAfile: /etc/pki/tls/certs/ca-bundle.crt
*  CApath: none
* SSL connection using TLSv1.3 / TLS_CHACHA20_POLY1305_SHA256 / [blank] / UNDEF
* ALPN: server accepted h2
* Server certificate:
*  subject: C=US; ST=California; L=Menlo Park; O=Meta Platforms, Inc.; CN=*.facebook.com
*  start date: Feb 27 00:00:00 2025 GMT
*  expire date: May 28 23:59:59 2025 GMT
*  subjectAltName: host "graph.facebook.com" matched cert's "*.facebook.com"
*  issuer: C=US; O=DigiCert Inc; OU=www.digicert.com; CN=DigiCert SHA2 High Assurance Server CA
*  SSL certificate verify ok.
*   Certificate level 0: Public key type ? (256/128 Bits/secBits), signed using sha256WithRSAEncryption
*   Certificate level 1: Public key type ? (2048/112 Bits/secBits), signed using sha256WithRSAEncryption
*   Certificate level 2: Public key type ? (2048/112 Bits/secBits), signed using sha1WithRSAEncryption
* Connected to graph.facebook.com (2a03:2880:f084:a:face:b00c:0:2) port 443
* using HTTP/2
* [HTTP/2] [1] OPENED stream for https://graph.facebook.com/v20.0/1678719472762199/events
* [HTTP/2] [1] [:method: POST]
* [HTTP/2] [1] [:scheme: https]
* [HTTP/2] [1] [:authority: graph.facebook.com]
* [HTTP/2] [1] [:path: /v20.0/1678719472762199/events]
* [HTTP/2] [1] [accept: */*]
* [HTTP/2] [1] [content-type: application/json]
* [HTTP/2] [1] [authorization: Bearer EAAmh7hEmLboBO9Rns15MKACUggWffTpcsWwfpP8GKh2P8BXLAtglXldZA3Dc6HdSu8bvZAGR4Cx33k4vaAW3nOpttncIF7fqXMnyZB5aF6ZAmd7MoDRQxt9ATYrkQtPIsGgFuNbZCwZCy2ZAqm1zlBHVErQMFIQr5Tv3roOwCsnbOYqIJ3TJBMNffhRn2ZCocbfHOwZDZD]
* [HTTP/2] [1] [content-length: 572]
> POST /v20.0/1678719472762199/events HTTP/2
Host: graph.facebook.com
Accept: */*
Content-Type: application/json
Authorization: Bearer EAAmh7hEmLboBO9Rns15MKACUggWffTpcsWwfpP8GKh2P8BXLAtglXldZA3Dc6HdSu8bvZAGR4Cx33k4vaAW3nOpttncIF7fqXMnyZB5aF6ZAmd7MoDRQxt9ATYrkQtPIsGgFuNbZCwZCy2ZAqm1zlBHVErQMFIQr5Tv3roOwCsnbOYqIJ3TJBMNffhRn2ZCocbfHOwZDZD
Content-Length: 572

* upload completely sent off: 572 bytes
< HTTP/2 200 
< content-type: application/json; charset=UTF-8
< vary: Origin
< vary: Accept-Encoding
< x-ad-api-version-warning: You are calling a deprecated version of the Ads API.
< cross-origin-resource-policy: cross-origin
< x-app-usage: {"call_count":0,"total_cputime":0,"total_time":0}
< access-control-allow-origin: *
< facebook-api-version: v20.0
< strict-transport-security: max-age=15552000; preload
< pragma: no-cache
< cache-control: private, no-cache, no-store, must-revalidate
< expires: Sat, 01 Jan 2000 00:00:00 GMT
< x-fb-request-id: AcXHmi-JT9iijjYcN8Rt9TF
< x-fb-trace-id: EAF2POk3oe7
< x-fb-rev: 1023023599
< x-fb-debug: jb7qDTsca6Iz7v8JHhrOYRbdABvcCXyev6ioXUqmdp8OrP4NGXSyzkhRWtKSnp1SBi0P5VyuAsYSjjzSp58y2A==
< content-length: 74
< date: Tue, 20 May 2025 21:04:47 GMT
< x-fb-connection-quality: EXCELLENT; q=0.9, rtt=22, rtx=0, c=10, mss=1380, tbw=3532, tp=-1, tpl=-1, uplat=497, ullat=0
< alt-svc: h3=":443"; ma=86400
< 
* Connection #0 to host graph.facebook.com left intact


[2025-05-20 21:06:28] New request
* Host graph.facebook.com:443 was resolved.
* IPv6: 2a03:2880:f084:a:face:b00c:0:2
* IPv4: 57.144.112.141
*   Trying [2a03:2880:f084:a:face:b00c:0:2]:443...
* ALPN: curl offers h2,http/1.1
*  CAfile: /etc/pki/tls/certs/ca-bundle.crt
*  CApath: none
* SSL connection using TLSv1.3 / TLS_CHACHA20_POLY1305_SHA256 / [blank] / UNDEF
* ALPN: server accepted h2
* Server certificate:
*  subject: C=US; ST=California; L=Menlo Park; O=Meta Platforms, Inc.; CN=*.facebook.com
*  start date: Feb 27 00:00:00 2025 GMT
*  expire date: May 28 23:59:59 2025 GMT
*  subjectAltName: host "graph.facebook.com" matched cert's "*.facebook.com"
*  issuer: C=US; O=DigiCert Inc; OU=www.digicert.com; CN=DigiCert SHA2 High Assurance Server CA
*  SSL certificate verify ok.
*   Certificate level 0: Public key type ? (256/128 Bits/secBits), signed using sha256WithRSAEncryption
*   Certificate level 1: Public key type ? (2048/112 Bits/secBits), signed using sha256WithRSAEncryption
*   Certificate level 2: Public key type ? (2048/112 Bits/secBits), signed using sha1WithRSAEncryption
* Connected to graph.facebook.com (2a03:2880:f084:a:face:b00c:0:2) port 443
* using HTTP/2
* [HTTP/2] [1] OPENED stream for https://graph.facebook.com/v20.0/1678719472762199/events
* [HTTP/2] [1] [:method: POST]
* [HTTP/2] [1] [:scheme: https]
* [HTTP/2] [1] [:authority: graph.facebook.com]
* [HTTP/2] [1] [:path: /v20.0/1678719472762199/events]
* [HTTP/2] [1] [accept: */*]
* [HTTP/2] [1] [content-type: application/json]
* [HTTP/2] [1] [authorization: Bearer EAAmh7hEmLboBO9Rns15MKACUggWffTpcsWwfpP8GKh2P8BXLAtglXldZA3Dc6HdSu8bvZAGR4Cx33k4vaAW3nOpttncIF7fqXMnyZB5aF6ZAmd7MoDRQxt9ATYrkQtPIsGgFuNbZCwZCy2ZAqm1zlBHVErQMFIQr5Tv3roOwCsnbOYqIJ3TJBMNffhRn2ZCocbfHOwZDZD]
* [HTTP/2] [1] [content-length: 572]
> POST /v20.0/1678719472762199/events HTTP/2
Host: graph.facebook.com
Accept: */*
Content-Type: application/json
Authorization: Bearer EAAmh7hEmLboBO9Rns15MKACUggWffTpcsWwfpP8GKh2P8BXLAtglXldZA3Dc6HdSu8bvZAGR4Cx33k4vaAW3nOpttncIF7fqXMnyZB5aF6ZAmd7MoDRQxt9ATYrkQtPIsGgFuNbZCwZCy2ZAqm1zlBHVErQMFIQr5Tv3roOwCsnbOYqIJ3TJBMNffhRn2ZCocbfHOwZDZD
Content-Length: 572

* upload completely sent off: 572 bytes
< HTTP/2 200 
< content-type: application/json; charset=UTF-8
< vary: Origin
< vary: Accept-Encoding
< x-ad-api-version-warning: You are calling a deprecated version of the Ads API.
< cross-origin-resource-policy: cross-origin
< x-app-usage: {"call_count":0,"total_cputime":0,"total_time":0}
< access-control-allow-origin: *
< facebook-api-version: v20.0
< strict-transport-security: max-age=15552000; preload
< pragma: no-cache
< cache-control: private, no-cache, no-store, must-revalidate
< expires: Sat, 01 Jan 2000 00:00:00 GMT
< x-fb-request-id: APVAD2mV6Vqf7t5G79ih8QU
< x-fb-trace-id: A244qqkV9C5
< x-fb-rev: 1023023599
< x-fb-debug: MYfc2Ke5+YOEQkPVJSnPjROazoRkkrs9rSHBTJ4x0tLwBcF9RFPEyaNxCDCYsFmxRPQO6T6mDNOxrxNmkiZ3Nw==
< content-length: 74
< date: Tue, 20 May 2025 21:06:28 GMT
< x-fb-connection-quality: EXCELLENT; q=0.9, rtt=23, rtx=0, c=10, mss=1380, tbw=3532, tp=-1, tpl=-1, uplat=395, ullat=0
< alt-svc: h3=":443"; ma=86400
< 
* Connection #0 to host graph.facebook.com left intact


[2025-05-20 21:07:03] New request
* Host graph.facebook.com:443 was resolved.
* IPv6: 2a03:2880:f084:a:face:b00c:0:2
* IPv4: 57.144.112.141
*   Trying [2a03:2880:f084:a:face:b00c:0:2]:443...
* ALPN: curl offers h2,http/1.1
*  CAfile: /etc/pki/tls/certs/ca-bundle.crt
*  CApath: none
* SSL connection using TLSv1.3 / TLS_CHACHA20_POLY1305_SHA256 / [blank] / UNDEF
* ALPN: server accepted h2
* Server certificate:
*  subject: C=US; ST=California; L=Menlo Park; O=Meta Platforms, Inc.; CN=*.facebook.com
*  start date: Feb 27 00:00:00 2025 GMT
*  expire date: May 28 23:59:59 2025 GMT
*  subjectAltName: host "graph.facebook.com" matched cert's "*.facebook.com"
*  issuer: C=US; O=DigiCert Inc; OU=www.digicert.com; CN=DigiCert SHA2 High Assurance Server CA
*  SSL certificate verify ok.
*   Certificate level 0: Public key type ? (256/128 Bits/secBits), signed using sha256WithRSAEncryption
*   Certificate level 1: Public key type ? (2048/112 Bits/secBits), signed using sha256WithRSAEncryption
*   Certificate level 2: Public key type ? (2048/112 Bits/secBits), signed using sha1WithRSAEncryption
* Connected to graph.facebook.com (2a03:2880:f084:a:face:b00c:0:2) port 443
* using HTTP/2
* [HTTP/2] [1] OPENED stream for https://graph.facebook.com/v20.0/1678719472762199/events
* [HTTP/2] [1] [:method: POST]
* [HTTP/2] [1] [:scheme: https]
* [HTTP/2] [1] [:authority: graph.facebook.com]
* [HTTP/2] [1] [:path: /v20.0/1678719472762199/events]
* [HTTP/2] [1] [accept: */*]
* [HTTP/2] [1] [content-type: application/json]
* [HTTP/2] [1] [authorization: Bearer EAAmh7hEmLboBO9Rns15MKACUggWffTpcsWwfpP8GKh2P8BXLAtglXldZA3Dc6HdSu8bvZAGR4Cx33k4vaAW3nOpttncIF7fqXMnyZB5aF6ZAmd7MoDRQxt9ATYrkQtPIsGgFuNbZCwZCy2ZAqm1zlBHVErQMFIQr5Tv3roOwCsnbOYqIJ3TJBMNffhRn2ZCocbfHOwZDZD]
* [HTTP/2] [1] [content-length: 517]
> POST /v20.0/1678719472762199/events HTTP/2
Host: graph.facebook.com
Accept: */*
Content-Type: application/json
Authorization: Bearer EAAmh7hEmLboBO9Rns15MKACUggWffTpcsWwfpP8GKh2P8BXLAtglXldZA3Dc6HdSu8bvZAGR4Cx33k4vaAW3nOpttncIF7fqXMnyZB5aF6ZAmd7MoDRQxt9ATYrkQtPIsGgFuNbZCwZCy2ZAqm1zlBHVErQMFIQr5Tv3roOwCsnbOYqIJ3TJBMNffhRn2ZCocbfHOwZDZD
Content-Length: 517

* upload completely sent off: 517 bytes
< HTTP/2 200 
< content-type: application/json; charset=UTF-8
< vary: Origin
< vary: Accept-Encoding
< x-ad-api-version-warning: You are calling a deprecated version of the Ads API.
< cross-origin-resource-policy: cross-origin
< x-app-usage: {"call_count":0,"total_cputime":0,"total_time":0}
< access-control-allow-origin: *
< facebook-api-version: v20.0
< strict-transport-security: max-age=15552000; preload
< pragma: no-cache
< cache-control: private, no-cache, no-store, must-revalidate
< expires: Sat, 01 Jan 2000 00:00:00 GMT
< x-fb-request-id: Aa6aGOb-FLngiURDTG7ZAw_
< x-fb-trace-id: HDUx18Wu0xm
< x-fb-rev: 1023023599
< x-fb-debug: byaZ5c1CCig7FSF403ww+rMSScxzRRyb3ynkuC/N7J6q0xle9pK6Y3PEsuKEWTPUyXXgcC3lY5XO1XHmCVLabg==
< content-length: 74
< date: Tue, 20 May 2025 21:07:04 GMT
< x-fb-connection-quality: EXCELLENT; q=0.9, rtt=25, rtx=0, c=10, mss=1380, tbw=3533, tp=-1, tpl=-1, uplat=345, ullat=0
< alt-svc: h3=":443"; ma=86400
< 
* Connection #0 to host graph.facebook.com left intact


[2025-05-20 21:07:15] New request
* Host graph.facebook.com:443 was resolved.
* IPv6: 2a03:2880:f084:a:face:b00c:0:2
* IPv4: 157.240.252.10
*   Trying [2a03:2880:f084:a:face:b00c:0:2]:443...
* ALPN: curl offers h2,http/1.1
*  CAfile: /etc/pki/tls/certs/ca-bundle.crt
*  CApath: none
* SSL connection using TLSv1.3 / TLS_CHACHA20_POLY1305_SHA256 / [blank] / UNDEF
* ALPN: server accepted h2
* Server certificate:
*  subject: C=US; ST=California; L=Menlo Park; O=Meta Platforms, Inc.; CN=*.facebook.com
*  start date: Feb 27 00:00:00 2025 GMT
*  expire date: May 28 23:59:59 2025 GMT
*  subjectAltName: host "graph.facebook.com" matched cert's "*.facebook.com"
*  issuer: C=US; O=DigiCert Inc; OU=www.digicert.com; CN=DigiCert SHA2 High Assurance Server CA
*  SSL certificate verify ok.
*   Certificate level 0: Public key type ? (256/128 Bits/secBits), signed using sha256WithRSAEncryption
*   Certificate level 1: Public key type ? (2048/112 Bits/secBits), signed using sha256WithRSAEncryption
*   Certificate level 2: Public key type ? (2048/112 Bits/secBits), signed using sha1WithRSAEncryption
* Connected to graph.facebook.com (2a03:2880:f084:a:face:b00c:0:2) port 443
* using HTTP/2
* [HTTP/2] [1] OPENED stream for https://graph.facebook.com/v20.0/1678719472762199/events
* [HTTP/2] [1] [:method: POST]
* [HTTP/2] [1] [:scheme: https]
* [HTTP/2] [1] [:authority: graph.facebook.com]
* [HTTP/2] [1] [:path: /v20.0/1678719472762199/events]
* [HTTP/2] [1] [accept: */*]
* [HTTP/2] [1] [content-type: application/json]
* [HTTP/2] [1] [authorization: Bearer EAAmh7hEmLboBO9Rns15MKACUggWffTpcsWwfpP8GKh2P8BXLAtglXldZA3Dc6HdSu8bvZAGR4Cx33k4vaAW3nOpttncIF7fqXMnyZB5aF6ZAmd7MoDRQxt9ATYrkQtPIsGgFuNbZCwZCy2ZAqm1zlBHVErQMFIQr5Tv3roOwCsnbOYqIJ3TJBMNffhRn2ZCocbfHOwZDZD]
* [HTTP/2] [1] [content-length: 517]
> POST /v20.0/1678719472762199/events HTTP/2
Host: graph.facebook.com
Accept: */*
Content-Type: application/json
Authorization: Bearer EAAmh7hEmLboBO9Rns15MKACUggWffTpcsWwfpP8GKh2P8BXLAtglXldZA3Dc6HdSu8bvZAGR4Cx33k4vaAW3nOpttncIF7fqXMnyZB5aF6ZAmd7MoDRQxt9ATYrkQtPIsGgFuNbZCwZCy2ZAqm1zlBHVErQMFIQr5Tv3roOwCsnbOYqIJ3TJBMNffhRn2ZCocbfHOwZDZD
Content-Length: 517

* upload completely sent off: 517 bytes
< HTTP/2 200 
< content-type: application/json; charset=UTF-8
< vary: Origin
< vary: Accept-Encoding
< x-ad-api-version-warning: You are calling a deprecated version of the Ads API.
< cross-origin-resource-policy: cross-origin
< x-app-usage: {"call_count":0,"total_cputime":0,"total_time":0}
< access-control-allow-origin: *
< facebook-api-version: v20.0
< strict-transport-security: max-age=15552000; preload
< pragma: no-cache
< cache-control: private, no-cache, no-store, must-revalidate
< expires: Sat, 01 Jan 2000 00:00:00 GMT
< x-fb-request-id: AOCopGkoYfhrTsqbxThAk7f
< x-fb-trace-id: CSdBZbjzc1Q
< x-fb-rev: 1023023599
< x-fb-debug: 8zUUstk8DgsWEqJCqhtcJ9ba+InoPcSPJ9bI/j/lg9kllJCIjuCJNeo8bbv40b61M9kFXVtKX3BnZd5qtvuM9g==
< content-length: 74
< date: Tue, 20 May 2025 21:07:15 GMT
< x-fb-connection-quality: EXCELLENT; q=0.9, rtt=27, rtx=0, c=10, mss=1380, tbw=3533, tp=-1, tpl=-1, uplat=509, ullat=0
< alt-svc: h3=":443"; ma=86400
< 
* Connection #0 to host graph.facebook.com left intact


[2025-05-20 21:07:24] New request
* Host graph.facebook.com:443 was resolved.
* IPv6: 2a03:2880:f084:a:face:b00c:0:2
* IPv4: 157.240.252.10
*   Trying [2a03:2880:f084:a:face:b00c:0:2]:443...
* ALPN: curl offers h2,http/1.1
*  CAfile: /etc/pki/tls/certs/ca-bundle.crt
*  CApath: none
* SSL connection using TLSv1.3 / TLS_CHACHA20_POLY1305_SHA256 / [blank] / UNDEF
* ALPN: server accepted h2
* Server certificate:
*  subject: C=US; ST=California; L=Menlo Park; O=Meta Platforms, Inc.; CN=*.facebook.com
*  start date: Feb 27 00:00:00 2025 GMT
*  expire date: May 28 23:59:59 2025 GMT
*  subjectAltName: host "graph.facebook.com" matched cert's "*.facebook.com"
*  issuer: C=US; O=DigiCert Inc; OU=www.digicert.com; CN=DigiCert SHA2 High Assurance Server CA
*  SSL certificate verify ok.
*   Certificate level 0: Public key type ? (256/128 Bits/secBits), signed using sha256WithRSAEncryption
*   Certificate level 1: Public key type ? (2048/112 Bits/secBits), signed using sha256WithRSAEncryption
*   Certificate level 2: Public key type ? (2048/112 Bits/secBits), signed using sha1WithRSAEncryption
* Connected to graph.facebook.com (2a03:2880:f084:a:face:b00c:0:2) port 443
* using HTTP/2
* [HTTP/2] [1] OPENED stream for https://graph.facebook.com/v20.0/1678719472762199/events
* [HTTP/2] [1] [:method: POST]
* [HTTP/2] [1] [:scheme: https]
* [HTTP/2] [1] [:authority: graph.facebook.com]
* [HTTP/2] [1] [:path: /v20.0/1678719472762199/events]
* [HTTP/2] [1] [accept: */*]
* [HTTP/2] [1] [content-type: application/json]
* [HTTP/2] [1] [authorization: Bearer EAAmh7hEmLboBO9Rns15MKACUggWffTpcsWwfpP8GKh2P8BXLAtglXldZA3Dc6HdSu8bvZAGR4Cx33k4vaAW3nOpttncIF7fqXMnyZB5aF6ZAmd7MoDRQxt9ATYrkQtPIsGgFuNbZCwZCy2ZAqm1zlBHVErQMFIQr5Tv3roOwCsnbOYqIJ3TJBMNffhRn2ZCocbfHOwZDZD]
* [HTTP/2] [1] [content-length: 572]
> POST /v20.0/1678719472762199/events HTTP/2
Host: graph.facebook.com
Accept: */*
Content-Type: application/json
Authorization: Bearer EAAmh7hEmLboBO9Rns15MKACUggWffTpcsWwfpP8GKh2P8BXLAtglXldZA3Dc6HdSu8bvZAGR4Cx33k4vaAW3nOpttncIF7fqXMnyZB5aF6ZAmd7MoDRQxt9ATYrkQtPIsGgFuNbZCwZCy2ZAqm1zlBHVErQMFIQr5Tv3roOwCsnbOYqIJ3TJBMNffhRn2ZCocbfHOwZDZD
Content-Length: 572

* upload completely sent off: 572 bytes
< HTTP/2 200 
< content-type: application/json; charset=UTF-8
< vary: Origin
< vary: Accept-Encoding
< x-ad-api-version-warning: You are calling a deprecated version of the Ads API.
< cross-origin-resource-policy: cross-origin
< x-app-usage: {"call_count":0,"total_cputime":0,"total_time":0}
< access-control-allow-origin: *
< facebook-api-version: v20.0
< strict-transport-security: max-age=15552000; preload
< pragma: no-cache
< cache-control: private, no-cache, no-store, must-revalidate
< expires: Sat, 01 Jan 2000 00:00:00 GMT
< x-fb-request-id: AOf1bOInYDD3LK80CmxAZrI
< x-fb-trace-id: AZ6i8dXXTJq
< x-fb-rev: 1023023599
< x-fb-debug: flHu4XT3y2W4lvHSzawlN1VFRiu/UQjza0hlTNCBRdaSCEkIa4vTYIOEEBBBj/R3UI6nmqNh0qnH2rahwZXXGw==
< content-length: 74
< date: Tue, 20 May 2025 21:07:25 GMT
< x-fb-connection-quality: EXCELLENT; q=0.9, rtt=27, rtx=0, c=10, mss=1380, tbw=3534, tp=-1, tpl=-1, uplat=392, ullat=0
< alt-svc: h3=":443"; ma=86400
< 
* Connection #0 to host graph.facebook.com left intact


[2025-05-20 21:08:02] New request
* Host graph.facebook.com:443 was resolved.
* IPv6: 2a03:2880:f084:a:face:b00c:0:2
* IPv4: 157.240.252.10
*   Trying [2a03:2880:f084:a:face:b00c:0:2]:443...
* ALPN: curl offers h2,http/1.1
*  CAfile: /etc/pki/tls/certs/ca-bundle.crt
*  CApath: none
* SSL connection using TLSv1.3 / TLS_CHACHA20_POLY1305_SHA256 / [blank] / UNDEF
* ALPN: server accepted h2
* Server certificate:
*  subject: C=US; ST=California; L=Menlo Park; O=Meta Platforms, Inc.; CN=*.facebook.com
*  start date: Feb 27 00:00:00 2025 GMT
*  expire date: May 28 23:59:59 2025 GMT
*  subjectAltName: host "graph.facebook.com" matched cert's "*.facebook.com"
*  issuer: C=US; O=DigiCert Inc; OU=www.digicert.com; CN=DigiCert SHA2 High Assurance Server CA
*  SSL certificate verify ok.
*   Certificate level 0: Public key type ? (256/128 Bits/secBits), signed using sha256WithRSAEncryption
*   Certificate level 1: Public key type ? (2048/112 Bits/secBits), signed using sha256WithRSAEncryption
*   Certificate level 2: Public key type ? (2048/112 Bits/secBits), signed using sha1WithRSAEncryption
* Connected to graph.facebook.com (2a03:2880:f084:a:face:b00c:0:2) port 443
* using HTTP/2
* [HTTP/2] [1] OPENED stream for https://graph.facebook.com/v20.0/1678719472762199/events
* [HTTP/2] [1] [:method: POST]
* [HTTP/2] [1] [:scheme: https]
* [HTTP/2] [1] [:authority: graph.facebook.com]
* [HTTP/2] [1] [:path: /v20.0/1678719472762199/events]
* [HTTP/2] [1] [accept: */*]
* [HTTP/2] [1] [content-type: application/json]
* [HTTP/2] [1] [authorization: Bearer EAAmh7hEmLboBO9Rns15MKACUggWffTpcsWwfpP8GKh2P8BXLAtglXldZA3Dc6HdSu8bvZAGR4Cx33k4vaAW3nOpttncIF7fqXMnyZB5aF6ZAmd7MoDRQxt9ATYrkQtPIsGgFuNbZCwZCy2ZAqm1zlBHVErQMFIQr5Tv3roOwCsnbOYqIJ3TJBMNffhRn2ZCocbfHOwZDZD]
* [HTTP/2] [1] [content-length: 517]
> POST /v20.0/1678719472762199/events HTTP/2
Host: graph.facebook.com
Accept: */*
Content-Type: application/json
Authorization: Bearer EAAmh7hEmLboBO9Rns15MKACUggWffTpcsWwfpP8GKh2P8BXLAtglXldZA3Dc6HdSu8bvZAGR4Cx33k4vaAW3nOpttncIF7fqXMnyZB5aF6ZAmd7MoDRQxt9ATYrkQtPIsGgFuNbZCwZCy2ZAqm1zlBHVErQMFIQr5Tv3roOwCsnbOYqIJ3TJBMNffhRn2ZCocbfHOwZDZD
Content-Length: 517

* upload completely sent off: 517 bytes
< HTTP/2 200 
< content-type: application/json; charset=UTF-8
< vary: Origin
< vary: Accept-Encoding
< x-ad-api-version-warning: You are calling a deprecated version of the Ads API.
< cross-origin-resource-policy: cross-origin
< x-app-usage: {"call_count":0,"total_cputime":0,"total_time":0}
< access-control-allow-origin: *
< facebook-api-version: v20.0
< strict-transport-security: max-age=15552000; preload
< pragma: no-cache
< cache-control: private, no-cache, no-store, must-revalidate
< expires: Sat, 01 Jan 2000 00:00:00 GMT
< x-fb-request-id: ApiAslEf7pCbTeWbsEXS-Kh
< x-fb-trace-id: Crtfg3zJevs
< x-fb-rev: 1023023599
< x-fb-debug: /D3VpqFTbDvG6MbALQf9WEUgD8N559d5Ii5cKKcXFJHhMerQXjS3oUMlaYtRA6rfBDDlowhzKyHFie606wxjmw==
< content-length: 74
< date: Tue, 20 May 2025 21:08:03 GMT
< x-fb-connection-quality: EXCELLENT; q=0.9, rtt=28, rtx=0, c=10, mss=1380, tbw=3533, tp=-1, tpl=-1, uplat=354, ullat=0
< alt-svc: h3=":443"; ma=86400
< 
* Connection #0 to host graph.facebook.com left intact


[2025-05-20 21:08:12] New request
* Host graph.facebook.com:443 was resolved.
* IPv6: 2a03:2880:f084:a:face:b00c:0:2
* IPv4: 157.240.252.10
*   Trying [2a03:2880:f084:a:face:b00c:0:2]:443...
* ALPN: curl offers h2,http/1.1
*  CAfile: /etc/pki/tls/certs/ca-bundle.crt
*  CApath: none
* SSL connection using TLSv1.3 / TLS_CHACHA20_POLY1305_SHA256 / [blank] / UNDEF
* ALPN: server accepted h2
* Server certificate:
*  subject: C=US; ST=California; L=Menlo Park; O=Meta Platforms, Inc.; CN=*.facebook.com
*  start date: Feb 27 00:00:00 2025 GMT
*  expire date: May 28 23:59:59 2025 GMT
*  subjectAltName: host "graph.facebook.com" matched cert's "*.facebook.com"
*  issuer: C=US; O=DigiCert Inc; OU=www.digicert.com; CN=DigiCert SHA2 High Assurance Server CA
*  SSL certificate verify ok.
*   Certificate level 0: Public key type ? (256/128 Bits/secBits), signed using sha256WithRSAEncryption
*   Certificate level 1: Public key type ? (2048/112 Bits/secBits), signed using sha256WithRSAEncryption
*   Certificate level 2: Public key type ? (2048/112 Bits/secBits), signed using sha1WithRSAEncryption
* Connected to graph.facebook.com (2a03:2880:f084:a:face:b00c:0:2) port 443
* using HTTP/2
* [HTTP/2] [1] OPENED stream for https://graph.facebook.com/v20.0/1678719472762199/events
* [HTTP/2] [1] [:method: POST]
* [HTTP/2] [1] [:scheme: https]
* [HTTP/2] [1] [:authority: graph.facebook.com]
* [HTTP/2] [1] [:path: /v20.0/1678719472762199/events]
* [HTTP/2] [1] [accept: */*]
* [HTTP/2] [1] [content-type: application/json]
* [HTTP/2] [1] [authorization: Bearer EAAmh7hEmLboBO9Rns15MKACUggWffTpcsWwfpP8GKh2P8BXLAtglXldZA3Dc6HdSu8bvZAGR4Cx33k4vaAW3nOpttncIF7fqXMnyZB5aF6ZAmd7MoDRQxt9ATYrkQtPIsGgFuNbZCwZCy2ZAqm1zlBHVErQMFIQr5Tv3roOwCsnbOYqIJ3TJBMNffhRn2ZCocbfHOwZDZD]
* [HTTP/2] [1] [content-length: 517]
> POST /v20.0/1678719472762199/events HTTP/2
Host: graph.facebook.com
Accept: */*
Content-Type: application/json
Authorization: Bearer EAAmh7hEmLboBO9Rns15MKACUggWffTpcsWwfpP8GKh2P8BXLAtglXldZA3Dc6HdSu8bvZAGR4Cx33k4vaAW3nOpttncIF7fqXMnyZB5aF6ZAmd7MoDRQxt9ATYrkQtPIsGgFuNbZCwZCy2ZAqm1zlBHVErQMFIQr5Tv3roOwCsnbOYqIJ3TJBMNffhRn2ZCocbfHOwZDZD
Content-Length: 517

* upload completely sent off: 517 bytes
< HTTP/2 200 
< content-type: application/json; charset=UTF-8
< vary: Origin
< vary: Accept-Encoding
< x-ad-api-version-warning: You are calling a deprecated version of the Ads API.
< cross-origin-resource-policy: cross-origin
< x-app-usage: {"call_count":0,"total_cputime":0,"total_time":0}
< access-control-allow-origin: *
< facebook-api-version: v20.0
< strict-transport-security: max-age=15552000; preload
< pragma: no-cache
< cache-control: private, no-cache, no-store, must-revalidate
< expires: Sat, 01 Jan 2000 00:00:00 GMT
< x-fb-request-id: ARy9tAUPhjsE6oXiJemR9Dr
< x-fb-trace-id: DSE1ltSykoc
< x-fb-rev: 1023023599
< x-fb-debug: 9PMgPeJWHQ+DmT+zfUQE4/tMPZPdk5JAFLP79bGswzt3oL2tJZwqf3DdpgvnfE681QZkwTK3Z6v30Rlo6WelUw==
< content-length: 74
< date: Tue, 20 May 2025 21:08:13 GMT
< x-fb-connection-quality: EXCELLENT; q=0.9, rtt=30, rtx=0, c=10, mss=1380, tbw=3534, tp=-1, tpl=-1, uplat=516, ullat=0
< alt-svc: h3=":443"; ma=86400
< 
* Connection #0 to host graph.facebook.com left intact


[2025-05-20 21:08:22] New request
* Host graph.facebook.com:443 was resolved.
* IPv6: 2a03:2880:f330:95:face:b00c:0:2
* IPv4: 157.240.252.10
*   Trying [2a03:2880:f330:95:face:b00c:0:2]:443...
* ALPN: curl offers h2,http/1.1
*  CAfile: /etc/pki/tls/certs/ca-bundle.crt
*  CApath: none
* SSL connection using TLSv1.3 / TLS_CHACHA20_POLY1305_SHA256 / [blank] / UNDEF
* ALPN: server accepted h2
* Server certificate:
*  subject: C=US; ST=California; L=Menlo Park; O=Meta Platforms, Inc.; CN=*.facebook.com
*  start date: Feb 27 00:00:00 2025 GMT
*  expire date: May 28 23:59:59 2025 GMT
*  subjectAltName: host "graph.facebook.com" matched cert's "*.facebook.com"
*  issuer: C=US; O=DigiCert Inc; OU=www.digicert.com; CN=DigiCert SHA2 High Assurance Server CA
*  SSL certificate verify ok.
*   Certificate level 0: Public key type ? (256/128 Bits/secBits), signed using sha256WithRSAEncryption
*   Certificate level 1: Public key type ? (2048/112 Bits/secBits), signed using sha256WithRSAEncryption
*   Certificate level 2: Public key type ? (2048/112 Bits/secBits), signed using sha1WithRSAEncryption
* Connected to graph.facebook.com (2a03:2880:f330:95:face:b00c:0:2) port 443
* using HTTP/2
* [HTTP/2] [1] OPENED stream for https://graph.facebook.com/v20.0/1678719472762199/events
* [HTTP/2] [1] [:method: POST]
* [HTTP/2] [1] [:scheme: https]
* [HTTP/2] [1] [:authority: graph.facebook.com]
* [HTTP/2] [1] [:path: /v20.0/1678719472762199/events]
* [HTTP/2] [1] [accept: */*]
* [HTTP/2] [1] [content-type: application/json]
* [HTTP/2] [1] [authorization: Bearer EAAmh7hEmLboBO9Rns15MKACUggWffTpcsWwfpP8GKh2P8BXLAtglXldZA3Dc6HdSu8bvZAGR4Cx33k4vaAW3nOpttncIF7fqXMnyZB5aF6ZAmd7MoDRQxt9ATYrkQtPIsGgFuNbZCwZCy2ZAqm1zlBHVErQMFIQr5Tv3roOwCsnbOYqIJ3TJBMNffhRn2ZCocbfHOwZDZD]
* [HTTP/2] [1] [content-length: 517]
> POST /v20.0/1678719472762199/events HTTP/2
Host: graph.facebook.com
Accept: */*
Content-Type: application/json
Authorization: Bearer EAAmh7hEmLboBO9Rns15MKACUggWffTpcsWwfpP8GKh2P8BXLAtglXldZA3Dc6HdSu8bvZAGR4Cx33k4vaAW3nOpttncIF7fqXMnyZB5aF6ZAmd7MoDRQxt9ATYrkQtPIsGgFuNbZCwZCy2ZAqm1zlBHVErQMFIQr5Tv3roOwCsnbOYqIJ3TJBMNffhRn2ZCocbfHOwZDZD
Content-Length: 517

* upload completely sent off: 517 bytes
< HTTP/2 200 
< content-type: application/json; charset=UTF-8
< vary: Origin
< vary: Accept-Encoding
< x-ad-api-version-warning: You are calling a deprecated version of the Ads API.
< cross-origin-resource-policy: cross-origin
< x-app-usage: {"call_count":0,"total_cputime":0,"total_time":0}
< access-control-allow-origin: *
< facebook-api-version: v20.0
< strict-transport-security: max-age=15552000; preload
< pragma: no-cache
< cache-control: private, no-cache, no-store, must-revalidate
< expires: Sat, 01 Jan 2000 00:00:00 GMT
< x-fb-request-id: AvlV-oKPhInda6TI4SUz_nX
< x-fb-trace-id: HP6aWJOU92y
< x-fb-rev: 1023023599
< x-fb-debug: Jp4G2CGTQQmldNlPA4LZNePObUuMbkh+5RFychTayl4Ilf+Q2PBAJrVOB6i67+RqX5pR/7VB9c2pG8wAYoFjYg==
< content-length: 74
< date: Tue, 20 May 2025 21:08:22 GMT
< x-fb-connection-quality: EXCELLENT; q=0.9, rtt=8, rtx=0, c=10, mss=1380, tbw=3533, tp=-1, tpl=-1, uplat=458, ullat=0
< alt-svc: h3=":443"; ma=86400
< 
* Connection #0 to host graph.facebook.com left intact


[2025-05-20 21:10:35] New request
* Host graph.facebook.com:443 was resolved.
* IPv6: 2a03:2880:f084:a:face:b00c:0:2
* IPv4: 57.144.112.141
*   Trying [2a03:2880:f084:a:face:b00c:0:2]:443...
* ALPN: curl offers h2,http/1.1
*  CAfile: /etc/pki/tls/certs/ca-bundle.crt
*  CApath: none
* SSL connection using TLSv1.3 / TLS_CHACHA20_POLY1305_SHA256 / [blank] / UNDEF
* ALPN: server accepted h2
* Server certificate:
*  subject: C=US; ST=California; L=Menlo Park; O=Meta Platforms, Inc.; CN=*.facebook.com
*  start date: Feb 27 00:00:00 2025 GMT
*  expire date: May 28 23:59:59 2025 GMT
*  subjectAltName: host "graph.facebook.com" matched cert's "*.facebook.com"
*  issuer: C=US; O=DigiCert Inc; OU=www.digicert.com; CN=DigiCert SHA2 High Assurance Server CA
*  SSL certificate verify ok.
*   Certificate level 0: Public key type ? (256/128 Bits/secBits), signed using sha256WithRSAEncryption
*   Certificate level 1: Public key type ? (2048/112 Bits/secBits), signed using sha256WithRSAEncryption
*   Certificate level 2: Public key type ? (2048/112 Bits/secBits), signed using sha1WithRSAEncryption
* Connected to graph.facebook.com (2a03:2880:f084:a:face:b00c:0:2) port 443
* using HTTP/2
* [HTTP/2] [1] OPENED stream for https://graph.facebook.com/v20.0/1678719472762199/events
* [HTTP/2] [1] [:method: POST]
* [HTTP/2] [1] [:scheme: https]
* [HTTP/2] [1] [:authority: graph.facebook.com]
* [HTTP/2] [1] [:path: /v20.0/1678719472762199/events]
* [HTTP/2] [1] [accept: */*]
* [HTTP/2] [1] [content-type: application/json]
* [HTTP/2] [1] [authorization: Bearer EAAmh7hEmLboBO9Rns15MKACUggWffTpcsWwfpP8GKh2P8BXLAtglXldZA3Dc6HdSu8bvZAGR4Cx33k4vaAW3nOpttncIF7fqXMnyZB5aF6ZAmd7MoDRQxt9ATYrkQtPIsGgFuNbZCwZCy2ZAqm1zlBHVErQMFIQr5Tv3roOwCsnbOYqIJ3TJBMNffhRn2ZCocbfHOwZDZD]
* [HTTP/2] [1] [content-length: 823]
> POST /v20.0/1678719472762199/events HTTP/2
Host: graph.facebook.com
Accept: */*
Content-Type: application/json
Authorization: Bearer EAAmh7hEmLboBO9Rns15MKACUggWffTpcsWwfpP8GKh2P8BXLAtglXldZA3Dc6HdSu8bvZAGR4Cx33k4vaAW3nOpttncIF7fqXMnyZB5aF6ZAmd7MoDRQxt9ATYrkQtPIsGgFuNbZCwZCy2ZAqm1zlBHVErQMFIQr5Tv3roOwCsnbOYqIJ3TJBMNffhRn2ZCocbfHOwZDZD
Content-Length: 823

* upload completely sent off: 823 bytes
< HTTP/2 200 
< content-type: application/json; charset=UTF-8
< vary: Origin
< vary: Accept-Encoding
< x-ad-api-version-warning: You are calling a deprecated version of the Ads API.
< cross-origin-resource-policy: cross-origin
< x-app-usage: {"call_count":0,"total_cputime":0,"total_time":0}
< access-control-allow-origin: *
< facebook-api-version: v20.0
< strict-transport-security: max-age=15552000; preload
< pragma: no-cache
< cache-control: private, no-cache, no-store, must-revalidate
< expires: Sat, 01 Jan 2000 00:00:00 GMT
< x-fb-request-id: A2ynnLg7YXBA6R4_OOz-tE1
< x-fb-trace-id: ByWHbCb3ANY
< x-fb-rev: 1023023599
< x-fb-debug: U9LeLflbWMqySQEyTUvr2I/mhDf6nV89lQLVn98pNsds/vNE5+o0pTb0YOT+5CSX55GT5fkU5JdU8s95PCuaFg==
< content-length: 74
< date: Tue, 20 May 2025 21:10:36 GMT
< x-fb-connection-quality: EXCELLENT; q=0.9, rtt=30, rtx=0, c=10, mss=1380, tbw=3533, tp=-1, tpl=-1, uplat=423, ullat=0
< alt-svc: h3=":443"; ma=86400
< 
* Connection #0 to host graph.facebook.com left intact


[2025-05-20 21:11:40] New request
* Host graph.facebook.com:443 was resolved.
* IPv6: 2a03:2880:f084:a:face:b00c:0:2
* IPv4: 57.144.112.141
*   Trying [2a03:2880:f084:a:face:b00c:0:2]:443...
* ALPN: curl offers h2,http/1.1
*  CAfile: /etc/pki/tls/certs/ca-bundle.crt
*  CApath: none
* SSL connection using TLSv1.3 / TLS_CHACHA20_POLY1305_SHA256 / [blank] / UNDEF
* ALPN: server accepted h2
* Server certificate:
*  subject: C=US; ST=California; L=Menlo Park; O=Meta Platforms, Inc.; CN=*.facebook.com
*  start date: Feb 27 00:00:00 2025 GMT
*  expire date: May 28 23:59:59 2025 GMT
*  subjectAltName: host "graph.facebook.com" matched cert's "*.facebook.com"
*  issuer: C=US; O=DigiCert Inc; OU=www.digicert.com; CN=DigiCert SHA2 High Assurance Server CA
*  SSL certificate verify ok.
*   Certificate level 0: Public key type ? (256/128 Bits/secBits), signed using sha256WithRSAEncryption
*   Certificate level 1: Public key type ? (2048/112 Bits/secBits), signed using sha256WithRSAEncryption
*   Certificate level 2: Public key type ? (2048/112 Bits/secBits), signed using sha1WithRSAEncryption
* Connected to graph.facebook.com (2a03:2880:f084:a:face:b00c:0:2) port 443
* using HTTP/2
* [HTTP/2] [1] OPENED stream for https://graph.facebook.com/v20.0/1678719472762199/events
* [HTTP/2] [1] [:method: POST]
* [HTTP/2] [1] [:scheme: https]
* [HTTP/2] [1] [:authority: graph.facebook.com]
* [HTTP/2] [1] [:path: /v20.0/1678719472762199/events]
* [HTTP/2] [1] [accept: */*]
* [HTTP/2] [1] [content-type: application/json]
* [HTTP/2] [1] [authorization: Bearer EAAmh7hEmLboBO9Rns15MKACUggWffTpcsWwfpP8GKh2P8BXLAtglXldZA3Dc6HdSu8bvZAGR4Cx33k4vaAW3nOpttncIF7fqXMnyZB5aF6ZAmd7MoDRQxt9ATYrkQtPIsGgFuNbZCwZCy2ZAqm1zlBHVErQMFIQr5Tv3roOwCsnbOYqIJ3TJBMNffhRn2ZCocbfHOwZDZD]
* [HTTP/2] [1] [content-length: 823]
> POST /v20.0/1678719472762199/events HTTP/2
Host: graph.facebook.com
Accept: */*
Content-Type: application/json
Authorization: Bearer EAAmh7hEmLboBO9Rns15MKACUggWffTpcsWwfpP8GKh2P8BXLAtglXldZA3Dc6HdSu8bvZAGR4Cx33k4vaAW3nOpttncIF7fqXMnyZB5aF6ZAmd7MoDRQxt9ATYrkQtPIsGgFuNbZCwZCy2ZAqm1zlBHVErQMFIQr5Tv3roOwCsnbOYqIJ3TJBMNffhRn2ZCocbfHOwZDZD
Content-Length: 823

* upload completely sent off: 823 bytes
< HTTP/2 200 
< content-type: application/json; charset=UTF-8
< vary: Origin
< vary: Accept-Encoding
< x-ad-api-version-warning: You are calling a deprecated version of the Ads API.
< cross-origin-resource-policy: cross-origin
< x-app-usage: {"call_count":0,"total_cputime":0,"total_time":0}
< access-control-allow-origin: *
< facebook-api-version: v20.0
< strict-transport-security: max-age=15552000; preload
< pragma: no-cache
< cache-control: private, no-cache, no-store, must-revalidate
< expires: Sat, 01 Jan 2000 00:00:00 GMT
< x-fb-request-id: ArKWzfYBVWK31FLfKmfZ_qr
< x-fb-trace-id: DeXQy5STxjS
< x-fb-rev: 1023023599
< x-fb-debug: LL/0prbt8ZGOHw3JMkzO/hYwoxrzjJcV+2FyTa8A+BIAZO9z/AKh/ztcNtSRJbDO+HkZHVzR6+iWK0co64wYjA==
< content-length: 74
< date: Tue, 20 May 2025 21:11:40 GMT
< x-fb-connection-quality: EXCELLENT; q=0.9, rtt=27, rtx=0, c=10, mss=1380, tbw=3532, tp=-1, tpl=-1, uplat=436, ullat=0
< alt-svc: h3=":443"; ma=86400
< 
* Connection #0 to host graph.facebook.com left intact


[2025-05-20 21:12:33] New request
* Host graph.facebook.com:443 was resolved.
* IPv6: 2a03:2880:f330:95:face:b00c:0:2
* IPv4: 157.240.252.10
*   Trying [2a03:2880:f330:95:face:b00c:0:2]:443...
* ALPN: curl offers h2,http/1.1
*  CAfile: /etc/pki/tls/certs/ca-bundle.crt
*  CApath: none
* SSL connection using TLSv1.3 / TLS_CHACHA20_POLY1305_SHA256 / [blank] / UNDEF
* ALPN: server accepted h2
* Server certificate:
*  subject: C=US; ST=California; L=Menlo Park; O=Meta Platforms, Inc.; CN=*.facebook.com
*  start date: Feb 27 00:00:00 2025 GMT
*  expire date: May 28 23:59:59 2025 GMT
*  subjectAltName: host "graph.facebook.com" matched cert's "*.facebook.com"
*  issuer: C=US; O=DigiCert Inc; OU=www.digicert.com; CN=DigiCert SHA2 High Assurance Server CA
*  SSL certificate verify ok.
*   Certificate level 0: Public key type ? (256/128 Bits/secBits), signed using sha256WithRSAEncryption
*   Certificate level 1: Public key type ? (2048/112 Bits/secBits), signed using sha256WithRSAEncryption
*   Certificate level 2: Public key type ? (2048/112 Bits/secBits), signed using sha1WithRSAEncryption
* Connected to graph.facebook.com (2a03:2880:f330:95:face:b00c:0:2) port 443
* using HTTP/2
* [HTTP/2] [1] OPENED stream for https://graph.facebook.com/v20.0/1678719472762199/events
* [HTTP/2] [1] [:method: POST]
* [HTTP/2] [1] [:scheme: https]
* [HTTP/2] [1] [:authority: graph.facebook.com]
* [HTTP/2] [1] [:path: /v20.0/1678719472762199/events]
* [HTTP/2] [1] [accept: */*]
* [HTTP/2] [1] [content-type: application/json]
* [HTTP/2] [1] [authorization: Bearer EAAmh7hEmLboBO9Rns15MKACUggWffTpcsWwfpP8GKh2P8BXLAtglXldZA3Dc6HdSu8bvZAGR4Cx33k4vaAW3nOpttncIF7fqXMnyZB5aF6ZAmd7MoDRQxt9ATYrkQtPIsGgFuNbZCwZCy2ZAqm1zlBHVErQMFIQr5Tv3roOwCsnbOYqIJ3TJBMNffhRn2ZCocbfHOwZDZD]
* [HTTP/2] [1] [content-length: 823]
> POST /v20.0/1678719472762199/events HTTP/2
Host: graph.facebook.com
Accept: */*
Content-Type: application/json
Authorization: Bearer EAAmh7hEmLboBO9Rns15MKACUggWffTpcsWwfpP8GKh2P8BXLAtglXldZA3Dc6HdSu8bvZAGR4Cx33k4vaAW3nOpttncIF7fqXMnyZB5aF6ZAmd7MoDRQxt9ATYrkQtPIsGgFuNbZCwZCy2ZAqm1zlBHVErQMFIQr5Tv3roOwCsnbOYqIJ3TJBMNffhRn2ZCocbfHOwZDZD
Content-Length: 823

* upload completely sent off: 823 bytes
< HTTP/2 200 
< content-type: application/json; charset=UTF-8
< vary: Origin
< vary: Accept-Encoding
< x-ad-api-version-warning: You are calling a deprecated version of the Ads API.
< cross-origin-resource-policy: cross-origin
< x-app-usage: {"call_count":0,"total_cputime":0,"total_time":0}
< access-control-allow-origin: *
< facebook-api-version: v20.0
< strict-transport-security: max-age=15552000; preload
< pragma: no-cache
< cache-control: private, no-cache, no-store, must-revalidate
< expires: Sat, 01 Jan 2000 00:00:00 GMT
< x-fb-request-id: AXK5c4cb5DG3TwgKOSucX21
< x-fb-trace-id: CgeEI7N7bqQ
< x-fb-rev: 1023023599
< x-fb-debug: gywM2gEA5Bee+s4eIT/ATXBm80qhkWRd0Fnc6CcdDc9Aq1FXYg0Hdbg3XmGL+95f4L0qC6gyRIzgDJxGnxOSog==
< content-length: 74
< date: Tue, 20 May 2025 21:12:33 GMT
< x-fb-connection-quality: EXCELLENT; q=0.9, rtt=8, rtx=0, c=10, mss=1380, tbw=3533, tp=-1, tpl=-1, uplat=385, ullat=0
< alt-svc: h3=":443"; ma=86400
< 
* Connection #0 to host graph.facebook.com left intact


[2025-05-20 21:12:37] New request
* Host graph.facebook.com:443 was resolved.
* IPv6: 2a03:2880:f330:95:face:b00c:0:2
* IPv4: 157.240.252.10
*   Trying [2a03:2880:f330:95:face:b00c:0:2]:443...
* ALPN: curl offers h2,http/1.1
*  CAfile: /etc/pki/tls/certs/ca-bundle.crt
*  CApath: none
* SSL connection using TLSv1.3 / TLS_CHACHA20_POLY1305_SHA256 / [blank] / UNDEF
* ALPN: server accepted h2
* Server certificate:
*  subject: C=US; ST=California; L=Menlo Park; O=Meta Platforms, Inc.; CN=*.facebook.com
*  start date: Feb 27 00:00:00 2025 GMT
*  expire date: May 28 23:59:59 2025 GMT
*  subjectAltName: host "graph.facebook.com" matched cert's "*.facebook.com"
*  issuer: C=US; O=DigiCert Inc; OU=www.digicert.com; CN=DigiCert SHA2 High Assurance Server CA
*  SSL certificate verify ok.
*   Certificate level 0: Public key type ? (256/128 Bits/secBits), signed using sha256WithRSAEncryption
*   Certificate level 1: Public key type ? (2048/112 Bits/secBits), signed using sha256WithRSAEncryption
*   Certificate level 2: Public key type ? (2048/112 Bits/secBits), signed using sha1WithRSAEncryption
* Connected to graph.facebook.com (2a03:2880:f330:95:face:b00c:0:2) port 443
* using HTTP/2
* [HTTP/2] [1] OPENED stream for https://graph.facebook.com/v20.0/1678719472762199/events
* [HTTP/2] [1] [:method: POST]
* [HTTP/2] [1] [:scheme: https]
* [HTTP/2] [1] [:authority: graph.facebook.com]
* [HTTP/2] [1] [:path: /v20.0/1678719472762199/events]
* [HTTP/2] [1] [accept: */*]
* [HTTP/2] [1] [content-type: application/json]
* [HTTP/2] [1] [authorization: Bearer EAAmh7hEmLboBO9Rns15MKACUggWffTpcsWwfpP8GKh2P8BXLAtglXldZA3Dc6HdSu8bvZAGR4Cx33k4vaAW3nOpttncIF7fqXMnyZB5aF6ZAmd7MoDRQxt9ATYrkQtPIsGgFuNbZCwZCy2ZAqm1zlBHVErQMFIQr5Tv3roOwCsnbOYqIJ3TJBMNffhRn2ZCocbfHOwZDZD]
* [HTTP/2] [1] [content-length: 517]
> POST /v20.0/1678719472762199/events HTTP/2
Host: graph.facebook.com
Accept: */*
Content-Type: application/json
Authorization: Bearer EAAmh7hEmLboBO9Rns15MKACUggWffTpcsWwfpP8GKh2P8BXLAtglXldZA3Dc6HdSu8bvZAGR4Cx33k4vaAW3nOpttncIF7fqXMnyZB5aF6ZAmd7MoDRQxt9ATYrkQtPIsGgFuNbZCwZCy2ZAqm1zlBHVErQMFIQr5Tv3roOwCsnbOYqIJ3TJBMNffhRn2ZCocbfHOwZDZD
Content-Length: 517

* upload completely sent off: 517 bytes
< HTTP/2 200 
< content-type: application/json; charset=UTF-8
< vary: Origin
< vary: Accept-Encoding
< x-ad-api-version-warning: You are calling a deprecated version of the Ads API.
< cross-origin-resource-policy: cross-origin
< x-app-usage: {"call_count":0,"total_cputime":0,"total_time":0}
< access-control-allow-origin: *
< facebook-api-version: v20.0
< strict-transport-security: max-age=15552000; preload
< pragma: no-cache
< cache-control: private, no-cache, no-store, must-revalidate
< expires: Sat, 01 Jan 2000 00:00:00 GMT
< x-fb-request-id: Asl-PG5M6jq6nbe04hiuUyc
< x-fb-trace-id: BEBB71wf9Vi
< x-fb-rev: 1023023599
< x-fb-debug: rtNrPHlq5qggi2z+whegrK2Pn5LtJWEfFaUfUy2DmOhJtz+xIW/B7v45R2ozCFlw0f0slmfdGYVO1GhWAR6oBg==
< content-length: 74
< date: Tue, 20 May 2025 21:12:37 GMT
< x-fb-connection-quality: EXCELLENT; q=0.9, rtt=8, rtx=0, c=10, mss=1380, tbw=3532, tp=-1, tpl=-1, uplat=448, ullat=0
< alt-svc: h3=":443"; ma=86400
< 
* Connection #0 to host graph.facebook.com left intact


[2025-05-20 21:12:41] New request
* Host graph.facebook.com:443 was resolved.
* IPv6: 2a03:2880:f330:95:face:b00c:0:2
* IPv4: 157.240.252.10
*   Trying [2a03:2880:f330:95:face:b00c:0:2]:443...
* ALPN: curl offers h2,http/1.1
*  CAfile: /etc/pki/tls/certs/ca-bundle.crt
*  CApath: none
* SSL connection using TLSv1.3 / TLS_CHACHA20_POLY1305_SHA256 / [blank] / UNDEF
* ALPN: server accepted h2
* Server certificate:
*  subject: C=US; ST=California; L=Menlo Park; O=Meta Platforms, Inc.; CN=*.facebook.com
*  start date: Feb 27 00:00:00 2025 GMT
*  expire date: May 28 23:59:59 2025 GMT
*  subjectAltName: host "graph.facebook.com" matched cert's "*.facebook.com"
*  issuer: C=US; O=DigiCert Inc; OU=www.digicert.com; CN=DigiCert SHA2 High Assurance Server CA
*  SSL certificate verify ok.
*   Certificate level 0: Public key type ? (256/128 Bits/secBits), signed using sha256WithRSAEncryption
*   Certificate level 1: Public key type ? (2048/112 Bits/secBits), signed using sha256WithRSAEncryption
*   Certificate level 2: Public key type ? (2048/112 Bits/secBits), signed using sha1WithRSAEncryption
* Connected to graph.facebook.com (2a03:2880:f330:95:face:b00c:0:2) port 443
* using HTTP/2
* [HTTP/2] [1] OPENED stream for https://graph.facebook.com/v20.0/1678719472762199/events
* [HTTP/2] [1] [:method: POST]
* [HTTP/2] [1] [:scheme: https]
* [HTTP/2] [1] [:authority: graph.facebook.com]
* [HTTP/2] [1] [:path: /v20.0/1678719472762199/events]
* [HTTP/2] [1] [accept: */*]
* [HTTP/2] [1] [content-type: application/json]
* [HTTP/2] [1] [authorization: Bearer EAAmh7hEmLboBO9Rns15MKACUggWffTpcsWwfpP8GKh2P8BXLAtglXldZA3Dc6HdSu8bvZAGR4Cx33k4vaAW3nOpttncIF7fqXMnyZB5aF6ZAmd7MoDRQxt9ATYrkQtPIsGgFuNbZCwZCy2ZAqm1zlBHVErQMFIQr5Tv3roOwCsnbOYqIJ3TJBMNffhRn2ZCocbfHOwZDZD]
* [HTTP/2] [1] [content-length: 517]
> POST /v20.0/1678719472762199/events HTTP/2
Host: graph.facebook.com
Accept: */*
Content-Type: application/json
Authorization: Bearer EAAmh7hEmLboBO9Rns15MKACUggWffTpcsWwfpP8GKh2P8BXLAtglXldZA3Dc6HdSu8bvZAGR4Cx33k4vaAW3nOpttncIF7fqXMnyZB5aF6ZAmd7MoDRQxt9ATYrkQtPIsGgFuNbZCwZCy2ZAqm1zlBHVErQMFIQr5Tv3roOwCsnbOYqIJ3TJBMNffhRn2ZCocbfHOwZDZD
Content-Length: 517

* upload completely sent off: 517 bytes
< HTTP/2 200 
< content-type: application/json; charset=UTF-8
< vary: Origin
< vary: Accept-Encoding
< x-ad-api-version-warning: You are calling a deprecated version of the Ads API.
< cross-origin-resource-policy: cross-origin
< x-app-usage: {"call_count":0,"total_cputime":0,"total_time":0}
< access-control-allow-origin: *
< facebook-api-version: v20.0
< strict-transport-security: max-age=15552000; preload
< pragma: no-cache
< cache-control: private, no-cache, no-store, must-revalidate
< expires: Sat, 01 Jan 2000 00:00:00 GMT
< x-fb-request-id: AMZfVjh4TFF2tC01obT3VHc
< x-fb-trace-id: CHCl3Tjft8g
< x-fb-rev: 1023023599
< x-fb-debug: 0tCkK7g+rcd+vpXcRpogHzqH1T+bbkQ6rTq0Axs11cvc2ImyoOXWRp/YfGJks61ptqoh5pPTQzo3q+71x/BKdA==
< content-length: 74
< date: Tue, 20 May 2025 21:12:41 GMT
< x-fb-connection-quality: EXCELLENT; q=0.9, rtt=8, rtx=0, c=10, mss=1380, tbw=3533, tp=-1, tpl=-1, uplat=587, ullat=0
< alt-svc: h3=":443"; ma=86400
< 
* Connection #0 to host graph.facebook.com left intact


[2025-05-20 21:12:44] New request
* Host graph.facebook.com:443 was resolved.
* IPv6: 2a03:2880:f330:95:face:b00c:0:2
* IPv4: 157.240.252.10
*   Trying [2a03:2880:f330:95:face:b00c:0:2]:443...
* ALPN: curl offers h2,http/1.1
*  CAfile: /etc/pki/tls/certs/ca-bundle.crt
*  CApath: none
* SSL connection using TLSv1.3 / TLS_CHACHA20_POLY1305_SHA256 / [blank] / UNDEF
* ALPN: server accepted h2
* Server certificate:
*  subject: C=US; ST=California; L=Menlo Park; O=Meta Platforms, Inc.; CN=*.facebook.com
*  start date: Feb 27 00:00:00 2025 GMT
*  expire date: May 28 23:59:59 2025 GMT
*  subjectAltName: host "graph.facebook.com" matched cert's "*.facebook.com"
*  issuer: C=US; O=DigiCert Inc; OU=www.digicert.com; CN=DigiCert SHA2 High Assurance Server CA
*  SSL certificate verify ok.
*   Certificate level 0: Public key type ? (256/128 Bits/secBits), signed using sha256WithRSAEncryption
*   Certificate level 1: Public key type ? (2048/112 Bits/secBits), signed using sha256WithRSAEncryption
*   Certificate level 2: Public key type ? (2048/112 Bits/secBits), signed using sha1WithRSAEncryption
* Connected to graph.facebook.com (2a03:2880:f330:95:face:b00c:0:2) port 443
* using HTTP/2
* [HTTP/2] [1] OPENED stream for https://graph.facebook.com/v20.0/1678719472762199/events
* [HTTP/2] [1] [:method: POST]
* [HTTP/2] [1] [:scheme: https]
* [HTTP/2] [1] [:authority: graph.facebook.com]
* [HTTP/2] [1] [:path: /v20.0/1678719472762199/events]
* [HTTP/2] [1] [accept: */*]
* [HTTP/2] [1] [content-type: application/json]
* [HTTP/2] [1] [authorization: Bearer EAAmh7hEmLboBO9Rns15MKACUggWffTpcsWwfpP8GKh2P8BXLAtglXldZA3Dc6HdSu8bvZAGR4Cx33k4vaAW3nOpttncIF7fqXMnyZB5aF6ZAmd7MoDRQxt9ATYrkQtPIsGgFuNbZCwZCy2ZAqm1zlBHVErQMFIQr5Tv3roOwCsnbOYqIJ3TJBMNffhRn2ZCocbfHOwZDZD]
* [HTTP/2] [1] [content-length: 517]
> POST /v20.0/1678719472762199/events HTTP/2
Host: graph.facebook.com
Accept: */*
Content-Type: application/json
Authorization: Bearer EAAmh7hEmLboBO9Rns15MKACUggWffTpcsWwfpP8GKh2P8BXLAtglXldZA3Dc6HdSu8bvZAGR4Cx33k4vaAW3nOpttncIF7fqXMnyZB5aF6ZAmd7MoDRQxt9ATYrkQtPIsGgFuNbZCwZCy2ZAqm1zlBHVErQMFIQr5Tv3roOwCsnbOYqIJ3TJBMNffhRn2ZCocbfHOwZDZD
Content-Length: 517

* upload completely sent off: 517 bytes
< HTTP/2 200 
< content-type: application/json; charset=UTF-8
< vary: Origin
< vary: Accept-Encoding
< x-ad-api-version-warning: You are calling a deprecated version of the Ads API.
< cross-origin-resource-policy: cross-origin
< x-app-usage: {"call_count":0,"total_cputime":0,"total_time":0}
< access-control-allow-origin: *
< facebook-api-version: v20.0
< strict-transport-security: max-age=15552000; preload
< pragma: no-cache
< cache-control: private, no-cache, no-store, must-revalidate
< expires: Sat, 01 Jan 2000 00:00:00 GMT
< x-fb-request-id: Amliab--joEkSaaLNYqMwm3
< x-fb-trace-id: CYjNqsoDi09
< x-fb-rev: 1023023599
< x-fb-debug: yNk4dVOlfeMCpMWQW0WMDTVyL96UmulvE1T4wvMkFWO57pykZ5HhgEbUXkhKkyIMym4wHPV0qIvxbRhh+3KL0A==
< content-length: 74
< date: Tue, 20 May 2025 21:12:44 GMT
< x-fb-connection-quality: EXCELLENT; q=0.9, rtt=13, rtx=0, c=10, mss=1380, tbw=3533, tp=-1, tpl=-1, uplat=467, ullat=0
< alt-svc: h3=":443"; ma=86400
< 
* Connection #0 to host graph.facebook.com left intact


[2025-05-20 21:13:09] New request
* Host graph.facebook.com:443 was resolved.
* IPv6: 2a03:2880:f330:95:face:b00c:0:2
* IPv4: 157.240.252.10
*   Trying [2a03:2880:f330:95:face:b00c:0:2]:443...
* ALPN: curl offers h2,http/1.1
*  CAfile: /etc/pki/tls/certs/ca-bundle.crt
*  CApath: none
* SSL connection using TLSv1.3 / TLS_CHACHA20_POLY1305_SHA256 / [blank] / UNDEF
* ALPN: server accepted h2
* Server certificate:
*  subject: C=US; ST=California; L=Menlo Park; O=Meta Platforms, Inc.; CN=*.facebook.com
*  start date: Feb 27 00:00:00 2025 GMT
*  expire date: May 28 23:59:59 2025 GMT
*  subjectAltName: host "graph.facebook.com" matched cert's "*.facebook.com"
*  issuer: C=US; O=DigiCert Inc; OU=www.digicert.com; CN=DigiCert SHA2 High Assurance Server CA
*  SSL certificate verify ok.
*   Certificate level 0: Public key type ? (256/128 Bits/secBits), signed using sha256WithRSAEncryption
*   Certificate level 1: Public key type ? (2048/112 Bits/secBits), signed using sha256WithRSAEncryption
*   Certificate level 2: Public key type ? (2048/112 Bits/secBits), signed using sha1WithRSAEncryption
* Connected to graph.facebook.com (2a03:2880:f330:95:face:b00c:0:2) port 443
* using HTTP/2
* [HTTP/2] [1] OPENED stream for https://graph.facebook.com/v20.0/1678719472762199/events
* [HTTP/2] [1] [:method: POST]
* [HTTP/2] [1] [:scheme: https]
* [HTTP/2] [1] [:authority: graph.facebook.com]
* [HTTP/2] [1] [:path: /v20.0/1678719472762199/events]
* [HTTP/2] [1] [accept: */*]
* [HTTP/2] [1] [content-type: application/json]
* [HTTP/2] [1] [authorization: Bearer EAAmh7hEmLboBO9Rns15MKACUggWffTpcsWwfpP8GKh2P8BXLAtglXldZA3Dc6HdSu8bvZAGR4Cx33k4vaAW3nOpttncIF7fqXMnyZB5aF6ZAmd7MoDRQxt9ATYrkQtPIsGgFuNbZCwZCy2ZAqm1zlBHVErQMFIQr5Tv3roOwCsnbOYqIJ3TJBMNffhRn2ZCocbfHOwZDZD]
* [HTTP/2] [1] [content-length: 517]
> POST /v20.0/1678719472762199/events HTTP/2
Host: graph.facebook.com
Accept: */*
Content-Type: application/json
Authorization: Bearer EAAmh7hEmLboBO9Rns15MKACUggWffTpcsWwfpP8GKh2P8BXLAtglXldZA3Dc6HdSu8bvZAGR4Cx33k4vaAW3nOpttncIF7fqXMnyZB5aF6ZAmd7MoDRQxt9ATYrkQtPIsGgFuNbZCwZCy2ZAqm1zlBHVErQMFIQr5Tv3roOwCsnbOYqIJ3TJBMNffhRn2ZCocbfHOwZDZD
Content-Length: 517

* upload completely sent off: 517 bytes
< HTTP/2 200 
< content-type: application/json; charset=UTF-8
< vary: Origin
< vary: Accept-Encoding
< x-ad-api-version-warning: You are calling a deprecated version of the Ads API.
< cross-origin-resource-policy: cross-origin
< x-app-usage: {"call_count":0,"total_cputime":0,"total_time":0}
< access-control-allow-origin: *
< facebook-api-version: v20.0
< strict-transport-security: max-age=15552000; preload
< pragma: no-cache
< cache-control: private, no-cache, no-store, must-revalidate
< expires: Sat, 01 Jan 2000 00:00:00 GMT
< x-fb-request-id: AcQgk7Di8hCujTr4vD03xut
< x-fb-trace-id: DZhkJNkndQf
< x-fb-rev: 1023023599
< x-fb-debug: qJFzA9hJ337VsFQvewOft9jipW6FXaejYwac5vFM7ep1oww8ZmDYwmP9Tp9FF8WvKpPDwpYqH6mAFz22tU5aVg==
< content-length: 74
< date: Tue, 20 May 2025 21:13:10 GMT
< x-fb-connection-quality: EXCELLENT; q=0.9, rtt=8, rtx=0, c=10, mss=1380, tbw=3533, tp=-1, tpl=-1, uplat=536, ullat=0
< alt-svc: h3=":443"; ma=86400
< 
* Connection #0 to host graph.facebook.com left intact


[2025-05-20 21:13:14] New request
* Host graph.facebook.com:443 was resolved.
* IPv6: 2a03:2880:f330:95:face:b00c:0:2
* IPv4: 157.240.252.10
*   Trying [2a03:2880:f330:95:face:b00c:0:2]:443...
* ALPN: curl offers h2,http/1.1
*  CAfile: /etc/pki/tls/certs/ca-bundle.crt
*  CApath: none
* SSL connection using TLSv1.3 / TLS_CHACHA20_POLY1305_SHA256 / [blank] / UNDEF
* ALPN: server accepted h2
* Server certificate:
*  subject: C=US; ST=California; L=Menlo Park; O=Meta Platforms, Inc.; CN=*.facebook.com
*  start date: Feb 27 00:00:00 2025 GMT
*  expire date: May 28 23:59:59 2025 GMT
*  subjectAltName: host "graph.facebook.com" matched cert's "*.facebook.com"
*  issuer: C=US; O=DigiCert Inc; OU=www.digicert.com; CN=DigiCert SHA2 High Assurance Server CA
*  SSL certificate verify ok.
*   Certificate level 0: Public key type ? (256/128 Bits/secBits), signed using sha256WithRSAEncryption
*   Certificate level 1: Public key type ? (2048/112 Bits/secBits), signed using sha256WithRSAEncryption
*   Certificate level 2: Public key type ? (2048/112 Bits/secBits), signed using sha1WithRSAEncryption
* Connected to graph.facebook.com (2a03:2880:f330:95:face:b00c:0:2) port 443
* using HTTP/2
* [HTTP/2] [1] OPENED stream for https://graph.facebook.com/v20.0/1678719472762199/events
* [HTTP/2] [1] [:method: POST]
* [HTTP/2] [1] [:scheme: https]
* [HTTP/2] [1] [:authority: graph.facebook.com]
* [HTTP/2] [1] [:path: /v20.0/1678719472762199/events]
* [HTTP/2] [1] [accept: */*]
* [HTTP/2] [1] [content-type: application/json]
* [HTTP/2] [1] [authorization: Bearer EAAmh7hEmLboBO9Rns15MKACUggWffTpcsWwfpP8GKh2P8BXLAtglXldZA3Dc6HdSu8bvZAGR4Cx33k4vaAW3nOpttncIF7fqXMnyZB5aF6ZAmd7MoDRQxt9ATYrkQtPIsGgFuNbZCwZCy2ZAqm1zlBHVErQMFIQr5Tv3roOwCsnbOYqIJ3TJBMNffhRn2ZCocbfHOwZDZD]
* [HTTP/2] [1] [content-length: 517]
> POST /v20.0/1678719472762199/events HTTP/2
Host: graph.facebook.com
Accept: */*
Content-Type: application/json
Authorization: Bearer EAAmh7hEmLboBO9Rns15MKACUggWffTpcsWwfpP8GKh2P8BXLAtglXldZA3Dc6HdSu8bvZAGR4Cx33k4vaAW3nOpttncIF7fqXMnyZB5aF6ZAmd7MoDRQxt9ATYrkQtPIsGgFuNbZCwZCy2ZAqm1zlBHVErQMFIQr5Tv3roOwCsnbOYqIJ3TJBMNffhRn2ZCocbfHOwZDZD
Content-Length: 517

* upload completely sent off: 517 bytes
< HTTP/2 200 
< content-type: application/json; charset=UTF-8
< vary: Origin
< vary: Accept-Encoding
< x-ad-api-version-warning: You are calling a deprecated version of the Ads API.
< cross-origin-resource-policy: cross-origin
< x-app-usage: {"call_count":0,"total_cputime":0,"total_time":0}
< access-control-allow-origin: *
< facebook-api-version: v20.0
< strict-transport-security: max-age=15552000; preload
< pragma: no-cache
< cache-control: private, no-cache, no-store, must-revalidate
< expires: Sat, 01 Jan 2000 00:00:00 GMT
< x-fb-request-id: AlZchdN7QBbRCVhtj-rqmaG
< x-fb-trace-id: GN73jGEliFb
< x-fb-rev: 1023023599
< x-fb-debug: Fa8HssaR3RGo8B8Jfr+GXC+nMyP2rlkG9Gvy1Hc6Yd5BxTrrbE8BX/G5X6fprkRsvU+M8Vjh3xJcF/NXFXDp5g==
< content-length: 74
< date: Tue, 20 May 2025 21:13:14 GMT
< x-fb-connection-quality: EXCELLENT; q=0.9, rtt=8, rtx=0, c=10, mss=1380, tbw=3533, tp=-1, tpl=-1, uplat=527, ullat=0
< alt-svc: h3=":443"; ma=86400
< 
* Connection #0 to host graph.facebook.com left intact


[2025-05-20 21:13:20] New request
* Host graph.facebook.com:443 was resolved.
* IPv6: 2a03:2880:f330:95:face:b00c:0:2
* IPv4: 57.144.110.141
*   Trying [2a03:2880:f330:95:face:b00c:0:2]:443...
* ALPN: curl offers h2,http/1.1
*  CAfile: /etc/pki/tls/certs/ca-bundle.crt
*  CApath: none
* SSL connection using TLSv1.3 / TLS_CHACHA20_POLY1305_SHA256 / [blank] / UNDEF
* ALPN: server accepted h2
* Server certificate:
*  subject: C=US; ST=California; L=Menlo Park; O=Meta Platforms, Inc.; CN=*.facebook.com
*  start date: Feb 27 00:00:00 2025 GMT
*  expire date: May 28 23:59:59 2025 GMT
*  subjectAltName: host "graph.facebook.com" matched cert's "*.facebook.com"
*  issuer: C=US; O=DigiCert Inc; OU=www.digicert.com; CN=DigiCert SHA2 High Assurance Server CA
*  SSL certificate verify ok.
*   Certificate level 0: Public key type ? (256/128 Bits/secBits), signed using sha256WithRSAEncryption
*   Certificate level 1: Public key type ? (2048/112 Bits/secBits), signed using sha256WithRSAEncryption
*   Certificate level 2: Public key type ? (2048/112 Bits/secBits), signed using sha1WithRSAEncryption
* Connected to graph.facebook.com (2a03:2880:f330:95:face:b00c:0:2) port 443
* using HTTP/2
* [HTTP/2] [1] OPENED stream for https://graph.facebook.com/v20.0/1678719472762199/events
* [HTTP/2] [1] [:method: POST]
* [HTTP/2] [1] [:scheme: https]
* [HTTP/2] [1] [:authority: graph.facebook.com]
* [HTTP/2] [1] [:path: /v20.0/1678719472762199/events]
* [HTTP/2] [1] [accept: */*]
* [HTTP/2] [1] [content-type: application/json]
* [HTTP/2] [1] [authorization: Bearer EAAmh7hEmLboBO9Rns15MKACUggWffTpcsWwfpP8GKh2P8BXLAtglXldZA3Dc6HdSu8bvZAGR4Cx33k4vaAW3nOpttncIF7fqXMnyZB5aF6ZAmd7MoDRQxt9ATYrkQtPIsGgFuNbZCwZCy2ZAqm1zlBHVErQMFIQr5Tv3roOwCsnbOYqIJ3TJBMNffhRn2ZCocbfHOwZDZD]
* [HTTP/2] [1] [content-length: 517]
> POST /v20.0/1678719472762199/events HTTP/2
Host: graph.facebook.com
Accept: */*
Content-Type: application/json
Authorization: Bearer EAAmh7hEmLboBO9Rns15MKACUggWffTpcsWwfpP8GKh2P8BXLAtglXldZA3Dc6HdSu8bvZAGR4Cx33k4vaAW3nOpttncIF7fqXMnyZB5aF6ZAmd7MoDRQxt9ATYrkQtPIsGgFuNbZCwZCy2ZAqm1zlBHVErQMFIQr5Tv3roOwCsnbOYqIJ3TJBMNffhRn2ZCocbfHOwZDZD
Content-Length: 517

* upload completely sent off: 517 bytes
< HTTP/2 200 
< content-type: application/json; charset=UTF-8
< vary: Origin
< vary: Accept-Encoding
< x-ad-api-version-warning: You are calling a deprecated version of the Ads API.
< cross-origin-resource-policy: cross-origin
< x-app-usage: {"call_count":0,"total_cputime":0,"total_time":0}
< access-control-allow-origin: *
< facebook-api-version: v20.0
< strict-transport-security: max-age=15552000; preload
< pragma: no-cache
< cache-control: private, no-cache, no-store, must-revalidate
< expires: Sat, 01 Jan 2000 00:00:00 GMT
< x-fb-request-id: A3aKAhM2lH41MOvKnQfa8RP
< x-fb-trace-id: DUeVgjTzhoB
< x-fb-rev: 1023023599
< x-fb-debug: 3PFQ41XWCTXh6Yv2rh1K0+hwtzykj0/qYg6JGyXErnlAYQ9+lm5rISaAV1JT1TBAF4LgiMAIHzLtkwlMZgJ3sg==
< content-length: 74
< date: Tue, 20 May 2025 21:13:20 GMT
< x-fb-connection-quality: EXCELLENT; q=0.9, rtt=8, rtx=0, c=10, mss=1380, tbw=3533, tp=-1, tpl=-1, uplat=184, ullat=0
< alt-svc: h3=":443"; ma=86400
< 
* Connection #0 to host graph.facebook.com left intact


[2025-05-20 21:13:23] New request
* Host graph.facebook.com:443 was resolved.
* IPv6: 2a03:2880:f330:95:face:b00c:0:2
* IPv4: 57.144.110.141
*   Trying [2a03:2880:f330:95:face:b00c:0:2]:443...
* ALPN: curl offers h2,http/1.1
*  CAfile: /etc/pki/tls/certs/ca-bundle.crt
*  CApath: none
* SSL connection using TLSv1.3 / TLS_CHACHA20_POLY1305_SHA256 / [blank] / UNDEF
* ALPN: server accepted h2
* Server certificate:
*  subject: C=US; ST=California; L=Menlo Park; O=Meta Platforms, Inc.; CN=*.facebook.com
*  start date: Feb 27 00:00:00 2025 GMT
*  expire date: May 28 23:59:59 2025 GMT
*  subjectAltName: host "graph.facebook.com" matched cert's "*.facebook.com"
*  issuer: C=US; O=DigiCert Inc; OU=www.digicert.com; CN=DigiCert SHA2 High Assurance Server CA
*  SSL certificate verify ok.
*   Certificate level 0: Public key type ? (256/128 Bits/secBits), signed using sha256WithRSAEncryption
*   Certificate level 1: Public key type ? (2048/112 Bits/secBits), signed using sha256WithRSAEncryption
*   Certificate level 2: Public key type ? (2048/112 Bits/secBits), signed using sha1WithRSAEncryption
* Connected to graph.facebook.com (2a03:2880:f330:95:face:b00c:0:2) port 443
* using HTTP/2
* [HTTP/2] [1] OPENED stream for https://graph.facebook.com/v20.0/1678719472762199/events
* [HTTP/2] [1] [:method: POST]
* [HTTP/2] [1] [:scheme: https]
* [HTTP/2] [1] [:authority: graph.facebook.com]
* [HTTP/2] [1] [:path: /v20.0/1678719472762199/events]
* [HTTP/2] [1] [accept: */*]
* [HTTP/2] [1] [content-type: application/json]
* [HTTP/2] [1] [authorization: Bearer EAAmh7hEmLboBO9Rns15MKACUggWffTpcsWwfpP8GKh2P8BXLAtglXldZA3Dc6HdSu8bvZAGR4Cx33k4vaAW3nOpttncIF7fqXMnyZB5aF6ZAmd7MoDRQxt9ATYrkQtPIsGgFuNbZCwZCy2ZAqm1zlBHVErQMFIQr5Tv3roOwCsnbOYqIJ3TJBMNffhRn2ZCocbfHOwZDZD]
* [HTTP/2] [1] [content-length: 517]
> POST /v20.0/1678719472762199/events HTTP/2
Host: graph.facebook.com
Accept: */*
Content-Type: application/json
Authorization: Bearer EAAmh7hEmLboBO9Rns15MKACUggWffTpcsWwfpP8GKh2P8BXLAtglXldZA3Dc6HdSu8bvZAGR4Cx33k4vaAW3nOpttncIF7fqXMnyZB5aF6ZAmd7MoDRQxt9ATYrkQtPIsGgFuNbZCwZCy2ZAqm1zlBHVErQMFIQr5Tv3roOwCsnbOYqIJ3TJBMNffhRn2ZCocbfHOwZDZD
Content-Length: 517

* upload completely sent off: 517 bytes
< HTTP/2 200 
< content-type: application/json; charset=UTF-8
< vary: Origin
< vary: Accept-Encoding
< x-ad-api-version-warning: You are calling a deprecated version of the Ads API.
< cross-origin-resource-policy: cross-origin
< x-app-usage: {"call_count":0,"total_cputime":0,"total_time":0}
< access-control-allow-origin: *
< facebook-api-version: v20.0
< strict-transport-security: max-age=15552000; preload
< pragma: no-cache
< cache-control: private, no-cache, no-store, must-revalidate
< expires: Sat, 01 Jan 2000 00:00:00 GMT
< x-fb-request-id: A5TYr-ezM6z7IyDtSRW8XbP
< x-fb-trace-id: EWPqgnwazIY
< x-fb-rev: 1023023599
< x-fb-debug: e/wvxPYcxRXsqSO4+6MWsDWWIItxoy/aOrXhw94aTDHigwezFt5k3irY5eJKpPJmMOn+CjIGFBXu+9cxpU+iIA==
< content-length: 74
< date: Tue, 20 May 2025 21:13:23 GMT
< x-fb-connection-quality: EXCELLENT; q=0.9, rtt=13, rtx=0, c=10, mss=1380, tbw=3532, tp=-1, tpl=-1, uplat=603, ullat=0
< alt-svc: h3=":443"; ma=86400
< 
* Connection #0 to host graph.facebook.com left intact


[2025-05-20 21:13:29] New request
* Host graph.facebook.com:443 was resolved.
* IPv6: 2a03:2880:f330:95:face:b00c:0:2
* IPv4: 57.144.110.141
*   Trying [2a03:2880:f330:95:face:b00c:0:2]:443...
* ALPN: curl offers h2,http/1.1
*  CAfile: /etc/pki/tls/certs/ca-bundle.crt
*  CApath: none
* SSL connection using TLSv1.3 / TLS_CHACHA20_POLY1305_SHA256 / [blank] / UNDEF
* ALPN: server accepted h2
* Server certificate:
*  subject: C=US; ST=California; L=Menlo Park; O=Meta Platforms, Inc.; CN=*.facebook.com
*  start date: Feb 27 00:00:00 2025 GMT
*  expire date: May 28 23:59:59 2025 GMT
*  subjectAltName: host "graph.facebook.com" matched cert's "*.facebook.com"
*  issuer: C=US; O=DigiCert Inc; OU=www.digicert.com; CN=DigiCert SHA2 High Assurance Server CA
*  SSL certificate verify ok.
*   Certificate level 0: Public key type ? (256/128 Bits/secBits), signed using sha256WithRSAEncryption
*   Certificate level 1: Public key type ? (2048/112 Bits/secBits), signed using sha256WithRSAEncryption
*   Certificate level 2: Public key type ? (2048/112 Bits/secBits), signed using sha1WithRSAEncryption
* Connected to graph.facebook.com (2a03:2880:f330:95:face:b00c:0:2) port 443
* using HTTP/2
* [HTTP/2] [1] OPENED stream for https://graph.facebook.com/v20.0/1678719472762199/events
* [HTTP/2] [1] [:method: POST]
* [HTTP/2] [1] [:scheme: https]
* [HTTP/2] [1] [:authority: graph.facebook.com]
* [HTTP/2] [1] [:path: /v20.0/1678719472762199/events]
* [HTTP/2] [1] [accept: */*]
* [HTTP/2] [1] [content-type: application/json]
* [HTTP/2] [1] [authorization: Bearer EAAmh7hEmLboBO9Rns15MKACUggWffTpcsWwfpP8GKh2P8BXLAtglXldZA3Dc6HdSu8bvZAGR4Cx33k4vaAW3nOpttncIF7fqXMnyZB5aF6ZAmd7MoDRQxt9ATYrkQtPIsGgFuNbZCwZCy2ZAqm1zlBHVErQMFIQr5Tv3roOwCsnbOYqIJ3TJBMNffhRn2ZCocbfHOwZDZD]
* [HTTP/2] [1] [content-length: 517]
> POST /v20.0/1678719472762199/events HTTP/2
Host: graph.facebook.com
Accept: */*
Content-Type: application/json
Authorization: Bearer EAAmh7hEmLboBO9Rns15MKACUggWffTpcsWwfpP8GKh2P8BXLAtglXldZA3Dc6HdSu8bvZAGR4Cx33k4vaAW3nOpttncIF7fqXMnyZB5aF6ZAmd7MoDRQxt9ATYrkQtPIsGgFuNbZCwZCy2ZAqm1zlBHVErQMFIQr5Tv3roOwCsnbOYqIJ3TJBMNffhRn2ZCocbfHOwZDZD
Content-Length: 517

* upload completely sent off: 517 bytes
< HTTP/2 200 
< content-type: application/json; charset=UTF-8
< vary: Origin
< vary: Accept-Encoding
< x-ad-api-version-warning: You are calling a deprecated version of the Ads API.
< cross-origin-resource-policy: cross-origin
< x-app-usage: {"call_count":0,"total_cputime":0,"total_time":0}
< access-control-allow-origin: *
< facebook-api-version: v20.0
< strict-transport-security: max-age=15552000; preload
< pragma: no-cache
< cache-control: private, no-cache, no-store, must-revalidate
< expires: Sat, 01 Jan 2000 00:00:00 GMT
< x-fb-request-id: AtPFvdRSCYnXKu7TuzRaXTg
< x-fb-trace-id: DOI6f7NomAJ
< x-fb-rev: 1023023599
< x-fb-debug: e7FkuFOKmTilnjjLNEaY15UeQLokpsEQH151w4qGmJyLLbOxLYXzG5IzLlEv5TRYVlJnnUiObpYqp16RZbJtoQ==
< content-length: 74
< date: Tue, 20 May 2025 21:13:29 GMT
< x-fb-connection-quality: EXCELLENT; q=0.9, rtt=8, rtx=0, c=10, mss=1380, tbw=3534, tp=-1, tpl=-1, uplat=637, ullat=0
< alt-svc: h3=":443"; ma=86400
< 
* Connection #0 to host graph.facebook.com left intact


[2025-05-20 21:13:33] New request
* Host graph.facebook.com:443 was resolved.
* IPv6: 2a03:2880:f330:95:face:b00c:0:2
* IPv4: 57.144.110.141
*   Trying [2a03:2880:f330:95:face:b00c:0:2]:443...
* ALPN: curl offers h2,http/1.1
*  CAfile: /etc/pki/tls/certs/ca-bundle.crt
*  CApath: none
* SSL connection using TLSv1.3 / TLS_CHACHA20_POLY1305_SHA256 / [blank] / UNDEF
* ALPN: server accepted h2
* Server certificate:
*  subject: C=US; ST=California; L=Menlo Park; O=Meta Platforms, Inc.; CN=*.facebook.com
*  start date: Feb 27 00:00:00 2025 GMT
*  expire date: May 28 23:59:59 2025 GMT
*  subjectAltName: host "graph.facebook.com" matched cert's "*.facebook.com"
*  issuer: C=US; O=DigiCert Inc; OU=www.digicert.com; CN=DigiCert SHA2 High Assurance Server CA
*  SSL certificate verify ok.
*   Certificate level 0: Public key type ? (256/128 Bits/secBits), signed using sha256WithRSAEncryption
*   Certificate level 1: Public key type ? (2048/112 Bits/secBits), signed using sha256WithRSAEncryption
*   Certificate level 2: Public key type ? (2048/112 Bits/secBits), signed using sha1WithRSAEncryption
* Connected to graph.facebook.com (2a03:2880:f330:95:face:b00c:0:2) port 443
* using HTTP/2
* [HTTP/2] [1] OPENED stream for https://graph.facebook.com/v20.0/1678719472762199/events
* [HTTP/2] [1] [:method: POST]
* [HTTP/2] [1] [:scheme: https]
* [HTTP/2] [1] [:authority: graph.facebook.com]
* [HTTP/2] [1] [:path: /v20.0/1678719472762199/events]
* [HTTP/2] [1] [accept: */*]
* [HTTP/2] [1] [content-type: application/json]
* [HTTP/2] [1] [authorization: Bearer EAAmh7hEmLboBO9Rns15MKACUggWffTpcsWwfpP8GKh2P8BXLAtglXldZA3Dc6HdSu8bvZAGR4Cx33k4vaAW3nOpttncIF7fqXMnyZB5aF6ZAmd7MoDRQxt9ATYrkQtPIsGgFuNbZCwZCy2ZAqm1zlBHVErQMFIQr5Tv3roOwCsnbOYqIJ3TJBMNffhRn2ZCocbfHOwZDZD]
* [HTTP/2] [1] [content-length: 517]
> POST /v20.0/1678719472762199/events HTTP/2
Host: graph.facebook.com
Accept: */*
Content-Type: application/json
Authorization: Bearer EAAmh7hEmLboBO9Rns15MKACUggWffTpcsWwfpP8GKh2P8BXLAtglXldZA3Dc6HdSu8bvZAGR4Cx33k4vaAW3nOpttncIF7fqXMnyZB5aF6ZAmd7MoDRQxt9ATYrkQtPIsGgFuNbZCwZCy2ZAqm1zlBHVErQMFIQr5Tv3roOwCsnbOYqIJ3TJBMNffhRn2ZCocbfHOwZDZD
Content-Length: 517

* upload completely sent off: 517 bytes
< HTTP/2 200 
< content-type: application/json; charset=UTF-8
< vary: Origin
< vary: Accept-Encoding
< x-ad-api-version-warning: You are calling a deprecated version of the Ads API.
< cross-origin-resource-policy: cross-origin
< x-app-usage: {"call_count":0,"total_cputime":0,"total_time":0}
< access-control-allow-origin: *
< facebook-api-version: v20.0
< strict-transport-security: max-age=15552000; preload
< pragma: no-cache
< cache-control: private, no-cache, no-store, must-revalidate
< expires: Sat, 01 Jan 2000 00:00:00 GMT
< x-fb-request-id: AwIFxhFC9MfIMEP5VFJ5OJB
< x-fb-trace-id: HmCvtjsK9Ic
< x-fb-rev: 1023023599
< x-fb-debug: n1NFRX7aAMVwVqKy/p3uHt2ChUbjQB2QKJ1uxw2AMpWTu0VgcnxDKHhtE7miDCG7S2Fe58UtzqFgBqAMZuZVNQ==
< content-length: 74
< date: Tue, 20 May 2025 21:13:34 GMT
< x-fb-connection-quality: EXCELLENT; q=0.9, rtt=13, rtx=0, c=10, mss=1380, tbw=3532, tp=-1, tpl=-1, uplat=520, ullat=0
< alt-svc: h3=":443"; ma=86400
< 
* Connection #0 to host graph.facebook.com left intact


[2025-05-20 21:13:45] New request
* Host graph.facebook.com:443 was resolved.
* IPv6: 2a03:2880:f330:95:face:b00c:0:2
* IPv4: 57.144.110.141
*   Trying [2a03:2880:f330:95:face:b00c:0:2]:443...
* ALPN: curl offers h2,http/1.1
*  CAfile: /etc/pki/tls/certs/ca-bundle.crt
*  CApath: none
* SSL connection using TLSv1.3 / TLS_CHACHA20_POLY1305_SHA256 / [blank] / UNDEF
* ALPN: server accepted h2
* Server certificate:
*  subject: C=US; ST=California; L=Menlo Park; O=Meta Platforms, Inc.; CN=*.facebook.com
*  start date: Feb 27 00:00:00 2025 GMT
*  expire date: May 28 23:59:59 2025 GMT
*  subjectAltName: host "graph.facebook.com" matched cert's "*.facebook.com"
*  issuer: C=US; O=DigiCert Inc; OU=www.digicert.com; CN=DigiCert SHA2 High Assurance Server CA
*  SSL certificate verify ok.
*   Certificate level 0: Public key type ? (256/128 Bits/secBits), signed using sha256WithRSAEncryption
*   Certificate level 1: Public key type ? (2048/112 Bits/secBits), signed using sha256WithRSAEncryption
*   Certificate level 2: Public key type ? (2048/112 Bits/secBits), signed using sha1WithRSAEncryption
* Connected to graph.facebook.com (2a03:2880:f330:95:face:b00c:0:2) port 443
* using HTTP/2
* [HTTP/2] [1] OPENED stream for https://graph.facebook.com/v20.0/1678719472762199/events
* [HTTP/2] [1] [:method: POST]
* [HTTP/2] [1] [:scheme: https]
* [HTTP/2] [1] [:authority: graph.facebook.com]
* [HTTP/2] [1] [:path: /v20.0/1678719472762199/events]
* [HTTP/2] [1] [accept: */*]
* [HTTP/2] [1] [content-type: application/json]
* [HTTP/2] [1] [authorization: Bearer EAAmh7hEmLboBO9Rns15MKACUggWffTpcsWwfpP8GKh2P8BXLAtglXldZA3Dc6HdSu8bvZAGR4Cx33k4vaAW3nOpttncIF7fqXMnyZB5aF6ZAmd7MoDRQxt9ATYrkQtPIsGgFuNbZCwZCy2ZAqm1zlBHVErQMFIQr5Tv3roOwCsnbOYqIJ3TJBMNffhRn2ZCocbfHOwZDZD]
* [HTTP/2] [1] [content-length: 505]
> POST /v20.0/1678719472762199/events HTTP/2
Host: graph.facebook.com
Accept: */*
Content-Type: application/json
Authorization: Bearer EAAmh7hEmLboBO9Rns15MKACUggWffTpcsWwfpP8GKh2P8BXLAtglXldZA3Dc6HdSu8bvZAGR4Cx33k4vaAW3nOpttncIF7fqXMnyZB5aF6ZAmd7MoDRQxt9ATYrkQtPIsGgFuNbZCwZCy2ZAqm1zlBHVErQMFIQr5Tv3roOwCsnbOYqIJ3TJBMNffhRn2ZCocbfHOwZDZD
Content-Length: 505

* upload completely sent off: 505 bytes
< HTTP/2 200 
< content-type: application/json; charset=UTF-8
< vary: Origin
< vary: Accept-Encoding
< x-ad-api-version-warning: You are calling a deprecated version of the Ads API.
< cross-origin-resource-policy: cross-origin
< x-app-usage: {"call_count":0,"total_cputime":0,"total_time":0}
< access-control-allow-origin: *
< facebook-api-version: v20.0
< strict-transport-security: max-age=15552000; preload
< pragma: no-cache
< cache-control: private, no-cache, no-store, must-revalidate
< expires: Sat, 01 Jan 2000 00:00:00 GMT
< x-fb-request-id: AlvnBHITGJRwCyj3bZa46Om
< x-fb-trace-id: DUxAlFsibRH
< x-fb-rev: 1023023599
< x-fb-debug: fz3MCYW4E/KXBM7eOobgYMgbGKAxB0plxF/BIohrjl3JwKVtBM2vtW3Tfyuf5v9NGrI6lWhZyRAabAQsEu819Q==
< content-length: 74
< date: Tue, 20 May 2025 21:13:46 GMT
< x-fb-connection-quality: EXCELLENT; q=0.9, rtt=8, rtx=0, c=10, mss=1380, tbw=3533, tp=-1, tpl=-1, uplat=182, ullat=0
< alt-svc: h3=":443"; ma=86400
< 
* Connection #0 to host graph.facebook.com left intact


[2025-05-20 21:14:12] New request
* Host graph.facebook.com:443 was resolved.
* IPv6: 2a03:2880:f330:95:face:b00c:0:2
* IPv4: 57.144.110.141
*   Trying [2a03:2880:f330:95:face:b00c:0:2]:443...
* ALPN: curl offers h2,http/1.1
*  CAfile: /etc/pki/tls/certs/ca-bundle.crt
*  CApath: none
* SSL connection using TLSv1.3 / TLS_CHACHA20_POLY1305_SHA256 / [blank] / UNDEF
* ALPN: server accepted h2
* Server certificate:
*  subject: C=US; ST=California; L=Menlo Park; O=Meta Platforms, Inc.; CN=*.facebook.com
*  start date: Feb 27 00:00:00 2025 GMT
*  expire date: May 28 23:59:59 2025 GMT
*  subjectAltName: host "graph.facebook.com" matched cert's "*.facebook.com"
*  issuer: C=US; O=DigiCert Inc; OU=www.digicert.com; CN=DigiCert SHA2 High Assurance Server CA
*  SSL certificate verify ok.
*   Certificate level 0: Public key type ? (256/128 Bits/secBits), signed using sha256WithRSAEncryption
*   Certificate level 1: Public key type ? (2048/112 Bits/secBits), signed using sha256WithRSAEncryption
*   Certificate level 2: Public key type ? (2048/112 Bits/secBits), signed using sha1WithRSAEncryption
* Connected to graph.facebook.com (2a03:2880:f330:95:face:b00c:0:2) port 443
* using HTTP/2
* [HTTP/2] [1] OPENED stream for https://graph.facebook.com/v20.0/1678719472762199/events
* [HTTP/2] [1] [:method: POST]
* [HTTP/2] [1] [:scheme: https]
* [HTTP/2] [1] [:authority: graph.facebook.com]
* [HTTP/2] [1] [:path: /v20.0/1678719472762199/events]
* [HTTP/2] [1] [accept: */*]
* [HTTP/2] [1] [content-type: application/json]
* [HTTP/2] [1] [authorization: Bearer EAAmh7hEmLboBO9Rns15MKACUggWffTpcsWwfpP8GKh2P8BXLAtglXldZA3Dc6HdSu8bvZAGR4Cx33k4vaAW3nOpttncIF7fqXMnyZB5aF6ZAmd7MoDRQxt9ATYrkQtPIsGgFuNbZCwZCy2ZAqm1zlBHVErQMFIQr5Tv3roOwCsnbOYqIJ3TJBMNffhRn2ZCocbfHOwZDZD]
* [HTTP/2] [1] [content-length: 517]
> POST /v20.0/1678719472762199/events HTTP/2
Host: graph.facebook.com
Accept: */*
Content-Type: application/json
Authorization: Bearer EAAmh7hEmLboBO9Rns15MKACUggWffTpcsWwfpP8GKh2P8BXLAtglXldZA3Dc6HdSu8bvZAGR4Cx33k4vaAW3nOpttncIF7fqXMnyZB5aF6ZAmd7MoDRQxt9ATYrkQtPIsGgFuNbZCwZCy2ZAqm1zlBHVErQMFIQr5Tv3roOwCsnbOYqIJ3TJBMNffhRn2ZCocbfHOwZDZD
Content-Length: 517

* upload completely sent off: 517 bytes
< HTTP/2 200 
< content-type: application/json; charset=UTF-8
< vary: Origin
< vary: Accept-Encoding
< x-ad-api-version-warning: You are calling a deprecated version of the Ads API.
< cross-origin-resource-policy: cross-origin
< x-app-usage: {"call_count":0,"total_cputime":0,"total_time":0}
< access-control-allow-origin: *
< facebook-api-version: v20.0
< strict-transport-security: max-age=15552000; preload
< pragma: no-cache
< cache-control: private, no-cache, no-store, must-revalidate
< expires: Sat, 01 Jan 2000 00:00:00 GMT
< x-fb-request-id: AefYlKcg7foVTD3FUSjdEkF
< x-fb-trace-id: DgNBe/apysH
< x-fb-rev: 1023023599
< x-fb-debug: yDyrtTsfYNUZVeYGtZhI0O/GWQOQFoI3y2Z3HkxWmY+WvFfn60lvvcaRxaV6yEoEKAf7+qioIATbe3VXP6gGPw==
< content-length: 74
< date: Tue, 20 May 2025 21:14:12 GMT
< x-fb-connection-quality: EXCELLENT; q=0.9, rtt=8, rtx=0, c=10, mss=1380, tbw=3532, tp=-1, tpl=-1, uplat=452, ullat=0
< alt-svc: h3=":443"; ma=86400
< 
* Connection #0 to host graph.facebook.com left intact


[2025-05-20 21:14:21] New request
* Host graph.facebook.com:443 was resolved.
* IPv6: 2a03:2880:f32e:90:face:b00c:0:2
* IPv4: 57.144.112.141
*   Trying [2a03:2880:f32e:90:face:b00c:0:2]:443...
* ALPN: curl offers h2,http/1.1
*  CAfile: /etc/pki/tls/certs/ca-bundle.crt
*  CApath: none
* SSL connection using TLSv1.3 / TLS_CHACHA20_POLY1305_SHA256 / [blank] / UNDEF
* ALPN: server accepted h2
* Server certificate:
*  subject: C=US; ST=California; L=Menlo Park; O=Meta Platforms, Inc.; CN=*.facebook.com
*  start date: Feb 27 00:00:00 2025 GMT
*  expire date: May 28 23:59:59 2025 GMT
*  subjectAltName: host "graph.facebook.com" matched cert's "*.facebook.com"
*  issuer: C=US; O=DigiCert Inc; OU=www.digicert.com; CN=DigiCert SHA2 High Assurance Server CA
*  SSL certificate verify ok.
*   Certificate level 0: Public key type ? (256/128 Bits/secBits), signed using sha256WithRSAEncryption
*   Certificate level 1: Public key type ? (2048/112 Bits/secBits), signed using sha256WithRSAEncryption
*   Certificate level 2: Public key type ? (2048/112 Bits/secBits), signed using sha1WithRSAEncryption
* Connected to graph.facebook.com (2a03:2880:f32e:90:face:b00c:0:2) port 443
* using HTTP/2
* [HTTP/2] [1] OPENED stream for https://graph.facebook.com/v20.0/1678719472762199/events
* [HTTP/2] [1] [:method: POST]
* [HTTP/2] [1] [:scheme: https]
* [HTTP/2] [1] [:authority: graph.facebook.com]
* [HTTP/2] [1] [:path: /v20.0/1678719472762199/events]
* [HTTP/2] [1] [accept: */*]
* [HTTP/2] [1] [content-type: application/json]
* [HTTP/2] [1] [authorization: Bearer EAAmh7hEmLboBO9Rns15MKACUggWffTpcsWwfpP8GKh2P8BXLAtglXldZA3Dc6HdSu8bvZAGR4Cx33k4vaAW3nOpttncIF7fqXMnyZB5aF6ZAmd7MoDRQxt9ATYrkQtPIsGgFuNbZCwZCy2ZAqm1zlBHVErQMFIQr5Tv3roOwCsnbOYqIJ3TJBMNffhRn2ZCocbfHOwZDZD]
* [HTTP/2] [1] [content-length: 545]
> POST /v20.0/1678719472762199/events HTTP/2
Host: graph.facebook.com
Accept: */*
Content-Type: application/json
Authorization: Bearer EAAmh7hEmLboBO9Rns15MKACUggWffTpcsWwfpP8GKh2P8BXLAtglXldZA3Dc6HdSu8bvZAGR4Cx33k4vaAW3nOpttncIF7fqXMnyZB5aF6ZAmd7MoDRQxt9ATYrkQtPIsGgFuNbZCwZCy2ZAqm1zlBHVErQMFIQr5Tv3roOwCsnbOYqIJ3TJBMNffhRn2ZCocbfHOwZDZD
Content-Length: 545

* upload completely sent off: 545 bytes
< HTTP/2 200 
< content-type: application/json; charset=UTF-8
< vary: Origin
< vary: Accept-Encoding
< x-ad-api-version-warning: You are calling a deprecated version of the Ads API.
< cross-origin-resource-policy: cross-origin
< x-app-usage: {"call_count":0,"total_cputime":0,"total_time":0}
< access-control-allow-origin: *
< facebook-api-version: v20.0
< strict-transport-security: max-age=15552000; preload
< pragma: no-cache
< cache-control: private, no-cache, no-store, must-revalidate
< expires: Sat, 01 Jan 2000 00:00:00 GMT
< x-fb-request-id: Au_5odUeIRLA-nqcRterEyh
< x-fb-trace-id: EKRjSEhSPpn
< x-fb-rev: 1023023599
< x-fb-debug: GbIaSTf3SjL5W1vSET2kc7R+uIXAXAp46pyrN4Gv10QOfOUqyPs+Lx/M+c6VrOHUQHTNc8pLWearfZGdEwg9iQ==
< content-length: 74
< date: Tue, 20 May 2025 21:14:21 GMT
< x-fb-connection-quality: EXCELLENT; q=0.9, rtt=8, rtx=0, c=10, mss=1380, tbw=3533, tp=-1, tpl=-1, uplat=412, ullat=0
< alt-svc: h3=":443"; ma=86400
< 
* Connection #0 to host graph.facebook.com left intact


[2025-05-20 21:14:24] New request
* Host graph.facebook.com:443 was resolved.
* IPv6: 2a03:2880:f32e:90:face:b00c:0:2
* IPv4: 57.144.112.141
*   Trying [2a03:2880:f32e:90:face:b00c:0:2]:443...
* ALPN: curl offers h2,http/1.1
*  CAfile: /etc/pki/tls/certs/ca-bundle.crt
*  CApath: none
* SSL connection using TLSv1.3 / TLS_CHACHA20_POLY1305_SHA256 / [blank] / UNDEF
* ALPN: server accepted h2
* Server certificate:
*  subject: C=US; ST=California; L=Menlo Park; O=Meta Platforms, Inc.; CN=*.facebook.com
*  start date: Feb 27 00:00:00 2025 GMT
*  expire date: May 28 23:59:59 2025 GMT
*  subjectAltName: host "graph.facebook.com" matched cert's "*.facebook.com"
*  issuer: C=US; O=DigiCert Inc; OU=www.digicert.com; CN=DigiCert SHA2 High Assurance Server CA
*  SSL certificate verify ok.
*   Certificate level 0: Public key type ? (256/128 Bits/secBits), signed using sha256WithRSAEncryption
*   Certificate level 1: Public key type ? (2048/112 Bits/secBits), signed using sha256WithRSAEncryption
*   Certificate level 2: Public key type ? (2048/112 Bits/secBits), signed using sha1WithRSAEncryption
* Connected to graph.facebook.com (2a03:2880:f32e:90:face:b00c:0:2) port 443
* using HTTP/2
* [HTTP/2] [1] OPENED stream for https://graph.facebook.com/v20.0/1678719472762199/events
* [HTTP/2] [1] [:method: POST]
* [HTTP/2] [1] [:scheme: https]
* [HTTP/2] [1] [:authority: graph.facebook.com]
* [HTTP/2] [1] [:path: /v20.0/1678719472762199/events]
* [HTTP/2] [1] [accept: */*]
* [HTTP/2] [1] [content-type: application/json]
* [HTTP/2] [1] [authorization: Bearer EAAmh7hEmLboBO9Rns15MKACUggWffTpcsWwfpP8GKh2P8BXLAtglXldZA3Dc6HdSu8bvZAGR4Cx33k4vaAW3nOpttncIF7fqXMnyZB5aF6ZAmd7MoDRQxt9ATYrkQtPIsGgFuNbZCwZCy2ZAqm1zlBHVErQMFIQr5Tv3roOwCsnbOYqIJ3TJBMNffhRn2ZCocbfHOwZDZD]
* [HTTP/2] [1] [content-length: 545]
> POST /v20.0/1678719472762199/events HTTP/2
Host: graph.facebook.com
Accept: */*
Content-Type: application/json
Authorization: Bearer EAAmh7hEmLboBO9Rns15MKACUggWffTpcsWwfpP8GKh2P8BXLAtglXldZA3Dc6HdSu8bvZAGR4Cx33k4vaAW3nOpttncIF7fqXMnyZB5aF6ZAmd7MoDRQxt9ATYrkQtPIsGgFuNbZCwZCy2ZAqm1zlBHVErQMFIQr5Tv3roOwCsnbOYqIJ3TJBMNffhRn2ZCocbfHOwZDZD
Content-Length: 545

* upload completely sent off: 545 bytes
< HTTP/2 200 
< content-type: application/json; charset=UTF-8
< vary: Origin
< vary: Accept-Encoding
< x-ad-api-version-warning: You are calling a deprecated version of the Ads API.
< cross-origin-resource-policy: cross-origin
< x-app-usage: {"call_count":0,"total_cputime":0,"total_time":0}
< access-control-allow-origin: *
< facebook-api-version: v20.0
< strict-transport-security: max-age=15552000; preload
< pragma: no-cache
< cache-control: private, no-cache, no-store, must-revalidate
< expires: Sat, 01 Jan 2000 00:00:00 GMT
< x-fb-request-id: APhRWq3IRorLWyISitocvET
< x-fb-trace-id: GllSLwRItu1
< x-fb-rev: 1023023599
< x-fb-debug: Wns49MBxL5IdZ+aUx2KXOfRFBdZJR8wRda5bd8pkseL3wn33SLiueQI5gGhaRW3e17qZb+sS5s3D2W5dMjmiLA==
< content-length: 74
< date: Tue, 20 May 2025 21:14:24 GMT
< x-fb-connection-quality: EXCELLENT; q=0.9, rtt=8, rtx=0, c=10, mss=1380, tbw=3533, tp=-1, tpl=-1, uplat=409, ullat=0
< alt-svc: h3=":443"; ma=86400
< 
* Connection #0 to host graph.facebook.com left intact


[2025-05-20 21:14:27] New request
* Host graph.facebook.com:443 was resolved.
* IPv6: 2a03:2880:f32e:90:face:b00c:0:2
* IPv4: 57.144.112.141
*   Trying [2a03:2880:f32e:90:face:b00c:0:2]:443...
* ALPN: curl offers h2,http/1.1
*  CAfile: /etc/pki/tls/certs/ca-bundle.crt
*  CApath: none
* SSL connection using TLSv1.3 / TLS_CHACHA20_POLY1305_SHA256 / [blank] / UNDEF
* ALPN: server accepted h2
* Server certificate:
*  subject: C=US; ST=California; L=Menlo Park; O=Meta Platforms, Inc.; CN=*.facebook.com
*  start date: Feb 27 00:00:00 2025 GMT
*  expire date: May 28 23:59:59 2025 GMT
*  subjectAltName: host "graph.facebook.com" matched cert's "*.facebook.com"
*  issuer: C=US; O=DigiCert Inc; OU=www.digicert.com; CN=DigiCert SHA2 High Assurance Server CA
*  SSL certificate verify ok.
*   Certificate level 0: Public key type ? (256/128 Bits/secBits), signed using sha256WithRSAEncryption
*   Certificate level 1: Public key type ? (2048/112 Bits/secBits), signed using sha256WithRSAEncryption
*   Certificate level 2: Public key type ? (2048/112 Bits/secBits), signed using sha1WithRSAEncryption
* Connected to graph.facebook.com (2a03:2880:f32e:90:face:b00c:0:2) port 443
* using HTTP/2
* [HTTP/2] [1] OPENED stream for https://graph.facebook.com/v20.0/1678719472762199/events
* [HTTP/2] [1] [:method: POST]
* [HTTP/2] [1] [:scheme: https]
* [HTTP/2] [1] [:authority: graph.facebook.com]
* [HTTP/2] [1] [:path: /v20.0/1678719472762199/events]
* [HTTP/2] [1] [accept: */*]
* [HTTP/2] [1] [content-type: application/json]
* [HTTP/2] [1] [authorization: Bearer EAAmh7hEmLboBO9Rns15MKACUggWffTpcsWwfpP8GKh2P8BXLAtglXldZA3Dc6HdSu8bvZAGR4Cx33k4vaAW3nOpttncIF7fqXMnyZB5aF6ZAmd7MoDRQxt9ATYrkQtPIsGgFuNbZCwZCy2ZAqm1zlBHVErQMFIQr5Tv3roOwCsnbOYqIJ3TJBMNffhRn2ZCocbfHOwZDZD]
* [HTTP/2] [1] [content-length: 545]
> POST /v20.0/1678719472762199/events HTTP/2
Host: graph.facebook.com
Accept: */*
Content-Type: application/json
Authorization: Bearer EAAmh7hEmLboBO9Rns15MKACUggWffTpcsWwfpP8GKh2P8BXLAtglXldZA3Dc6HdSu8bvZAGR4Cx33k4vaAW3nOpttncIF7fqXMnyZB5aF6ZAmd7MoDRQxt9ATYrkQtPIsGgFuNbZCwZCy2ZAqm1zlBHVErQMFIQr5Tv3roOwCsnbOYqIJ3TJBMNffhRn2ZCocbfHOwZDZD
Content-Length: 545

* upload completely sent off: 545 bytes
< HTTP/2 200 
< content-type: application/json; charset=UTF-8
< vary: Origin
< vary: Accept-Encoding
< x-ad-api-version-warning: You are calling a deprecated version of the Ads API.
< cross-origin-resource-policy: cross-origin
< x-app-usage: {"call_count":0,"total_cputime":0,"total_time":0}
< access-control-allow-origin: *
< facebook-api-version: v20.0
< strict-transport-security: max-age=15552000; preload
< pragma: no-cache
< cache-control: private, no-cache, no-store, must-revalidate
< expires: Sat, 01 Jan 2000 00:00:00 GMT
< x-fb-request-id: A9_BVp5v4wJVD-8WW5O8RRt
< x-fb-trace-id: Dy2UJ/WHq31
< x-fb-rev: 1023023599
< x-fb-debug: D/otBWd9abr4MfjfyvA6k45B+ssRiGefyq2sSS3sN4e+zEv8Ks/SniML1qYt9ncb9JHO656bmnY1nctY9WNOEQ==
< content-length: 74
< date: Tue, 20 May 2025 21:14:28 GMT
< x-fb-connection-quality: EXCELLENT; q=0.9, rtt=13, rtx=0, c=10, mss=1380, tbw=3532, tp=-1, tpl=-1, uplat=765, ullat=0
< alt-svc: h3=":443"; ma=86400
< 
* Connection #0 to host graph.facebook.com left intact


[2025-05-20 21:14:30] New request
* Host graph.facebook.com:443 was resolved.
* IPv6: 2a03:2880:f32e:90:face:b00c:0:2
* IPv4: 57.144.112.141
*   Trying [2a03:2880:f32e:90:face:b00c:0:2]:443...
* ALPN: curl offers h2,http/1.1
*  CAfile: /etc/pki/tls/certs/ca-bundle.crt
*  CApath: none
* SSL connection using TLSv1.3 / TLS_CHACHA20_POLY1305_SHA256 / [blank] / UNDEF
* ALPN: server accepted h2
* Server certificate:
*  subject: C=US; ST=California; L=Menlo Park; O=Meta Platforms, Inc.; CN=*.facebook.com
*  start date: Feb 27 00:00:00 2025 GMT
*  expire date: May 28 23:59:59 2025 GMT
*  subjectAltName: host "graph.facebook.com" matched cert's "*.facebook.com"
*  issuer: C=US; O=DigiCert Inc; OU=www.digicert.com; CN=DigiCert SHA2 High Assurance Server CA
*  SSL certificate verify ok.
*   Certificate level 0: Public key type ? (256/128 Bits/secBits), signed using sha256WithRSAEncryption
*   Certificate level 1: Public key type ? (2048/112 Bits/secBits), signed using sha256WithRSAEncryption
*   Certificate level 2: Public key type ? (2048/112 Bits/secBits), signed using sha1WithRSAEncryption
* Connected to graph.facebook.com (2a03:2880:f32e:90:face:b00c:0:2) port 443
* using HTTP/2
* [HTTP/2] [1] OPENED stream for https://graph.facebook.com/v20.0/1678719472762199/events
* [HTTP/2] [1] [:method: POST]
* [HTTP/2] [1] [:scheme: https]
* [HTTP/2] [1] [:authority: graph.facebook.com]
* [HTTP/2] [1] [:path: /v20.0/1678719472762199/events]
* [HTTP/2] [1] [accept: */*]
* [HTTP/2] [1] [content-type: application/json]
* [HTTP/2] [1] [authorization: Bearer EAAmh7hEmLboBO9Rns15MKACUggWffTpcsWwfpP8GKh2P8BXLAtglXldZA3Dc6HdSu8bvZAGR4Cx33k4vaAW3nOpttncIF7fqXMnyZB5aF6ZAmd7MoDRQxt9ATYrkQtPIsGgFuNbZCwZCy2ZAqm1zlBHVErQMFIQr5Tv3roOwCsnbOYqIJ3TJBMNffhRn2ZCocbfHOwZDZD]
* [HTTP/2] [1] [content-length: 545]
> POST /v20.0/1678719472762199/events HTTP/2
Host: graph.facebook.com
Accept: */*
Content-Type: application/json
Authorization: Bearer EAAmh7hEmLboBO9Rns15MKACUggWffTpcsWwfpP8GKh2P8BXLAtglXldZA3Dc6HdSu8bvZAGR4Cx33k4vaAW3nOpttncIF7fqXMnyZB5aF6ZAmd7MoDRQxt9ATYrkQtPIsGgFuNbZCwZCy2ZAqm1zlBHVErQMFIQr5Tv3roOwCsnbOYqIJ3TJBMNffhRn2ZCocbfHOwZDZD
Content-Length: 545

* upload completely sent off: 545 bytes
< HTTP/2 200 
< content-type: application/json; charset=UTF-8
< vary: Origin
< vary: Accept-Encoding
< x-ad-api-version-warning: You are calling a deprecated version of the Ads API.
< cross-origin-resource-policy: cross-origin
< x-app-usage: {"call_count":0,"total_cputime":0,"total_time":0}
< access-control-allow-origin: *
< facebook-api-version: v20.0
< strict-transport-security: max-age=15552000; preload
< pragma: no-cache
< cache-control: private, no-cache, no-store, must-revalidate
< expires: Sat, 01 Jan 2000 00:00:00 GMT
< x-fb-request-id: ArEiSpdeBFf0k_wbHEURX2u
< x-fb-trace-id: CbRXFCX2f0P
< x-fb-rev: 1023023599
< x-fb-debug: svol2xjc9K+ImFczf42bkSvesx3TS6jhNEN49UoxOK9dhACWQ7SrTd7yYmRkyqHDhv3bLgT+RysRjEsG4+L+UQ==
< content-length: 74
< date: Tue, 20 May 2025 21:14:31 GMT
< x-fb-connection-quality: EXCELLENT; q=0.9, rtt=8, rtx=0, c=10, mss=1380, tbw=3532, tp=-1, tpl=-1, uplat=824, ullat=0
< alt-svc: h3=":443"; ma=86400
< 
* Connection #0 to host graph.facebook.com left intact


[2025-05-20 21:14:36] New request
* Host graph.facebook.com:443 was resolved.
* IPv6: 2a03:2880:f32e:90:face:b00c:0:2
* IPv4: 57.144.112.141
*   Trying [2a03:2880:f32e:90:face:b00c:0:2]:443...
* ALPN: curl offers h2,http/1.1
*  CAfile: /etc/pki/tls/certs/ca-bundle.crt
*  CApath: none
* SSL connection using TLSv1.3 / TLS_CHACHA20_POLY1305_SHA256 / [blank] / UNDEF
* ALPN: server accepted h2
* Server certificate:
*  subject: C=US; ST=California; L=Menlo Park; O=Meta Platforms, Inc.; CN=*.facebook.com
*  start date: Feb 27 00:00:00 2025 GMT
*  expire date: May 28 23:59:59 2025 GMT
*  subjectAltName: host "graph.facebook.com" matched cert's "*.facebook.com"
*  issuer: C=US; O=DigiCert Inc; OU=www.digicert.com; CN=DigiCert SHA2 High Assurance Server CA
*  SSL certificate verify ok.
*   Certificate level 0: Public key type ? (256/128 Bits/secBits), signed using sha256WithRSAEncryption
*   Certificate level 1: Public key type ? (2048/112 Bits/secBits), signed using sha256WithRSAEncryption
*   Certificate level 2: Public key type ? (2048/112 Bits/secBits), signed using sha1WithRSAEncryption
* Connected to graph.facebook.com (2a03:2880:f32e:90:face:b00c:0:2) port 443
* using HTTP/2
* [HTTP/2] [1] OPENED stream for https://graph.facebook.com/v20.0/1678719472762199/events
* [HTTP/2] [1] [:method: POST]
* [HTTP/2] [1] [:scheme: https]
* [HTTP/2] [1] [:authority: graph.facebook.com]
* [HTTP/2] [1] [:path: /v20.0/1678719472762199/events]
* [HTTP/2] [1] [accept: */*]
* [HTTP/2] [1] [content-type: application/json]
* [HTTP/2] [1] [authorization: Bearer EAAmh7hEmLboBO9Rns15MKACUggWffTpcsWwfpP8GKh2P8BXLAtglXldZA3Dc6HdSu8bvZAGR4Cx33k4vaAW3nOpttncIF7fqXMnyZB5aF6ZAmd7MoDRQxt9ATYrkQtPIsGgFuNbZCwZCy2ZAqm1zlBHVErQMFIQr5Tv3roOwCsnbOYqIJ3TJBMNffhRn2ZCocbfHOwZDZD]
* [HTTP/2] [1] [content-length: 545]
> POST /v20.0/1678719472762199/events HTTP/2
Host: graph.facebook.com
Accept: */*
Content-Type: application/json
Authorization: Bearer EAAmh7hEmLboBO9Rns15MKACUggWffTpcsWwfpP8GKh2P8BXLAtglXldZA3Dc6HdSu8bvZAGR4Cx33k4vaAW3nOpttncIF7fqXMnyZB5aF6ZAmd7MoDRQxt9ATYrkQtPIsGgFuNbZCwZCy2ZAqm1zlBHVErQMFIQr5Tv3roOwCsnbOYqIJ3TJBMNffhRn2ZCocbfHOwZDZD
Content-Length: 545

* upload completely sent off: 545 bytes
< HTTP/2 200 
< content-type: application/json; charset=UTF-8
< vary: Origin
< vary: Accept-Encoding
< x-ad-api-version-warning: You are calling a deprecated version of the Ads API.
< cross-origin-resource-policy: cross-origin
< x-app-usage: {"call_count":0,"total_cputime":0,"total_time":0}
< access-control-allow-origin: *
< facebook-api-version: v20.0
< strict-transport-security: max-age=15552000; preload
< pragma: no-cache
< cache-control: private, no-cache, no-store, must-revalidate
< expires: Sat, 01 Jan 2000 00:00:00 GMT
< x-fb-request-id: AyJT__DePNnvbU9Fa044w_v
< x-fb-trace-id: BxvkkChe5E/
< x-fb-rev: 1023023599
< x-fb-debug: kqcoHf2uMIBsrs+XhFjHFQm+BRk2pCgyYgbHdatypBb+qEk1dfZ/ZbXMGXZr2nithXFrbFDwtNtwuuqoMRtMhg==
< content-length: 74
< date: Tue, 20 May 2025 21:14:36 GMT
< x-fb-connection-quality: EXCELLENT; q=0.9, rtt=8, rtx=0, c=10, mss=1380, tbw=3533, tp=-1, tpl=-1, uplat=515, ullat=0
< alt-svc: h3=":443"; ma=86400
< 
* Connection #0 to host graph.facebook.com left intact


[2025-05-20 21:14:48] New request
* Host graph.facebook.com:443 was resolved.
* IPv6: 2a03:2880:f32e:90:face:b00c:0:2
* IPv4: 57.144.112.141
*   Trying [2a03:2880:f32e:90:face:b00c:0:2]:443...
* ALPN: curl offers h2,http/1.1
*  CAfile: /etc/pki/tls/certs/ca-bundle.crt
*  CApath: none
* SSL connection using TLSv1.3 / TLS_CHACHA20_POLY1305_SHA256 / [blank] / UNDEF
* ALPN: server accepted h2
* Server certificate:
*  subject: C=US; ST=California; L=Menlo Park; O=Meta Platforms, Inc.; CN=*.facebook.com
*  start date: Feb 27 00:00:00 2025 GMT
*  expire date: May 28 23:59:59 2025 GMT
*  subjectAltName: host "graph.facebook.com" matched cert's "*.facebook.com"
*  issuer: C=US; O=DigiCert Inc; OU=www.digicert.com; CN=DigiCert SHA2 High Assurance Server CA
*  SSL certificate verify ok.
*   Certificate level 0: Public key type ? (256/128 Bits/secBits), signed using sha256WithRSAEncryption
*   Certificate level 1: Public key type ? (2048/112 Bits/secBits), signed using sha256WithRSAEncryption
*   Certificate level 2: Public key type ? (2048/112 Bits/secBits), signed using sha1WithRSAEncryption
* Connected to graph.facebook.com (2a03:2880:f32e:90:face:b00c:0:2) port 443
* using HTTP/2
* [HTTP/2] [1] OPENED stream for https://graph.facebook.com/v20.0/1678719472762199/events
* [HTTP/2] [1] [:method: POST]
* [HTTP/2] [1] [:scheme: https]
* [HTTP/2] [1] [:authority: graph.facebook.com]
* [HTTP/2] [1] [:path: /v20.0/1678719472762199/events]
* [HTTP/2] [1] [accept: */*]
* [HTTP/2] [1] [content-type: application/json]
* [HTTP/2] [1] [authorization: Bearer EAAmh7hEmLboBO9Rns15MKACUggWffTpcsWwfpP8GKh2P8BXLAtglXldZA3Dc6HdSu8bvZAGR4Cx33k4vaAW3nOpttncIF7fqXMnyZB5aF6ZAmd7MoDRQxt9ATYrkQtPIsGgFuNbZCwZCy2ZAqm1zlBHVErQMFIQr5Tv3roOwCsnbOYqIJ3TJBMNffhRn2ZCocbfHOwZDZD]
* [HTTP/2] [1] [content-length: 545]
> POST /v20.0/1678719472762199/events HTTP/2
Host: graph.facebook.com
Accept: */*
Content-Type: application/json
Authorization: Bearer EAAmh7hEmLboBO9Rns15MKACUggWffTpcsWwfpP8GKh2P8BXLAtglXldZA3Dc6HdSu8bvZAGR4Cx33k4vaAW3nOpttncIF7fqXMnyZB5aF6ZAmd7MoDRQxt9ATYrkQtPIsGgFuNbZCwZCy2ZAqm1zlBHVErQMFIQr5Tv3roOwCsnbOYqIJ3TJBMNffhRn2ZCocbfHOwZDZD
Content-Length: 545

* upload completely sent off: 545 bytes
< HTTP/2 200 
< content-type: application/json; charset=UTF-8
< vary: Origin
< vary: Accept-Encoding
< x-ad-api-version-warning: You are calling a deprecated version of the Ads API.
< cross-origin-resource-policy: cross-origin
< x-app-usage: {"call_count":0,"total_cputime":0,"total_time":0}
< access-control-allow-origin: *
< facebook-api-version: v20.0
< strict-transport-security: max-age=15552000; preload
< pragma: no-cache
< cache-control: private, no-cache, no-store, must-revalidate
< expires: Sat, 01 Jan 2000 00:00:00 GMT
< x-fb-request-id: ABSsa_72L3j7OVEZ8fxAE_U
< x-fb-trace-id: E4hKj/N9HoI
< x-fb-rev: 1023023599
< x-fb-debug: Fqcp/808SicI2AlUkWUgQtfacuiShqGnZeVGClL+fytS7aeaGw6eeAESCs7OH4AOHtKd1rwEyIU2l5XUEwQEgw==
< content-length: 74
< date: Tue, 20 May 2025 21:14:48 GMT
< x-fb-connection-quality: EXCELLENT; q=0.9, rtt=8, rtx=0, c=10, mss=1380, tbw=3534, tp=-1, tpl=-1, uplat=482, ullat=0
< alt-svc: h3=":443"; ma=86400
< 
* Connection #0 to host graph.facebook.com left intact


[2025-05-20 21:14:58] New request
* Host graph.facebook.com:443 was resolved.
* IPv6: 2a03:2880:f32e:90:face:b00c:0:2
* IPv4: 57.144.112.141
*   Trying [2a03:2880:f32e:90:face:b00c:0:2]:443...
* ALPN: curl offers h2,http/1.1
*  CAfile: /etc/pki/tls/certs/ca-bundle.crt
*  CApath: none
* SSL connection using TLSv1.3 / TLS_CHACHA20_POLY1305_SHA256 / [blank] / UNDEF
* ALPN: server accepted h2
* Server certificate:
*  subject: C=US; ST=California; L=Menlo Park; O=Meta Platforms, Inc.; CN=*.facebook.com
*  start date: Feb 27 00:00:00 2025 GMT
*  expire date: May 28 23:59:59 2025 GMT
*  subjectAltName: host "graph.facebook.com" matched cert's "*.facebook.com"
*  issuer: C=US; O=DigiCert Inc; OU=www.digicert.com; CN=DigiCert SHA2 High Assurance Server CA
*  SSL certificate verify ok.
*   Certificate level 0: Public key type ? (256/128 Bits/secBits), signed using sha256WithRSAEncryption
*   Certificate level 1: Public key type ? (2048/112 Bits/secBits), signed using sha256WithRSAEncryption
*   Certificate level 2: Public key type ? (2048/112 Bits/secBits), signed using sha1WithRSAEncryption
* Connected to graph.facebook.com (2a03:2880:f32e:90:face:b00c:0:2) port 443
* using HTTP/2
* [HTTP/2] [1] OPENED stream for https://graph.facebook.com/v20.0/1678719472762199/events
* [HTTP/2] [1] [:method: POST]
* [HTTP/2] [1] [:scheme: https]
* [HTTP/2] [1] [:authority: graph.facebook.com]
* [HTTP/2] [1] [:path: /v20.0/1678719472762199/events]
* [HTTP/2] [1] [accept: */*]
* [HTTP/2] [1] [content-type: application/json]
* [HTTP/2] [1] [authorization: Bearer EAAmh7hEmLboBO9Rns15MKACUggWffTpcsWwfpP8GKh2P8BXLAtglXldZA3Dc6HdSu8bvZAGR4Cx33k4vaAW3nOpttncIF7fqXMnyZB5aF6ZAmd7MoDRQxt9ATYrkQtPIsGgFuNbZCwZCy2ZAqm1zlBHVErQMFIQr5Tv3roOwCsnbOYqIJ3TJBMNffhRn2ZCocbfHOwZDZD]
* [HTTP/2] [1] [content-length: 545]
> POST /v20.0/1678719472762199/events HTTP/2
Host: graph.facebook.com
Accept: */*
Content-Type: application/json
Authorization: Bearer EAAmh7hEmLboBO9Rns15MKACUggWffTpcsWwfpP8GKh2P8BXLAtglXldZA3Dc6HdSu8bvZAGR4Cx33k4vaAW3nOpttncIF7fqXMnyZB5aF6ZAmd7MoDRQxt9ATYrkQtPIsGgFuNbZCwZCy2ZAqm1zlBHVErQMFIQr5Tv3roOwCsnbOYqIJ3TJBMNffhRn2ZCocbfHOwZDZD
Content-Length: 545

* upload completely sent off: 545 bytes
< HTTP/2 200 
< content-type: application/json; charset=UTF-8
< vary: Origin
< vary: Accept-Encoding
< x-ad-api-version-warning: You are calling a deprecated version of the Ads API.
< cross-origin-resource-policy: cross-origin
< x-app-usage: {"call_count":0,"total_cputime":0,"total_time":0}
< access-control-allow-origin: *
< facebook-api-version: v20.0
< strict-transport-security: max-age=15552000; preload
< pragma: no-cache
< cache-control: private, no-cache, no-store, must-revalidate
< expires: Sat, 01 Jan 2000 00:00:00 GMT
< x-fb-request-id: A_ZYOciLUqoAViwJZT8aD6y
< x-fb-trace-id: EkDfPh8uSe4
< x-fb-rev: 1023023599
< x-fb-debug: Xv+4o8sq14WtPSErbHzM0AsYMdo8SEVIgW7o81nGeuN/paQoG+pLJaUIPRAwC67QQ7b524qYNy44linTcNI8Ig==
< content-length: 74
< date: Tue, 20 May 2025 21:14:59 GMT
< x-fb-connection-quality: EXCELLENT; q=0.9, rtt=8, rtx=0, c=10, mss=1380, tbw=3533, tp=-1, tpl=-1, uplat=499, ullat=0
< alt-svc: h3=":443"; ma=86400
< 
* Connection #0 to host graph.facebook.com left intact


[2025-05-20 21:17:57] New request
* Host graph.facebook.com:443 was resolved.
* IPv6: 2a03:2880:f32e:90:face:b00c:0:2
* IPv4: 57.144.112.141
*   Trying [2a03:2880:f32e:90:face:b00c:0:2]:443...
* ALPN: curl offers h2,http/1.1
*  CAfile: /etc/pki/tls/certs/ca-bundle.crt
*  CApath: none
* SSL connection using TLSv1.3 / TLS_CHACHA20_POLY1305_SHA256 / [blank] / UNDEF
* ALPN: server accepted h2
* Server certificate:
*  subject: C=US; ST=California; L=Menlo Park; O=Meta Platforms, Inc.; CN=*.facebook.com
*  start date: Feb 27 00:00:00 2025 GMT
*  expire date: May 28 23:59:59 2025 GMT
*  subjectAltName: host "graph.facebook.com" matched cert's "*.facebook.com"
*  issuer: C=US; O=DigiCert Inc; OU=www.digicert.com; CN=DigiCert SHA2 High Assurance Server CA
*  SSL certificate verify ok.
*   Certificate level 0: Public key type ? (256/128 Bits/secBits), signed using sha256WithRSAEncryption
*   Certificate level 1: Public key type ? (2048/112 Bits/secBits), signed using sha256WithRSAEncryption
*   Certificate level 2: Public key type ? (2048/112 Bits/secBits), signed using sha1WithRSAEncryption
* Connected to graph.facebook.com (2a03:2880:f32e:90:face:b00c:0:2) port 443
* using HTTP/2
* [HTTP/2] [1] OPENED stream for https://graph.facebook.com/v20.0/1678719472762199/events
* [HTTP/2] [1] [:method: POST]
* [HTTP/2] [1] [:scheme: https]
* [HTTP/2] [1] [:authority: graph.facebook.com]
* [HTTP/2] [1] [:path: /v20.0/1678719472762199/events]
* [HTTP/2] [1] [accept: */*]
* [HTTP/2] [1] [content-type: application/json]
* [HTTP/2] [1] [authorization: Bearer EAAmh7hEmLboBO9Rns15MKACUggWffTpcsWwfpP8GKh2P8BXLAtglXldZA3Dc6HdSu8bvZAGR4Cx33k4vaAW3nOpttncIF7fqXMnyZB5aF6ZAmd7MoDRQxt9ATYrkQtPIsGgFuNbZCwZCy2ZAqm1zlBHVErQMFIQr5Tv3roOwCsnbOYqIJ3TJBMNffhRn2ZCocbfHOwZDZD]
* [HTTP/2] [1] [content-length: 572]
> POST /v20.0/1678719472762199/events HTTP/2
Host: graph.facebook.com
Accept: */*
Content-Type: application/json
Authorization: Bearer EAAmh7hEmLboBO9Rns15MKACUggWffTpcsWwfpP8GKh2P8BXLAtglXldZA3Dc6HdSu8bvZAGR4Cx33k4vaAW3nOpttncIF7fqXMnyZB5aF6ZAmd7MoDRQxt9ATYrkQtPIsGgFuNbZCwZCy2ZAqm1zlBHVErQMFIQr5Tv3roOwCsnbOYqIJ3TJBMNffhRn2ZCocbfHOwZDZD
Content-Length: 572

* upload completely sent off: 572 bytes
< HTTP/2 200 
< content-type: application/json; charset=UTF-8
< vary: Origin
< vary: Accept-Encoding
< x-ad-api-version-warning: You are calling a deprecated version of the Ads API.
< cross-origin-resource-policy: cross-origin
< x-app-usage: {"call_count":0,"total_cputime":0,"total_time":0}
< access-control-allow-origin: *
< facebook-api-version: v20.0
< strict-transport-security: max-age=15552000; preload
< pragma: no-cache
< cache-control: private, no-cache, no-store, must-revalidate
< expires: Sat, 01 Jan 2000 00:00:00 GMT
< x-fb-request-id: AcFfgsj4LCbmUjgHmKQ6NVm
< x-fb-trace-id: BU9l/pMkON1
< x-fb-rev: 1023023599
< x-fb-debug: HPeTxWC/83PElofDiP9JHJjATX/xQ3lxs6KLQdPR8ENKabay9DpaDde9eWMpwHZ4huWalCc8NuqEZBVhZ/5kRA==
< content-length: 74
< date: Tue, 20 May 2025 21:17:57 GMT
< x-fb-connection-quality: EXCELLENT; q=0.9, rtt=7, rtx=0, c=10, mss=1380, tbw=3533, tp=-1, tpl=-1, uplat=394, ullat=0
< alt-svc: h3=":443"; ma=86400
< 
* Connection #0 to host graph.facebook.com left intact
