Успешный ответ: {"events_received":1,"messages":[],"fbtrace_id":"ALhOHbeYOLPo6HOVuwc99-Z"}
Успешный ответ: {"events_received":1,"messages":[],"fbtrace_id":"AzcCcMmTUiT9K5RJqfJFENs"}
Успешный ответ: {"events_received":1,"messages":[],"fbtrace_id":"AR-Eb5dd6cFP-n0ElPZNDcO"}
Успешный ответ: {"events_received":1,"messages":[],"fbtrace_id":"A8ok4W-HQnPiLH7p9IdM9PD"}
Успешный ответ: {"events_received":1,"messages":[],"fbtrace_id":"AvQdrJlDiuJUCFCkY-WFtLt"}
Успешный ответ: {"events_received":1,"messages":[],"fbtrace_id":"AI3SyNo1gRUkR2zNbaTcxUa"}
Успешный ответ: {"events_received":1,"messages":[],"fbtrace_id":"AqWPY7PA5Dc7EbtiTJHlj8x"}
Успешный ответ: {"events_received":1,"messages":[],"fbtrace_id":"A1cXYPYUqEwIR-BTeCMvqMI"}
Успешный ответ: {"events_received":1,"messages":[],"fbtrace_id":"AzviUGEyzeN0FvsnAoHn6YP"}
Успешный ответ: {"events_received":1,"messages":[],"fbtrace_id":"AQlVdzfjHGCsoAbhNd7v02T"}
Успешный ответ: {"events_received":1,"messages":[],"fbtrace_id":"A3xh9lXgrff4IirdYeQs30p"}
Успешный ответ: {"events_received":1,"messages":[],"fbtrace_id":"A9wxGObSEuWpy1f_ZF3uaQW"}
Успешный ответ: {"events_received":1,"messages":[],"fbtrace_id":"ADiRi4GB3UV-seAQ_WtGUjK"}
Успешный ответ: {"events_received":1,"messages":[],"fbtrace_id":"A0O4JiDhZYgozDbfRRmb_vW"}
Успешный ответ: {"events_received":1,"messages":[],"fbtrace_id":"AqIkz2dpZlQyL-_jr31wpsD"}
Успешный ответ: {"events_received":1,"messages":[],"fbtrace_id":"AdFB1PzxKYv4W4Su6VIkE5U"}
Успешный ответ: {"events_received":1,"messages":[],"fbtrace_id":"AqpEfUd40WF_dQ6cmXNAE9Y"}
Успешный ответ: {"events_received":1,"messages":[],"fbtrace_id":"AElzh4WrYenuR6TNfZkMJIC"}
Успешный ответ: {"events_received":1,"messages":[],"fbtrace_id":"AhhAq3RoeRe5SXFH-3GqAof"}
Успешный ответ: {"events_received":1,"messages":[],"fbtrace_id":"AGmAEBcRCpZYOBaY-0bcMIU"}
Успешный ответ: {"events_received":1,"messages":[],"fbtrace_id":"A28joC7ijI68N5hUgeLVLon"}
Успешный ответ: {"events_received":1,"messages":[],"fbtrace_id":"AZHxPxpdlMvTEmNyalMQNXn"}
Успешный ответ: {"events_received":1,"messages":[],"fbtrace_id":"AtNUHc01pHdHjkGWXw8TpQ8"}
Успешный ответ: {"events_received":1,"messages":[],"fbtrace_id":"Az7DG2fuVg1r7lzNHRIhgp6"}
Успешный ответ: {"events_received":1,"messages":[],"fbtrace_id":"AFLTDrJEwzA1pUk1XRr4dCg"}
Успешный ответ: {"events_received":1,"messages":[],"fbtrace_id":"AsYSAdZ3Tn8XauulTeFMHbp"}
Успешный ответ: {"events_received":1,"messages":[],"fbtrace_id":"A2VdgUqxIWNIk2MkZ0CiX5D"}
Успешный ответ: {"events_received":1,"messages":[],"fbtrace_id":"ACZo_IX7AszEc5VxD9LaAsy"}
Успешный ответ: {"events_received":1,"messages":[],"fbtrace_id":"AUIw-QJQS0CCIRlqxRNjdii"}
Успешный ответ: {"events_received":1,"messages":[],"fbtrace_id":"AVrJH9is8YvGH5qJq4_-0Nt"}
Успешный ответ: {"events_received":1,"messages":[],"fbtrace_id":"AXR0cCyUzipTwlEIDmXjpHQ"}
Успешный ответ: {"events_received":1,"messages":[],"fbtrace_id":"A3CqLh_sliv8Au8fvAgVTFC"}
Успешный ответ: {"events_received":1,"messages":[],"fbtrace_id":"ALiGbeUQ8LiMicWS21H6t12"}
Успешный ответ: {"events_received":1,"messages":[],"fbtrace_id":"ANkP0l9Ml_D7a74Q7AvtdEp"}
Успешный ответ: {"events_received":1,"messages":[],"fbtrace_id":"AGdbrazePxgo98TDP0eIHr0"}
Успешный ответ: {"events_received":1,"messages":[],"fbtrace_id":"AI2m2oqknzU7Isjer61jk9c"}
Успешный ответ: {"events_received":1,"messages":[],"fbtrace_id":"ARUXwebm5W-1K_B8WdHR3D2"}
Успешный ответ: {"events_received":1,"messages":[],"fbtrace_id":"AdNY9b4eehLvxXukmGrkkzi"}
Успешный ответ: {"events_received":1,"messages":[],"fbtrace_id":"A42WjtlZ1yTgPxrtje6H_z8"}
Успешный ответ: {"events_received":1,"messages":[],"fbtrace_id":"AO2YD7CuC2dpDPyAhT_rLIA"}
Успешный ответ: {"events_received":1,"messages":[],"fbtrace_id":"Ajjh7cg6WC2GkD5yLkNKYVL"}
Успешный ответ: {"events_received":1,"messages":[],"fbtrace_id":"Aurfo5SPh9m3rnxRa16Nbxd"}
Успешный ответ: {"events_received":1,"messages":[],"fbtrace_id":"AgmS1xtDJYtTvBeF_yA5vKR"}
Успешный ответ: {"events_received":1,"messages":[],"fbtrace_id":"AywF3utdkVjKi5egreVZBSq"}
Успешный ответ: {"events_received":1,"messages":[],"fbtrace_id":"AorDf_sKPyWJVssJX1vwC3a"}
Успешный ответ: {"events_received":1,"messages":[],"fbtrace_id":"A6ATIXnU-T-mRc8GZGUP13R"}
Успешный ответ: {"events_received":1,"messages":[],"fbtrace_id":"AwAVyZTGGM8xRLyMowl1iHB"}
Успешный ответ: {"events_received":1,"messages":[],"fbtrace_id":"AHD3xfDeqDrfDJUBV7OsFGA"}
Успешный ответ: {"events_received":1,"messages":[],"fbtrace_id":"A3ytlfYRAbWmi3J_NVoogCF"}
Успешный ответ: {"error":{"message":"Invalid parameter","type":"OAuthException","code":100,"error_subcode":2804019,"is_transient":false,"error_user_title":"\u041e\u0448\u0438\u0431\u043a\u0430 \u043f\u0430\u0440\u0430\u043c\u0435\u0442\u0440\u0430 \u0441\u0435\u0440\u0432\u0435\u0440\u043d\u043e\u0433\u043e API","error_user_msg":"Unexpected key \"test_event_code\" on param \"$['data'][0]\".","fbtrace_id":"AxM894qVGrRiFB7cSUY9OU9"}}
HTTP Error: 400 - {"error":{"message":"Invalid parameter","type":"OAuthException","code":100,"error_subcode":2804019,"is_transient":false,"error_user_title":"\u041e\u0448\u0438\u0431\u043a\u0430 \u043f\u0430\u0440\u0430\u043c\u0435\u0442\u0440\u0430 \u0441\u0435\u0440\u0432\u0435\u0440\u043d\u043e\u0433\u043e API","error_user_msg":"Unexpected key \"test_event_code\" on param \"$['data'][0]\".","fbtrace_id":"AxM894qVGrRiFB7cSUY9OU9"}}
Успешный ответ: {"error":{"message":"Invalid parameter","type":"OAuthException","code":100,"error_subcode":2804019,"is_transient":false,"error_user_title":"\u041e\u0448\u0438\u0431\u043a\u0430 \u043f\u0430\u0440\u0430\u043c\u0435\u0442\u0440\u0430 \u0441\u0435\u0440\u0432\u0435\u0440\u043d\u043e\u0433\u043e API","error_user_msg":"Unexpected key \"test_event_code\" on param \"$['data'][0]\".","fbtrace_id":"APA2Gt3I_JlWl-3O0uV5HJ5"}}
HTTP Error: 400 - {"error":{"message":"Invalid parameter","type":"OAuthException","code":100,"error_subcode":2804019,"is_transient":false,"error_user_title":"\u041e\u0448\u0438\u0431\u043a\u0430 \u043f\u0430\u0440\u0430\u043c\u0435\u0442\u0440\u0430 \u0441\u0435\u0440\u0432\u0435\u0440\u043d\u043e\u0433\u043e API","error_user_msg":"Unexpected key \"test_event_code\" on param \"$['data'][0]\".","fbtrace_id":"APA2Gt3I_JlWl-3O0uV5HJ5"}}
Успешный ответ: {"error":{"message":"Invalid parameter","type":"OAuthException","code":100,"error_subcode":2804019,"is_transient":false,"error_user_title":"\u041e\u0448\u0438\u0431\u043a\u0430 \u043f\u0430\u0440\u0430\u043c\u0435\u0442\u0440\u0430 \u0441\u0435\u0440\u0432\u0435\u0440\u043d\u043e\u0433\u043e API","error_user_msg":"Unexpected key \"test_event_code\" on param \"$['data'][0]\".","fbtrace_id":"AH9LK60xx7mGWZXqUGqMMRT"}}
HTTP Error: 400 - {"error":{"message":"Invalid parameter","type":"OAuthException","code":100,"error_subcode":2804019,"is_transient":false,"error_user_title":"\u041e\u0448\u0438\u0431\u043a\u0430 \u043f\u0430\u0440\u0430\u043c\u0435\u0442\u0440\u0430 \u0441\u0435\u0440\u0432\u0435\u0440\u043d\u043e\u0433\u043e API","error_user_msg":"Unexpected key \"test_event_code\" on param \"$['data'][0]\".","fbtrace_id":"AH9LK60xx7mGWZXqUGqMMRT"}}
Успешный ответ: {"error":{"message":"Invalid parameter","type":"OAuthException","code":100,"error_subcode":2804019,"is_transient":false,"error_user_title":"\u041e\u0448\u0438\u0431\u043a\u0430 \u043f\u0430\u0440\u0430\u043c\u0435\u0442\u0440\u0430 \u0441\u0435\u0440\u0432\u0435\u0440\u043d\u043e\u0433\u043e API","error_user_msg":"Unexpected key \"test_event_code\" on param \"$['data'][0]\".","fbtrace_id":"AY24LpFDHsPRqTnO5oS_jey"}}
HTTP Error: 400 - {"error":{"message":"Invalid parameter","type":"OAuthException","code":100,"error_subcode":2804019,"is_transient":false,"error_user_title":"\u041e\u0448\u0438\u0431\u043a\u0430 \u043f\u0430\u0440\u0430\u043c\u0435\u0442\u0440\u0430 \u0441\u0435\u0440\u0432\u0435\u0440\u043d\u043e\u0433\u043e API","error_user_msg":"Unexpected key \"test_event_code\" on param \"$['data'][0]\".","fbtrace_id":"AY24LpFDHsPRqTnO5oS_jey"}}
Успешный ответ: {"error":{"message":"Invalid parameter","type":"OAuthException","code":100,"error_subcode":2804019,"is_transient":false,"error_user_title":"\u041e\u0448\u0438\u0431\u043a\u0430 \u043f\u0430\u0440\u0430\u043c\u0435\u0442\u0440\u0430 \u0441\u0435\u0440\u0432\u0435\u0440\u043d\u043e\u0433\u043e API","error_user_msg":"Unexpected key \"test_event_code\" on param \"$['data'][0]\".","fbtrace_id":"AxFS96XIBltct0v6MsLuUJv"}}
HTTP Error: 400 - {"error":{"message":"Invalid parameter","type":"OAuthException","code":100,"error_subcode":2804019,"is_transient":false,"error_user_title":"\u041e\u0448\u0438\u0431\u043a\u0430 \u043f\u0430\u0440\u0430\u043c\u0435\u0442\u0440\u0430 \u0441\u0435\u0440\u0432\u0435\u0440\u043d\u043e\u0433\u043e API","error_user_msg":"Unexpected key \"test_event_code\" on param \"$['data'][0]\".","fbtrace_id":"AxFS96XIBltct0v6MsLuUJv"}}
Успешный ответ: {"error":{"message":"Invalid parameter","type":"OAuthException","code":100,"error_subcode":2804019,"is_transient":false,"error_user_title":"\u041e\u0448\u0438\u0431\u043a\u0430 \u043f\u0430\u0440\u0430\u043c\u0435\u0442\u0440\u0430 \u0441\u0435\u0440\u0432\u0435\u0440\u043d\u043e\u0433\u043e API","error_user_msg":"Unexpected key \"test_event_code\" on param \"$['data'][0]\".","fbtrace_id":"AdElsYCDWXUkqM-EU5MDU4a"}}
HTTP Error: 400 - {"error":{"message":"Invalid parameter","type":"OAuthException","code":100,"error_subcode":2804019,"is_transient":false,"error_user_title":"\u041e\u0448\u0438\u0431\u043a\u0430 \u043f\u0430\u0440\u0430\u043c\u0435\u0442\u0440\u0430 \u0441\u0435\u0440\u0432\u0435\u0440\u043d\u043e\u0433\u043e API","error_user_msg":"Unexpected key \"test_event_code\" on param \"$['data'][0]\".","fbtrace_id":"AdElsYCDWXUkqM-EU5MDU4a"}}
Успешный ответ: {"error":{"message":"Invalid parameter","type":"OAuthException","code":100,"error_subcode":2804019,"is_transient":false,"error_user_title":"\u041e\u0448\u0438\u0431\u043a\u0430 \u043f\u0430\u0440\u0430\u043c\u0435\u0442\u0440\u0430 \u0441\u0435\u0440\u0432\u0435\u0440\u043d\u043e\u0433\u043e API","error_user_msg":"Unexpected key \"test_event_code\" on param \"$['data'][0]\".","fbtrace_id":"AyMjdB09sAwMMniTlKiGLFd"}}
HTTP Error: 400 - {"error":{"message":"Invalid parameter","type":"OAuthException","code":100,"error_subcode":2804019,"is_transient":false,"error_user_title":"\u041e\u0448\u0438\u0431\u043a\u0430 \u043f\u0430\u0440\u0430\u043c\u0435\u0442\u0440\u0430 \u0441\u0435\u0440\u0432\u0435\u0440\u043d\u043e\u0433\u043e API","error_user_msg":"Unexpected key \"test_event_code\" on param \"$['data'][0]\".","fbtrace_id":"AyMjdB09sAwMMniTlKiGLFd"}}
Успешный ответ: {"error":{"message":"Invalid parameter","type":"OAuthException","code":100,"error_subcode":2804019,"is_transient":false,"error_user_title":"\u041e\u0448\u0438\u0431\u043a\u0430 \u043f\u0430\u0440\u0430\u043c\u0435\u0442\u0440\u0430 \u0441\u0435\u0440\u0432\u0435\u0440\u043d\u043e\u0433\u043e API","error_user_msg":"Unexpected key \"test_event_code\" on param \"$['data'][0]\".","fbtrace_id":"AjFTtjlb8ujpzSx_zmlrlbI"}}
HTTP Error: 400 - {"error":{"message":"Invalid parameter","type":"OAuthException","code":100,"error_subcode":2804019,"is_transient":false,"error_user_title":"\u041e\u0448\u0438\u0431\u043a\u0430 \u043f\u0430\u0440\u0430\u043c\u0435\u0442\u0440\u0430 \u0441\u0435\u0440\u0432\u0435\u0440\u043d\u043e\u0433\u043e API","error_user_msg":"Unexpected key \"test_event_code\" on param \"$['data'][0]\".","fbtrace_id":"AjFTtjlb8ujpzSx_zmlrlbI"}}
Успешный ответ: {"events_received":1,"messages":[],"fbtrace_id":"ABBo8HFFGRPXBOGjjYdnjLu"}
Успешный ответ: {"error":{"message":"Invalid parameter","type":"OAuthException","code":100,"error_subcode":2804019,"is_transient":false,"error_user_title":"\u041e\u0448\u0438\u0431\u043a\u0430 \u043f\u0430\u0440\u0430\u043c\u0435\u0442\u0440\u0430 \u0441\u0435\u0440\u0432\u0435\u0440\u043d\u043e\u0433\u043e API","error_user_msg":"Unexpected key \"test_event_code\" on param \"$['data'][0]\".","fbtrace_id":"AESiG298O7VYKFEx-nNhKDP"}}
HTTP Error: 400 - {"error":{"message":"Invalid parameter","type":"OAuthException","code":100,"error_subcode":2804019,"is_transient":false,"error_user_title":"\u041e\u0448\u0438\u0431\u043a\u0430 \u043f\u0430\u0440\u0430\u043c\u0435\u0442\u0440\u0430 \u0441\u0435\u0440\u0432\u0435\u0440\u043d\u043e\u0433\u043e API","error_user_msg":"Unexpected key \"test_event_code\" on param \"$['data'][0]\".","fbtrace_id":"AESiG298O7VYKFEx-nNhKDP"}}
Успешный ответ: {"events_received":1,"messages":[],"fbtrace_id":"ApBUQsW2NOn8GLhwrDhB7B5"}
Успешный ответ: {"events_received":1,"messages":[],"fbtrace_id":"A7oKM_NtB--d3vkijX4ihct"}
Успешный ответ: {"events_received":1,"messages":[],"fbtrace_id":"A4OzyFq8JNYUsTbfIW2r2vw"}
Успешный ответ: {"events_received":1,"messages":[],"fbtrace_id":"A8j7y3XkJi8YGHioOPQ7leZ"}
Успешный ответ: {"events_received":1,"messages":[],"fbtrace_id":"AmwVUXb3dmsaXCw8DkZ1vx6"}
Успешный ответ: {"events_received":1,"messages":[],"fbtrace_id":"AZvYVVCnNIayMv3RcR6KmV2"}
Успешный ответ: {"events_received":1,"messages":[],"fbtrace_id":"AQl-bTmz2UrRb1nbJ1tGJpI"}
Успешный ответ: {"events_received":1,"messages":[],"fbtrace_id":"A4RYY3I6I0oEPNrmmc7p73S"}
Успешный ответ: {"events_received":1,"messages":[],"fbtrace_id":"AvR3FlC7Y61xPc2sY6mOMFj"}
Успешный ответ: {"events_received":1,"messages":[],"fbtrace_id":"Ao7M3xLBPgNhVFcmUMDYAlD"}
Успешный ответ: {"events_received":1,"messages":[],"fbtrace_id":"AHAnj3vFrG8QZKG2dBk4Mh_"}
Успешный ответ: {"events_received":1,"messages":[],"fbtrace_id":"ANclscpjSwMkmUko1Y4dcBb"}
Успешный ответ: {"events_received":1,"messages":[],"fbtrace_id":"AbkuBVIptIO50t2kqg8BKmW"}
Успешный ответ: {"events_received":1,"messages":[],"fbtrace_id":"A14XnCI6WV6u8GZVF6bT1Q7"}
Успешный ответ: {"events_received":1,"messages":[],"fbtrace_id":"AFAnVbh459iodxR_HYS9Muv"}
Успешный ответ: {"events_received":1,"messages":[],"fbtrace_id":"AOObn3a3XiyCIZgRlzxeVsH"}
Успешный ответ: {"events_received":1,"messages":[],"fbtrace_id":"A0J-tB5XJjYOEWNhKjPBO_F"}
Успешный ответ: {"events_received":1,"messages":[],"fbtrace_id":"AA9aIRWFV-5kGKdFEBcKQ_P"}
Успешный ответ: {"events_received":1,"messages":[],"fbtrace_id":"A3qhIOKXmK6oXLZE9Ba70tN"}
Успешный ответ: {"events_received":1,"messages":[],"fbtrace_id":"AxjA-IKc6jdUVXd5HNnJjCn"}
Успешный ответ: {"events_received":1,"messages":[],"fbtrace_id":"AcSKbH3AxjVXbTlfy_OYh2w"}
Успешный ответ: {"events_received":1,"messages":[],"fbtrace_id":"AJPpOMJyswv-633bP46JXXw"}
Успешный ответ: {"events_received":1,"messages":[],"fbtrace_id":"AO8kHBJ45zXhXGbk8WlyRVd"}
Успешный ответ: {"events_received":1,"messages":[],"fbtrace_id":"A0RhrnwIBnCZak0idCPJdL7"}
Успешный ответ: {"events_received":1,"messages":[],"fbtrace_id":"A0pFJATaTDZt13vHGEcYzZP"}
Успешный ответ: {"events_received":1,"messages":[],"fbtrace_id":"AMlOR9vqIQ0Us9ziLdAy24b"}
Успешный ответ: {"events_received":1,"messages":[],"fbtrace_id":"AePSVWYjGv19R6Sm_Lacmja"}
Успешный ответ: {"events_received":1,"messages":[],"fbtrace_id":"Av3-22Y6GsHMogXliSc9oQv"}
Успешный ответ: {"events_received":1,"messages":[],"fbtrace_id":"AMdLRav5v_IMNcTH7MewKsD"}
Успешный ответ: {"events_received":1,"messages":[],"fbtrace_id":"AsVO2B_fUcPu_LePCpcgiq7"}
Успешный ответ: {"events_received":1,"messages":[],"fbtrace_id":"Aiha9r7XMpxf4snyzjzy9_h"}
Успешный ответ: {"events_received":1,"messages":[],"fbtrace_id":"Am4Yx0E9FXDHuDzbgJNE63H"}
Успешный ответ: {"events_received":1,"messages":[],"fbtrace_id":"AK3ZcSpRy0GNCAAS0wDTmPX"}
Успешный ответ: {"events_received":1,"messages":[],"fbtrace_id":"AQ0jGHU3CoFwAsraQxAdLFe"}
Успешный ответ: {"events_received":1,"messages":[],"fbtrace_id":"A6zxPrhMdpPaVPtQqZdXACF"}
Успешный ответ: {"events_received":1,"messages":[],"fbtrace_id":"ABYL_uE_bh-A31fzyGG8iir"}
Успешный ответ: {"events_received":1,"messages":[],"fbtrace_id":"Aow_KeRQidkg7rglQXQFlPv"}
Успешный ответ: {"events_received":1,"messages":[],"fbtrace_id":"A9wtvSWTA-yqM9CCRuORo2x"}
Успешный ответ: {"events_received":1,"messages":[],"fbtrace_id":"AM_jpAjPmOTgDh-9nRP3NiH"}
Успешный ответ: {"events_received":1,"messages":[],"fbtrace_id":"A4cBU0MdONtAmcP-6WSwooT"}
Успешный ответ: {"events_received":1,"messages":[],"fbtrace_id":"As9PYjBicmoT6xYrsCy8WDo"}
Успешный ответ: {"events_received":1,"messages":[],"fbtrace_id":"ACyip3nRp0-uDSZ-5rRpTEj"}
Успешный ответ: {"events_received":1,"messages":[],"fbtrace_id":"AkpC25WPtTmkkXMdrIyihs5"}
Успешный ответ: {"events_received":1,"messages":[],"fbtrace_id":"Arqe0zdWvbJtfe4scbx2uED"}
Успешный ответ: {"events_received":1,"messages":[],"fbtrace_id":"A6QdorG7IJKvtgmJ-v6X0Ft"}
Успешный ответ: {"events_received":1,"messages":[],"fbtrace_id":"AmXSVAXZ1BM3NnwQJDzuO3q"}
Успешный ответ: {"events_received":1,"messages":[],"fbtrace_id":"AV8k8cVEgjQNdtD7vaO9wCW"}
Успешный ответ: {"events_received":1,"messages":[],"fbtrace_id":"AdUe7zW9R6BhMnRhAgR8hNx"}
Успешный ответ: {"events_received":1,"messages":[],"fbtrace_id":"Av78CFgU18XNdGRSYx43r5Z"}
Успешный ответ: {"events_received":1,"messages":[],"fbtrace_id":"A9-7nBiuKysuICpd12GotL2"}
Успешный ответ: {"events_received":1,"messages":[],"fbtrace_id":"ARqq78XutQ0TkSRa8RWAth3"}
Успешный ответ: {"events_received":1,"messages":[],"fbtrace_id":"AKBfyLicSgx-ByQ3DLWPmbA"}
Успешный ответ: {"events_received":1,"messages":[],"fbtrace_id":"AxHK7mLe1-lNrcSQfxAM1BV"}
Ошибка cURL: OpenSSL SSL_connect: SSL_ERROR_SYSCALL in connection to graph.facebook.com:443  | Код: 35 | HTTP Code: 0 - 2025-05-21 12:47:28
Ошибка cURL: OpenSSL SSL_connect: SSL_ERROR_SYSCALL in connection to graph.facebook.com:443  | Код: 35 | HTTP Code: 0 - 2025-05-21 12:48:05
Ошибка cURL: OpenSSL SSL_connect: SSL_ERROR_SYSCALL in connection to graph.facebook.com:443  | Код: 35 | HTTP Code: 0 - 2025-05-21 12:48:58
Ошибка cURL: OpenSSL SSL_connect: SSL_ERROR_SYSCALL in connection to graph.facebook.com:443  | Код: 35 | HTTP Code: 0 - 2025-05-21 12:49:00
Ошибка cURL: OpenSSL SSL_connect: SSL_ERROR_SYSCALL in connection to graph.facebook.com:443  | Код: 35 | HTTP Code: 0 - 2025-05-21 12:49:00
Ошибка cURL: OpenSSL SSL_connect: SSL_ERROR_SYSCALL in connection to graph.facebook.com:443  | Код: 35 | HTTP Code: 0 - 2025-05-21 12:49:16
Ошибка cURL: OpenSSL SSL_connect: SSL_ERROR_SYSCALL in connection to graph.facebook.com:443  | Код: 35 | HTTP Code: 0 - 2025-05-21 12:49:33
Ошибка cURL: OpenSSL SSL_connect: SSL_ERROR_SYSCALL in connection to graph.facebook.com:443  | Код: 35 | HTTP Code: 0 - 2025-05-21 12:49:46
Ошибка cURL: OpenSSL SSL_connect: SSL_ERROR_SYSCALL in connection to graph.facebook.com:443  | Код: 35 | HTTP Code: 0 - 2025-05-21 14:10:56
Ошибка cURL: OpenSSL SSL_connect: SSL_ERROR_SYSCALL in connection to graph.facebook.com:443  | Код: 35 | HTTP Code: 0 - 2025-05-21 14:11:46
Ошибка cURL: OpenSSL SSL_connect: SSL_ERROR_SYSCALL in connection to graph.facebook.com:443  | Код: 35 | HTTP Code: 0 - 2025-05-21 14:12:56
Ошибка cURL: OpenSSL SSL_connect: SSL_ERROR_SYSCALL in connection to graph.facebook.com:443  | Код: 35 | HTTP Code: 0 - 2025-05-21 14:13:15
Ошибка cURL: OpenSSL SSL_connect: SSL_ERROR_SYSCALL in connection to graph.facebook.com:443  | Код: 35 | HTTP Code: 0 - 2025-05-21 14:13:26
Ошибка cURL: OpenSSL SSL_connect: SSL_ERROR_SYSCALL in connection to graph.facebook.com:443  | Код: 35 | HTTP Code: 0 - 2025-05-21 14:13:29
Ошибка cURL: OpenSSL SSL_connect: SSL_ERROR_SYSCALL in connection to graph.facebook.com:443  | Код: 35 | HTTP Code: 0 - 2025-05-21 14:14:28
Ошибка cURL: OpenSSL SSL_connect: SSL_ERROR_SYSCALL in connection to graph.facebook.com:443  | Код: 35 | HTTP Code: 0 - 2025-05-21 14:14:34
Ошибка cURL: OpenSSL SSL_connect: SSL_ERROR_SYSCALL in connection to graph.facebook.com:443  | Код: 35 | HTTP Code: 0 - 2025-05-21 14:14:39
Ошибка cURL: OpenSSL SSL_connect: SSL_ERROR_SYSCALL in connection to graph.facebook.com:443  | Код: 35 | HTTP Code: 0 - 2025-05-21 14:18:14
Ошибка cURL: OpenSSL SSL_connect: SSL_ERROR_SYSCALL in connection to graph.facebook.com:443  | Код: 35 | HTTP Code: 0 - 2025-05-21 14:18:31
Ошибка cURL: OpenSSL SSL_connect: SSL_ERROR_SYSCALL in connection to graph.facebook.com:443  | Код: 35 | HTTP Code: 0 - 2025-05-21 14:18:38
Ошибка cURL: OpenSSL SSL_connect: SSL_ERROR_SYSCALL in connection to graph.facebook.com:443  | Код: 35 | HTTP Code: 0 - 2025-05-21 14:19:14
Ошибка cURL: OpenSSL SSL_connect: SSL_ERROR_SYSCALL in connection to graph.facebook.com:443  | Код: 35 | HTTP Code: 0 - 2025-05-22 08:27:46
Ошибка cURL: OpenSSL SSL_connect: SSL_ERROR_SYSCALL in connection to graph.facebook.com:443  | Код: 35 | HTTP Code: 0 - 2025-05-22 08:34:43
Ошибка cURL: OpenSSL SSL_connect: SSL_ERROR_SYSCALL in connection to graph.facebook.com:443  | Код: 35 | HTTP Code: 0 - 2025-05-22 08:37:15
Ошибка cURL: OpenSSL SSL_connect: SSL_ERROR_SYSCALL in connection to graph.facebook.com:443  | Код: 35 | HTTP Code: 0 - 2025-05-22 08:37:16
Ошибка cURL: OpenSSL SSL_connect: SSL_ERROR_SYSCALL in connection to graph.facebook.com:443  | Код: 35 | HTTP Code: 0 - 2025-05-22 09:58:49
Ошибка cURL: OpenSSL SSL_connect: SSL_ERROR_SYSCALL in connection to graph.facebook.com:443  | Код: 35 | HTTP Code: 0 - 2025-05-22 12:41:01
Ошибка cURL: OpenSSL SSL_connect: SSL_ERROR_SYSCALL in connection to graph.facebook.com:443  | Код: 35 | HTTP Code: 0 - 2025-05-22 12:41:16
Ошибка cURL: OpenSSL SSL_connect: SSL_ERROR_SYSCALL in connection to graph.facebook.com:443  | Код: 35 | HTTP Code: 0 - 2025-05-22 13:42:05
Ошибка cURL: OpenSSL SSL_connect: SSL_ERROR_SYSCALL in connection to graph.facebook.com:443  | Код: 35 | HTTP Code: 0 - 2025-05-22 13:44:37
Ошибка cURL: OpenSSL SSL_connect: SSL_ERROR_SYSCALL in connection to graph.facebook.com:443  | Код: 35 | HTTP Code: 0 - 2025-05-22 13:44:41
Ошибка cURL: OpenSSL SSL_connect: SSL_ERROR_SYSCALL in connection to graph.facebook.com:443  | Код: 35 | HTTP Code: 0 - 2025-05-22 13:45:10
Ошибка cURL: OpenSSL SSL_connect: SSL_ERROR_SYSCALL in connection to graph.facebook.com:443  | Код: 35 | HTTP Code: 0 - 2025-05-22 13:45:26
Ошибка cURL: OpenSSL SSL_connect: SSL_ERROR_SYSCALL in connection to graph.facebook.com:443  | Код: 35 | HTTP Code: 0 - 2025-05-22 13:45:36
Ошибка cURL: OpenSSL SSL_connect: SSL_ERROR_SYSCALL in connection to graph.facebook.com:443  | Код: 35 | HTTP Code: 0 - 2025-05-22 14:03:48
Ошибка cURL: OpenSSL SSL_connect: SSL_ERROR_SYSCALL in connection to graph.facebook.com:443  | Код: 35 | HTTP Code: 0 - 2025-05-22 14:04:03
Ошибка cURL: OpenSSL SSL_connect: SSL_ERROR_SYSCALL in connection to graph.facebook.com:443  | Код: 35 | HTTP Code: 0 - 2025-05-22 21:53:58
Ошибка cURL: OpenSSL SSL_connect: SSL_ERROR_SYSCALL in connection to graph.facebook.com:443  | Код: 35 | HTTP Code: 0 - 2025-05-22 21:54:42
Ошибка cURL: OpenSSL SSL_connect: SSL_ERROR_SYSCALL in connection to graph.facebook.com:443  | Код: 35 | HTTP Code: 0 - 2025-05-22 23:49:49
Ошибка cURL: OpenSSL SSL_connect: SSL_ERROR_SYSCALL in connection to graph.facebook.com:443  | Код: 35 | HTTP Code: 0 - 2025-05-23 07:58:26
Ошибка cURL: OpenSSL SSL_connect: SSL_ERROR_SYSCALL in connection to graph.facebook.com:443  | Код: 35 | HTTP Code: 0 - 2025-05-23 07:59:13
Ошибка cURL: OpenSSL SSL_connect: SSL_ERROR_SYSCALL in connection to graph.facebook.com:443  | Код: 35 | HTTP Code: 0 - 2025-05-23 08:00:53
Ошибка cURL: OpenSSL SSL_connect: SSL_ERROR_SYSCALL in connection to graph.facebook.com:443  | Код: 35 | HTTP Code: 0 - 2025-05-23 08:01:06
Ошибка cURL: OpenSSL SSL_connect: SSL_ERROR_SYSCALL in connection to graph.facebook.com:443  | Код: 35 | HTTP Code: 0 - 2025-05-23 08:01:10
Ошибка cURL: OpenSSL SSL_connect: SSL_ERROR_SYSCALL in connection to graph.facebook.com:443  | Код: 35 | HTTP Code: 0 - 2025-05-23 08:04:27
Ошибка cURL: OpenSSL SSL_connect: SSL_ERROR_SYSCALL in connection to graph.facebook.com:443  | Код: 35 | HTTP Code: 0 - 2025-05-23 10:00:39
Ошибка cURL: OpenSSL SSL_connect: SSL_ERROR_SYSCALL in connection to graph.facebook.com:443  | Код: 35 | HTTP Code: 0 - 2025-05-23 10:39:14
Ошибка cURL: OpenSSL SSL_connect: SSL_ERROR_SYSCALL in connection to graph.facebook.com:443  | Код: 35 | HTTP Code: 0 - 2025-05-23 10:49:29
Ошибка cURL: OpenSSL SSL_connect: SSL_ERROR_SYSCALL in connection to graph.facebook.com:443  | Код: 35 | HTTP Code: 0 - 2025-05-23 12:14:41
Ошибка cURL: OpenSSL SSL_connect: SSL_ERROR_SYSCALL in connection to graph.facebook.com:443  | Код: 35 | HTTP Code: 0 - 2025-05-23 22:10:24
Ошибка cURL: OpenSSL SSL_connect: SSL_ERROR_SYSCALL in connection to graph.facebook.com:443  | Код: 35 | HTTP Code: 0 - 2025-05-23 22:10:42
Ошибка cURL: OpenSSL SSL_connect: SSL_ERROR_SYSCALL in connection to graph.facebook.com:443  | Код: 35 | HTTP Code: 0 - 2025-05-23 22:10:50
Ошибка cURL: OpenSSL SSL_connect: SSL_ERROR_SYSCALL in connection to graph.facebook.com:443  | Код: 35 | HTTP Code: 0 - 2025-05-23 22:14:02
Ошибка cURL: OpenSSL SSL_connect: SSL_ERROR_SYSCALL in connection to graph.facebook.com:443  | Код: 35 | HTTP Code: 0 - 2025-05-23 22:14:44
Ошибка cURL: OpenSSL SSL_connect: SSL_ERROR_SYSCALL in connection to graph.facebook.com:443  | Код: 35 | HTTP Code: 0 - 2025-05-23 22:15:31
Ошибка cURL: OpenSSL SSL_connect: SSL_ERROR_SYSCALL in connection to graph.facebook.com:443  | Код: 35 | HTTP Code: 0 - 2025-05-23 22:15:41
Ошибка cURL: OpenSSL SSL_connect: SSL_ERROR_SYSCALL in connection to graph.facebook.com:443  | Код: 35 | HTTP Code: 0 - 2025-05-23 22:36:34
Ошибка cURL: OpenSSL SSL_connect: SSL_ERROR_SYSCALL in connection to graph.facebook.com:443  | Код: 35 | HTTP Code: 0 - 2025-05-23 22:36:48
Ошибка cURL: OpenSSL SSL_connect: SSL_ERROR_SYSCALL in connection to graph.facebook.com:443  | Код: 35 | HTTP Code: 0 - 2025-05-23 22:39:38
Ошибка cURL: OpenSSL SSL_connect: SSL_ERROR_SYSCALL in connection to graph.facebook.com:443  | Код: 35 | HTTP Code: 0 - 2025-05-23 22:39:39
Ошибка cURL: OpenSSL SSL_connect: SSL_ERROR_SYSCALL in connection to graph.facebook.com:443  | Код: 35 | HTTP Code: 0 - 2025-05-23 22:40:42
Ошибка cURL: OpenSSL SSL_connect: SSL_ERROR_SYSCALL in connection to graph.facebook.com:443  | Код: 35 | HTTP Code: 0 - 2025-05-23 22:41:22
Ошибка cURL: OpenSSL SSL_connect: SSL_ERROR_SYSCALL in connection to graph.facebook.com:443  | Код: 35 | HTTP Code: 0 - 2025-05-23 22:44:37
Ошибка cURL: OpenSSL SSL_connect: SSL_ERROR_SYSCALL in connection to graph.facebook.com:443  | Код: 35 | HTTP Code: 0 - 2025-05-23 22:47:24
Ошибка cURL: OpenSSL SSL_connect: SSL_ERROR_SYSCALL in connection to graph.facebook.com:443  | Код: 35 | HTTP Code: 0 - 2025-05-23 22:48:03
Ошибка cURL: OpenSSL SSL_connect: SSL_ERROR_SYSCALL in connection to graph.facebook.com:443  | Код: 35 | HTTP Code: 0 - 2025-05-23 22:49:25
Ошибка cURL: OpenSSL SSL_connect: SSL_ERROR_SYSCALL in connection to graph.facebook.com:443  | Код: 35 | HTTP Code: 0 - 2025-05-24 08:09:35
Ошибка cURL: OpenSSL SSL_connect: SSL_ERROR_SYSCALL in connection to graph.facebook.com:443  | Код: 35 | HTTP Code: 0 - 2025-05-24 08:11:22
Ошибка cURL: OpenSSL SSL_connect: SSL_ERROR_SYSCALL in connection to graph.facebook.com:443  | Код: 35 | HTTP Code: 0 - 2025-05-24 08:16:26
Ошибка cURL: OpenSSL SSL_connect: SSL_ERROR_SYSCALL in connection to graph.facebook.com:443  | Код: 35 | HTTP Code: 0 - 2025-05-24 17:07:11
Ошибка cURL: OpenSSL SSL_connect: SSL_ERROR_SYSCALL in connection to graph.facebook.com:443  | Код: 35 | HTTP Code: 0 - 2025-05-24 20:13:53
Ошибка cURL: OpenSSL SSL_connect: SSL_ERROR_SYSCALL in connection to graph.facebook.com:443  | Код: 35 | HTTP Code: 0 - 2025-05-24 23:49:07
Ошибка cURL: OpenSSL SSL_connect: SSL_ERROR_SYSCALL in connection to graph.facebook.com:443  | Код: 35 | HTTP Code: 0 - 2025-05-25 19:12:59
Ошибка cURL: OpenSSL SSL_connect: SSL_ERROR_SYSCALL in connection to graph.facebook.com:443  | Код: 35 | HTTP Code: 0 - 2025-05-25 19:17:32
Ошибка cURL: OpenSSL SSL_connect: SSL_ERROR_SYSCALL in connection to graph.facebook.com:443  | Код: 35 | HTTP Code: 0 - 2025-05-25 19:17:38
Ошибка cURL: OpenSSL SSL_connect: SSL_ERROR_SYSCALL in connection to graph.facebook.com:443  | Код: 35 | HTTP Code: 0 - 2025-05-25 19:17:40
Ошибка cURL: OpenSSL SSL_connect: SSL_ERROR_SYSCALL in connection to graph.facebook.com:443  | Код: 35 | HTTP Code: 0 - 2025-05-25 19:18:45
Ошибка cURL: OpenSSL SSL_connect: SSL_ERROR_SYSCALL in connection to graph.facebook.com:443  | Код: 35 | HTTP Code: 0 - 2025-05-25 19:21:21
Ошибка cURL: OpenSSL SSL_connect: SSL_ERROR_SYSCALL in connection to graph.facebook.com:443  | Код: 35 | HTTP Code: 0 - 2025-05-26 07:08:19
Ошибка cURL: OpenSSL SSL_connect: SSL_ERROR_SYSCALL in connection to graph.facebook.com:443  | Код: 35 | HTTP Code: 0 - 2025-05-27 19:42:45
Ошибка cURL: OpenSSL SSL_connect: SSL_ERROR_SYSCALL in connection to graph.facebook.com:443  | Код: 35 | HTTP Code: 0 - 2025-05-27 20:10:15
Ошибка cURL: OpenSSL SSL_connect: SSL_ERROR_SYSCALL in connection to graph.facebook.com:443  | Код: 35 | HTTP Code: 0 - 2025-05-27 20:21:36
Ошибка cURL: OpenSSL SSL_connect: SSL_ERROR_SYSCALL in connection to graph.facebook.com:443  | Код: 35 | HTTP Code: 0 - 2025-05-27 20:21:41
Ошибка cURL: OpenSSL SSL_connect: SSL_ERROR_SYSCALL in connection to graph.facebook.com:443  | Код: 35 | HTTP Code: 0 - 2025-05-27 20:41:03
Ошибка cURL: OpenSSL SSL_connect: SSL_ERROR_SYSCALL in connection to graph.facebook.com:443  | Код: 35 | HTTP Code: 0 - 2025-05-27 20:42:15
Ошибка cURL: OpenSSL SSL_connect: SSL_ERROR_SYSCALL in connection to graph.facebook.com:443  | Код: 35 | HTTP Code: 0 - 2025-05-27 20:42:25
Ошибка cURL: OpenSSL SSL_connect: SSL_ERROR_SYSCALL in connection to graph.facebook.com:443  | Код: 35 | HTTP Code: 0 - 2025-05-27 20:45:23
Ошибка cURL: OpenSSL SSL_connect: SSL_ERROR_SYSCALL in connection to graph.facebook.com:443  | Код: 35 | HTTP Code: 0 - 2025-05-28 12:18:27
Ошибка cURL: OpenSSL SSL_connect: SSL_ERROR_SYSCALL in connection to graph.facebook.com:443  | Код: 35 | HTTP Code: 0 - 2025-05-28 19:00:28
Ошибка cURL: OpenSSL SSL_connect: SSL_ERROR_SYSCALL in connection to graph.facebook.com:443  | Код: 35 | HTTP Code: 0 - 2025-05-28 19:15:48
Ошибка cURL: OpenSSL SSL_connect: SSL_ERROR_SYSCALL in connection to graph.facebook.com:443  | Код: 35 | HTTP Code: 0 - 2025-05-29 10:47:20
Ошибка cURL: OpenSSL SSL_connect: SSL_ERROR_SYSCALL in connection to graph.facebook.com:443  | Код: 35 | HTTP Code: 0 - 2025-05-29 10:47:24
Ошибка cURL: OpenSSL SSL_connect: SSL_ERROR_SYSCALL in connection to graph.facebook.com:443  | Код: 35 | HTTP Code: 0 - 2025-05-29 10:47:37
Ошибка cURL: OpenSSL SSL_connect: SSL_ERROR_SYSCALL in connection to graph.facebook.com:443  | Код: 35 | HTTP Code: 0 - 2025-05-29 10:47:40
Ошибка cURL: OpenSSL SSL_connect: SSL_ERROR_SYSCALL in connection to graph.facebook.com:443  | Код: 35 | HTTP Code: 0 - 2025-05-29 10:47:45
Ошибка cURL: OpenSSL SSL_connect: SSL_ERROR_SYSCALL in connection to graph.facebook.com:443  | Код: 35 | HTTP Code: 0 - 2025-05-29 10:48:02
Ошибка cURL: OpenSSL SSL_connect: SSL_ERROR_SYSCALL in connection to graph.facebook.com:443  | Код: 35 | HTTP Code: 0 - 2025-05-29 10:49:14
Ошибка cURL: OpenSSL SSL_connect: SSL_ERROR_SYSCALL in connection to graph.facebook.com:443  | Код: 35 | HTTP Code: 0 - 2025-05-29 10:51:08
Ошибка cURL: OpenSSL SSL_connect: SSL_ERROR_SYSCALL in connection to graph.facebook.com:443  | Код: 35 | HTTP Code: 0 - 2025-05-29 10:51:34
Ошибка cURL: OpenSSL SSL_connect: SSL_ERROR_SYSCALL in connection to graph.facebook.com:443  | Код: 35 | HTTP Code: 0 - 2025-05-29 10:51:44
Ошибка cURL: OpenSSL SSL_connect: SSL_ERROR_SYSCALL in connection to graph.facebook.com:443  | Код: 35 | HTTP Code: 0 - 2025-05-29 11:37:54
Ошибка cURL: OpenSSL SSL_connect: SSL_ERROR_SYSCALL in connection to graph.facebook.com:443  | Код: 35 | HTTP Code: 0 - 2025-05-29 11:38:05
Ошибка cURL: OpenSSL SSL_connect: SSL_ERROR_SYSCALL in connection to graph.facebook.com:443  | Код: 35 | HTTP Code: 0 - 2025-05-29 11:38:08
Ошибка cURL: OpenSSL SSL_connect: SSL_ERROR_SYSCALL in connection to graph.facebook.com:443  | Код: 35 | HTTP Code: 0 - 2025-05-29 11:38:09
Ошибка cURL: OpenSSL SSL_connect: SSL_ERROR_SYSCALL in connection to graph.facebook.com:443  | Код: 35 | HTTP Code: 0 - 2025-05-29 11:38:40
Ошибка cURL: OpenSSL SSL_connect: SSL_ERROR_SYSCALL in connection to graph.facebook.com:443  | Код: 35 | HTTP Code: 0 - 2025-05-29 21:27:29
Ошибка cURL: OpenSSL SSL_connect: SSL_ERROR_SYSCALL in connection to graph.facebook.com:443  | Код: 35 | HTTP Code: 0 - 2025-05-29 22:49:49
Успешный ответ: {"events_received":1,"messages":[],"fbtrace_id":"A1jrpPZNvjP1c13HeYcGUif"}
Успешный ответ: {"events_received":1,"messages":[],"fbtrace_id":"Aep02t9JYTmC55bFXmRiAYb"}
Успешный ответ: {"events_received":1,"messages":[],"fbtrace_id":"AzJlhvWOBmvHOlMi_NANFVl"}
Успешный ответ: {"events_received":1,"messages":[],"fbtrace_id":"ALZ8b5sCbIm7aT8jffRiLoJ"}
Ошибка cURL: Operation timed out after 10001 milliseconds with 0 out of 0 bytes received | Код: 28 | HTTP Code: 0 - 2025-06-02 09:21:37
Успешный ответ: {"events_received":1,"messages":[],"fbtrace_id":"AcfT1pObi4s5s8KDwZvXcnG"}
Успешный ответ: {"events_received":1,"messages":[],"fbtrace_id":"AOWwjMugMH8cxPEfyEcXOdm"}
Ошибка cURL: Operation timed out after 10001 milliseconds with 0 out of 0 bytes received | Код: 28 | HTTP Code: 0 - 2025-06-02 09:22:36
Успешный ответ: {"events_received":1,"messages":[],"fbtrace_id":"AzqhmVPpeZ57VJqpA5iWKxN"}
Ошибка cURL: OpenSSL SSL_connect: SSL_ERROR_SYSCALL in connection to graph.facebook.com:443  | Код: 35 | HTTP Code: 0 - 2025-06-02 10:09:02
Ошибка cURL: OpenSSL SSL_connect: SSL_ERROR_SYSCALL in connection to graph.facebook.com:443  | Код: 35 | HTTP Code: 0 - 2025-06-02 10:09:08
Ошибка cURL: OpenSSL SSL_connect: SSL_ERROR_SYSCALL in connection to graph.facebook.com:443  | Код: 35 | HTTP Code: 0 - 2025-06-02 10:09:15
Ошибка cURL: OpenSSL SSL_connect: SSL_ERROR_SYSCALL in connection to graph.facebook.com:443  | Код: 35 | HTTP Code: 0 - 2025-06-02 10:09:42
Ошибка cURL: OpenSSL SSL_connect: SSL_ERROR_SYSCALL in connection to graph.facebook.com:443  | Код: 35 | HTTP Code: 0 - 2025-06-02 10:09:58
Ошибка cURL: OpenSSL SSL_connect: SSL_ERROR_SYSCALL in connection to graph.facebook.com:443  | Код: 35 | HTTP Code: 0 - 2025-06-02 10:10:57
Ошибка cURL: OpenSSL SSL_connect: SSL_ERROR_SYSCALL in connection to graph.facebook.com:443  | Код: 35 | HTTP Code: 0 - 2025-06-02 10:11:08
Ошибка cURL: OpenSSL SSL_connect: SSL_ERROR_SYSCALL in connection to graph.facebook.com:443  | Код: 35 | HTTP Code: 0 - 2025-06-02 10:11:19
Ошибка cURL: OpenSSL SSL_connect: SSL_ERROR_SYSCALL in connection to graph.facebook.com:443  | Код: 35 | HTTP Code: 0 - 2025-06-02 10:12:27
Ошибка cURL: OpenSSL SSL_connect: SSL_ERROR_SYSCALL in connection to graph.facebook.com:443  | Код: 35 | HTTP Code: 0 - 2025-06-02 10:15:29
Ошибка cURL: OpenSSL SSL_connect: SSL_ERROR_SYSCALL in connection to graph.facebook.com:443  | Код: 35 | HTTP Code: 0 - 2025-06-02 10:16:43
Ошибка cURL: OpenSSL SSL_connect: SSL_ERROR_SYSCALL in connection to graph.facebook.com:443  | Код: 35 | HTTP Code: 0 - 2025-06-02 10:17:03
Ошибка cURL: OpenSSL SSL_connect: SSL_ERROR_SYSCALL in connection to graph.facebook.com:443  | Код: 35 | HTTP Code: 0 - 2025-06-02 10:17:50
Ошибка cURL: OpenSSL SSL_connect: SSL_ERROR_SYSCALL in connection to graph.facebook.com:443  | Код: 35 | HTTP Code: 0 - 2025-06-02 10:18:04
Ошибка cURL: OpenSSL SSL_connect: SSL_ERROR_SYSCALL in connection to graph.facebook.com:443  | Код: 35 | HTTP Code: 0 - 2025-06-02 10:18:37
Ошибка cURL: OpenSSL SSL_connect: SSL_ERROR_SYSCALL in connection to graph.facebook.com:443  | Код: 35 | HTTP Code: 0 - 2025-06-02 15:55:49
Ошибка cURL: OpenSSL SSL_connect: SSL_ERROR_SYSCALL in connection to graph.facebook.com:443  | Код: 35 | HTTP Code: 0 - 2025-06-02 16:04:34
Ошибка cURL: OpenSSL SSL_connect: SSL_ERROR_SYSCALL in connection to graph.facebook.com:443  | Код: 35 | HTTP Code: 0 - 2025-06-02 16:04:56
Ошибка cURL: OpenSSL SSL_connect: SSL_ERROR_SYSCALL in connection to graph.facebook.com:443  | Код: 35 | HTTP Code: 0 - 2025-06-02 18:02:07
Ошибка cURL: OpenSSL SSL_connect: SSL_ERROR_SYSCALL in connection to graph.facebook.com:443  | Код: 35 | HTTP Code: 0 - 2025-06-02 22:36:32
Ошибка cURL: OpenSSL SSL_connect: SSL_ERROR_SYSCALL in connection to graph.facebook.com:443  | Код: 35 | HTTP Code: 0 - 2025-06-02 22:36:37
Ошибка cURL: OpenSSL SSL_connect: SSL_ERROR_SYSCALL in connection to graph.facebook.com:443  | Код: 35 | HTTP Code: 0 - 2025-06-03 03:38:46
Ошибка cURL: OpenSSL SSL_connect: SSL_ERROR_SYSCALL in connection to graph.facebook.com:443  | Код: 35 | HTTP Code: 0 - 2025-06-03 08:19:54
Ошибка cURL: OpenSSL SSL_connect: SSL_ERROR_SYSCALL in connection to graph.facebook.com:443  | Код: 35 | HTTP Code: 0 - 2025-06-03 08:55:53
Ошибка cURL: OpenSSL SSL_connect: SSL_ERROR_SYSCALL in connection to graph.facebook.com:443  | Код: 35 | HTTP Code: 0 - 2025-06-03 08:56:14
Ошибка cURL: OpenSSL SSL_connect: SSL_ERROR_SYSCALL in connection to graph.facebook.com:443  | Код: 35 | HTTP Code: 0 - 2025-06-03 09:00:28
Ошибка cURL: OpenSSL SSL_connect: SSL_ERROR_SYSCALL in connection to graph.facebook.com:443  | Код: 35 | HTTP Code: 0 - 2025-06-03 09:00:32
Ошибка cURL: OpenSSL SSL_connect: SSL_ERROR_SYSCALL in connection to graph.facebook.com:443  | Код: 35 | HTTP Code: 0 - 2025-06-03 09:00:39
Ошибка cURL: OpenSSL SSL_connect: SSL_ERROR_SYSCALL in connection to graph.facebook.com:443  | Код: 35 | HTTP Code: 0 - 2025-06-03 09:00:43
Ошибка cURL: OpenSSL SSL_connect: SSL_ERROR_SYSCALL in connection to graph.facebook.com:443  | Код: 35 | HTTP Code: 0 - 2025-06-03 09:00:48
Ошибка cURL: OpenSSL SSL_connect: SSL_ERROR_SYSCALL in connection to graph.facebook.com:443  | Код: 35 | HTTP Code: 0 - 2025-06-03 09:00:52
Ошибка cURL: OpenSSL SSL_connect: SSL_ERROR_SYSCALL in connection to graph.facebook.com:443  | Код: 35 | HTTP Code: 0 - 2025-06-03 09:01:00
Ошибка cURL: OpenSSL SSL_connect: SSL_ERROR_SYSCALL in connection to graph.facebook.com:443  | Код: 35 | HTTP Code: 0 - 2025-06-03 09:01:08
Ошибка cURL: OpenSSL SSL_connect: SSL_ERROR_SYSCALL in connection to graph.facebook.com:443  | Код: 35 | HTTP Code: 0 - 2025-06-03 09:01:15
Ошибка cURL: OpenSSL SSL_connect: SSL_ERROR_SYSCALL in connection to graph.facebook.com:443  | Код: 35 | HTTP Code: 0 - 2025-06-03 09:01:22
Ошибка cURL: OpenSSL SSL_connect: SSL_ERROR_SYSCALL in connection to graph.facebook.com:443  | Код: 35 | HTTP Code: 0 - 2025-06-03 09:01:40
Ошибка cURL: OpenSSL SSL_connect: SSL_ERROR_SYSCALL in connection to graph.facebook.com:443  | Код: 35 | HTTP Code: 0 - 2025-06-03 09:01:46
Ошибка cURL: OpenSSL SSL_connect: SSL_ERROR_SYSCALL in connection to graph.facebook.com:443  | Код: 35 | HTTP Code: 0 - 2025-06-03 09:01:55
Ошибка cURL: OpenSSL SSL_connect: SSL_ERROR_SYSCALL in connection to graph.facebook.com:443  | Код: 35 | HTTP Code: 0 - 2025-06-03 09:02:05
Ошибка cURL: OpenSSL SSL_connect: SSL_ERROR_SYSCALL in connection to graph.facebook.com:443  | Код: 35 | HTTP Code: 0 - 2025-06-03 09:02:12
Ошибка cURL: OpenSSL SSL_connect: SSL_ERROR_SYSCALL in connection to graph.facebook.com:443  | Код: 35 | HTTP Code: 0 - 2025-06-03 09:02:20
Ошибка cURL: OpenSSL SSL_connect: SSL_ERROR_SYSCALL in connection to graph.facebook.com:443  | Код: 35 | HTTP Code: 0 - 2025-06-03 09:02:26
Ошибка cURL: OpenSSL SSL_connect: SSL_ERROR_SYSCALL in connection to graph.facebook.com:443  | Код: 35 | HTTP Code: 0 - 2025-06-03 09:03:23
Ошибка cURL: OpenSSL SSL_connect: SSL_ERROR_SYSCALL in connection to graph.facebook.com:443  | Код: 35 | HTTP Code: 0 - 2025-06-03 09:03:34
Ошибка cURL: OpenSSL SSL_connect: SSL_ERROR_SYSCALL in connection to graph.facebook.com:443  | Код: 35 | HTTP Code: 0 - 2025-06-03 09:21:30
Ошибка cURL: OpenSSL SSL_connect: SSL_ERROR_SYSCALL in connection to graph.facebook.com:443  | Код: 35 | HTTP Code: 0 - 2025-06-03 09:21:51
Ошибка cURL: OpenSSL SSL_connect: SSL_ERROR_SYSCALL in connection to graph.facebook.com:443  | Код: 35 | HTTP Code: 0 - 2025-06-03 09:22:19
Ошибка cURL: OpenSSL SSL_connect: SSL_ERROR_SYSCALL in connection to graph.facebook.com:443  | Код: 35 | HTTP Code: 0 - 2025-06-03 09:23:16
Ошибка cURL: OpenSSL SSL_connect: SSL_ERROR_SYSCALL in connection to graph.facebook.com:443  | Код: 35 | HTTP Code: 0 - 2025-06-03 09:23:24
Ошибка cURL: OpenSSL SSL_connect: SSL_ERROR_SYSCALL in connection to graph.facebook.com:443  | Код: 35 | HTTP Code: 0 - 2025-06-03 09:23:29
Ошибка cURL: OpenSSL SSL_connect: SSL_ERROR_SYSCALL in connection to graph.facebook.com:443  | Код: 35 | HTTP Code: 0 - 2025-06-03 09:23:34
Ошибка cURL: OpenSSL SSL_connect: SSL_ERROR_SYSCALL in connection to graph.facebook.com:443  | Код: 35 | HTTP Code: 0 - 2025-06-03 09:23:38
Ошибка cURL: OpenSSL SSL_connect: SSL_ERROR_SYSCALL in connection to graph.facebook.com:443  | Код: 35 | HTTP Code: 0 - 2025-06-03 09:23:44
Ошибка cURL: OpenSSL SSL_connect: SSL_ERROR_SYSCALL in connection to graph.facebook.com:443  | Код: 35 | HTTP Code: 0 - 2025-06-03 09:23:58
Ошибка cURL: OpenSSL SSL_connect: SSL_ERROR_SYSCALL in connection to graph.facebook.com:443  | Код: 35 | HTTP Code: 0 - 2025-06-03 09:24:13
Ошибка cURL: OpenSSL SSL_connect: SSL_ERROR_SYSCALL in connection to graph.facebook.com:443  | Код: 35 | HTTP Code: 0 - 2025-06-03 09:25:58
Ошибка cURL: OpenSSL SSL_connect: SSL_ERROR_SYSCALL in connection to graph.facebook.com:443  | Код: 35 | HTTP Code: 0 - 2025-06-03 18:23:22
Ошибка cURL: OpenSSL SSL_connect: SSL_ERROR_SYSCALL in connection to graph.facebook.com:443  | Код: 35 | HTTP Code: 0 - 2025-06-03 18:27:12
Ошибка cURL: OpenSSL SSL_connect: SSL_ERROR_SYSCALL in connection to graph.facebook.com:443  | Код: 35 | HTTP Code: 0 - 2025-06-03 18:32:24
Ошибка cURL: OpenSSL SSL_connect: SSL_ERROR_SYSCALL in connection to graph.facebook.com:443  | Код: 35 | HTTP Code: 0 - 2025-06-03 18:32:29
Ошибка cURL: OpenSSL SSL_connect: SSL_ERROR_SYSCALL in connection to graph.facebook.com:443  | Код: 35 | HTTP Code: 0 - 2025-06-03 18:32:37
Ошибка cURL: OpenSSL SSL_connect: SSL_ERROR_SYSCALL in connection to graph.facebook.com:443  | Код: 35 | HTTP Code: 0 - 2025-06-03 19:15:14
Ошибка cURL: OpenSSL SSL_connect: SSL_ERROR_SYSCALL in connection to graph.facebook.com:443  | Код: 35 | HTTP Code: 0 - 2025-06-03 19:15:37
Ошибка cURL: OpenSSL SSL_connect: SSL_ERROR_SYSCALL in connection to graph.facebook.com:443  | Код: 35 | HTTP Code: 0 - 2025-06-03 19:43:45
Ошибка cURL: OpenSSL SSL_connect: SSL_ERROR_SYSCALL in connection to graph.facebook.com:443  | Код: 35 | HTTP Code: 0 - 2025-06-03 19:44:12
Ошибка cURL: OpenSSL SSL_connect: SSL_ERROR_SYSCALL in connection to graph.facebook.com:443  | Код: 35 | HTTP Code: 0 - 2025-06-03 19:44:18
Ошибка cURL: OpenSSL SSL_connect: SSL_ERROR_SYSCALL in connection to graph.facebook.com:443  | Код: 35 | HTTP Code: 0 - 2025-06-03 19:44:26
Ошибка cURL: OpenSSL SSL_connect: SSL_ERROR_SYSCALL in connection to graph.facebook.com:443  | Код: 35 | HTTP Code: 0 - 2025-06-03 19:51:25
Ошибка cURL: OpenSSL SSL_connect: SSL_ERROR_SYSCALL in connection to graph.facebook.com:443  | Код: 35 | HTTP Code: 0 - 2025-06-03 19:51:33
Ошибка cURL: OpenSSL SSL_connect: SSL_ERROR_SYSCALL in connection to graph.facebook.com:443  | Код: 35 | HTTP Code: 0 - 2025-06-03 19:51:54
Ошибка cURL: OpenSSL SSL_connect: SSL_ERROR_SYSCALL in connection to graph.facebook.com:443  | Код: 35 | HTTP Code: 0 - 2025-06-03 19:55:54
Ошибка cURL: OpenSSL SSL_connect: SSL_ERROR_SYSCALL in connection to graph.facebook.com:443  | Код: 35 | HTTP Code: 0 - 2025-06-03 19:56:02
Ошибка cURL: OpenSSL SSL_connect: SSL_ERROR_SYSCALL in connection to graph.facebook.com:443  | Код: 35 | HTTP Code: 0 - 2025-06-03 19:56:22
Ошибка cURL: OpenSSL SSL_connect: SSL_ERROR_SYSCALL in connection to graph.facebook.com:443  | Код: 35 | HTTP Code: 0 - 2025-06-03 19:56:27
Ошибка cURL: OpenSSL SSL_connect: SSL_ERROR_SYSCALL in connection to graph.facebook.com:443  | Код: 35 | HTTP Code: 0 - 2025-06-03 19:56:36
Ошибка cURL: OpenSSL SSL_connect: SSL_ERROR_SYSCALL in connection to graph.facebook.com:443  | Код: 35 | HTTP Code: 0 - 2025-06-03 19:56:47
Ошибка cURL: OpenSSL SSL_connect: SSL_ERROR_SYSCALL in connection to graph.facebook.com:443  | Код: 35 | HTTP Code: 0 - 2025-06-03 19:56:55
Ошибка cURL: OpenSSL SSL_connect: SSL_ERROR_SYSCALL in connection to graph.facebook.com:443  | Код: 35 | HTTP Code: 0 - 2025-06-03 19:57:47
Ошибка cURL: OpenSSL SSL_connect: SSL_ERROR_SYSCALL in connection to graph.facebook.com:443  | Код: 35 | HTTP Code: 0 - 2025-06-03 19:58:09
Ошибка cURL: OpenSSL SSL_connect: SSL_ERROR_SYSCALL in connection to graph.facebook.com:443  | Код: 35 | HTTP Code: 0 - 2025-06-03 19:58:20
Ошибка cURL: OpenSSL SSL_connect: SSL_ERROR_SYSCALL in connection to graph.facebook.com:443  | Код: 35 | HTTP Code: 0 - 2025-06-03 19:58:32
Ошибка cURL: OpenSSL SSL_connect: SSL_ERROR_SYSCALL in connection to graph.facebook.com:443  | Код: 35 | HTTP Code: 0 - 2025-06-03 19:58:57
Ошибка cURL: OpenSSL SSL_connect: SSL_ERROR_SYSCALL in connection to graph.facebook.com:443  | Код: 35 | HTTP Code: 0 - 2025-06-03 20:00:07
Ошибка cURL: OpenSSL SSL_connect: SSL_ERROR_SYSCALL in connection to graph.facebook.com:443  | Код: 35 | HTTP Code: 0 - 2025-06-03 20:01:01
Ошибка cURL: OpenSSL SSL_connect: SSL_ERROR_SYSCALL in connection to graph.facebook.com:443  | Код: 35 | HTTP Code: 0 - 2025-06-03 20:01:08
Ошибка cURL: OpenSSL SSL_connect: SSL_ERROR_SYSCALL in connection to graph.facebook.com:443  | Код: 35 | HTTP Code: 0 - 2025-06-03 20:01:32
Ошибка cURL: OpenSSL SSL_connect: SSL_ERROR_SYSCALL in connection to graph.facebook.com:443  | Код: 35 | HTTP Code: 0 - 2025-06-03 20:02:15
Ошибка cURL: OpenSSL SSL_connect: SSL_ERROR_SYSCALL in connection to graph.facebook.com:443  | Код: 35 | HTTP Code: 0 - 2025-06-03 20:02:24
Ошибка cURL: OpenSSL SSL_connect: SSL_ERROR_SYSCALL in connection to graph.facebook.com:443  | Код: 35 | HTTP Code: 0 - 2025-06-03 20:02:31
Ошибка cURL: OpenSSL SSL_connect: SSL_ERROR_SYSCALL in connection to graph.facebook.com:443  | Код: 35 | HTTP Code: 0 - 2025-06-03 20:02:37
Ошибка cURL: OpenSSL SSL_connect: SSL_ERROR_SYSCALL in connection to graph.facebook.com:443  | Код: 35 | HTTP Code: 0 - 2025-06-03 20:02:46
Ошибка cURL: OpenSSL SSL_connect: SSL_ERROR_SYSCALL in connection to graph.facebook.com:443  | Код: 35 | HTTP Code: 0 - 2025-06-03 20:02:51
Ошибка cURL: OpenSSL SSL_connect: SSL_ERROR_SYSCALL in connection to graph.facebook.com:443  | Код: 35 | HTTP Code: 0 - 2025-06-03 20:02:57
Ошибка cURL: OpenSSL SSL_connect: SSL_ERROR_SYSCALL in connection to graph.facebook.com:443  | Код: 35 | HTTP Code: 0 - 2025-06-03 20:07:19
Ошибка cURL: OpenSSL SSL_connect: SSL_ERROR_SYSCALL in connection to graph.facebook.com:443  | Код: 35 | HTTP Code: 0 - 2025-06-03 20:07:39
Ошибка cURL: OpenSSL SSL_connect: SSL_ERROR_SYSCALL in connection to graph.facebook.com:443  | Код: 35 | HTTP Code: 0 - 2025-06-03 20:22:08
Ошибка cURL: OpenSSL SSL_connect: SSL_ERROR_SYSCALL in connection to graph.facebook.com:443  | Код: 35 | HTTP Code: 0 - 2025-06-03 20:22:38
Ошибка cURL: OpenSSL SSL_connect: SSL_ERROR_SYSCALL in connection to graph.facebook.com:443  | Код: 35 | HTTP Code: 0 - 2025-06-03 20:22:43
Ошибка cURL: OpenSSL SSL_connect: SSL_ERROR_SYSCALL in connection to graph.facebook.com:443  | Код: 35 | HTTP Code: 0 - 2025-06-03 20:22:45
Ошибка cURL: OpenSSL SSL_connect: SSL_ERROR_SYSCALL in connection to graph.facebook.com:443  | Код: 35 | HTTP Code: 0 - 2025-06-03 20:22:50
Ошибка cURL: OpenSSL SSL_connect: SSL_ERROR_SYSCALL in connection to graph.facebook.com:443  | Код: 35 | HTTP Code: 0 - 2025-06-03 20:22:58
Ошибка cURL: OpenSSL SSL_connect: SSL_ERROR_SYSCALL in connection to graph.facebook.com:443  | Код: 35 | HTTP Code: 0 - 2025-06-03 20:23:47
Ошибка cURL: OpenSSL SSL_connect: SSL_ERROR_SYSCALL in connection to graph.facebook.com:443  | Код: 35 | HTTP Code: 0 - 2025-06-03 20:23:51
Ошибка cURL: OpenSSL SSL_connect: SSL_ERROR_SYSCALL in connection to graph.facebook.com:443  | Код: 35 | HTTP Code: 0 - 2025-06-03 20:24:45
Ошибка cURL: OpenSSL SSL_connect: SSL_ERROR_SYSCALL in connection to graph.facebook.com:443  | Код: 35 | HTTP Code: 0 - 2025-06-03 20:30:02
Ошибка cURL: OpenSSL SSL_connect: SSL_ERROR_SYSCALL in connection to graph.facebook.com:443  | Код: 35 | HTTP Code: 0 - 2025-06-03 20:30:24
Ошибка cURL: OpenSSL SSL_connect: SSL_ERROR_SYSCALL in connection to graph.facebook.com:443  | Код: 35 | HTTP Code: 0 - 2025-06-03 20:31:41
Ошибка cURL: OpenSSL SSL_connect: SSL_ERROR_SYSCALL in connection to graph.facebook.com:443  | Код: 35 | HTTP Code: 0 - 2025-06-03 20:34:26
Ошибка cURL: OpenSSL SSL_connect: SSL_ERROR_SYSCALL in connection to graph.facebook.com:443  | Код: 35 | HTTP Code: 0 - 2025-06-03 20:34:32
Ошибка cURL: OpenSSL SSL_connect: SSL_ERROR_SYSCALL in connection to graph.facebook.com:443  | Код: 35 | HTTP Code: 0 - 2025-06-03 20:34:39
Ошибка cURL: OpenSSL SSL_connect: SSL_ERROR_SYSCALL in connection to graph.facebook.com:443  | Код: 35 | HTTP Code: 0 - 2025-06-03 20:34:47
Успешный ответ: {"events_received":1,"messages":[],"fbtrace_id":"AuN2Xoofv8ZulOsBEHOqCu4"}
Ошибка cURL: OpenSSL SSL_connect: SSL_ERROR_SYSCALL in connection to graph.facebook.com:443  | Код: 35 | HTTP Code: 0 - 2025-06-09 16:21:00
Ошибка cURL: OpenSSL SSL_connect: SSL_ERROR_SYSCALL in connection to graph.facebook.com:443  | Код: 35 | HTTP Code: 0 - 2025-06-09 21:07:53
Ошибка cURL: OpenSSL SSL_connect: SSL_ERROR_SYSCALL in connection to graph.facebook.com:443  | Код: 35 | HTTP Code: 0 - 2025-06-09 21:08:03
Ошибка cURL: OpenSSL SSL_connect: SSL_ERROR_SYSCALL in connection to graph.facebook.com:443  | Код: 35 | HTTP Code: 0 - 2025-06-09 21:35:54
Ошибка cURL: OpenSSL SSL_connect: SSL_ERROR_SYSCALL in connection to graph.facebook.com:443  | Код: 35 | HTTP Code: 0 - 2025-06-09 21:35:57
Ошибка cURL: OpenSSL SSL_connect: SSL_ERROR_SYSCALL in connection to graph.facebook.com:443  | Код: 35 | HTTP Code: 0 - 2025-06-09 21:35:59
Ошибка cURL: OpenSSL SSL_connect: SSL_ERROR_SYSCALL in connection to graph.facebook.com:443  | Код: 35 | HTTP Code: 0 - 2025-06-10 04:30:37
Ошибка cURL: OpenSSL SSL_connect: SSL_ERROR_SYSCALL in connection to graph.facebook.com:443  | Код: 35 | HTTP Code: 0 - 2025-06-10 08:04:42
Ошибка cURL: OpenSSL SSL_connect: SSL_ERROR_SYSCALL in connection to graph.facebook.com:443  | Код: 35 | HTTP Code: 0 - 2025-06-10 08:04:44
Ошибка cURL: OpenSSL SSL_connect: SSL_ERROR_SYSCALL in connection to graph.facebook.com:443  | Код: 35 | HTTP Code: 0 - 2025-06-10 08:04:47
Ошибка cURL: OpenSSL SSL_connect: SSL_ERROR_SYSCALL in connection to graph.facebook.com:443  | Код: 35 | HTTP Code: 0 - 2025-06-11 18:58:45
Ошибка cURL: OpenSSL SSL_connect: SSL_ERROR_SYSCALL in connection to graph.facebook.com:443  | Код: 35 | HTTP Code: 0 - 2025-06-11 18:59:16
Ошибка cURL: OpenSSL SSL_connect: SSL_ERROR_SYSCALL in connection to graph.facebook.com:443  | Код: 35 | HTTP Code: 0 - 2025-06-11 18:59:22
Ошибка cURL: OpenSSL SSL_connect: SSL_ERROR_SYSCALL in connection to graph.facebook.com:443  | Код: 35 | HTTP Code: 0 - 2025-06-11 18:59:28
Ошибка cURL: OpenSSL SSL_connect: SSL_ERROR_SYSCALL in connection to graph.facebook.com:443  | Код: 35 | HTTP Code: 0 - 2025-06-11 18:59:35
Ошибка cURL: OpenSSL SSL_connect: SSL_ERROR_SYSCALL in connection to graph.facebook.com:443  | Код: 35 | HTTP Code: 0 - 2025-06-11 22:55:42
Ошибка cURL: OpenSSL SSL_connect: SSL_ERROR_SYSCALL in connection to graph.facebook.com:443  | Код: 35 | HTTP Code: 0 - 2025-06-12 18:49:10
Успешный ответ: {"events_received":1,"messages":[],"fbtrace_id":"Ax_sHu70aKqctZdTzgLSiZ9"}
Ошибка cURL: OpenSSL SSL_connect: SSL_ERROR_SYSCALL in connection to graph.facebook.com:443  | Код: 35 | HTTP Code: 0 - 2025-06-13 10:23:43
Ошибка cURL: OpenSSL SSL_connect: SSL_ERROR_SYSCALL in connection to graph.facebook.com:443  | Код: 35 | HTTP Code: 0 - 2025-06-13 10:23:48
Ошибка cURL: OpenSSL SSL_connect: SSL_ERROR_SYSCALL in connection to graph.facebook.com:443  | Код: 35 | HTTP Code: 0 - 2025-06-13 18:05:08
Ошибка cURL: OpenSSL SSL_connect: SSL_ERROR_SYSCALL in connection to graph.facebook.com:443  | Код: 35 | HTTP Code: 0 - 2025-06-13 21:31:34
Ошибка cURL: OpenSSL SSL_connect: SSL_ERROR_SYSCALL in connection to graph.facebook.com:443  | Код: 35 | HTTP Code: 0 - 2025-06-13 21:31:38
Ошибка cURL: OpenSSL SSL_connect: SSL_ERROR_SYSCALL in connection to graph.facebook.com:443  | Код: 35 | HTTP Code: 0 - 2025-06-14 00:03:01
Ошибка cURL: OpenSSL SSL_connect: SSL_ERROR_SYSCALL in connection to graph.facebook.com:443  | Код: 35 | HTTP Code: 0 - 2025-06-15 04:02:07
Ошибка cURL: OpenSSL SSL_connect: SSL_ERROR_SYSCALL in connection to graph.facebook.com:443  | Код: 35 | HTTP Code: 0 - 2025-06-16 08:53:02
Ошибка cURL: OpenSSL SSL_connect: SSL_ERROR_SYSCALL in connection to graph.facebook.com:443  | Код: 35 | HTTP Code: 0 - 2025-06-16 10:33:34
Ошибка cURL: OpenSSL SSL_connect: SSL_ERROR_SYSCALL in connection to graph.facebook.com:443  | Код: 35 | HTTP Code: 0 - 2025-06-17 09:00:37
Ошибка cURL: OpenSSL SSL_connect: SSL_ERROR_SYSCALL in connection to graph.facebook.com:443  | Код: 35 | HTTP Code: 0 - 2025-06-17 09:00:39
Ошибка cURL: OpenSSL SSL_connect: SSL_ERROR_SYSCALL in connection to graph.facebook.com:443  | Код: 35 | HTTP Code: 0 - 2025-06-17 09:00:52
Ошибка cURL: OpenSSL SSL_connect: SSL_ERROR_SYSCALL in connection to graph.facebook.com:443  | Код: 35 | HTTP Code: 0 - 2025-06-17 09:18:24
Ошибка cURL: OpenSSL SSL_connect: SSL_ERROR_SYSCALL in connection to graph.facebook.com:443  | Код: 35 | HTTP Code: 0 - 2025-06-17 09:31:48
Ошибка cURL: OpenSSL SSL_connect: SSL_ERROR_SYSCALL in connection to graph.facebook.com:443  | Код: 35 | HTTP Code: 0 - 2025-06-17 23:46:13
Ошибка cURL: Operation timed out after 10001 milliseconds with 0 out of 0 bytes received | Код: 28 | HTTP Code: 0 - 2025-06-18 18:49:43
Успешный ответ: {"events_received":1,"messages":[],"fbtrace_id":"ASsjw1MU-Y3rWYnkpN5Wuk7"}
Успешный ответ: {"events_received":1,"messages":[],"fbtrace_id":"AHINZ98aUMfpwWgJMw8EEB_"}
Успешный ответ: {"events_received":1,"messages":[],"fbtrace_id":"A--DfAkltwbzpF1EVwffOPq"}
Успешный ответ: {"events_received":1,"messages":[],"fbtrace_id":"AZj7g8uyT1Xk92d2Jo_E7q_"}
Успешный ответ: {"events_received":1,"messages":[],"fbtrace_id":"AwqTW5mFBdEMQXNd6LuLX-k"}
Успешный ответ: {"events_received":1,"messages":[],"fbtrace_id":"AGNraQ0POeV9_30VSm7pJlI"}
Успешный ответ: {"events_received":1,"messages":[],"fbtrace_id":"A8SAIz-0Bb6Yhh4V1CHJHd2"}
Успешный ответ: {"events_received":1,"messages":[],"fbtrace_id":"AN6qUH9SVo2ttKpyxfdHw_s"}
Успешный ответ: {"events_received":1,"messages":[],"fbtrace_id":"A-S9x-44wgPPURQdx72p6A2"}
Успешный ответ: {"events_received":1,"messages":[],"fbtrace_id":"A5UrLzRay9xxKUj6msXveZb"}
Успешный ответ: {"events_received":1,"messages":[],"fbtrace_id":"AIIDsXkyJluG5KTB5EoK7yM"}
Успешный ответ: {"events_received":1,"messages":[],"fbtrace_id":"A0BCNTGVg0KT7rJI7NaEelQ"}
Успешный ответ: {"events_received":1,"messages":[],"fbtrace_id":"A5RlPx47xJVidgcTHjTr93J"}
Успешный ответ: {"events_received":1,"messages":[],"fbtrace_id":"AdXBVwz0J_EwLAuDhn6oCXq"}
Успешный ответ: {"events_received":1,"messages":[],"fbtrace_id":"Ar4lY0PnHx4hkQvgzec7XKG"}
Успешный ответ: {"events_received":1,"messages":[],"fbtrace_id":"AHGGoglxE8ajA7OeIUEcXIP"}
Успешный ответ: {"events_received":1,"messages":[],"fbtrace_id":"A0ogFwkuYS13xd-iE0fME89"}
Успешный ответ: {"events_received":1,"messages":[],"fbtrace_id":"AQ7buQ5HieBiVvRnVbwQGwM"}
Успешный ответ: {"events_received":1,"messages":[],"fbtrace_id":"Ah2P4iG7UKU1JDLmDdBfDcx"}
Успешный ответ: {"events_received":1,"messages":[],"fbtrace_id":"AP_UOKPTuV6C2VvHKrsGK4f"}
Успешный ответ: {"events_received":1,"messages":[],"fbtrace_id":"AeV4Zzo0-G5odteff0OteTg"}
Успешный ответ: {"events_received":1,"messages":[],"fbtrace_id":"AQnQ7jZ_EevHikdTc5CVApv"}
Успешный ответ: {"events_received":1,"messages":[],"fbtrace_id":"AjXTeMjKjj-Gm_NSgSa3cOd"}
Успешный ответ: {"events_received":1,"messages":[],"fbtrace_id":"A6umV0Bbq1FTWq0kygybYV-"}
Успешный ответ: {"events_received":1,"messages":[],"fbtrace_id":"AE3e40Wf3Fbgp4StTstEm6e"}
Успешный ответ: {"events_received":1,"messages":[],"fbtrace_id":"ApujRcupnNVuYnEjes4HIga"}
Успешный ответ: {"events_received":1,"messages":[],"fbtrace_id":"A0N5r36iq1tDXOKSP7vfkXm"}
Успешный ответ: {"events_received":1,"messages":[],"fbtrace_id":"ArBvTi6U77rQPSjTHVWKVNh"}
Успешный ответ: {"events_received":1,"messages":[],"fbtrace_id":"AAd7iUDBIwUegyUXuNEeyLW"}
Успешный ответ: {"events_received":1,"messages":[],"fbtrace_id":"A2QoaFKN65AZC81VoBuFRuc"}
Успешный ответ: {"events_received":1,"messages":[],"fbtrace_id":"A7hlOVHGgPUsfJFZ3-a53uC"}
Успешный ответ: {"events_received":1,"messages":[],"fbtrace_id":"AMR4F6n_vU6DHmTDIJche3X"}
Успешный ответ: {"events_received":1,"messages":[],"fbtrace_id":"AYiAatJY2y4sEOtl76Tb8WT"}
Успешный ответ: {"events_received":1,"messages":[],"fbtrace_id":"ARejU6kaihvJAmzJSRPQfNr"}
Успешный ответ: {"events_received":1,"messages":[],"fbtrace_id":"AcUKMDMiKxKZLOqp6Aho5U8"}
Успешный ответ: {"events_received":1,"messages":[],"fbtrace_id":"AsCbKJagaPmYIxtL0VNgsJB"}
Успешный ответ: {"events_received":1,"messages":[],"fbtrace_id":"AFRn26MtEZrSB6Qfy9434cY"}
Успешный ответ: {"events_received":1,"messages":[],"fbtrace_id":"AoHP2sNFI7xM99OIO85jsXg"}
Успешный ответ: {"events_received":1,"messages":[],"fbtrace_id":"AL3IkEZ5LrxumzIOL13YOft"}
Успешный ответ: {"events_received":1,"messages":[],"fbtrace_id":"AwmynyJm4P_LdGPAp0bD4BB"}
Успешный ответ: {"events_received":1,"messages":[],"fbtrace_id":"AajrYc52nSEyaPjC2OfoxDP"}
Успешный ответ: {"events_received":1,"messages":[],"fbtrace_id":"A25MJc6RRWPk8cS6N_w6-F3"}
Успешный ответ: {"events_received":1,"messages":[],"fbtrace_id":"A8taC2ldh2t2Bos1G862JcG"}
Успешный ответ: {"events_received":1,"messages":[],"fbtrace_id":"Aai6c0Yc8Y5PMt413qi_hnR"}
Успешный ответ: {"events_received":1,"messages":[],"fbtrace_id":"AGcsC2-viub5tGH-Bia5yLv"}
Успешный ответ: {"events_received":1,"messages":[],"fbtrace_id":"A8Gb7jRu-Z6wSMmm7qBeDkL"}
Успешный ответ: {"events_received":1,"messages":[],"fbtrace_id":"AuYX1K6Kew2HOMFM8KCoeSR"}
Успешный ответ: {"events_received":1,"messages":[],"fbtrace_id":"AzlHSRcM53T4N_ilWC6E0rW"}
Успешный ответ: {"events_received":1,"messages":[],"fbtrace_id":"Ackr9zjnqKFadZQUAc9NR8h"}
Успешный ответ: {"events_received":1,"messages":[],"fbtrace_id":"AILRXLaAjOrlnp_4gMXtAwM"}
Успешный ответ: {"events_received":1,"messages":[],"fbtrace_id":"AMsCBgikECnrxmrN7PAckrK"}
Успешный ответ: {"events_received":1,"messages":[],"fbtrace_id":"ARaLbwPIHKxESZHMWD5ug0R"}
Успешный ответ: {"events_received":1,"messages":[],"fbtrace_id":"AEPA3dA0z1TPl_TBBzR_x6W"}
Успешный ответ: {"events_received":1,"messages":[],"fbtrace_id":"A1VXbtL32N4ABLdQgLPeS_8"}
Успешный ответ: {"events_received":1,"messages":[],"fbtrace_id":"AtWIxupsBQqRa3TJ4VUTvic"}
Успешный ответ: {"events_received":1,"messages":[],"fbtrace_id":"A9uyaG0oNUxA1pZFAoM9R4u"}
Успешный ответ: {"events_received":1,"messages":[],"fbtrace_id":"AszVEDmZxkKX859fLiJSg8G"}
Успешный ответ: {"events_received":1,"messages":[],"fbtrace_id":"A-WgzBST0xw-9yZ-e0SfaPb"}
Успешный ответ: {"events_received":1,"messages":[],"fbtrace_id":"A9Ur_dlKbo22zDN_uZ1-_LM"}
Успешный ответ: {"events_received":1,"messages":[],"fbtrace_id":"AKBW00MGZ7bbaFH9swiSzdy"}
Успешный ответ: {"events_received":1,"messages":[],"fbtrace_id":"ARhlk-4r885GbG-ii9e45_q"}
Успешный ответ: {"events_received":1,"messages":[],"fbtrace_id":"AN6NuYR0H4qjYF46yA1Dslr"}
Успешный ответ: {"events_received":1,"messages":[],"fbtrace_id":"ASZ9H5U6yVJVqz1UDhQ_5nF"}
Успешный ответ: {"events_received":1,"messages":[],"fbtrace_id":"AKxKJtNk290iFxFjfl3XQ3U"}
Успешный ответ: {"events_received":1,"messages":[],"fbtrace_id":"ARe6At41132P65068sR5YRp"}
Успешный ответ: {"events_received":1,"messages":[],"fbtrace_id":"ASrDPLsAD6EXDnCFGr8pOl3"}
Успешный ответ: {"events_received":1,"messages":[],"fbtrace_id":"AyWK_JKkQB4DeZ_p9toOdHt"}
Успешный ответ: {"events_received":1,"messages":[],"fbtrace_id":"A4mZegmCFzXAgXo0478-8EF"}
Успешный ответ: {"events_received":1,"messages":[],"fbtrace_id":"ASzJlNtnBlFp3-drvut7fCf"}
Успешный ответ: {"events_received":1,"messages":[],"fbtrace_id":"A4VTRaSY7-oeARP74vqVLBk"}
Успешный ответ: {"events_received":1,"messages":[],"fbtrace_id":"Aru2dnwU0-ioVkW2YwGT6UT"}
Успешный ответ: {"events_received":1,"messages":[],"fbtrace_id":"Ae_45Ec6yu0dWugbtSBsxfO"}
Успешный ответ: {"events_received":1,"messages":[],"fbtrace_id":"AtEwHWPCgfi-YOoicWEfXf4"}
Успешный ответ: {"events_received":1,"messages":[],"fbtrace_id":"ABVjnIzedVvdHfSQYQHmcxf"}
Успешный ответ: {"events_received":1,"messages":[],"fbtrace_id":"AQzXdEogT4oqzt8cnviS0N5"}
Успешный ответ: {"events_received":1,"messages":[],"fbtrace_id":"AyBdMEy9wJgJoZSu5DYHV8S"}
Успешный ответ: {"events_received":1,"messages":[],"fbtrace_id":"A4DasOrfXEmHR_ZCJSAefwq"}
Успешный ответ: {"events_received":1,"messages":[],"fbtrace_id":"AxTmvE4k0dptmBx7C-WtQfg"}
Успешный ответ: {"events_received":1,"messages":[],"fbtrace_id":"Ae5HPn5byeeyn_7IscZyWf1"}
Успешный ответ: {"events_received":1,"messages":[],"fbtrace_id":"AuOkAA5YZ9cHIQeJ6kGswji"}
Успешный ответ: {"events_received":1,"messages":[],"fbtrace_id":"ACxEYchikZwxhtVEbzfRQaQ"}
Успешный ответ: {"events_received":1,"messages":[],"fbtrace_id":"AN14jRDvHOvnamtH_dpl4Qw"}
Успешный ответ: {"events_received":1,"messages":[],"fbtrace_id":"AbzhqASy7HxpfE7hPGHWyDI"}
Успешный ответ: {"events_received":1,"messages":[],"fbtrace_id":"AOYnvljYnM6gRtghalkWeEt"}
Успешный ответ: {"events_received":1,"messages":[],"fbtrace_id":"AwSKlNX5sC54m76XPgMSS5-"}
Успешный ответ: {"events_received":1,"messages":[],"fbtrace_id":"AuN9GCvHpYlZX3hIgHLDDt3"}
Успешный ответ: {"events_received":1,"messages":[],"fbtrace_id":"ABHGqWL6cvSdqHiNeGfq-MX"}
Успешный ответ: {"events_received":1,"messages":[],"fbtrace_id":"AORxzosSmIhjixMrTIAHpMX"}
Успешный ответ: {"events_received":1,"messages":[],"fbtrace_id":"AAOVQe36t30nKgQDbMKWi1A"}
Успешный ответ: {"events_received":1,"messages":[],"fbtrace_id":"AlsNmH4BgKx6dGqaUlNA6fO"}
Успешный ответ: {"events_received":1,"messages":[],"fbtrace_id":"A8IlYU9jc-RdrBSGM_5Gac-"}
Успешный ответ: {"events_received":1,"messages":[],"fbtrace_id":"ABZyCcNTUABl2SPd7pQKGko"}
Успешный ответ: {"events_received":1,"messages":[],"fbtrace_id":"AMRY-Jt1rw2x5vUs6tDI4MS"}
Успешный ответ: {"events_received":1,"messages":[],"fbtrace_id":"AY4ye7tQYVGlIvoCsU_ytWp"}
Успешный ответ: {"events_received":1,"messages":[],"fbtrace_id":"AaTWrc6dAwU_HS9zfQuVspS"}
Успешный ответ: {"events_received":1,"messages":[],"fbtrace_id":"AjQ_NwFUk35LFHufzKcsGXi"}
Успешный ответ: {"events_received":1,"messages":[],"fbtrace_id":"A3C0H6-GM8zsNdIil7oy4KQ"}
Успешный ответ: {"events_received":1,"messages":[],"fbtrace_id":"AaUDlNjJes-JchDIbmz2-21"}
Успешный ответ: {"events_received":1,"messages":[],"fbtrace_id":"AUE446wZtyaB-_1u5IXLI9m"}
Успешный ответ: {"events_received":1,"messages":[],"fbtrace_id":"AxJduMwknPelWNVpiNZDyDi"}
Успешный ответ: {"events_received":1,"messages":[],"fbtrace_id":"AOHCa6C8p7OspXp_J7SjmDG"}
Успешный ответ: {"events_received":1,"messages":[],"fbtrace_id":"AD2kzF1c5u0pEGi9IdMUwzR"}
Успешный ответ: {"events_received":1,"messages":[],"fbtrace_id":"ACeP2LXQCxsMhQ7OL0VeDPr"}
Успешный ответ: {"events_received":1,"messages":[],"fbtrace_id":"ASbsTzDzi1jZABzgQSqY38J"}
Успешный ответ: {"events_received":1,"messages":[],"fbtrace_id":"A6D7DlCRAAPIBi7ep2hIqQh"}
Успешный ответ: {"events_received":1,"messages":[],"fbtrace_id":"Are7VRFklHEPrceF6L3E0Gt"}
Успешный ответ: {"events_received":1,"messages":[],"fbtrace_id":"AZjypCr_b4bC1_cQ5FR68YA"}
Успешный ответ: {"events_received":1,"messages":[],"fbtrace_id":"AO3gMSH9NaKyJLjpwa_dSOs"}
Успешный ответ: {"events_received":1,"messages":[],"fbtrace_id":"AxwP5-YLO2Wl-dsiUw6A2wL"}
Успешный ответ: {"events_received":1,"messages":[],"fbtrace_id":"A7MM5xTe0wWMTctYWuR4gsa"}
Успешный ответ: {"events_received":1,"messages":[],"fbtrace_id":"AXnehMLuRO1CHr078qhl9H1"}
Успешный ответ: {"events_received":1,"messages":[],"fbtrace_id":"AQERvT6eTuobcprmDKNccgX"}
Успешный ответ: {"events_received":1,"messages":[],"fbtrace_id":"AHAYWVkRpYM3NNDitqKBDEi"}
Успешный ответ: {"events_received":1,"messages":[],"fbtrace_id":"APFdHuh3D8UeDqUmNdvuQxW"}
Успешный ответ: {"events_received":1,"messages":[],"fbtrace_id":"A-iiWFhRHNxRAbSX7RaKxDY"}
Успешный ответ: {"events_received":1,"messages":[],"fbtrace_id":"AUqDjYjy7IlukqDJJgzaqHB"}
Успешный ответ: {"events_received":1,"messages":[],"fbtrace_id":"AzjmSikGIXDtl5CULFUQ_8s"}
Успешный ответ: {"events_received":1,"messages":[],"fbtrace_id":"AjdjXJ1lQacWzz4yQM5TCAc"}
Успешный ответ: {"events_received":1,"messages":[],"fbtrace_id":"AmoqXX22-wRU4fYNrCKjiVp"}
Успешный ответ: {"events_received":1,"messages":[],"fbtrace_id":"AEUxujtmgceNElS4yj5u0aC"}
Успешный ответ: {"events_received":1,"messages":[],"fbtrace_id":"AfrKo-LNuQyZ7ditvMD6muQ"}
Успешный ответ: {"events_received":1,"messages":[],"fbtrace_id":"APL4dUnKvDBKdWUmkvOzVUJ"}
Успешный ответ: {"events_received":1,"messages":[],"fbtrace_id":"AnhpNXZE8CZsT89XaBeyp5u"}
Успешный ответ: {"events_received":1,"messages":[],"fbtrace_id":"APXkXtbHIdhH2P3D_2XEdbm"}
Успешный ответ: {"events_received":1,"messages":[],"fbtrace_id":"AZ0uy3dY7siprWw0F-HHhmA"}
Успешный ответ: {"events_received":1,"messages":[],"fbtrace_id":"AY2AeaL8MBjvxq03gGBxAeD"}
Успешный ответ: {"events_received":1,"messages":[],"fbtrace_id":"AcOv_ofZLQvcpj5dgVXuoDy"}
Успешный ответ: {"events_received":1,"messages":[],"fbtrace_id":"AaZhAEkpKgEM6V0ddgmidNk"}
Успешный ответ: {"events_received":1,"messages":[],"fbtrace_id":"AT20L3Xnozn_LJhq_CPgF3J"}
Успешный ответ: {"events_received":1,"messages":[],"fbtrace_id":"AksElZtTYO-7jk1lkHe3t6-"}
Успешный ответ: {"events_received":1,"messages":[],"fbtrace_id":"Af_8OgSaGoiOzYWEwhhhGaG"}
Успешный ответ: {"events_received":1,"messages":[],"fbtrace_id":"AeLeT80oJV-kM1hZnOP51GW"}
Успешный ответ: {"events_received":1,"messages":[],"fbtrace_id":"Aif5P5Ew0rwqagSC45ARhVd"}
Успешный ответ: {"events_received":1,"messages":[],"fbtrace_id":"Av-I6osJPDkGqGxY4FeIU2p"}
Успешный ответ: {"events_received":1,"messages":[],"fbtrace_id":"ACkXKVBrUFTsMiAjX-pyZHM"}
Успешный ответ: {"events_received":1,"messages":[],"fbtrace_id":"AKBACp1CxAAc7uC9WJ0v-AZ"}
Успешный ответ: {"events_received":1,"messages":[],"fbtrace_id":"A-9qv4G1tJBG8gFgznBzWYk"}
Успешный ответ: {"events_received":1,"messages":[],"fbtrace_id":"AdydtDuWgL2ApQ7xmYVukxv"}
Успешный ответ: {"events_received":1,"messages":[],"fbtrace_id":"AJXzlvpa1fILkfCASrOJpPs"}
Успешный ответ: {"events_received":1,"messages":[],"fbtrace_id":"AyL0FpYZxsBIVFw_W_149cj"}
Успешный ответ: {"events_received":1,"messages":[],"fbtrace_id":"AFGuw4t-ooi3fNm7CmQwqIY"}
Успешный ответ: {"events_received":1,"messages":[],"fbtrace_id":"AHga8Uw003gchFQqY56MP5U"}
Успешный ответ: {"events_received":1,"messages":[],"fbtrace_id":"Aqfx7jzD3AfsPYrMmPEr9Qs"}
Успешный ответ: {"events_received":1,"messages":[],"fbtrace_id":"AMlKS72AGb9nzh9vEu0eyP_"}
Успешный ответ: {"events_received":1,"messages":[],"fbtrace_id":"AHNpqmbrkHJjkRcEeysXQKX"}
Успешный ответ: {"events_received":1,"messages":[],"fbtrace_id":"AlriXj6bAsk5Y6Rpo-RWtkE"}
Успешный ответ: {"events_received":1,"messages":[],"fbtrace_id":"AWJTyZmSnz4nZGRDdG1orul"}
Успешный ответ: {"events_received":1,"messages":[],"fbtrace_id":"AxjOBgJfO9UZrnER46tMOiF"}
Успешный ответ: {"events_received":1,"messages":[],"fbtrace_id":"A-XkFRV6pLgXwzG-W5ZwLgy"}
Успешный ответ: {"events_received":1,"messages":[],"fbtrace_id":"A9-AQCwukVB5XXSG4Y7FYnh"}
Успешный ответ: {"events_received":1,"messages":[],"fbtrace_id":"AEWVYnUsjl73tYiYN1NIW4Q"}
Успешный ответ: {"events_received":1,"messages":[],"fbtrace_id":"AN43vYMdbi9JJor8kh7SqAY"}
Успешный ответ: {"events_received":1,"messages":[],"fbtrace_id":"AFDWcc0Y2dWZ5a7AQS_Hw63"}
Успешный ответ: {"events_received":1,"messages":[],"fbtrace_id":"ASrrv74heTcblr0qoE-SHaq"}
Успешный ответ: {"events_received":1,"messages":[],"fbtrace_id":"AQ5Z7bQItPUuSgpojAUy9kw"}
Успешный ответ: {"events_received":1,"messages":[],"fbtrace_id":"AAcLjlY6lo1PsqH0Z4QjgKh"}
Успешный ответ: {"events_received":1,"messages":[],"fbtrace_id":"AXthchup7KauvU-pMcksCaw"}
Успешный ответ: {"events_received":1,"messages":[],"fbtrace_id":"AbjzSoBXIdLL5xlqE0r7iWp"}
Успешный ответ: {"events_received":1,"messages":[],"fbtrace_id":"A1eCypjjnXN2VWcvq6a674g"}
Успешный ответ: {"events_received":1,"messages":[],"fbtrace_id":"AqW3YaCucIIVbeihHccqPtH"}
Успешный ответ: {"events_received":1,"messages":[],"fbtrace_id":"AWFXZ3SfjI3mZzd7nToGD_s"}
Успешный ответ: {"events_received":1,"messages":[],"fbtrace_id":"ABgQr1hwQgpqcE9bNVfEM-A"}
Успешный ответ: {"events_received":1,"messages":[],"fbtrace_id":"ACa6l4PvSkWx30Lfl6sm1T-"}
Успешный ответ: {"events_received":1,"messages":[],"fbtrace_id":"AHwDYYyHuvCDAXbTrnYMZpK"}
Успешный ответ: {"events_received":1,"messages":[],"fbtrace_id":"AysiuBpP3tHDBZJU5OtcwfR"}
Успешный ответ: {"events_received":1,"messages":[],"fbtrace_id":"AMlxe44OD4_2xDzzoTOPBxZ"}
Успешный ответ: {"events_received":1,"messages":[],"fbtrace_id":"AdzrwTkPZJSxgadbM_mS6m1"}
Успешный ответ: {"events_received":1,"messages":[],"fbtrace_id":"AZN9RW7PkNWDlwLORfHpdoh"}
Успешный ответ: {"events_received":1,"messages":[],"fbtrace_id":"AZUnwqZW2rQaViPhrntiv6J"}
Успешный ответ: {"events_received":1,"messages":[],"fbtrace_id":"AZDRQ1to0ssTWXcOHgob086"}
Успешный ответ: {"events_received":1,"messages":[],"fbtrace_id":"AOw2JrGXmAxDYY37GEDnvsW"}
Успешный ответ: {"events_received":1,"messages":[],"fbtrace_id":"AQK9f66-RsVaAXHE7xSBdoT"}
Успешный ответ: {"events_received":1,"messages":[],"fbtrace_id":"AzmxV0T1hg5t6OjKpud8LoX"}
Успешный ответ: {"events_received":1,"messages":[],"fbtrace_id":"AoOzs71JkiCQ0th4Z8ULBeR"}
Успешный ответ: {"events_received":1,"messages":[],"fbtrace_id":"A13Vicc-YqXJR3xP9aKEPkW"}
Успешный ответ: {"events_received":1,"messages":[],"fbtrace_id":"AegEq6Zc_Z0I7180Wh5YWJI"}
Успешный ответ: {"events_received":1,"messages":[],"fbtrace_id":"A0t_wcMH_rVHuJsYqjeZx6M"}
Успешный ответ: {"events_received":1,"messages":[],"fbtrace_id":"Af31w0GRKl2CWsIVlaJqnaS"}
Успешный ответ: {"events_received":1,"messages":[],"fbtrace_id":"A7pvtvXsBDJ_bABkDU6ljcf"}
Успешный ответ: {"events_received":1,"messages":[],"fbtrace_id":"AxbrVmD6Qo3YtOR6VNDZ4o_"}
Успешный ответ: {"events_received":1,"messages":[],"fbtrace_id":"AAEU6sDvuN-jOvia9RuVAJf"}
Успешный ответ: {"events_received":1,"messages":[],"fbtrace_id":"A69nsc9E_FE4a9XAZxCT0lk"}
Успешный ответ: {"events_received":1,"messages":[],"fbtrace_id":"AQGYyZWOyea5Mxsqa_joYNs"}
Успешный ответ: {"events_received":1,"messages":[],"fbtrace_id":"A_Ddj8WHbhXPA_zE4WCCZnD"}
Успешный ответ: {"events_received":1,"messages":[],"fbtrace_id":"AwN4QcfAmRB32p-YfXHt1u1"}
Успешный ответ: {"events_received":1,"messages":[],"fbtrace_id":"AZyBu0uw4abDWVsViyDVzAV"}
Успешный ответ: {"events_received":1,"messages":[],"fbtrace_id":"AE8vne6Nx6FaJfVhI49Jsuj"}
Успешный ответ: {"events_received":1,"messages":[],"fbtrace_id":"AjNGW2cyKheD1OQ_DWVqJKJ"}
Успешный ответ: {"events_received":1,"messages":[],"fbtrace_id":"AWyDeos6l2eVjzn5XVnr-FE"}
Успешный ответ: {"events_received":1,"messages":[],"fbtrace_id":"A9ipkkmNgwghEvi_h32ISGs"}
Успешный ответ: {"events_received":1,"messages":[],"fbtrace_id":"A6VglfplO4thoD1aIhl_WPa"}
Успешный ответ: {"events_received":1,"messages":[],"fbtrace_id":"A40jBkJNH_Nq1pxb1FS4MP7"}
Успешный ответ: {"events_received":1,"messages":[],"fbtrace_id":"ATV4xvTi_xerhwQuviHXIgX"}
Успешный ответ: {"events_received":1,"messages":[],"fbtrace_id":"AJx4BPRxAZc4OSVVnKKOgMh"}
Успешный ответ: {"events_received":1,"messages":[],"fbtrace_id":"A2zbOnxDzpZ-fqwbAwRrCx4"}
Успешный ответ: {"events_received":1,"messages":[],"fbtrace_id":"ARhM2sel7IvmMopdc8hB6Px"}
Успешный ответ: {"events_received":1,"messages":[],"fbtrace_id":"AJy0-A3mIaYCBtfgLu3Gnad"}
Успешный ответ: {"events_received":1,"messages":[],"fbtrace_id":"Aag8aIZSP10kN7B61uXPFpb"}
Успешный ответ: {"events_received":1,"messages":[],"fbtrace_id":"AvEKKiJyNXBumpVYRfBUHQR"}
Успешный ответ: {"events_received":1,"messages":[],"fbtrace_id":"A2VZK-zmiL7KnMlxpck2ycW"}
Успешный ответ: {"events_received":1,"messages":[],"fbtrace_id":"AvqfWuRTdOAp1jlM3zHd_ty"}
Успешный ответ: {"events_received":1,"messages":[],"fbtrace_id":"ArFZs34CFe6LlOy37ca_jwL"}
Успешный ответ: {"events_received":1,"messages":[],"fbtrace_id":"AN9d7betCHW3Z9ClhEoAJLs"}
Успешный ответ: {"events_received":1,"messages":[],"fbtrace_id":"A67v2MKOUHAeKGYf5aFo4zC"}
Успешный ответ: {"events_received":1,"messages":[],"fbtrace_id":"AKLiDFrnRDnxjMnzDPjKtPO"}
Успешный ответ: {"events_received":1,"messages":[],"fbtrace_id":"AaYB597lBjN_DQzj7YTyLpt"}
Успешный ответ: {"events_received":1,"messages":[],"fbtrace_id":"AcxGCd8prsnGGvRB1M7K2LB"}
Успешный ответ: {"events_received":1,"messages":[],"fbtrace_id":"AtoIc4iYDOcAwzLiC7OBOeR"}
Успешный ответ: {"events_received":1,"messages":[],"fbtrace_id":"A36BSjlMS9K6llqGi5BUf8a"}
Успешный ответ: {"events_received":1,"messages":[],"fbtrace_id":"A0TLO3jLXrcXQJ5rhOOnk0F"}
Успешный ответ: {"events_received":1,"messages":[],"fbtrace_id":"A7APyrBPBIJU88JI8z1XF4d"}
Успешный ответ: {"events_received":1,"messages":[],"fbtrace_id":"Ae2t-DWxp9Ib-vC8kTE1uhj"}
Успешный ответ: {"events_received":1,"messages":[],"fbtrace_id":"AttIupe8UaXtsPlwU3KRzu6"}
Успешный ответ: {"events_received":1,"messages":[],"fbtrace_id":"AL0kDZlD2GxqjCWF-dt8Ge_"}
Успешный ответ: {"events_received":1,"messages":[],"fbtrace_id":"A47ObBtVCzYuzH2DTwxLBKh"}
Успешный ответ: {"events_received":1,"messages":[],"fbtrace_id":"ANaNYY3Kp7MKd3d4QODtnFv"}
Успешный ответ: {"events_received":1,"messages":[],"fbtrace_id":"A5G87-aVxdPALif4Bn9NK3z"}
Успешный ответ: {"events_received":1,"messages":[],"fbtrace_id":"A8YIbcs7oZdDNMDrdcFjqA2"}
Успешный ответ: {"events_received":1,"messages":[],"fbtrace_id":"Aoz0cKst08zcD8x_5T9N_x5"}
Успешный ответ: {"events_received":1,"messages":[],"fbtrace_id":"A84fhAKCXwmXZSAf48vPtQk"}
Успешный ответ: {"events_received":1,"messages":[],"fbtrace_id":"A3ztEpn7mHcT3ms8LrOJ3S5"}
Успешный ответ: {"events_received":1,"messages":[],"fbtrace_id":"AoElHmlPQq7qWf5Z4vbXeCy"}
Успешный ответ: {"events_received":1,"messages":[],"fbtrace_id":"AXfx_izS7zNpNxdF0C5NqXH"}
Успешный ответ: {"events_received":1,"messages":[],"fbtrace_id":"ADho21ByJNNA3y0y-8oh0mQ"}
Успешный ответ: {"events_received":1,"messages":[],"fbtrace_id":"A7SGmmhwt2gXIYV6t16ZnFB"}
Успешный ответ: {"events_received":1,"messages":[],"fbtrace_id":"AbDiSWujTkYt5fP6WyjM0jF"}
Успешный ответ: {"events_received":1,"messages":[],"fbtrace_id":"A7l028819doazvOp7keIkdE"}
Успешный ответ: {"events_received":1,"messages":[],"fbtrace_id":"AD08hQysHtrQ1R2_LWJVPl1"}
Успешный ответ: {"events_received":1,"messages":[],"fbtrace_id":"AIZBwF8XIvHXdjXPLCWkYkM"}
Успешный ответ: {"events_received":1,"messages":[],"fbtrace_id":"A9kEp-e9sGcTzWqIhDH2fF7"}
Успешный ответ: {"events_received":1,"messages":[],"fbtrace_id":"AwfdcYcOvRpIGejjon9UNF4"}
Успешный ответ: {"events_received":1,"messages":[],"fbtrace_id":"AbznWdAgz-UWYYPkEKr_cm-"}
Успешный ответ: {"events_received":1,"messages":[],"fbtrace_id":"Aj7bZIYliJ_PD1q0GTsBemj"}
Успешный ответ: {"events_received":1,"messages":[],"fbtrace_id":"AR874Trz73oKaQaCQP_b9Z8"}
Успешный ответ: {"events_received":1,"messages":[],"fbtrace_id":"ABpUSa4Ae3nLWSTatdkhTBB"}
Успешный ответ: {"events_received":1,"messages":[],"fbtrace_id":"Ah0XHJ87lCR8jzcvfumvg6o"}
Успешный ответ: {"events_received":1,"messages":[],"fbtrace_id":"AxBBjxgBEduqNArxkKv237i"}
Успешный ответ: {"events_received":1,"messages":[],"fbtrace_id":"A44C4nBZITt0W1ItVIZGsWv"}
Успешный ответ: {"events_received":1,"messages":[],"fbtrace_id":"ACNQI46p_sMA7fjvikPAdU4"}
Успешный ответ: {"events_received":1,"messages":[],"fbtrace_id":"AVTsr5tqPAAncfNNRLle6cw"}
Успешный ответ: {"events_received":1,"messages":[],"fbtrace_id":"A3RtP2x_hUb8ZFMMI1HlxaH"}
Успешный ответ: {"events_received":1,"messages":[],"fbtrace_id":"AABOFm4wXJuBvfTAq-EZaCa"}
Успешный ответ: {"events_received":1,"messages":[],"fbtrace_id":"Ayr7F9joouKFGlq_s15SIxA"}
Успешный ответ: {"events_received":1,"messages":[],"fbtrace_id":"An62LcFG7V47ThseAs3SQZm"}
Успешный ответ: {"events_received":1,"messages":[],"fbtrace_id":"AfDVRnOWLbUKW19srPDYEb4"}
Успешный ответ: {"events_received":1,"messages":[],"fbtrace_id":"AejQ4QOuEolYfIDLXSWx2QM"}
Успешный ответ: {"events_received":1,"messages":[],"fbtrace_id":"Ax4-LA8VjNDtX5QlaPIqtdo"}
Успешный ответ: {"events_received":1,"messages":[],"fbtrace_id":"AoOFpa44qlUZcnLUWPpv3XS"}
Успешный ответ: {"events_received":1,"messages":[],"fbtrace_id":"Af9roxeD9rxguQ0uiHk5m7J"}
Успешный ответ: {"events_received":1,"messages":[],"fbtrace_id":"ACumSHmZCB5xWA4N8dBPI4r"}
Успешный ответ: {"events_received":1,"messages":[],"fbtrace_id":"AIxIJNSeU1y440ZMu0bhmKL"}
Успешный ответ: {"events_received":1,"messages":[],"fbtrace_id":"AnsQtcQ5sJvYKNbxUNXWTcf"}
Успешный ответ: {"events_received":1,"messages":[],"fbtrace_id":"ADwgiO9aD5mRBKEdIJpo-ba"}
Успешный ответ: {"events_received":1,"messages":[],"fbtrace_id":"AucCD1y-eengfPXSl97ywRt"}
Успешный ответ: {"events_received":1,"messages":[],"fbtrace_id":"AGlP4kTP3wSC67PzWRxHJIc"}
Успешный ответ: {"events_received":1,"messages":[],"fbtrace_id":"A4oKe_oggr5eFmE3G21cH_P"}
Успешный ответ: {"events_received":1,"messages":[],"fbtrace_id":"AA_XCREB614m43GYNJTXivr"}
Успешный ответ: {"events_received":1,"messages":[],"fbtrace_id":"Ap3fZYbhimhLjSmUu93A3w3"}
Успешный ответ: {"events_received":1,"messages":[],"fbtrace_id":"Aa0AGDcMe2NKH9K5-bNYSnO"}
Успешный ответ: {"events_received":1,"messages":[],"fbtrace_id":"A1dHka7r-vc6fT_xb1HyaeB"}
Успешный ответ: {"events_received":1,"messages":[],"fbtrace_id":"A87t0cP-6FgNwzDMd_VwSXc"}
Успешный ответ: {"events_received":1,"messages":[],"fbtrace_id":"AJp-zHAaBSWRVCtY6Tkh9BJ"}
Успешный ответ: {"events_received":1,"messages":[],"fbtrace_id":"ALl51Qt32vdoBjqNKbrJjoG"}
Успешный ответ: {"events_received":1,"messages":[],"fbtrace_id":"AsJ3OnCIVXHqG0bRK5iSqyA"}
Успешный ответ: {"events_received":1,"messages":[],"fbtrace_id":"ATFX87WjYuXBnRRCwdNCe_X"}
Успешный ответ: {"events_received":1,"messages":[],"fbtrace_id":"ABGIVeTJOfpQn8M6gsUZmCV"}
Успешный ответ: {"events_received":1,"messages":[],"fbtrace_id":"AYjwq6kJslmBZbl5WkJZDQI"}
Успешный ответ: {"events_received":1,"messages":[],"fbtrace_id":"AUtpFEo2gXZE9m6b-7Yplv-"}
Успешный ответ: {"events_received":1,"messages":[],"fbtrace_id":"AT84oVdDddd0o9TChzWa7q3"}
Успешный ответ: {"events_received":1,"messages":[],"fbtrace_id":"AVFmK6FikgzsxYO8GySCSWM"}
Успешный ответ: {"events_received":1,"messages":[],"fbtrace_id":"ARTVoiF8YAJBa5wClhbKznH"}
Успешный ответ: {"events_received":1,"messages":[],"fbtrace_id":"ANPm956qmTF4FJE5UGrPfJH"}
Успешный ответ: {"events_received":1,"messages":[],"fbtrace_id":"A-NXFfVIUnzZ9ck_f62E3O3"}
Успешный ответ: {"events_received":1,"messages":[],"fbtrace_id":"ArE7cm_zfuSUMP7jZupPp9F"}
Успешный ответ: {"events_received":1,"messages":[],"fbtrace_id":"AFZz4Z02Nen5v-U_lJl8-d7"}
Успешный ответ: {"events_received":1,"messages":[],"fbtrace_id":"Aii_Sx7JWqM0-CmgLzs6ajl"}
Успешный ответ: {"events_received":1,"messages":[],"fbtrace_id":"AJcxNfnv2XlbSJAZ4txcDkK"}
Успешный ответ: {"events_received":1,"messages":[],"fbtrace_id":"Av4-hZn36CoUH-u7DzP4XdC"}
Успешный ответ: {"events_received":1,"messages":[],"fbtrace_id":"A_ZzopACxu-vFE8pDaWylUo"}
Успешный ответ: {"events_received":1,"messages":[],"fbtrace_id":"ANhtkWHGpJRy7XyRaZFr4BS"}
Успешный ответ: {"events_received":1,"messages":[],"fbtrace_id":"APQukSHmuDAjFvD6Qilyivw"}
Успешный ответ: {"events_received":1,"messages":[],"fbtrace_id":"AmpcQ61FPxyXpe0KGN5-2QQ"}
Успешный ответ: {"events_received":1,"messages":[],"fbtrace_id":"AO9laj2plipjIeT4CyQorCu"}
Успешный ответ: {"events_received":1,"messages":[],"fbtrace_id":"Ak1it6KNU4z9GeUPsLzP8mx"}
Успешный ответ: {"events_received":1,"messages":[],"fbtrace_id":"AaF6pRTbwjEqI3-6VYb1L2g"}
Успешный ответ: {"events_received":1,"messages":[],"fbtrace_id":"AG2qDv0zkcmvHiDVV4RQz6r"}
Успешный ответ: {"events_received":1,"messages":[],"fbtrace_id":"AoBwbFL4WV9hf609blLUbCZ"}
Успешный ответ: {"events_received":1,"messages":[],"fbtrace_id":"AFUczSd5ZnT1rtVYciINQ7B"}
Успешный ответ: {"events_received":1,"messages":[],"fbtrace_id":"A8eVnt6OFh23QT0dQAsMCD1"}
Успешный ответ: {"events_received":1,"messages":[],"fbtrace_id":"AnbVUIktiSMexywTok0uwoT"}
Успешный ответ: {"events_received":1,"messages":[],"fbtrace_id":"Aj2aLvh6aIePFxI1wcFOEfr"}
Успешный ответ: {"events_received":1,"messages":[],"fbtrace_id":"AHlBY3-1IffmY4Nv7sBRvpc"}
Успешный ответ: {"events_received":1,"messages":[],"fbtrace_id":"Aj-C4qhTcDowUsyw8HCDPhX"}
Успешный ответ: {"events_received":1,"messages":[],"fbtrace_id":"AvZMlAF8HMP3b34M58OXke7"}
Успешный ответ: {"events_received":1,"messages":[],"fbtrace_id":"AEZ1E9up4ORZcsVogpnmfNX"}
Успешный ответ: {"events_received":1,"messages":[],"fbtrace_id":"AcYp3Wz5DE6BnIEGBCFegrn"}
Успешный ответ: {"events_received":1,"messages":[],"fbtrace_id":"AX0gf1nu0i_OqIcxbpd8o9V"}
Успешный ответ: {"events_received":1,"messages":[],"fbtrace_id":"A0RUqGzKXWfKSkyWYp01B0-"}
Успешный ответ: {"events_received":1,"messages":[],"fbtrace_id":"Akem6NBZOveTW7lxL5ry7z6"}
Успешный ответ: {"events_received":1,"messages":[],"fbtrace_id":"AxdmrePxkmEIdfCVSCOyJre"}
Успешный ответ: {"events_received":1,"messages":[],"fbtrace_id":"AbfPu_SUrMW0lkqnvtrB-w3"}
Успешный ответ: {"events_received":1,"messages":[],"fbtrace_id":"AlW-2jYnpEAGx2gF8fWnp50"}
Успешный ответ: {"events_received":1,"messages":[],"fbtrace_id":"ATdK3W3tZ78215sewG9N7TE"}
Успешный ответ: {"events_received":1,"messages":[],"fbtrace_id":"AceDFwsRTo_GgFeHQM36t55"}
Успешный ответ: {"events_received":1,"messages":[],"fbtrace_id":"ApaXEZv0CnR2ucCrjV0DYCn"}
Успешный ответ: {"events_received":1,"messages":[],"fbtrace_id":"A-2AvTQj2-Qp3jYrAvmP9XJ"}
Успешный ответ: {"events_received":1,"messages":[],"fbtrace_id":"AyVL-JFEgZ26SQBDiVxlu3E"}
Успешный ответ: {"events_received":1,"messages":[],"fbtrace_id":"ANXeqHmzcfcg_zPHINUXiT5"}
Успешный ответ: {"events_received":1,"messages":[],"fbtrace_id":"ARFL_9prXfX4p9u9hLxAK8E"}
Успешный ответ: {"events_received":1,"messages":[],"fbtrace_id":"A4gknEqmULq0nKkP8n2229U"}
Успешный ответ: {"events_received":1,"messages":[],"fbtrace_id":"A_nk6vAihPrrtLSgfoqGudW"}
Успешный ответ: {"events_received":1,"messages":[],"fbtrace_id":"AUE6rT4eEs6DuPsDBEL5dSY"}
Успешный ответ: {"events_received":1,"messages":[],"fbtrace_id":"Amw5eyTaPyX89OsoAUSgfbu"}
Успешный ответ: {"events_received":1,"messages":[],"fbtrace_id":"AKqxc_cGWIarUh5_H3b7nkF"}
Успешный ответ: {"events_received":1,"messages":[],"fbtrace_id":"A4UH1gGch5jVoGh-8Q7-cL0"}
Успешный ответ: {"events_received":1,"messages":[],"fbtrace_id":"A_nb4yBESrEWmHnmUF_8u6l"}
Успешный ответ: {"events_received":1,"messages":[],"fbtrace_id":"A_wzY8LbRmpdCIGjQWG1mvK"}
Успешный ответ: {"events_received":1,"messages":[],"fbtrace_id":"ARq3mCqbnXAC_h9Rp9_rdVz"}
Успешный ответ: {"events_received":1,"messages":[],"fbtrace_id":"AAfsxlqWpuWNhrEWtH3h53X"}
Успешный ответ: {"events_received":1,"messages":[],"fbtrace_id":"A2yx9B36asj-ZDIJ-vVvRvJ"}
Успешный ответ: {"events_received":1,"messages":[],"fbtrace_id":"AB65gK6qWfnXm7iy6jUZzG9"}
Успешный ответ: {"events_received":1,"messages":[],"fbtrace_id":"Ai_jvjZFzog57E2IOtCReiP"}
Успешный ответ: {"events_received":1,"messages":[],"fbtrace_id":"AXBVRG0lRemo6enGoq3LIRR"}
Успешный ответ: {"events_received":1,"messages":[],"fbtrace_id":"AozDJGJiJMQm99oYvG_GgfW"}
Успешный ответ: {"events_received":1,"messages":[],"fbtrace_id":"ALmN-kJoE0xnSmhe3GXHaPA"}
Успешный ответ: {"events_received":1,"messages":[],"fbtrace_id":"AZ1Hx-7NlQ7AN4jvi9ngDHz"}
Успешный ответ: {"events_received":1,"messages":[],"fbtrace_id":"AVq6_lk4UAVjgnNgTpelVxT"}
Успешный ответ: {"events_received":1,"messages":[],"fbtrace_id":"AMwsvsnLkLAksKclcXIhlyJ"}
Успешный ответ: {"events_received":1,"messages":[],"fbtrace_id":"A9VR_HdvTKxII-nDMEuacIw"}
Успешный ответ: {"events_received":1,"messages":[],"fbtrace_id":"A2XZt3ENV2k2wscoy5sBMXg"}
Успешный ответ: {"events_received":1,"messages":[],"fbtrace_id":"A6rWqbIqE4Em7L1k6vUON7Z"}
Успешный ответ: {"events_received":1,"messages":[],"fbtrace_id":"AM3xbC1-UbieP2V4gUJFZON"}
Успешный ответ: {"events_received":1,"messages":[],"fbtrace_id":"Ap68Oz56EBJT6aXbwbrj6Hw"}
Успешный ответ: {"events_received":1,"messages":[],"fbtrace_id":"AgjJz0lQgNKfSYFqLQGAxlq"}
Успешный ответ: {"events_received":1,"messages":[],"fbtrace_id":"AoIQr0lPgtvjweEKfXydmPa"}
Успешный ответ: {"events_received":1,"messages":[],"fbtrace_id":"At3Z2VjzfjICzNSzwGZBWj3"}
Успешный ответ: {"events_received":1,"messages":[],"fbtrace_id":"AJrqj-uWEUGU-4lORmDy8Vy"}
Успешный ответ: {"events_received":1,"messages":[],"fbtrace_id":"AbOSygLKAqw1FoNlyNmceo3"}
Успешный ответ: {"events_received":1,"messages":[],"fbtrace_id":"AXDS_c0fZKQkSxWtLBxYEDJ"}
Успешный ответ: {"events_received":1,"messages":[],"fbtrace_id":"A1d4pV3vS-p7NIxyWYp8JUj"}
Успешный ответ: {"events_received":1,"messages":[],"fbtrace_id":"AOsQi7KCHEH4z9a7flm6YoB"}
Успешный ответ: {"events_received":1,"messages":[],"fbtrace_id":"A4yHmEPaU80laZvzTWwh937"}
Успешный ответ: {"events_received":1,"messages":[],"fbtrace_id":"AKLMgFiAQ9gxZGBY29RhMpQ"}
Успешный ответ: {"events_received":1,"messages":[],"fbtrace_id":"AKV0YOf_Vr3ieinuecggYp1"}
Успешный ответ: {"events_received":1,"messages":[],"fbtrace_id":"AMn3RH3T7X9R8A2u7bKh0r4"}
Успешный ответ: {"events_received":1,"messages":[],"fbtrace_id":"A2Pe2qSPo6_TCbTDRxwSkb8"}
Успешный ответ: {"events_received":1,"messages":[],"fbtrace_id":"AI4uy0_DxANzuuTuRlnuR8f"}
Успешный ответ: {"events_received":1,"messages":[],"fbtrace_id":"AZyvUrd3Cedxc2ovbgkRhul"}
Успешный ответ: {"events_received":1,"messages":[],"fbtrace_id":"AQV4xccqO3MAf4AZ3jakOyI"}
Успешный ответ: {"events_received":1,"messages":[],"fbtrace_id":"AflnPi2mBMj4GLoefHPiO_H"}
Успешный ответ: {"events_received":1,"messages":[],"fbtrace_id":"AZyhBqK6Uqeq_xM0LH7mhlH"}
Успешный ответ: {"events_received":1,"messages":[],"fbtrace_id":"AWt4sdcoFFsY_EEZ7VK6ixG"}
Успешный ответ: {"events_received":1,"messages":[],"fbtrace_id":"AtbCr_ES8h4kHVnjSyGg6py"}
Успешный ответ: {"events_received":1,"messages":[],"fbtrace_id":"Atb0Wm4mgNPXx1gqjQHVC6s"}
Успешный ответ: {"events_received":1,"messages":[],"fbtrace_id":"Aua2epWsQeGRljSD-yhvQVD"}
Успешный ответ: {"events_received":1,"messages":[],"fbtrace_id":"AIaPLTsv1daXV7tb5ndaUyG"}
Успешный ответ: {"events_received":1,"messages":[],"fbtrace_id":"AI4e-4I6y7BRRE40rLiHuN1"}
Успешный ответ: {"events_received":1,"messages":[],"fbtrace_id":"AR5EhlEHV0dN3Li-fnp_Lim"}
Успешный ответ: {"events_received":1,"messages":[],"fbtrace_id":"AZcnXeMZoamZQl-MalLCK77"}
Успешный ответ: {"events_received":1,"messages":[],"fbtrace_id":"Ad6rjCVjQL-hfIoK-b-FPwx"}
Успешный ответ: {"events_received":1,"messages":[],"fbtrace_id":"A88Ej_opX4ee9BMnKjFW9XH"}
Успешный ответ: {"events_received":1,"messages":[],"fbtrace_id":"AJBmi3rH9YpQDYu6YU_Xzvn"}
Успешный ответ: {"events_received":1,"messages":[],"fbtrace_id":"AOtS9vdw4ksxPGxb2InYH8T"}
Успешный ответ: {"events_received":1,"messages":[],"fbtrace_id":"AMvZTkTF4FVani3LQCBJpBf"}
Успешный ответ: {"events_received":1,"messages":[],"fbtrace_id":"A4vYkGAVQ1bQU881-T9zzrb"}
Успешный ответ: {"events_received":1,"messages":[],"fbtrace_id":"A3w6dtiHS6yhBNyyhrMjba5"}
Успешный ответ: {"events_received":1,"messages":[],"fbtrace_id":"AbeYzPH00ii_AcOuVG1C9LH"}
Успешный ответ: {"events_received":1,"messages":[],"fbtrace_id":"AU_4upX8DmqRK14kRWHJd3j"}
Успешный ответ: {"events_received":1,"messages":[],"fbtrace_id":"AVD3nywRWh-2cT9c9wKJuta"}
Успешный ответ: {"events_received":1,"messages":[],"fbtrace_id":"Ai5ETOfUXGyzUqMkWAPLPIp"}
Успешный ответ: {"events_received":1,"messages":[],"fbtrace_id":"A_R6AKApMcrjO7BGZpKl-4P"}
Успешный ответ: {"events_received":1,"messages":[],"fbtrace_id":"A07mJHiG2I9nTDjacXT__zh"}
Успешный ответ: {"events_received":1,"messages":[],"fbtrace_id":"AnGecxAylZCbbEt1KfdyUt5"}
Успешный ответ: {"events_received":1,"messages":[],"fbtrace_id":"AZINOLzEk7NM0ygUcOaPq9Q"}
Успешный ответ: {"events_received":1,"messages":[],"fbtrace_id":"AGfKL0RPNooIMLctF4PF56Q"}
Успешный ответ: {"events_received":1,"messages":[],"fbtrace_id":"A8343RfPrNGVZKwiiBPlQGF"}
Успешный ответ: {"events_received":1,"messages":[],"fbtrace_id":"A1nn6epEU2Dlfk5aFrbuJh9"}
Успешный ответ: {"events_received":1,"messages":[],"fbtrace_id":"AwMmEyX8NnzuCO4kzUeIPaM"}
Успешный ответ: {"events_received":1,"messages":[],"fbtrace_id":"AA5TuhnMvhTsIm0nM7HeYcE"}
Успешный ответ: {"events_received":1,"messages":[],"fbtrace_id":"AQnnn6uc9BteetCgZMEBjok"}
Успешный ответ: {"events_received":1,"messages":[],"fbtrace_id":"A-RMdZ4AP5Bpx_ChmxE0S9p"}
Успешный ответ: {"events_received":1,"messages":[],"fbtrace_id":"Awn8ZtzdoHkoo9TEden6mY1"}
Успешный ответ: {"events_received":1,"messages":[],"fbtrace_id":"ADj8bJBx-XAuyc_Smq1OOdN"}
Успешный ответ: {"events_received":1,"messages":[],"fbtrace_id":"AfAKHBvt9-uahyKxPMCQT1B"}
Успешный ответ: {"events_received":1,"messages":[],"fbtrace_id":"A6nVYyc5EaEuMxuKueO5NZA"}
Успешный ответ: {"events_received":1,"messages":[],"fbtrace_id":"AVUgtiTRJz5gs0BNIKOqrOa"}
Успешный ответ: {"events_received":1,"messages":[],"fbtrace_id":"AV2ZX7zTUFnVnmZHOyIEvNv"}
Успешный ответ: {"events_received":1,"messages":[],"fbtrace_id":"Af3a6wHewJnToGjQr_MxLWR"}
Успешный ответ: {"events_received":1,"messages":[],"fbtrace_id":"AoCuvDkHm6ItQ04BVlAb6xX"}
Успешный ответ: {"events_received":1,"messages":[],"fbtrace_id":"AGUbbyTxAIJcNGTCyqkTGIS"}
Успешный ответ: {"events_received":1,"messages":[],"fbtrace_id":"A8X30p7EhyDwOypuRIoR8_I"}
Успешный ответ: {"events_received":1,"messages":[],"fbtrace_id":"AajBl8lCNlxfeZRDGU3-uRB"}
Успешный ответ: {"events_received":1,"messages":[],"fbtrace_id":"AMZlnd1uespJJGxIFVsku-z"}
Успешный ответ: {"events_received":1,"messages":[],"fbtrace_id":"A82F5WR-EHlT3xtsk7W1Bhl"}
Успешный ответ: {"events_received":1,"messages":[],"fbtrace_id":"ACSceMa-tMgW1Ai1N8Bz4sh"}
Успешный ответ: {"events_received":1,"messages":[],"fbtrace_id":"ALamj0s61O3EdmMdNtaomHA"}
Успешный ответ: {"events_received":1,"messages":[],"fbtrace_id":"A6xZQUMAr3yyS1xNcP66AaY"}
Успешный ответ: {"events_received":1,"messages":[],"fbtrace_id":"ACU3gIpRLinDhEuLjpDebPy"}
Успешный ответ: {"events_received":1,"messages":[],"fbtrace_id":"A8efPUz_WrNHt29CsQtGb7c"}
Успешный ответ: {"events_received":1,"messages":[],"fbtrace_id":"AHkUn84AyRanpXBa3qBD-8c"}
Успешный ответ: {"events_received":1,"messages":[],"fbtrace_id":"AaJLg7G-6g8eUKkmR9M0V4n"}
Успешный ответ: {"events_received":1,"messages":[],"fbtrace_id":"AD7dPWPli-_Y5KzHvTIWX94"}
Успешный ответ: {"events_received":1,"messages":[],"fbtrace_id":"ARTB0XQDPoN_bnfOSwSoPMR"}
Успешный ответ: {"events_received":1,"messages":[],"fbtrace_id":"AlGUliJrXCoJ99SQwzLwNmw"}
Успешный ответ: {"events_received":1,"messages":[],"fbtrace_id":"AdmqXgmY19Wjnn9j5AK6rWx"}
Успешный ответ: {"events_received":1,"messages":[],"fbtrace_id":"Azx-sfHbFI5qZZCikoz2CM9"}
Успешный ответ: {"events_received":1,"messages":[],"fbtrace_id":"AN1ei6fNY7SfgZS5vfSw9DE"}
Успешный ответ: {"events_received":1,"messages":[],"fbtrace_id":"ASXqNYnciyEKTt5NOOssCyM"}
Успешный ответ: {"events_received":1,"messages":[],"fbtrace_id":"AevYp7kCWZWSUbf_PREGNvL"}
Успешный ответ: {"events_received":1,"messages":[],"fbtrace_id":"ALuOdGmI0jgwGOGMup9ZI-C"}
Успешный ответ: {"events_received":1,"messages":[],"fbtrace_id":"A6gu-0gg8BK1okOCnezJuzO"}
Успешный ответ: {"events_received":1,"messages":[],"fbtrace_id":"AN2PIiTYjwt5gG4OiBXyB7s"}
Успешный ответ: {"events_received":1,"messages":[],"fbtrace_id":"A8NK2B_KM2Y2mzC8n-wNMhS"}
Успешный ответ: {"events_received":1,"messages":[],"fbtrace_id":"AvzPreWStAybCB8qVKnfMvx"}
Успешный ответ: {"events_received":1,"messages":[],"fbtrace_id":"A5knZ_Otj_04wHAlOKeJ2M6"}
Успешный ответ: {"events_received":1,"messages":[],"fbtrace_id":"A22pq1PSQUErMwtv71t46Oh"}
Успешный ответ: {"events_received":1,"messages":[],"fbtrace_id":"AWAVTzC2F8qeFFPEeg_vWHj"}
Успешный ответ: {"events_received":1,"messages":[],"fbtrace_id":"Aj_zcgC-qw7iEtDt2jtF6t9"}
Успешный ответ: {"events_received":1,"messages":[],"fbtrace_id":"AQ7oRntyH3KltP4rPGdWXIX"}
Успешный ответ: {"events_received":1,"messages":[],"fbtrace_id":"Ag8BxG1ZO-fv1bum4ZGMRKD"}
Успешный ответ: {"events_received":1,"messages":[],"fbtrace_id":"AawC3UcfS4t6FQ18Hh-0Xib"}
Успешный ответ: {"events_received":1,"messages":[],"fbtrace_id":"AtuLtPkgKChM881-CcrSalF"}
Успешный ответ: {"events_received":1,"messages":[],"fbtrace_id":"AkKT1uAjPMkz-QsCmSO6Lww"}
Успешный ответ: {"events_received":1,"messages":[],"fbtrace_id":"A3lTcM_8_FOTVa2INyuwUkZ"}
Успешный ответ: {"events_received":1,"messages":[],"fbtrace_id":"Ad3-tZEjTSxANQwtl-VwPZ0"}
Успешный ответ: {"events_received":1,"messages":[],"fbtrace_id":"ABpBxSFuAaL4IwdmlVUiO1S"}
Успешный ответ: {"events_received":1,"messages":[],"fbtrace_id":"AqV7YPNqC77mHRdSkPby5vx"}
Успешный ответ: {"events_received":1,"messages":[],"fbtrace_id":"AQNG1y9cAEq0w6TaD1Z5aSV"}
Успешный ответ: {"events_received":1,"messages":[],"fbtrace_id":"AeoShjlI3nebKyqT_ciTG3F"}
Успешный ответ: {"events_received":1,"messages":[],"fbtrace_id":"A672FUUGoRiBD8dcuR2S9HJ"}
Успешный ответ: {"events_received":1,"messages":[],"fbtrace_id":"AqIZsNsopD64OJOuUJtTUXR"}
Успешный ответ: {"events_received":1,"messages":[],"fbtrace_id":"A39oDOQQp3VTKm714xcP44x"}
Успешный ответ: {"events_received":1,"messages":[],"fbtrace_id":"AXzMBSQNRFB5EtZs1nEgcO3"}
Успешный ответ: {"events_received":1,"messages":[],"fbtrace_id":"AyvFv28Ju0UH0AchVGqV3O7"}
Успешный ответ: {"events_received":1,"messages":[],"fbtrace_id":"A4MCM_bDD8Cb-Gu7huJ66zT"}
Успешный ответ: {"events_received":1,"messages":[],"fbtrace_id":"AAQ7XAty0yyusb9UVOC4FPp"}
Успешный ответ: {"events_received":1,"messages":[],"fbtrace_id":"ADUb3JXsPvKCBgFRUXqYlxF"}
Успешный ответ: {"events_received":1,"messages":[],"fbtrace_id":"A9wsp_p-zpw16rgWTGZQEsp"}
Успешный ответ: {"events_received":1,"messages":[],"fbtrace_id":"AtmjICtiG0np8M2yl_x3s3w"}
Успешный ответ: {"events_received":1,"messages":[],"fbtrace_id":"A4KKU-oiSv_gmmnwseYWUoK"}
Успешный ответ: {"events_received":1,"messages":[],"fbtrace_id":"A4omoVkIAYio71u8OKYlt0I"}
Успешный ответ: {"events_received":1,"messages":[],"fbtrace_id":"AeBgW-RgwiKBclvvJ0RiyqN"}
Успешный ответ: {"events_received":1,"messages":[],"fbtrace_id":"A1AfIBqgknihfLByad3Zz0J"}
Успешный ответ: {"events_received":1,"messages":[],"fbtrace_id":"AKUYrBgAcyjGeM8BUsBcuqX"}
Успешный ответ: {"events_received":1,"messages":[],"fbtrace_id":"AaRiLK9ornRA_Ii6pUfn1jL"}
Успешный ответ: {"events_received":1,"messages":[],"fbtrace_id":"AXIekABCWi_3ykV14JXF-jp"}
Успешный ответ: {"events_received":1,"messages":[],"fbtrace_id":"AA26l7qrfX8Wd88F6Sq8TRa"}
Успешный ответ: {"events_received":1,"messages":[],"fbtrace_id":"AYTixbaoyOfDeQR-5u8Vvo0"}
Успешный ответ: {"events_received":1,"messages":[],"fbtrace_id":"AoB16nOim88Y2Mkzyd27fZb"}
Успешный ответ: {"events_received":1,"messages":[],"fbtrace_id":"ACSsEf6mnBqYmAmQsG8WpRo"}
Успешный ответ: {"events_received":1,"messages":[],"fbtrace_id":"AXvoSSRol1VGK-EKECCBfT9"}
Успешный ответ: {"events_received":1,"messages":[],"fbtrace_id":"ARJ5j3q-oo103DS1TgS-H6a"}
Успешный ответ: {"events_received":1,"messages":[],"fbtrace_id":"AMPs4kg2is7v9tZOT4I9YvS"}
Успешный ответ: {"events_received":1,"messages":[],"fbtrace_id":"A5Oux4cg3XCujOTBiiSfMsv"}
Успешный ответ: {"events_received":1,"messages":[],"fbtrace_id":"APf1V8LaChLqERsWHkZ9DCA"}
Успешный ответ: {"events_received":1,"messages":[],"fbtrace_id":"AQ1L74ThjMzHk_FLyE6XmWR"}
Успешный ответ: {"events_received":1,"messages":[],"fbtrace_id":"AoKQ2lJDHUKu3Tzk4tc9uLm"}
Успешный ответ: {"events_received":1,"messages":[],"fbtrace_id":"AS_5C76K5lALVfI8GqMdzn0"}
Успешный ответ: {"events_received":1,"messages":[],"fbtrace_id":"AsEj0iGRNnvAUsPohHJGyg_"}
Успешный ответ: {"events_received":1,"messages":[],"fbtrace_id":"AIrN4fansXEQVKYi4HP-0yy"}
Успешный ответ: {"events_received":1,"messages":[],"fbtrace_id":"AT8mBg32kF5uJlWEYK8muos"}
Успешный ответ: {"events_received":1,"messages":[],"fbtrace_id":"APEdXQvoqRJ9WpBtQAqLj4u"}
Успешный ответ: {"events_received":1,"messages":[],"fbtrace_id":"A3Xsh7-jioksO2aia2lkhT0"}
Успешный ответ: {"events_received":1,"messages":[],"fbtrace_id":"AIaBaQTq5YINHh0XXmyVBo-"}
Успешный ответ: {"events_received":1,"messages":[],"fbtrace_id":"Ar3iszNMeE4Bs4q4OFuWU8j"}
Успешный ответ: {"events_received":1,"messages":[],"fbtrace_id":"A6URRMsv2R08TnJPUutlSsj"}
Успешный ответ: {"events_received":1,"messages":[],"fbtrace_id":"ADyy83subj1Ki37vCbXu2qY"}
Успешный ответ: {"events_received":1,"messages":[],"fbtrace_id":"AWiFmqJJAVlkBRykwhK5VEP"}
Успешный ответ: {"events_received":1,"messages":[],"fbtrace_id":"ALzBTDybEnfiUvzThHL_kmE"}
Успешный ответ: {"events_received":1,"messages":[],"fbtrace_id":"AWgiIetrfgNC9kq2gph5hvt"}
Успешный ответ: {"events_received":1,"messages":[],"fbtrace_id":"Avo97uR3bCis0plCY25k1NI"}
Успешный ответ: {"events_received":1,"messages":[],"fbtrace_id":"A33DnYmcwKAi9ilVRRJLg4q"}
Успешный ответ: {"events_received":1,"messages":[],"fbtrace_id":"A5thPDVfffw4O6Ik5KDLgqH"}
Успешный ответ: {"events_received":1,"messages":[],"fbtrace_id":"AMKqjppFBIlSnruMzNf4l-C"}
Успешный ответ: {"events_received":1,"messages":[],"fbtrace_id":"AJHecg2AgxQlCzFLIut5BuS"}
Успешный ответ: {"events_received":1,"messages":[],"fbtrace_id":"ATw4RciKd9dJnyrh9YPCJGl"}
Успешный ответ: {"events_received":1,"messages":[],"fbtrace_id":"A-Orf0kEpJ6p3q0lb2H_7YU"}
Успешный ответ: {"events_received":1,"messages":[],"fbtrace_id":"AS22qbxVN-WCzXVqgtTRJXA"}
Успешный ответ: {"events_received":1,"messages":[],"fbtrace_id":"A9T2jcwZeLQim0KV-gdIam6"}
Успешный ответ: {"events_received":1,"messages":[],"fbtrace_id":"AVtAC8wMiKR-2o6K5J8teig"}
Успешный ответ: {"events_received":1,"messages":[],"fbtrace_id":"A3F1Q0yCYSUGPs9Ln5Cecgp"}
Успешный ответ: {"events_received":1,"messages":[],"fbtrace_id":"ACwRBnw5CVfWVYVYVr6ru3E"}
Успешный ответ: {"events_received":1,"messages":[],"fbtrace_id":"A7DCDqDDbWfW5N1QOiIv2gN"}
Успешный ответ: {"events_received":1,"messages":[],"fbtrace_id":"A_cdc2q0PKXd7iFhisd3uyg"}
Успешный ответ: {"events_received":1,"messages":[],"fbtrace_id":"APq5giq39QKUuISrT8IfakT"}
Успешный ответ: {"events_received":1,"messages":[],"fbtrace_id":"Aark9A1F4wSr5zltevQ_xNy"}
Успешный ответ: {"events_received":1,"messages":[],"fbtrace_id":"ARpu6QcLaNQ0sBALDxeFzV8"}
Успешный ответ: {"events_received":1,"messages":[],"fbtrace_id":"AS1Fn46b7rbYgG0bv2lFi74"}
Успешный ответ: {"events_received":1,"messages":[],"fbtrace_id":"AfXocYqch8byaYzIxPNrWVZ"}
Успешный ответ: {"events_received":1,"messages":[],"fbtrace_id":"AZk-IHR0CYkEJoD2k4AeKrZ"}
Успешный ответ: {"events_received":1,"messages":[],"fbtrace_id":"AUUpj79kglQgQIhYNamCEAW"}
Успешный ответ: {"events_received":1,"messages":[],"fbtrace_id":"Aq3ppLJJcH250mvNFDSdAcq"}
Успешный ответ: {"events_received":1,"messages":[],"fbtrace_id":"A7qyEkRsPHAcRdXY6KCuycQ"}
Успешный ответ: {"events_received":1,"messages":[],"fbtrace_id":"A_3cBsBG3_n0vShXxDqGq4-"}
Успешный ответ: {"events_received":1,"messages":[],"fbtrace_id":"AuIKWjprnA7Z1X3-HBsgKuQ"}
Успешный ответ: {"events_received":1,"messages":[],"fbtrace_id":"AVlwTSRhUn1w-jdCb757i2e"}
Успешный ответ: {"events_received":1,"messages":[],"fbtrace_id":"A2wSweWUjf-SuQRzeA_Pez6"}
Успешный ответ: {"events_received":1,"messages":[],"fbtrace_id":"AuucJ4h6jU-_zuCkTfnlpPk"}
Успешный ответ: {"events_received":1,"messages":[],"fbtrace_id":"ADcEYul28tEV-WxD9n8AJS4"}
Успешный ответ: {"events_received":1,"messages":[],"fbtrace_id":"A-8nOs7aUsvPv4HNnNkwvUU"}
Успешный ответ: {"events_received":1,"messages":[],"fbtrace_id":"AKFfs3tem3OulI6gorUHWOf"}
Успешный ответ: {"events_received":1,"messages":[],"fbtrace_id":"A9YYiY1MzXW9ct_uCoTOre5"}
Успешный ответ: {"events_received":1,"messages":[],"fbtrace_id":"ACDXfiiMv6YDrKjg2oNLKVG"}
Успешный ответ: {"events_received":1,"messages":[],"fbtrace_id":"A4k_eJGhoE0LMZgo_pnOxcm"}
Успешный ответ: {"events_received":1,"messages":[],"fbtrace_id":"AfbM_AppzdOrXjHQsrI6ExX"}
Успешный ответ: {"events_received":1,"messages":[],"fbtrace_id":"Apooq0uHN6pUhc9sjrg2i29"}
Успешный ответ: {"events_received":1,"messages":[],"fbtrace_id":"AfXI4ss7ODSp0IX_lW987YL"}
Успешный ответ: {"events_received":1,"messages":[],"fbtrace_id":"ArWySNk79wREszspjK0Y4CI"}
Успешный ответ: {"events_received":1,"messages":[],"fbtrace_id":"A6xu0IyP6eY9D3PDmPXa9o9"}
Успешный ответ: {"events_received":1,"messages":[],"fbtrace_id":"AIAPTaaU9-LZdP4Kv-xp5hN"}
Успешный ответ: {"events_received":1,"messages":[],"fbtrace_id":"A9DY1W7AzZZrgWtSBqvkkYA"}
Успешный ответ: {"events_received":1,"messages":[],"fbtrace_id":"A6Y18GyYvBj5ElVyiVQbe9o"}
Успешный ответ: {"events_received":1,"messages":[],"fbtrace_id":"AMkdXP3-SdNBfGEnsHFFc8u"}
Успешный ответ: {"events_received":1,"messages":[],"fbtrace_id":"A0RNp3QCxLLKmgNyyRdh3Ly"}
Успешный ответ: {"events_received":1,"messages":[],"fbtrace_id":"ACLE0M-Fz2VKkY7jm_W9HSy"}
Успешный ответ: {"events_received":1,"messages":[],"fbtrace_id":"Ayesz2fjN1KU3WGxHToCVqT"}
Успешный ответ: {"events_received":1,"messages":[],"fbtrace_id":"ARK3F629Rhk5zhc28WM2769"}
Успешный ответ: {"events_received":1,"messages":[],"fbtrace_id":"AV6Ilkw1AklXcV9_WiQzPif"}
Успешный ответ: {"events_received":1,"messages":[],"fbtrace_id":"Awmw6x-H6Y_z9y9-5TBhUrU"}
Успешный ответ: {"events_received":1,"messages":[],"fbtrace_id":"AsceiEqB1tqdd2cO4_JKkGt"}
Успешный ответ: {"events_received":1,"messages":[],"fbtrace_id":"AXvYaQNBejDROXp3fpaTTeK"}
Успешный ответ: {"events_received":1,"messages":[],"fbtrace_id":"AYogWvVlxXz1ykFWYFcGtdn"}
Успешный ответ: {"events_received":1,"messages":[],"fbtrace_id":"Assnnxixn5xMs590DEXbspi"}
Успешный ответ: {"events_received":1,"messages":[],"fbtrace_id":"A0U8re4TMkEB2khhA6oQwbd"}
Успешный ответ: {"events_received":1,"messages":[],"fbtrace_id":"AjcdYNAgFmI5h53ASkj7ufT"}
Успешный ответ: {"events_received":1,"messages":[],"fbtrace_id":"AxiSp6a1a1ypHDXvqKWDO3C"}
Успешный ответ: {"events_received":1,"messages":[],"fbtrace_id":"AAxQrEBQzHkuDPYJSxNfa-V"}
Успешный ответ: {"events_received":1,"messages":[],"fbtrace_id":"AsNZRvUL6pQCfyUFFfhWVhK"}
Успешный ответ: {"events_received":1,"messages":[],"fbtrace_id":"ANmJ8KqlgW0duXqa05AoWc2"}
Успешный ответ: {"events_received":1,"messages":[],"fbtrace_id":"AY42yrKTBDHACwnbu2LMqbQ"}
Успешный ответ: {"events_received":1,"messages":[],"fbtrace_id":"Ax3XMJ2fi2WEY4hZGWCO5p_"}
Успешный ответ: {"events_received":1,"messages":[],"fbtrace_id":"AzA0AKJg00Mhk1f3a3nh4rb"}
Успешный ответ: {"events_received":1,"messages":[],"fbtrace_id":"Aes3Zn1eQwdo2pRDNKtv_vp"}
Успешный ответ: {"events_received":1,"messages":[],"fbtrace_id":"A552IqDXsB4KlEOtSFNx5KB"}
Успешный ответ: {"events_received":1,"messages":[],"fbtrace_id":"ANbkbXHbFJW-Mkg_b17NIBq"}
Успешный ответ: {"events_received":1,"messages":[],"fbtrace_id":"AEOxx6YfPStTuYgNpT0ZzPC"}
Успешный ответ: {"events_received":1,"messages":[],"fbtrace_id":"AVG0OAd9dTbZvevCpSCWVsi"}
Успешный ответ: {"events_received":1,"messages":[],"fbtrace_id":"AnPpI-Kq6xOrjkVHid08XcC"}
Успешный ответ: {"events_received":1,"messages":[],"fbtrace_id":"ArkDbkUA5etEWg4m5kHRmnQ"}
Успешный ответ: {"events_received":1,"messages":[],"fbtrace_id":"ATuSe7tu6oZW9FQP43UVDTy"}
Успешный ответ: {"events_received":1,"messages":[],"fbtrace_id":"AjTaBCGjLZXYHJB6LbJkXUX"}
Успешный ответ: {"events_received":1,"messages":[],"fbtrace_id":"AmAquej29UneqnsdHpAwAhC"}
Успешный ответ: {"events_received":1,"messages":[],"fbtrace_id":"AbtPPkEMM7VCwtoSgtIw1Jc"}
Успешный ответ: {"events_received":1,"messages":[],"fbtrace_id":"Agvaj1LcPnTahCBRBZbW6lI"}
Успешный ответ: {"events_received":1,"messages":[],"fbtrace_id":"AVk4qmFsbhsL9RqMbD3hzG_"}
Успешный ответ: {"events_received":1,"messages":[],"fbtrace_id":"AEEr2VwC0AN-1o6ALy6tJ0Y"}
Успешный ответ: {"events_received":1,"messages":[],"fbtrace_id":"ABw7ty05a8_zEJHDWtSVOH1"}
Успешный ответ: {"events_received":1,"messages":[],"fbtrace_id":"AN2ypciuo76UKV3-THa3wdF"}
Успешный ответ: {"events_received":1,"messages":[],"fbtrace_id":"AD8zqbDC3aUV9Yz_0cgd9W8"}
Успешный ответ: {"events_received":1,"messages":[],"fbtrace_id":"Af9mFL5QYdLn-7OwcO0RFop"}
Успешный ответ: {"events_received":1,"messages":[],"fbtrace_id":"AyqD0DbjwPJsTlLMHb6PLJM"}
Успешный ответ: {"events_received":1,"messages":[],"fbtrace_id":"AlDgCK6xsRhhOHuJ79Iw1wJ"}
Успешный ответ: {"events_received":1,"messages":[],"fbtrace_id":"Aw5IT_7DZ6V7LMCz4TTG3tl"}
Успешный ответ: {"events_received":1,"messages":[],"fbtrace_id":"AJI3BqR71oKQwbJZPcMu0Bp"}
Успешный ответ: {"events_received":1,"messages":[],"fbtrace_id":"A5yDvXck6oMT1ObCiYB3UUw"}
Успешный ответ: {"events_received":1,"messages":[],"fbtrace_id":"ACyEWUSaRFXh-3GSH8gNESX"}
Успешный ответ: {"events_received":1,"messages":[],"fbtrace_id":"AOmN9rC-AgDoKufoDaFt2d_"}
Успешный ответ: {"events_received":1,"messages":[],"fbtrace_id":"AXq8nQsf1JFlU5E0uHVdX-H"}
Успешный ответ: {"events_received":1,"messages":[],"fbtrace_id":"Att_RVAgFtBfD-US_KWzccS"}
Успешный ответ: {"events_received":1,"messages":[],"fbtrace_id":"A4iuWecM52k5C-d6S3BPmah"}
Успешный ответ: {"events_received":1,"messages":[],"fbtrace_id":"A46rEIza5_HVgSFp0hQpdaq"}
Успешный ответ: {"events_received":1,"messages":[],"fbtrace_id":"Aat5PttKSI1_IsVc6TNxk5b"}
Успешный ответ: {"events_received":1,"messages":[],"fbtrace_id":"AY05kC1SDlAr3nC8xBg_vCl"}
Успешный ответ: {"events_received":1,"messages":[],"fbtrace_id":"AsGTCfc2A7l8_9t4QRHpi1N"}
Успешный ответ: {"events_received":1,"messages":[],"fbtrace_id":"A-YJEKgnfduTl3fmL7D9mSm"}
Успешный ответ: {"events_received":1,"messages":[],"fbtrace_id":"A8IPrOsRyCJX09upwJmLYpo"}
Успешный ответ: {"events_received":1,"messages":[],"fbtrace_id":"AIvTkTe10H7SopH78hnggUn"}
Успешный ответ: {"events_received":1,"messages":[],"fbtrace_id":"AeAuuqmvTMzDqssmhxh_bdI"}
Успешный ответ: {"events_received":1,"messages":[],"fbtrace_id":"AznauSP1nMDZxHUu5w4_Xcb"}
Успешный ответ: {"events_received":1,"messages":[],"fbtrace_id":"Ayfq06Ft5r2-pZYCbcaYS2s"}
Успешный ответ: {"events_received":1,"messages":[],"fbtrace_id":"A8dUcKq9zAijU1jIlWK38qa"}
Успешный ответ: {"events_received":1,"messages":[],"fbtrace_id":"AWpgOGamfzIQ8qt3PIOH_HX"}
Успешный ответ: {"events_received":1,"messages":[],"fbtrace_id":"A6Kqgcl_7YiGD168QCC_YSU"}
Успешный ответ: {"events_received":1,"messages":[],"fbtrace_id":"AQ-yiRCIjK-dWXxK5CqU3A2"}
Успешный ответ: {"events_received":1,"messages":[],"fbtrace_id":"AxsinmB8gaYUhx_Ejf9u9KI"}
Успешный ответ: {"events_received":1,"messages":[],"fbtrace_id":"AmJwoVllW5bKFC2Z_ctGbTC"}
Успешный ответ: {"events_received":1,"messages":[],"fbtrace_id":"AnZhQOCpOGDTD3IStjo7Ulx"}
Успешный ответ: {"events_received":1,"messages":[],"fbtrace_id":"AQELUDQEi3MKWLOlI-QMNhV"}
Успешный ответ: {"events_received":1,"messages":[],"fbtrace_id":"AMjzjISvcNV87mO7apgyzJC"}
Успешный ответ: {"events_received":1,"messages":[],"fbtrace_id":"A55gfI33gFwxSWwGhEkkngx"}
Успешный ответ: {"events_received":1,"messages":[],"fbtrace_id":"AAhH4EavMM9t80k0URLmwcj"}
Успешный ответ: {"events_received":1,"messages":[],"fbtrace_id":"AFoifq6zAcbFjK4Pnu2XQak"}
Успешный ответ: {"events_received":1,"messages":[],"fbtrace_id":"AAqK8qePRs9xXt77q8XgKIM"}
Успешный ответ: {"events_received":1,"messages":[],"fbtrace_id":"AQNBz_0dQxJWujTDa--P5g0"}
Успешный ответ: {"events_received":1,"messages":[],"fbtrace_id":"Attxb_xe9V6sYY3J3k0f1-N"}
Успешный ответ: {"events_received":1,"messages":[],"fbtrace_id":"AeBCNmFhBO2_B4slTHQ_9Do"}
Успешный ответ: {"events_received":1,"messages":[],"fbtrace_id":"A8UVCoDwVPo2V9iAdUnD24o"}
Успешный ответ: {"events_received":1,"messages":[],"fbtrace_id":"A3wZLy4b846rI_0SWM9PDiv"}
Успешный ответ: {"events_received":1,"messages":[],"fbtrace_id":"ATbIjVMmxh0Nf2E1S1hJATw"}
Успешный ответ: {"events_received":1,"messages":[],"fbtrace_id":"AC1FVyc_rlJrOa4KcgwIucf"}
Успешный ответ: {"events_received":1,"messages":[],"fbtrace_id":"AZY9x0QIhvjPsBtgJS-i3pM"}
Успешный ответ: {"events_received":1,"messages":[],"fbtrace_id":"AipsP2F7cZCN2_GGYButbD6"}
Успешный ответ: {"events_received":1,"messages":[],"fbtrace_id":"ALCgaquc8MC6rciqYbVwtsG"}
Успешный ответ: {"events_received":1,"messages":[],"fbtrace_id":"AYEqa2BcwIfp0czF0CCIhK9"}
Успешный ответ: {"events_received":1,"messages":[],"fbtrace_id":"A8r8yXH4H9Wf-0vhuaQuZTB"}
Успешный ответ: {"events_received":1,"messages":[],"fbtrace_id":"AB6bKrcu7fYHq-kCwHWU_qT"}
Успешный ответ: {"events_received":1,"messages":[],"fbtrace_id":"AmcS6gbJN0CNRk4-MjYop9S"}
Успешный ответ: {"events_received":1,"messages":[],"fbtrace_id":"A8Rd6qjcd9pUOYGXY5-Dx4H"}
Успешный ответ: {"events_received":1,"messages":[],"fbtrace_id":"AhrgCql-XXDqgGE9Kdv3rWq"}
Успешный ответ: {"events_received":1,"messages":[],"fbtrace_id":"A8jwSZvgldw47M5ashWJWls"}
Успешный ответ: {"events_received":1,"messages":[],"fbtrace_id":"Aodauil_wdN5GKAJr8beAWQ"}
Успешный ответ: {"events_received":1,"messages":[],"fbtrace_id":"AS49Y9klW5eFvBJlJzC5L4X"}
Успешный ответ: {"events_received":1,"messages":[],"fbtrace_id":"AbuzonW-uoKJO0lFlpfDHui"}
Успешный ответ: {"events_received":1,"messages":[],"fbtrace_id":"AyShbNYgsOPFMNVjvlbnywm"}
Успешный ответ: {"events_received":1,"messages":[],"fbtrace_id":"AxgFWOrPOHi5_ZNTOgzXon6"}
Успешный ответ: {"events_received":1,"messages":[],"fbtrace_id":"A-QzR3lDts6MJ6enZz4U0e8"}
Успешный ответ: {"events_received":1,"messages":[],"fbtrace_id":"A9BfRI1s5j107e8K8dZZuMd"}
Успешный ответ: {"events_received":1,"messages":[],"fbtrace_id":"Auy-2CPJLELKr0X7Oz25OaT"}
Успешный ответ: {"events_received":1,"messages":[],"fbtrace_id":"AwakyfIR1PpA_LYyxHJq1Jm"}
Успешный ответ: {"events_received":1,"messages":[],"fbtrace_id":"AD64o4km65bYJsdFLKwNE7b"}
Успешный ответ: {"events_received":1,"messages":[],"fbtrace_id":"ApjbOayHI66HSipgBZtIW6h"}
Успешный ответ: {"events_received":1,"messages":[],"fbtrace_id":"AVL9Drlx9y56COcTCoJT24V"}
Успешный ответ: {"events_received":1,"messages":[],"fbtrace_id":"AG46ycFsuk4nYSNgmC1RPqD"}
Успешный ответ: {"events_received":1,"messages":[],"fbtrace_id":"AONz0LH-FTiOOiFTGSVBoTy"}
Успешный ответ: {"events_received":1,"messages":[],"fbtrace_id":"ABVYXVx35_256Mr_lzL-gSl"}
Успешный ответ: {"events_received":1,"messages":[],"fbtrace_id":"AiKkJFjtb6dWOyWl3CWi39n"}
Успешный ответ: {"events_received":1,"messages":[],"fbtrace_id":"AK-m1Y728DXwSybPn2_qtOh"}
Успешный ответ: {"events_received":1,"messages":[],"fbtrace_id":"AKRhHuTmSLMIQ63nv62eoyp"}
Успешный ответ: {"events_received":1,"messages":[],"fbtrace_id":"Age4_fbztMWKv2_YmaYZHaU"}
Успешный ответ: {"events_received":1,"messages":[],"fbtrace_id":"AYqmBgiIN9u3yTppUQeF9Nj"}
Успешный ответ: {"events_received":1,"messages":[],"fbtrace_id":"AhvY9RTa4g3rtLcmBLSnRCC"}
Успешный ответ: {"events_received":1,"messages":[],"fbtrace_id":"AMGbeLB-JRQOzpldX-8XQ2h"}
Успешный ответ: {"events_received":1,"messages":[],"fbtrace_id":"AiD1Cu2q2eWFCkZ4DlGTMmG"}
Успешный ответ: {"events_received":1,"messages":[],"fbtrace_id":"A1mS1mVE9doyoB7MLpwO-ZG"}
Успешный ответ: {"events_received":1,"messages":[],"fbtrace_id":"AJqIY9JD2eO5sMTxWpoNyO_"}
Успешный ответ: {"events_received":1,"messages":[],"fbtrace_id":"AuPcaf0WsWXKM_-PSym3vnd"}
Успешный ответ: {"events_received":1,"messages":[],"fbtrace_id":"At7sDtYsb0xwnB1mYvI0LEU"}
Успешный ответ: {"events_received":1,"messages":[],"fbtrace_id":"AMk7xZJy29bMbeeZ2Ww9Idr"}
Успешный ответ: {"events_received":1,"messages":[],"fbtrace_id":"AgHZx1gMYsLewWLwD5WsTgT"}
Успешный ответ: {"events_received":1,"messages":[],"fbtrace_id":"AYhkKDQV97djrrks2AmVW2B"}
Успешный ответ: {"events_received":1,"messages":[],"fbtrace_id":"AHiZU7Z71uh5zkFbiGY8g_j"}
Успешный ответ: {"events_received":1,"messages":[],"fbtrace_id":"Aiu9NDMKJsdR77qPGOqADHv"}
Успешный ответ: {"events_received":1,"messages":[],"fbtrace_id":"Amx0pQ3evyGMSjdQS6DFMlH"}
Успешный ответ: {"events_received":1,"messages":[],"fbtrace_id":"AoCawxwG8q9aCt_QuLg5z-6"}
Успешный ответ: {"events_received":1,"messages":[],"fbtrace_id":"AuuPFp8e_ur1dFHW-OR-jMi"}
Успешный ответ: {"events_received":1,"messages":[],"fbtrace_id":"AZfKuzTWocR3_XGgqCOujz-"}
Успешный ответ: {"events_received":1,"messages":[],"fbtrace_id":"Akv2_61LFwlzhQbiD4RMmCi"}
Успешный ответ: {"events_received":1,"messages":[],"fbtrace_id":"A7Vo4nMAXC88UmlXPYHl4aI"}
Успешный ответ: {"events_received":1,"messages":[],"fbtrace_id":"A32oZ6Rnr4lu0jizM03gva7"}
Успешный ответ: {"events_received":1,"messages":[],"fbtrace_id":"AJkQNRpQtvRWWdxUDatSdIO"}
Успешный ответ: {"events_received":1,"messages":[],"fbtrace_id":"AzgYovFTMf0bif4IibLNCmq"}
Успешный ответ: {"events_received":1,"messages":[],"fbtrace_id":"A2xSvhXebYMBLXD6uHWePv-"}
Успешный ответ: {"events_received":1,"messages":[],"fbtrace_id":"AQtYmfAVKMjT8ebRkTgRwNa"}
Успешный ответ: {"events_received":1,"messages":[],"fbtrace_id":"A96_i_IHFo6K4hAh4C2dwzu"}
Успешный ответ: {"events_received":1,"messages":[],"fbtrace_id":"A1xxiM9PUyyjzkTYFO7DRLU"}
Успешный ответ: {"events_received":1,"messages":[],"fbtrace_id":"AppT7b6F54pdVf3sLIprO-r"}
Успешный ответ: {"events_received":1,"messages":[],"fbtrace_id":"AgxO8AS_VxfdwZi8DSYgLAh"}
Успешный ответ: {"events_received":1,"messages":[],"fbtrace_id":"AKbMR1BhFUkjIlzgnAX3Qz4"}
Успешный ответ: {"events_received":1,"messages":[],"fbtrace_id":"AcjNcXXi3mkPVy7B2tbQs6F"}
Успешный ответ: {"events_received":1,"messages":[],"fbtrace_id":"As-ZZEksKWUfjx4D03whBu8"}
Успешный ответ: {"events_received":1,"messages":[],"fbtrace_id":"ARubHHAu57WNplrhmhZu5Ah"}
Успешный ответ: {"events_received":1,"messages":[],"fbtrace_id":"AbN60bfCFgXFoHA2KkEvdih"}
Успешный ответ: {"events_received":1,"messages":[],"fbtrace_id":"AuMeMPhBH9iOqlIaJivXGch"}
Успешный ответ: {"events_received":1,"messages":[],"fbtrace_id":"AdPTPv9OGXW1RnoWhPuO_nU"}
Успешный ответ: {"events_received":1,"messages":[],"fbtrace_id":"A9ffV7GZra7-gLTM_iTTE_Z"}
Успешный ответ: {"events_received":1,"messages":[],"fbtrace_id":"AO6qDrP4ugW6La_f0YeTPxk"}
Успешный ответ: {"events_received":1,"messages":[],"fbtrace_id":"Aomjm9rAcCcDsImUsg7o789"}
Успешный ответ: {"events_received":1,"messages":[],"fbtrace_id":"ACdSkuPCWK1WcoKpf4Cixn0"}
Успешный ответ: {"events_received":1,"messages":[],"fbtrace_id":"AIylNlnjchnfspkwHx_AGG6"}
Успешный ответ: {"events_received":1,"messages":[],"fbtrace_id":"Ar3h15jMnrUNOIpC1f6RyzQ"}
Успешный ответ: {"events_received":1,"messages":[],"fbtrace_id":"A0AGn5iG0loSbOzaKf8l2Z9"}
Успешный ответ: {"events_received":1,"messages":[],"fbtrace_id":"AlJ-kkY53UAxIeQEro67l2L"}
Успешный ответ: {"events_received":1,"messages":[],"fbtrace_id":"Az0BW-drNswPMPOk9AdxosH"}
Успешный ответ: {"events_received":1,"messages":[],"fbtrace_id":"A2IHX73bxsh32_OGvBiFag1"}
Успешный ответ: {"events_received":1,"messages":[],"fbtrace_id":"AvuL1cIBBfxovuK6PjoEKXo"}
Успешный ответ: {"events_received":1,"messages":[],"fbtrace_id":"AlGgjF2ZKRXdk_ry_NoAf0q"}
Успешный ответ: {"events_received":1,"messages":[],"fbtrace_id":"AeM5_wYBe-sBKqdwKRet_hT"}
Успешный ответ: {"events_received":1,"messages":[],"fbtrace_id":"AKsJjvmb_zZM38Qh2iM5xHF"}
Успешный ответ: {"events_received":1,"messages":[],"fbtrace_id":"ASrZipws6F3FV8a0UFSMzed"}
Успешный ответ: {"events_received":1,"messages":[],"fbtrace_id":"AZnrLFKoCB_dqAy4KhHmX5U"}
Успешный ответ: {"events_received":1,"messages":[],"fbtrace_id":"A43zF0YwXjSHsViuzKW7HL7"}
Успешный ответ: {"events_received":1,"messages":[],"fbtrace_id":"AIW5t4dyeNhv3gxUuoQP39p"}
Успешный ответ: {"events_received":1,"messages":[],"fbtrace_id":"AZFNVUeznqR0kmr7Ud8Uzkk"}
Успешный ответ: {"events_received":1,"messages":[],"fbtrace_id":"Aa4Ogz199jS0C46jxfdXDK1"}
Успешный ответ: {"events_received":1,"messages":[],"fbtrace_id":"Aad8pUKnLF-6NhOIj7XTWWL"}
Успешный ответ: {"events_received":1,"messages":[],"fbtrace_id":"AeaAhUQ5z0G9SS9BIEo62T3"}
Успешный ответ: {"events_received":1,"messages":[],"fbtrace_id":"AXp48OIvpdpfhkRpK9Z__Y0"}
Успешный ответ: {"events_received":1,"messages":[],"fbtrace_id":"A7rKoMHsfdnZ34CfuxtdCod"}
Успешный ответ: {"events_received":1,"messages":[],"fbtrace_id":"AivhuTnvFpSJSyNuRSh1bUI"}
Успешный ответ: {"events_received":1,"messages":[],"fbtrace_id":"A9F-RQQFWVNAKju3vNBZ41F"}
Успешный ответ: {"events_received":1,"messages":[],"fbtrace_id":"AbHeXauaKkESuEO3HElzjEF"}
Успешный ответ: {"events_received":1,"messages":[],"fbtrace_id":"AiBWnD4AHFOpvgcLTJVktHx"}
Успешный ответ: {"events_received":1,"messages":[],"fbtrace_id":"AizPpXe80jeNpLwAmHhqDP0"}
Успешный ответ: {"events_received":1,"messages":[],"fbtrace_id":"Asah7SKICMvlNOuI4_DmKGw"}
Успешный ответ: {"events_received":1,"messages":[],"fbtrace_id":"ANkGU5TqKksRwkcKC0vwdS4"}
Успешный ответ: {"events_received":1,"messages":[],"fbtrace_id":"Ab3xuKx5Px8yV2-guwJvUk0"}
Успешный ответ: {"events_received":1,"messages":[],"fbtrace_id":"AjgJ6_x6Y8aPrrhad8Hlfow"}
Успешный ответ: {"events_received":1,"messages":[],"fbtrace_id":"AeWlfQW3iJSNPi-zcQPNpYF"}
Успешный ответ: {"events_received":1,"messages":[],"fbtrace_id":"ArNjb7Tg1FY7fmW3DZR_SK_"}
Успешный ответ: {"events_received":1,"messages":[],"fbtrace_id":"ACaEwKxlONIzq1iJb9RdH0O"}
Успешный ответ: {"events_received":1,"messages":[],"fbtrace_id":"AyyUCgTh6GkDjCWSsd5S2D4"}
Успешный ответ: {"events_received":1,"messages":[],"fbtrace_id":"A_wA8AT1APGS8PB6xzZ-86R"}
Успешный ответ: {"events_received":1,"messages":[],"fbtrace_id":"AbpMLyd88fYzgV0gyYXi9Za"}
Успешный ответ: {"events_received":1,"messages":[],"fbtrace_id":"Ag1m4k1cRTvb90HK1YPUB6O"}
Успешный ответ: {"events_received":1,"messages":[],"fbtrace_id":"AFeliPhAbJe055rnhY8zUj2"}
Успешный ответ: {"events_received":1,"messages":[],"fbtrace_id":"A-d6opTyBxjg8CTsA2zl4WQ"}
Успешный ответ: {"events_received":1,"messages":[],"fbtrace_id":"AFEq8vbkRCBlKX4vtCsNtmo"}
Успешный ответ: {"events_received":1,"messages":[],"fbtrace_id":"Ar9Y1PxB9ymtydskTQhdS6r"}
Успешный ответ: {"events_received":1,"messages":[],"fbtrace_id":"AJoyP36VKJgqyJQ8M95iwmn"}
Успешный ответ: {"events_received":1,"messages":[],"fbtrace_id":"AcK-1foi5mVWT2lHN7HImlk"}
Успешный ответ: {"events_received":1,"messages":[],"fbtrace_id":"AL4CMNEXWiUaLO4VdQ8Tp7u"}
Успешный ответ: {"events_received":1,"messages":[],"fbtrace_id":"A6EGFGl73F34ryD7t95UyXr"}
Успешный ответ: {"events_received":1,"messages":[],"fbtrace_id":"Ao2diUxppch79nb_n52RHRH"}
Успешный ответ: {"events_received":1,"messages":[],"fbtrace_id":"AEV6uvKyYVNwEr8dF0CQ-hQ"}
Успешный ответ: {"events_received":1,"messages":[],"fbtrace_id":"ASBENTCEn4rCRZPCQmMdX9J"}
Успешный ответ: {"events_received":1,"messages":[],"fbtrace_id":"AEEZwCMBbhbeCFyCN_cq7NR"}
Успешный ответ: {"events_received":1,"messages":[],"fbtrace_id":"A7Krff1MyvqmyWvDnIadKJ4"}
Успешный ответ: {"events_received":1,"messages":[],"fbtrace_id":"AlQGR5dMq41hif9QOX5RyCT"}
Успешный ответ: {"events_received":1,"messages":[],"fbtrace_id":"A-JMiIjzJz4L-X_Hci8AT2M"}
Успешный ответ: {"events_received":1,"messages":[],"fbtrace_id":"AqEIWpKjHKzGN2qu6fyHw1e"}
Успешный ответ: {"events_received":1,"messages":[],"fbtrace_id":"Ao20fS8qeco3GzqUswT5Xu6"}
Успешный ответ: {"events_received":1,"messages":[],"fbtrace_id":"A5Z0qCAjaJUxDAsPU1_sJRe"}
Успешный ответ: {"events_received":1,"messages":[],"fbtrace_id":"A3pWolUcdnDHdF_2MBLuzxn"}
Успешный ответ: {"events_received":1,"messages":[],"fbtrace_id":"AHekLsYFaRuhhPTdbgnPkFN"}
Успешный ответ: {"events_received":1,"messages":[],"fbtrace_id":"Adxaa1QcBG_v-yrmjZ7hDb9"}
Успешный ответ: {"events_received":1,"messages":[],"fbtrace_id":"AUsVXRYlgD15hM5T2j_iWRO"}
Успешный ответ: {"events_received":1,"messages":[],"fbtrace_id":"AuDCeW0yEZ1JA_1srynrWJ2"}
Успешный ответ: {"events_received":1,"messages":[],"fbtrace_id":"ABqZ0Ru0K8QPF_mgWLeh34U"}
Успешный ответ: {"events_received":1,"messages":[],"fbtrace_id":"AMlK_MMfjbzTa-CcQp59rXO"}
Успешный ответ: {"events_received":1,"messages":[],"fbtrace_id":"AqBcU6urb53P4o4ao_ESAiW"}
Успешный ответ: {"events_received":1,"messages":[],"fbtrace_id":"AgcHyFGen-UF-U4c8QPyJjg"}
Успешный ответ: {"events_received":1,"messages":[],"fbtrace_id":"Akn-RQaZikEb-OGcgt_EYXc"}
Успешный ответ: {"events_received":1,"messages":[],"fbtrace_id":"AoasX_B1JAlovPgLXsSSFfw"}
Успешный ответ: {"events_received":1,"messages":[],"fbtrace_id":"AaV1Tjq8RMozvyWcbzyrEqw"}
Успешный ответ: {"events_received":1,"messages":[],"fbtrace_id":"A6oqnn5SDwp0Ma49F5rE-Yf"}
Успешный ответ: {"events_received":1,"messages":[],"fbtrace_id":"AkeNy0j3hyNzxXPgat3nMZN"}
Успешный ответ: {"events_received":1,"messages":[],"fbtrace_id":"Avta8sBDbokBydZ4PN7hIC-"}
Успешный ответ: {"events_received":1,"messages":[],"fbtrace_id":"AsJnU88qQ-CzvVOJ6eIGpbe"}
Успешный ответ: {"events_received":1,"messages":[],"fbtrace_id":"AjNtUUHIqUeNwA-Wh2LMWve"}
Успешный ответ: {"events_received":1,"messages":[],"fbtrace_id":"AijdEAFFNX87f14a7bTsUGt"}
Успешный ответ: {"events_received":1,"messages":[],"fbtrace_id":"AhJTH_ZlgtIM89vfAT2DGAM"}
Успешный ответ: {"events_received":1,"messages":[],"fbtrace_id":"AP0ro6fE6MLpDL9OOUZWTcd"}
Успешный ответ: {"events_received":1,"messages":[],"fbtrace_id":"AN9cFU0SdxvzER5Z0Puqb2W"}
Успешный ответ: {"events_received":1,"messages":[],"fbtrace_id":"AtKtgAzEFY0Yf_WnyO3WXkq"}
Успешный ответ: {"events_received":1,"messages":[],"fbtrace_id":"Al7tPUifgtgyPT4jOL1jGQa"}
Успешный ответ: {"events_received":1,"messages":[],"fbtrace_id":"AYpKyA9N4uIEHpnLuwt6Fpn"}
Успешный ответ: {"events_received":1,"messages":[],"fbtrace_id":"AaicHGkzVANaZ4Cq7qB6weU"}
Успешный ответ: {"events_received":1,"messages":[],"fbtrace_id":"AcXyUp1mcVqd1Q3WP5_fFvO"}
Успешный ответ: {"events_received":1,"messages":[],"fbtrace_id":"AlavowJvNz-7M90-8fW26fR"}
Успешный ответ: {"events_received":1,"messages":[],"fbtrace_id":"AmJVEXMcro-aKrQXzVEIV_0"}
Успешный ответ: {"events_received":1,"messages":[],"fbtrace_id":"AK-J6EqZGE4wNzrcX-W0vSa"}
Успешный ответ: {"events_received":1,"messages":[],"fbtrace_id":"Ash4om4anohWozssZ2_rvM9"}
Успешный ответ: {"events_received":1,"messages":[],"fbtrace_id":"AcHrjcrQubyw91UMy73G0zu"}
Успешный ответ: {"events_received":1,"messages":[],"fbtrace_id":"A6Gz32tMuAz81pqPCrcMUdH"}
Успешный ответ: {"events_received":1,"messages":[],"fbtrace_id":"AM5q0bHxuIIWuznCSXu0bnl"}
Успешный ответ: {"events_received":1,"messages":[],"fbtrace_id":"AG1yeDZfj9iL1p2DB-NZgJ4"}
Успешный ответ: {"events_received":1,"messages":[],"fbtrace_id":"Ab0fOzu7EDB-PEpbLW9BDOM"}
Успешный ответ: {"events_received":1,"messages":[],"fbtrace_id":"AFHWGnIYsj-khc-3mYPrWlr"}
Успешный ответ: {"events_received":1,"messages":[],"fbtrace_id":"AxuBfWrzTXAIszXlcPOCOFO"}
Успешный ответ: {"events_received":1,"messages":[],"fbtrace_id":"ASAT4mHgEoQpzflmD_-TJxX"}
Успешный ответ: {"events_received":1,"messages":[],"fbtrace_id":"ABlOg6UwvaIPBFa-pjmHzVP"}
Успешный ответ: {"events_received":1,"messages":[],"fbtrace_id":"ALXIolbBIlKTlyKpRDBkF0P"}
Успешный ответ: {"events_received":1,"messages":[],"fbtrace_id":"A9zX_lrfJDADFRIh9seZZX1"}
Успешный ответ: {"events_received":1,"messages":[],"fbtrace_id":"Aw8ZkX3x1c34mxP_2LQE0MI"}
Успешный ответ: {"events_received":1,"messages":[],"fbtrace_id":"A_3QNQ1SbDlZ0ev5JGTIYyB"}
Успешный ответ: {"events_received":1,"messages":[],"fbtrace_id":"A59suyv2QJOQS34aedZFgRL"}
Успешный ответ: {"events_received":1,"messages":[],"fbtrace_id":"AUzvO0PZHXECKfg7rXtGGxq"}
Успешный ответ: {"events_received":1,"messages":[],"fbtrace_id":"Af1MiX4f1vb8dQVDeu8g-ex"}
Успешный ответ: {"events_received":1,"messages":[],"fbtrace_id":"Aqw9vUTCfCJj3zrZtu3y9X5"}
Успешный ответ: {"events_received":1,"messages":[],"fbtrace_id":"AsGpVDJcYROB-Xrl7LAvnYX"}
Успешный ответ: {"events_received":1,"messages":[],"fbtrace_id":"A-qg6wQmhWl9T7AFyFEiIKI"}
Успешный ответ: {"events_received":1,"messages":[],"fbtrace_id":"AsTEWbp2gUqlaMdivUHMJC4"}
Успешный ответ: {"events_received":1,"messages":[],"fbtrace_id":"AF78_vgnY3sA-rlLXjpawvp"}
Успешный ответ: {"events_received":1,"messages":[],"fbtrace_id":"AZyvpt0f7VZwGQtjM3Q48g0"}
Успешный ответ: {"events_received":1,"messages":[],"fbtrace_id":"AJXXbh7LKx1UONSY-0bnCRg"}
Успешный ответ: {"events_received":1,"messages":[],"fbtrace_id":"AGi8g4odznkKNGWErvnWHRj"}
Успешный ответ: {"events_received":1,"messages":[],"fbtrace_id":"AJCGw3murvSY7HB0x88EglE"}
Успешный ответ: {"events_received":1,"messages":[],"fbtrace_id":"AA9DjK23C25RIhBPmUHBxZF"}
Успешный ответ: {"events_received":1,"messages":[],"fbtrace_id":"Au0s0U_j3f59mgs4DkO6WFh"}
Успешный ответ: {"events_received":1,"messages":[],"fbtrace_id":"AGhi88FLuRCWPe3hvGshrVp"}
Успешный ответ: {"events_received":1,"messages":[],"fbtrace_id":"A5rchj65uJ_1O-gYUKc2FYg"}
Успешный ответ: {"events_received":1,"messages":[],"fbtrace_id":"AOyDPH8AB2uZ-sK4PwD4JVc"}
Успешный ответ: {"events_received":1,"messages":[],"fbtrace_id":"A2F1nxaufkWiBKfy3-oLiY0"}
Успешный ответ: {"events_received":1,"messages":[],"fbtrace_id":"AvGZ5zRE0d-Vxyfc25FjX0G"}
Успешный ответ: {"events_received":1,"messages":[],"fbtrace_id":"AnAocUJZC3czNNTm4QTNF1d"}
Успешный ответ: {"events_received":1,"messages":[],"fbtrace_id":"ASFcmfh_NcdYAheUkyItU2C"}
Успешный ответ: {"events_received":1,"messages":[],"fbtrace_id":"A-aOsZxMj2l3MZrwkIDX1kU"}
Успешный ответ: {"events_received":1,"messages":[],"fbtrace_id":"AQ9yWhtV65dfn1lTiGhJZbx"}
Успешный ответ: {"events_received":1,"messages":[],"fbtrace_id":"Aj3oA3aSSBCS5xHmmCdNaDA"}
Успешный ответ: {"events_received":1,"messages":[],"fbtrace_id":"A9yUfzau-3S2LWnrkSdctha"}
Успешный ответ: {"events_received":1,"messages":[],"fbtrace_id":"AjyTgjZcZgdjUrQsqLMHkEh"}
Успешный ответ: {"events_received":1,"messages":[],"fbtrace_id":"A-2VUKZodWi9L8S9XGlGLzW"}
Успешный ответ: {"events_received":1,"messages":[],"fbtrace_id":"Ag6K07e_UqLS3YmmPpo1szt"}
Успешный ответ: {"events_received":1,"messages":[],"fbtrace_id":"AxGv2RWFAsHVsyUGVz2HQaM"}
Успешный ответ: {"events_received":1,"messages":[],"fbtrace_id":"AjDm0fo8LbVMjFYo7mANQQr"}
Успешный ответ: {"events_received":1,"messages":[],"fbtrace_id":"AdhMAj0L0DG1wqBft1v67sJ"}
Успешный ответ: {"events_received":1,"messages":[],"fbtrace_id":"ASAtgSVbZglkflOUjSz5jsL"}
Успешный ответ: {"events_received":1,"messages":[],"fbtrace_id":"AG8WuC1uOzjyd0cAp4HLGzy"}
Успешный ответ: {"events_received":1,"messages":[],"fbtrace_id":"ASHYdfA56XLyZR9SQrHJIHh"}
Успешный ответ: {"events_received":1,"messages":[],"fbtrace_id":"AZ4-aVGyrMES-8qR318YjaJ"}
Успешный ответ: {"events_received":1,"messages":[],"fbtrace_id":"Atkhisj9uEqkp1UhXGB2plI"}
Успешный ответ: {"events_received":1,"messages":[],"fbtrace_id":"AN-UUYJ2Id_z9uBqK3uJ9u8"}
Успешный ответ: {"events_received":1,"messages":[],"fbtrace_id":"AbCNmqPsJfGzK72LyIT12MC"}
Успешный ответ: {"events_received":1,"messages":[],"fbtrace_id":"AD1gZXYV92zsIT3-UfLefog"}
Успешный ответ: {"events_received":1,"messages":[],"fbtrace_id":"AhHsnAjmFGJsx383grXZKNd"}
Успешный ответ: {"events_received":1,"messages":[],"fbtrace_id":"AoEFEVH68JIwIIGP4TuBDc-"}
Успешный ответ: {"events_received":1,"messages":[],"fbtrace_id":"AjwgFg3WZBunfPspBWf0KXy"}
Успешный ответ: {"events_received":1,"messages":[],"fbtrace_id":"AvNWz1jO13G_iKjNawv2bM5"}
Успешный ответ: {"events_received":1,"messages":[],"fbtrace_id":"A3Vsv5jvtHCKxfvD-_BqygC"}
Успешный ответ: {"events_received":1,"messages":[],"fbtrace_id":"ArztapeBW0bSkTEE2UjLfOt"}
Успешный ответ: {"events_received":1,"messages":[],"fbtrace_id":"ADutzIibGbm6fhDGiNWO8rf"}
Успешный ответ: {"events_received":1,"messages":[],"fbtrace_id":"AKeidVJXa8K8vMEhpGJM2kp"}
Успешный ответ: {"events_received":1,"messages":[],"fbtrace_id":"A4CG-XN8GXdbCTLP_TJlIuP"}
Успешный ответ: {"events_received":1,"messages":[],"fbtrace_id":"Al_Aaew1AfHggZEoGrfy8qF"}
Успешный ответ: {"events_received":1,"messages":[],"fbtrace_id":"A4X1O-zdUEPSgC1YzxrW2hf"}
Успешный ответ: {"events_received":1,"messages":[],"fbtrace_id":"A0cbwwxdMrZ_3TYA8U9ng6g"}
Успешный ответ: {"events_received":1,"messages":[],"fbtrace_id":"A9T2pUjZB8E2Bd-yvsuQuBf"}
Успешный ответ: {"events_received":1,"messages":[],"fbtrace_id":"Ay420kuiDm9WgH3fgEcj8KJ"}
Успешный ответ: {"events_received":1,"messages":[],"fbtrace_id":"A72TommhaXlejqRfICZDaGS"}
Успешный ответ: {"events_received":1,"messages":[],"fbtrace_id":"AokHsNYuxGOGGEnDfvxdC_B"}
Успешный ответ: {"events_received":1,"messages":[],"fbtrace_id":"AQqF-hKIXCtza_y2KAmBnOU"}
Успешный ответ: {"events_received":1,"messages":[],"fbtrace_id":"AfmXMQhqLYZoFXW_grknjb2"}
Успешный ответ: {"events_received":1,"messages":[],"fbtrace_id":"A_-XvpD-tfiRI072EmNChce"}
Успешный ответ: {"events_received":1,"messages":[],"fbtrace_id":"ADDiWkn-qAqFAj41-F8LsiV"}
Успешный ответ: {"events_received":1,"messages":[],"fbtrace_id":"AEHK7eiETTe5b5cNhSJHLlC"}
Успешный ответ: {"events_received":1,"messages":[],"fbtrace_id":"AJRdgGy3Tk912bol8bV8IcG"}
Успешный ответ: {"events_received":1,"messages":[],"fbtrace_id":"AH2dVh4G3nVlWNsg4lOOjU7"}
Успешный ответ: {"events_received":1,"messages":[],"fbtrace_id":"ApatV5XuSs5GiXkJWqVvFvL"}
Успешный ответ: {"events_received":1,"messages":[],"fbtrace_id":"AXY3ddZBY9MgWzBaCRZvx1-"}
Успешный ответ: {"events_received":1,"messages":[],"fbtrace_id":"AjxzZZQeIDyGI2P9c5Twt0m"}
Успешный ответ: {"events_received":1,"messages":[],"fbtrace_id":"ALDRulUNqsPnYOnwf1Axxtg"}
Успешный ответ: {"events_received":1,"messages":[],"fbtrace_id":"Av57VYtBRsBBdeMMuZqXzDA"}
Успешный ответ: {"events_received":1,"messages":[],"fbtrace_id":"AK70i6DlxdqvhTFOkBFHJIq"}
Успешный ответ: {"events_received":1,"messages":[],"fbtrace_id":"Ac4RMlw75BPLhRwolEYIouv"}
Успешный ответ: {"events_received":1,"messages":[],"fbtrace_id":"Akqw_JF666l5WiWzSmIjUkw"}
Успешный ответ: {"events_received":1,"messages":[],"fbtrace_id":"AIpZReh5SKOjF3ozlDUSHXh"}
Успешный ответ: {"events_received":1,"messages":[],"fbtrace_id":"AqdD8gmkjXrnFShvpli6YBr"}
Успешный ответ: {"events_received":1,"messages":[],"fbtrace_id":"AaWMprV9PAzf4clzgj87LOk"}
Успешный ответ: {"events_received":1,"messages":[],"fbtrace_id":"AopSqnHGkANOM5UQSGOdCnO"}
Успешный ответ: {"events_received":1,"messages":[],"fbtrace_id":"A6Yt_rfp17s6oj9Wx0W-tEI"}
Успешный ответ: {"events_received":1,"messages":[],"fbtrace_id":"AK776oGzSiLK8x35_8DMarP"}
Успешный ответ: {"events_received":1,"messages":[],"fbtrace_id":"AoGaA0HW9VVH80wf_WjhCTq"}
Успешный ответ: {"events_received":1,"messages":[],"fbtrace_id":"AVPi28GzKlYxrzu0Gso59JY"}
Успешный ответ: {"events_received":1,"messages":[],"fbtrace_id":"ANwRFe6Mki8c4B4Vx7DbiuZ"}
Успешный ответ: {"events_received":1,"messages":[],"fbtrace_id":"Akx743ilp913NmKI7n2skZL"}
Успешный ответ: {"events_received":1,"messages":[],"fbtrace_id":"AMrR6zNackNP7orxhoGxf6F"}
Успешный ответ: {"events_received":1,"messages":[],"fbtrace_id":"Aa148HpiKhvCk5lvNw-1A2B"}
Успешный ответ: {"events_received":1,"messages":[],"fbtrace_id":"AjK_c4Ljl5BwINnynoKxSaG"}
Успешный ответ: {"events_received":1,"messages":[],"fbtrace_id":"Arbp1gOZfB_RhH39xIRsRx_"}
Успешный ответ: {"events_received":1,"messages":[],"fbtrace_id":"AcqMH3TmCt5HuMT0h0E8QTn"}
Успешный ответ: {"events_received":1,"messages":[],"fbtrace_id":"A-SJ2j6dkmeFajRR6Ip6XOo"}
Успешный ответ: {"events_received":1,"messages":[],"fbtrace_id":"AIOncnC8DVg0iDl7ERtiDK5"}
Успешный ответ: {"events_received":1,"messages":[],"fbtrace_id":"AQBNXi2Eg7jcoMm7FF4r2qF"}
Успешный ответ: {"events_received":1,"messages":[],"fbtrace_id":"A2-t1GIn0WyXQZKNSztW4kX"}
Успешный ответ: {"events_received":1,"messages":[],"fbtrace_id":"AiVQvKfQE_OyMyBkZ3DXT7i"}
Успешный ответ: {"events_received":1,"messages":[],"fbtrace_id":"AjJocb4jLRtDHKW9GKSb3iQ"}
Успешный ответ: {"events_received":1,"messages":[],"fbtrace_id":"AuMogCFwgY41XmgNANnTCiy"}
Успешный ответ: {"events_received":1,"messages":[],"fbtrace_id":"AXY9RMBRSQj8K-WcThXByWh"}
Успешный ответ: {"events_received":1,"messages":[],"fbtrace_id":"A_mdHx2zSiYwAK08qUbD757"}
Успешный ответ: {"events_received":1,"messages":[],"fbtrace_id":"A3vp58EcCFAXHNT0XFwks8D"}
Успешный ответ: {"events_received":1,"messages":[],"fbtrace_id":"AkvB1B41bbWr5F5asS-DZ7Y"}
Успешный ответ: {"events_received":1,"messages":[],"fbtrace_id":"Af-bu-LWAYegV486dmhpfao"}
Успешный ответ: {"events_received":1,"messages":[],"fbtrace_id":"AY0wCKVh99LOXhi0lkki4JT"}
Успешный ответ: {"events_received":1,"messages":[],"fbtrace_id":"AlcJsphGg6eGt_QQvBxBz1c"}
Успешный ответ: {"events_received":1,"messages":[],"fbtrace_id":"AO5MooZzwO1iLc6qDJYOebq"}
Успешный ответ: {"events_received":1,"messages":[],"fbtrace_id":"A_Vd2L0e_bRrxCuimI5oVJB"}
Успешный ответ: {"events_received":1,"messages":[],"fbtrace_id":"AWdMshxollrQKnBoqe7027j"}
Успешный ответ: {"events_received":1,"messages":[],"fbtrace_id":"AhS8wGlT0kyaTnxkYvjK_px"}
Успешный ответ: {"events_received":1,"messages":[],"fbtrace_id":"AFoyJexS-nzlNGbJsAjaFpi"}
Успешный ответ: {"events_received":1,"messages":[],"fbtrace_id":"A_7rNNmsSEYuPdzDC87t_87"}
Успешный ответ: {"events_received":1,"messages":[],"fbtrace_id":"AAtdn-FK2ti8VEgMebpt6hh"}
Успешный ответ: {"events_received":1,"messages":[],"fbtrace_id":"A0Epmnvf28piD5jIlvVimcX"}
Успешный ответ: {"events_received":1,"messages":[],"fbtrace_id":"AwKOJiyOSzuJ255rjSlK4uZ"}
Успешный ответ: {"events_received":1,"messages":[],"fbtrace_id":"AZ30u5ceAUsmNDbBUvHhCs1"}
Успешный ответ: {"events_received":1,"messages":[],"fbtrace_id":"AKdvIAHJA1442SWVRaMdXw8"}
Успешный ответ: {"events_received":1,"messages":[],"fbtrace_id":"A0et241lPJDlrAammhBUzAc"}
Успешный ответ: {"events_received":1,"messages":[],"fbtrace_id":"Abb9ctYJaOIGsp_ZkREQ6tq"}
Успешный ответ: {"events_received":1,"messages":[],"fbtrace_id":"Au4pfot_WQDxxRnpRElnrhE"}
Успешный ответ: {"events_received":1,"messages":[],"fbtrace_id":"Ak-d80DbPz-BKioJ7U8QOba"}
Успешный ответ: {"events_received":1,"messages":[],"fbtrace_id":"ADEDTblNCq6OTfksjP8GFF9"}
Успешный ответ: {"events_received":1,"messages":[],"fbtrace_id":"AmZOhFvKnazmSf7w3e5xaly"}
Успешный ответ: {"events_received":1,"messages":[],"fbtrace_id":"Ajm1sXO4InryuG4bIb2-1D-"}
Успешный ответ: {"events_received":1,"messages":[],"fbtrace_id":"AUx2LleYDffNu-KflR3T4rD"}
Успешный ответ: {"events_received":1,"messages":[],"fbtrace_id":"AbrabfykhEjYE4wZzZFEh4N"}
Успешный ответ: {"events_received":1,"messages":[],"fbtrace_id":"Az2mBdsVQ5KRoMrZKE6_CIH"}
Успешный ответ: {"events_received":1,"messages":[],"fbtrace_id":"Ayao8SUrtChL3KNaM8Dl3xZ"}
Успешный ответ: {"events_received":1,"messages":[],"fbtrace_id":"AuXjCOnBSjpvF4h4vH6Wqdh"}
Успешный ответ: {"events_received":1,"messages":[],"fbtrace_id":"AmsfHZLiNcVDj_8OVPgyWVs"}
Успешный ответ: {"events_received":1,"messages":[],"fbtrace_id":"AwjrJBnf80hzN5bt2Fd2IKp"}
Успешный ответ: {"events_received":1,"messages":[],"fbtrace_id":"Au9_NLmVBMu1Nnqy7lrAyV8"}
Успешный ответ: {"events_received":1,"messages":[],"fbtrace_id":"ALqYlBJVFXm_RNI1YXUqGIW"}
Успешный ответ: {"events_received":1,"messages":[],"fbtrace_id":"AaY_5dLIBhy1-353w9U7dzg"}
Успешный ответ: {"events_received":1,"messages":[],"fbtrace_id":"Aiu2dlKo0u1gwsqHywd_c8W"}
Успешный ответ: {"events_received":1,"messages":[],"fbtrace_id":"AjIowK4DpsOKR_CG_Zm5cM5"}
Успешный ответ: {"events_received":1,"messages":[],"fbtrace_id":"Ar6CRPzi6Goifkxvkjq1GQp"}
Успешный ответ: {"events_received":1,"messages":[],"fbtrace_id":"AMV5TYKO3Zj18Mz58646hR2"}
Успешный ответ: {"events_received":1,"messages":[],"fbtrace_id":"Ay2eW79xRPLH5H6J-2pXkFB"}
Успешный ответ: {"events_received":1,"messages":[],"fbtrace_id":"AEcOiVnswT5Vxx2BLaCqZV7"}
Успешный ответ: {"events_received":1,"messages":[],"fbtrace_id":"A0UVXP3tnjA_ihOoc4hGKAq"}
Успешный ответ: {"events_received":1,"messages":[],"fbtrace_id":"AWgL_5MZ34vbba5HBFGv0j4"}
Успешный ответ: {"events_received":1,"messages":[],"fbtrace_id":"AB_fGIZcVFeH2qx_TmTbkuR"}
Успешный ответ: {"events_received":1,"messages":[],"fbtrace_id":"A8fBaodqJxyCS4ZqXb_bZyK"}
Успешный ответ: {"events_received":1,"messages":[],"fbtrace_id":"AWzEjotB5rBLZqD6FIbMhXo"}
Успешный ответ: {"events_received":1,"messages":[],"fbtrace_id":"AQ8gAIvoqtEkpTJ47bq8Vcu"}
Успешный ответ: {"events_received":1,"messages":[],"fbtrace_id":"AqkAlvLryM69v68VDZLE2Ii"}
Успешный ответ: {"events_received":1,"messages":[],"fbtrace_id":"AAcFE7CC8dxKhfQxGKZgMh7"}
Успешный ответ: {"events_received":1,"messages":[],"fbtrace_id":"AjOtdawN5C9VRyB5CJ01hsn"}
Успешный ответ: {"events_received":1,"messages":[],"fbtrace_id":"AxCgJc56Lh-ntIEZ2vwjjjP"}
Успешный ответ: {"events_received":1,"messages":[],"fbtrace_id":"AGpl9ptf_N86ZeHBcXjKvJd"}
Успешный ответ: {"events_received":1,"messages":[],"fbtrace_id":"AkJeII8TAhuppLjhTOj5b8e"}
Успешный ответ: {"events_received":1,"messages":[],"fbtrace_id":"A29pRAG7HIw_NXyuL5MvIQo"}
Успешный ответ: {"events_received":1,"messages":[],"fbtrace_id":"AWhV7PSHy_ne-8MFQZSG4I_"}
Успешный ответ: {"events_received":1,"messages":[],"fbtrace_id":"ArbLxTMCdOR7bEdpnL3zsYi"}
Успешный ответ: {"events_received":1,"messages":[],"fbtrace_id":"AwMQ2GRW5_PM_mXBKx8yRU_"}
Успешный ответ: {"events_received":1,"messages":[],"fbtrace_id":"ARCl3fO8-EK5YTqbf2by9qH"}
Успешный ответ: {"events_received":1,"messages":[],"fbtrace_id":"Az7n_eQUWlhmCXA8M4_VZfK"}
Успешный ответ: {"events_received":1,"messages":[],"fbtrace_id":"Ac20MKGNgZgc3AMKixxDpfI"}
Успешный ответ: {"events_received":1,"messages":[],"fbtrace_id":"AINzt7pIWb1kGfjVdj8yNVi"}
Успешный ответ: {"events_received":1,"messages":[],"fbtrace_id":"AcH210376E-QL9pySQYIFxS"}
Успешный ответ: {"events_received":1,"messages":[],"fbtrace_id":"A0abSRJjj1r1qpEXg5nHxfM"}
Успешный ответ: {"events_received":1,"messages":[],"fbtrace_id":"AQIR-fz9hmEjnl9tWwWKNAb"}
Успешный ответ: {"events_received":1,"messages":[],"fbtrace_id":"A7Sdf__h_1xOzH_EYCVJOCe"}
Успешный ответ: {"events_received":1,"messages":[],"fbtrace_id":"Ahw9souqlhF2rsJqt9sM3-0"}
Успешный ответ: {"events_received":1,"messages":[],"fbtrace_id":"A5jVtQx0Qz1F-mpIcQJ8Z5I"}
Успешный ответ: {"events_received":1,"messages":[],"fbtrace_id":"AjTi46y96nY7WdpJZu5inIR"}
Успешный ответ: {"events_received":1,"messages":[],"fbtrace_id":"AQc1xbFSu24O13zipYaltb2"}
Успешный ответ: {"events_received":1,"messages":[],"fbtrace_id":"AgCZkuMOBOdJrDVTX5JMNL1"}
Успешный ответ: {"events_received":1,"messages":[],"fbtrace_id":"Anj--czFcLrPTNd_YXLre9S"}
Успешный ответ: {"events_received":1,"messages":[],"fbtrace_id":"Ak7tJxJb4p8G4ZMxP1ZWW-P"}
Успешный ответ: {"events_received":1,"messages":[],"fbtrace_id":"Ae56hO5WU_SukmHsqu3dve7"}
Успешный ответ: {"events_received":1,"messages":[],"fbtrace_id":"AuygMbj2wd4yE5sen8uyjZs"}
Успешный ответ: {"events_received":1,"messages":[],"fbtrace_id":"A-RaXl5pCnMeSzVdxBReNAp"}
Успешный ответ: {"events_received":1,"messages":[],"fbtrace_id":"AuIKDR_SFELmPP1-lB_wENt"}
Успешный ответ: {"events_received":1,"messages":[],"fbtrace_id":"A233KJsPIy6pKij4pNVHkpt"}
Успешный ответ: {"events_received":1,"messages":[],"fbtrace_id":"Al3DvDfeBX_QkNJ5nhtU_Sy"}
Успешный ответ: {"events_received":1,"messages":[],"fbtrace_id":"Aj2A1Ug47Z5X7evChUfXE0Q"}
Успешный ответ: {"events_received":1,"messages":[],"fbtrace_id":"ADuJWFWjcHcFNS8Z47zsnRl"}
Успешный ответ: {"events_received":1,"messages":[],"fbtrace_id":"AhQL4SgQFJeE5F4LWy3cKu4"}
Успешный ответ: {"events_received":1,"messages":[],"fbtrace_id":"Azfn4Hvy0j1qilGtFl20cC3"}
Успешный ответ: {"events_received":1,"messages":[],"fbtrace_id":"ANTsKVvsOGZHeENjDUii43J"}
Успешный ответ: {"events_received":1,"messages":[],"fbtrace_id":"AGj3cAaV8vyV2D3PxokGQPt"}
Успешный ответ: {"events_received":1,"messages":[],"fbtrace_id":"Alt0QzWtRja5ohb6xHtvpnj"}
Успешный ответ: {"events_received":1,"messages":[],"fbtrace_id":"AhV-HPTzUP89YeXVQ2BLNR9"}
Успешный ответ: {"events_received":1,"messages":[],"fbtrace_id":"ABXBmL-LzS39cBL9q1Dix-c"}
Успешный ответ: {"events_received":1,"messages":[],"fbtrace_id":"Avi6IfkxARfFRd_q5gAv2jq"}
Успешный ответ: {"events_received":1,"messages":[],"fbtrace_id":"AUDGclyVFpkEM5cRmQg2reL"}
Успешный ответ: {"events_received":1,"messages":[],"fbtrace_id":"ABu5Raty-04l-MRME7eMaNT"}
Успешный ответ: {"events_received":1,"messages":[],"fbtrace_id":"AcxiSYec_qr9pctFDaFY2UK"}
Успешный ответ: {"events_received":1,"messages":[],"fbtrace_id":"A9-qjZs2Ff7n4ktrz559vBA"}
Успешный ответ: {"events_received":1,"messages":[],"fbtrace_id":"AMW19rCIxt3ouiXWa3k_L8y"}
Успешный ответ: {"events_received":1,"messages":[],"fbtrace_id":"AlRz9RkjTrmiLxzDKmrGkDm"}
Успешный ответ: {"events_received":1,"messages":[],"fbtrace_id":"Ac_TZK9smaf1L5sfrABuvxp"}
Успешный ответ: {"events_received":1,"messages":[],"fbtrace_id":"A7o_pvM42O5SqBQLDrPA7ec"}
Успешный ответ: {"events_received":1,"messages":[],"fbtrace_id":"AU6FoG2mDXURVBMbhB19fQj"}
Успешный ответ: {"events_received":1,"messages":[],"fbtrace_id":"AG7p4_dBOz-_aWOXG0C5zAf"}
Успешный ответ: {"events_received":1,"messages":[],"fbtrace_id":"AVETs0lxR9-UO7uBcHper0H"}
Успешный ответ: {"events_received":1,"messages":[],"fbtrace_id":"A4j1KotAkMjDLGUpETE-Niz"}
Успешный ответ: {"events_received":1,"messages":[],"fbtrace_id":"AsXOq0Tu4uwvFIt94lQOWVm"}
Успешный ответ: {"events_received":1,"messages":[],"fbtrace_id":"AeEnZ5PKNmUBB57De8QzI8S"}
Успешный ответ: {"events_received":1,"messages":[],"fbtrace_id":"AJiNXRps9xIHX9DF2-baRp-"}
Успешный ответ: {"events_received":1,"messages":[],"fbtrace_id":"A081CqP9b2TEd6e29OfiLA4"}
Успешный ответ: {"events_received":1,"messages":[],"fbtrace_id":"AMH34c2ArLD760GlYW4-P73"}
Успешный ответ: {"events_received":1,"messages":[],"fbtrace_id":"AgdtUrSPOcHfgR-JTdd4mPd"}
Успешный ответ: {"events_received":1,"messages":[],"fbtrace_id":"AG__JyAqwOQzGJjrmW9MMtO"}
Успешный ответ: {"events_received":1,"messages":[],"fbtrace_id":"AFWtaCPzJj7EMQiHYuclnbk"}
Успешный ответ: {"events_received":1,"messages":[],"fbtrace_id":"AVQjwZLU56TK94knEDwzqtu"}
Успешный ответ: {"events_received":1,"messages":[],"fbtrace_id":"Ax9TBnfBgfb2gQJ_kzijYW0"}
Успешный ответ: {"events_received":1,"messages":[],"fbtrace_id":"Aet2OMbekCyRRiwieQQRFXd"}
Успешный ответ: {"events_received":1,"messages":[],"fbtrace_id":"AzHUsv-HL1RHei96r_WG7Fx"}
Успешный ответ: {"events_received":1,"messages":[],"fbtrace_id":"AXXaEJku4XmqJ8aHljpbIBr"}
Успешный ответ: {"events_received":1,"messages":[],"fbtrace_id":"ARE9rwqz3YJozTwPUFevRJM"}
Успешный ответ: {"events_received":1,"messages":[],"fbtrace_id":"Asdv7u21ocWeq2hj1MQhQvR"}
Успешный ответ: {"events_received":1,"messages":[],"fbtrace_id":"A4gInMRGqfHJQEjrBg-L4mJ"}
Успешный ответ: {"events_received":1,"messages":[],"fbtrace_id":"Ai5UkSKqfrWCQR8vdaOABLr"}
Успешный ответ: {"events_received":1,"messages":[],"fbtrace_id":"AW-4ogbReyLd7QHaUnJPHAA"}
Успешный ответ: {"events_received":1,"messages":[],"fbtrace_id":"Acz1OOHESQwbgaUU4ZGcTBZ"}
Успешный ответ: {"events_received":1,"messages":[],"fbtrace_id":"A3tbBK_Qsn9zJaK2eO42tEQ"}
Успешный ответ: {"events_received":1,"messages":[],"fbtrace_id":"AOdB4m0qfw_1fPL7kN66icR"}
Успешный ответ: {"events_received":1,"messages":[],"fbtrace_id":"ARzxxpfirjYpxLxtgX4bpwN"}
Успешный ответ: {"events_received":1,"messages":[],"fbtrace_id":"AeE0Ez1iBU40mMmVng4lqkZ"}
Успешный ответ: {"events_received":1,"messages":[],"fbtrace_id":"AgSFiNipiJA2JaBrSYrM1uw"}
Успешный ответ: {"events_received":1,"messages":[],"fbtrace_id":"AakQaAHPTI3TP5Ghe7x1zzE"}
Успешный ответ: {"events_received":1,"messages":[],"fbtrace_id":"AH3xgK1x5KMxzBTN54YZvz_"}
Успешный ответ: {"events_received":1,"messages":[],"fbtrace_id":"AB7kOv6YUhFt8gXxvnMOtwA"}
Успешный ответ: {"events_received":1,"messages":[],"fbtrace_id":"A4Ce30zwqiGMVILux6CPW_8"}
Успешный ответ: {"events_received":1,"messages":[],"fbtrace_id":"AXz7iqKRO0oFKAiuceXd2mi"}
Успешный ответ: {"events_received":1,"messages":[],"fbtrace_id":"A1ILy2nwAeHBP4RUQk2EO3n"}
Успешный ответ: {"events_received":1,"messages":[],"fbtrace_id":"AX0p3_uA3moWwU7bqgyVDGx"}
Успешный ответ: {"events_received":1,"messages":[],"fbtrace_id":"AUk9HoYrsyXdscfpW9iSbuP"}
Успешный ответ: {"events_received":1,"messages":[],"fbtrace_id":"A5zvWgvX5VNM2K2gbqBg7HK"}
Успешный ответ: {"events_received":1,"messages":[],"fbtrace_id":"A70yEyCSl2e7Bjdy0WbtvQe"}
Успешный ответ: {"events_received":1,"messages":[],"fbtrace_id":"AC-S2YVrEi09NeD2KfblyeG"}
Успешный ответ: {"events_received":1,"messages":[],"fbtrace_id":"ABNyHr_uvkp_AtoCWZbFJuH"}
Успешный ответ: {"events_received":1,"messages":[],"fbtrace_id":"AWbsnH381MS7cLkCRVDG4Sr"}
Успешный ответ: {"events_received":1,"messages":[],"fbtrace_id":"AH2gQmFn5pT5Om_W9AAUUa8"}
Успешный ответ: {"events_received":1,"messages":[],"fbtrace_id":"A6v6YTiCiZNTV7csVOJK7jo"}
Успешный ответ: {"events_received":1,"messages":[],"fbtrace_id":"AkeagXVQOMYPllUFAX5C5kg"}
Успешный ответ: {"events_received":1,"messages":[],"fbtrace_id":"AioEAhEYzU0eGW4SYR6s-j8"}
Успешный ответ: {"events_received":1,"messages":[],"fbtrace_id":"AQLXcq4dqjluVTjtThewQSC"}
Успешный ответ: {"events_received":1,"messages":[],"fbtrace_id":"A39SPZQxkq5JJ73co-GdijK"}
Успешный ответ: {"events_received":1,"messages":[],"fbtrace_id":"ATUvfDtccDUhrJH3ItkfEve"}
Успешный ответ: {"events_received":1,"messages":[],"fbtrace_id":"AgN5CbupOPZKQlUgrMTLrbh"}
Успешный ответ: {"events_received":1,"messages":[],"fbtrace_id":"ATSh1zwNL5kKvAopj7dpaAJ"}
Успешный ответ: {"events_received":1,"messages":[],"fbtrace_id":"AR3SkCg80Vgf-ZrreVE6TRh"}
Успешный ответ: {"events_received":1,"messages":[],"fbtrace_id":"AdGAmm6QrT0kBUcIseJKFLl"}
Успешный ответ: {"events_received":1,"messages":[],"fbtrace_id":"A4UKR6o9hLFDr_YcIzaZChj"}
Успешный ответ: {"events_received":1,"messages":[],"fbtrace_id":"ARlzyuqSoG3M-vIygzS3db-"}
Успешный ответ: {"events_received":1,"messages":[],"fbtrace_id":"AzbCoHMOkWMmANaUCh7FmKW"}
Успешный ответ: {"events_received":1,"messages":[],"fbtrace_id":"AED7gzifPW70CNPm2iiKDhm"}
Успешный ответ: {"events_received":1,"messages":[],"fbtrace_id":"ARxlbEosNP82BWmZPpKGsRI"}
Успешный ответ: {"events_received":1,"messages":[],"fbtrace_id":"A96Bv30zos-tw9PU2xniBrQ"}
Успешный ответ: {"events_received":1,"messages":[],"fbtrace_id":"Ay4XBl9reIffkHYbjPR661j"}
Успешный ответ: {"events_received":1,"messages":[],"fbtrace_id":"A-nBPWeNw-BuqpDcB_BG09-"}
Успешный ответ: {"events_received":1,"messages":[],"fbtrace_id":"A6DSSZTCTI1gCt5W2Y_p1aZ"}
Успешный ответ: {"events_received":1,"messages":[],"fbtrace_id":"AH9HjXoPasH_eZQxaAc7_wj"}
Успешный ответ: {"events_received":1,"messages":[],"fbtrace_id":"AoSvB-ndTjEF_FeDMg797Ms"}
Успешный ответ: {"events_received":1,"messages":[],"fbtrace_id":"AwDEaKxVOK7cX4kMv1dHrAy"}
Успешный ответ: {"events_received":1,"messages":[],"fbtrace_id":"A9Bpeoyn2LD_55ivcpgYktX"}
Успешный ответ: {"events_received":1,"messages":[],"fbtrace_id":"AzZ0T_FvJxUawTQhErypoGy"}
Успешный ответ: {"events_received":1,"messages":[],"fbtrace_id":"AqcUsY7fW8U02guOLvwwYBf"}
Успешный ответ: {"events_received":1,"messages":[],"fbtrace_id":"ABW11LZzsAD2n_1LQkTomTZ"}
Успешный ответ: {"events_received":1,"messages":[],"fbtrace_id":"AINsHSk3_SbQTvAh0Zzs4LN"}
Успешный ответ: {"events_received":1,"messages":[],"fbtrace_id":"AXZs7M22cwd1kZFIvPRxlgY"}
Успешный ответ: {"events_received":1,"messages":[],"fbtrace_id":"A20aqWWrio5DNcDIcCg9sqO"}
Успешный ответ: {"events_received":1,"messages":[],"fbtrace_id":"AJg-3LtjNNdGSCq-8lIixMn"}
Успешный ответ: {"events_received":1,"messages":[],"fbtrace_id":"AN89MXoqOu5q2DhgWAxKMDm"}
Успешный ответ: {"events_received":1,"messages":[],"fbtrace_id":"AI2MxBT8vwEYtLfEb522RPC"}
Успешный ответ: {"events_received":1,"messages":[],"fbtrace_id":"AVDXzTATwYXUw1OM6_0FAui"}
Успешный ответ: {"events_received":1,"messages":[],"fbtrace_id":"ADI3qOGuTPNqt7hvvkKouM3"}
Успешный ответ: {"events_received":1,"messages":[],"fbtrace_id":"Arq8YiS7cLGy0bpjhTGAlpI"}
Успешный ответ: {"events_received":1,"messages":[],"fbtrace_id":"AXYiGSST4FtC5-GUSKYHqOV"}
Успешный ответ: {"events_received":1,"messages":[],"fbtrace_id":"Af42FPQBdvXMrv0SLRHOont"}
Успешный ответ: {"events_received":1,"messages":[],"fbtrace_id":"AcU82r87IJ8cX4wkIUubuD8"}
Успешный ответ: {"events_received":1,"messages":[],"fbtrace_id":"AEzNqrJendnHjt0McghTAYi"}
Успешный ответ: {"events_received":1,"messages":[],"fbtrace_id":"AZnTrEthYuPZfshcxcP4Ln4"}
Успешный ответ: {"events_received":1,"messages":[],"fbtrace_id":"AXRPiEEezs3afV2hQ2vy4D4"}
Успешный ответ: {"events_received":1,"messages":[],"fbtrace_id":"A4XMLjzmGS0IfZ1LlKh6wUh"}
Успешный ответ: {"events_received":1,"messages":[],"fbtrace_id":"AG091SVp-zjwu1CTG3_cDKJ"}
Успешный ответ: {"events_received":1,"messages":[],"fbtrace_id":"A8FwTN9sj6KrcF84wvOWuP8"}
Успешный ответ: {"events_received":1,"messages":[],"fbtrace_id":"AlNTNUcmdw5ZnoBg_u413eZ"}
Успешный ответ: {"events_received":1,"messages":[],"fbtrace_id":"AAhhk-u2cOi9vNUxQkz2O4T"}
Успешный ответ: {"events_received":1,"messages":[],"fbtrace_id":"AEUO78FteX2HMZjMMuf-nuv"}
Успешный ответ: {"events_received":1,"messages":[],"fbtrace_id":"A15wnw9UWLaYThTvb9YGcrW"}
Успешный ответ: {"events_received":1,"messages":[],"fbtrace_id":"ApE2OMXW6XILTmvlviD_IIC"}
Успешный ответ: {"events_received":1,"messages":[],"fbtrace_id":"AGjFoXNbYqBNb786xbiPdfa"}
Успешный ответ: {"events_received":1,"messages":[],"fbtrace_id":"AhEpadnRaek0TnhYnxoaoPd"}
Успешный ответ: {"events_received":1,"messages":[],"fbtrace_id":"AIdSB2SY4r8h8vM4xRDw5x6"}
Успешный ответ: {"events_received":1,"messages":[],"fbtrace_id":"ADpUWhFBFKRzTntOG1-TJ_S"}
Успешный ответ: {"events_received":1,"messages":[],"fbtrace_id":"AQtvThpaEPBTODLwwV8_pjf"}
Успешный ответ: {"events_received":1,"messages":[],"fbtrace_id":"AzvdfdR-n801n6t_1m535rq"}
Успешный ответ: {"events_received":1,"messages":[],"fbtrace_id":"AdKyGIQg6Y5WVrKVWYpAVv1"}
Успешный ответ: {"events_received":1,"messages":[],"fbtrace_id":"AHOBllUfq2Bgf3R4BfcwqwX"}
Успешный ответ: {"events_received":1,"messages":[],"fbtrace_id":"AEKPs2juRnAn5OTXWq24t6v"}
Успешный ответ: {"events_received":1,"messages":[],"fbtrace_id":"ANH5W_QpZRGE36GBoOpkV_u"}
Успешный ответ: {"events_received":1,"messages":[],"fbtrace_id":"AwfHgctjE-PAiIpygU_Annh"}
Успешный ответ: {"events_received":1,"messages":[],"fbtrace_id":"AY4AhcBc29kDGb1bZlKRilI"}
Успешный ответ: {"events_received":1,"messages":[],"fbtrace_id":"A1qjXZ6XfJFNj1Cp3AO9Cmg"}
Успешный ответ: {"events_received":1,"messages":[],"fbtrace_id":"AYFEkLijt77s_WHggKzp0x0"}
Успешный ответ: {"events_received":1,"messages":[],"fbtrace_id":"AuToXCvMe9R_ur9f57IuO2K"}
Успешный ответ: {"events_received":1,"messages":[],"fbtrace_id":"Adb3Yr1UT9APLZ5lU3TgZFA"}
Успешный ответ: {"events_received":1,"messages":[],"fbtrace_id":"AqmiSCVueFDG3Ge3oc8abIh"}
Успешный ответ: {"events_received":1,"messages":[],"fbtrace_id":"AHId6Q2ywc7KKlX6VZkLYcb"}
Успешный ответ: {"events_received":1,"messages":[],"fbtrace_id":"AYCGPFRz1JwegyWRQNkRphV"}
Успешный ответ: {"events_received":1,"messages":[],"fbtrace_id":"A2CLzsQ-5ZiCrx_p5jPLl6X"}
Успешный ответ: {"events_received":1,"messages":[],"fbtrace_id":"Aogs3MW7bMRv32fMJPOgh08"}
Успешный ответ: {"events_received":1,"messages":[],"fbtrace_id":"APa4ak4MwP0XwTLHn2jUaiY"}
Успешный ответ: {"events_received":1,"messages":[],"fbtrace_id":"A_T3-i5g08IkBgDBKnY9QuZ"}
Успешный ответ: {"events_received":1,"messages":[],"fbtrace_id":"AOwukkkDe6vhwi6rOHz4Bn6"}
Успешный ответ: {"events_received":1,"messages":[],"fbtrace_id":"Ab_660kAvK17JoX12rqAeAx"}
Успешный ответ: {"events_received":1,"messages":[],"fbtrace_id":"ADU1kLXjfnMMDMJmf7Lkl_6"}
Успешный ответ: {"events_received":1,"messages":[],"fbtrace_id":"ALBWudx8dwuj8pQg8fbs8Ie"}
Успешный ответ: {"events_received":1,"messages":[],"fbtrace_id":"ARcYeQ37cYN1W8H0SXQV2xm"}
Успешный ответ: {"events_received":1,"messages":[],"fbtrace_id":"AUh_ZIkIVK5OQF58ACN3SDz"}
Успешный ответ: {"events_received":1,"messages":[],"fbtrace_id":"A9GuBTv79IrKyZ7NXURKn0M"}
Успешный ответ: {"events_received":1,"messages":[],"fbtrace_id":"A7SDajZMDk9Jz5ZyuU-BA0L"}
Успешный ответ: {"events_received":1,"messages":[],"fbtrace_id":"AJ7d_85kAawkxOWv6nP9bRb"}
Успешный ответ: {"events_received":1,"messages":[],"fbtrace_id":"AK9BPBO8fcon2P0sXIl0rJE"}
Успешный ответ: {"events_received":1,"messages":[],"fbtrace_id":"AVKJF_FOhWd0GfYaEtJC_Gr"}
Успешный ответ: {"events_received":1,"messages":[],"fbtrace_id":"A9W9V61r_GT4dgV3ehdz-aq"}
Успешный ответ: {"events_received":1,"messages":[],"fbtrace_id":"AN0Ug0G1YVTi8oCgfB_ECVD"}
Успешный ответ: {"events_received":1,"messages":[],"fbtrace_id":"AwFnipSujonXcDmhknI7itI"}
Успешный ответ: {"events_received":1,"messages":[],"fbtrace_id":"AEDbpPMtxmAgvtWN760So4M"}
Успешный ответ: {"events_received":1,"messages":[],"fbtrace_id":"AiC5st1T5v8XIeVZeoVJ4cU"}
Успешный ответ: {"events_received":1,"messages":[],"fbtrace_id":"AMUdXpr8dBNk0DSHItkCkHO"}
Успешный ответ: {"events_received":1,"messages":[],"fbtrace_id":"AVPfgZdDo2ZLaHEn9zHpM-5"}
Успешный ответ: {"events_received":1,"messages":[],"fbtrace_id":"A1ZJLA6iIokFahL-BQD24ow"}
Успешный ответ: {"events_received":1,"messages":[],"fbtrace_id":"AOuml61FcS9xX8XUzMpfu5p"}
Успешный ответ: {"events_received":1,"messages":[],"fbtrace_id":"Au5zZ2c_HFXKKAqIedYAx66"}
Успешный ответ: {"events_received":1,"messages":[],"fbtrace_id":"AhQqSXcS3ieO4MT8y91Nfbt"}
Успешный ответ: {"events_received":1,"messages":[],"fbtrace_id":"ArTWmcUsqFHLJJ0N7q-ftGB"}
Успешный ответ: {"events_received":1,"messages":[],"fbtrace_id":"AF3KmKDRbrpnl_z_Gd8YRAc"}
Успешный ответ: {"events_received":1,"messages":[],"fbtrace_id":"AuB9kLGmnNKIEENZUSvXtSl"}
Успешный ответ: {"events_received":1,"messages":[],"fbtrace_id":"Ad9Lml8ZXDPFgwjNZXLRuTg"}
Успешный ответ: {"events_received":1,"messages":[],"fbtrace_id":"AZMEYcSy8dkEFk2mHg2xcxq"}
Успешный ответ: {"events_received":1,"messages":[],"fbtrace_id":"A3yE4qUi9AyWoGokTpzzaR8"}
Успешный ответ: {"events_received":1,"messages":[],"fbtrace_id":"Ad4TKxPVDuH0QGETuGkAT-n"}
Успешный ответ: {"events_received":1,"messages":[],"fbtrace_id":"AJ5l9Y_ooB5jhBF9J73sacC"}
Успешный ответ: {"events_received":1,"messages":[],"fbtrace_id":"ASK8yHRfpOF3QMyJNlZt0--"}
Успешный ответ: {"events_received":1,"messages":[],"fbtrace_id":"AbTV4Yhb5MIW3_AZ_lMKFkn"}
Успешный ответ: {"events_received":1,"messages":[],"fbtrace_id":"ANQYyTbGSCfTofTvPGsJpPY"}
Успешный ответ: {"events_received":1,"messages":[],"fbtrace_id":"AXa_4f6kj-UGYrGB7eautDT"}
Успешный ответ: {"events_received":1,"messages":[],"fbtrace_id":"AvRMT3kXujsE4dIKmdGGMUm"}
Успешный ответ: {"events_received":1,"messages":[],"fbtrace_id":"AzlAwAmEAsK2Y_Ff-xL9WGq"}
Успешный ответ: {"events_received":1,"messages":[],"fbtrace_id":"AaY_FuQfPmyzA5MGPFfK4V9"}
Успешный ответ: {"events_received":1,"messages":[],"fbtrace_id":"AY74qLEYDtbRiA-nV2hEsIE"}
Успешный ответ: {"events_received":1,"messages":[],"fbtrace_id":"AiGqhDx9iPI81FEr3ij6oJ4"}
Успешный ответ: {"events_received":1,"messages":[],"fbtrace_id":"A5CdEo_9XGKgtC5RaP8EQVZ"}
Успешный ответ: {"events_received":1,"messages":[],"fbtrace_id":"Ay_IxhPQi0hX_yhXlz4NbW3"}
Успешный ответ: {"events_received":1,"messages":[],"fbtrace_id":"AZb0UcOiM8clFYEIUJM12FP"}
Успешный ответ: {"events_received":1,"messages":[],"fbtrace_id":"AWcMloHVir0IEUts0aXLzo6"}
Успешный ответ: {"events_received":1,"messages":[],"fbtrace_id":"AeNda5_OsiMob7m1pnFXtJE"}
Успешный ответ: {"events_received":1,"messages":[],"fbtrace_id":"Av42X1Dvmt_Je7aXgiYkBLu"}
Успешный ответ: {"events_received":1,"messages":[],"fbtrace_id":"AqBCJiitWHppPzJsSXDJADs"}
Успешный ответ: {"events_received":1,"messages":[],"fbtrace_id":"ASZ7QUbzCJegXSF_4Hi6rce"}
Успешный ответ: {"events_received":1,"messages":[],"fbtrace_id":"An9fYm9gsgD1qOpYP3ZYYRB"}
Успешный ответ: {"events_received":1,"messages":[],"fbtrace_id":"ACC3LiQdaLfEqKU7iHE0aul"}
Успешный ответ: {"events_received":1,"messages":[],"fbtrace_id":"AKoYHMB1Pqy79oysqocu7Ca"}
Успешный ответ: {"events_received":1,"messages":[],"fbtrace_id":"AWbna_R5flU3dYjri7TcWV4"}
Успешный ответ: {"events_received":1,"messages":[],"fbtrace_id":"ApDc8ysd33CLxqWGwBu6Hg3"}
Успешный ответ: {"events_received":1,"messages":[],"fbtrace_id":"AacoXZ8IPTzrAQtoQ4I8AAG"}
Успешный ответ: {"events_received":1,"messages":[],"fbtrace_id":"AewLZZEpDiDnq7Qb99a5uS5"}
Успешный ответ: {"events_received":1,"messages":[],"fbtrace_id":"Aex5vvO_x7THZgbtfi8d_Mf"}
Успешный ответ: {"events_received":1,"messages":[],"fbtrace_id":"AqbKlRcjOALXD2Jia_P3vXN"}
Успешный ответ: {"events_received":1,"messages":[],"fbtrace_id":"AMOA8U6ECJqdNz9s39O9PBn"}
Успешный ответ: {"events_received":1,"messages":[],"fbtrace_id":"ATC5nQe3uEmazgHjzlSLnNF"}
Успешный ответ: {"events_received":1,"messages":[],"fbtrace_id":"AQfVFNbVq9SXsfse1FEiKVh"}
Успешный ответ: {"events_received":1,"messages":[],"fbtrace_id":"ANZBDAXw2WvJdbq8qxb5ER8"}
Успешный ответ: {"events_received":1,"messages":[],"fbtrace_id":"A5SLIEJ6oSZO5LIRJCUNxN5"}
Успешный ответ: {"events_received":1,"messages":[],"fbtrace_id":"AjKQOLt0sW92LlfcxfcbHM_"}
Успешный ответ: {"events_received":1,"messages":[],"fbtrace_id":"APXMa06n03lvnUNMlUq_zk2"}
Успешный ответ: {"events_received":1,"messages":[],"fbtrace_id":"AsyOxfWR1M19Fp09wF5wGRe"}
Успешный ответ: {"events_received":1,"messages":[],"fbtrace_id":"AXb0MPlgSK_JcwziiXXUO2E"}
Успешный ответ: {"events_received":1,"messages":[],"fbtrace_id":"AODUr22cHQKc-YfWN59qOmo"}
Успешный ответ: {"events_received":1,"messages":[],"fbtrace_id":"AzLfILTejiMPoIY8Vp9whEc"}
Успешный ответ: {"events_received":1,"messages":[],"fbtrace_id":"AzwpR4wm0ap-9_DIY0TaDNZ"}
Успешный ответ: {"events_received":1,"messages":[],"fbtrace_id":"Amd_7RrHXjxdchG7bLnac0q"}
Успешный ответ: {"events_received":1,"messages":[],"fbtrace_id":"AUsWg3geRsa8vAx9QrhK72m"}
Успешный ответ: {"events_received":1,"messages":[],"fbtrace_id":"A3eCX4-EXanNuJMomE8ZKYt"}
Успешный ответ: {"events_received":1,"messages":[],"fbtrace_id":"A2YV7rAdpYOahuryB9_bDrs"}
Успешный ответ: {"events_received":1,"messages":[],"fbtrace_id":"AdaS1t2pEeHbZwC3VTtVg5s"}
Успешный ответ: {"events_received":1,"messages":[],"fbtrace_id":"AcRD5ZlyVsVWyc3BJHSsd5d"}
Успешный ответ: {"events_received":1,"messages":[],"fbtrace_id":"A8CEOElpjcfeHPE6uxc_Dk9"}
Успешный ответ: {"events_received":1,"messages":[],"fbtrace_id":"At8iFE_dzMOyhxG6E1FqTed"}
Успешный ответ: {"events_received":1,"messages":[],"fbtrace_id":"AcU9y8kp-8gt4SoCeJeDBUM"}
Успешный ответ: {"events_received":1,"messages":[],"fbtrace_id":"A1xs_A_9kWLjrkYYXMzcTOO"}
Успешный ответ: {"events_received":1,"messages":[],"fbtrace_id":"Arhrj1S6E8TrFDfdP084e0j"}
Успешный ответ: {"events_received":1,"messages":[],"fbtrace_id":"AG14hfRSgZvO9YrrwRoS4pN"}
Успешный ответ: {"events_received":1,"messages":[],"fbtrace_id":"A5uMzhfkXH6WQSg8JgFOu4W"}
Успешный ответ: {"events_received":1,"messages":[],"fbtrace_id":"AI73Sj5g3JQVbLZEwD-exUm"}
Успешный ответ: {"events_received":1,"messages":[],"fbtrace_id":"AIoJ-nfsFYcWmNF8jNEn02X"}
Успешный ответ: {"events_received":1,"messages":[],"fbtrace_id":"AwshURXyC50MJodA-YMaObB"}
Успешный ответ: {"events_received":1,"messages":[],"fbtrace_id":"A0IbL9qa2mTlTf1wL7KtWVG"}
Успешный ответ: {"events_received":1,"messages":[],"fbtrace_id":"A6wZbB3yCE-4NFFfdfHYusp"}
Успешный ответ: {"events_received":1,"messages":[],"fbtrace_id":"AYS3OkNnPyOfhno68XVyVwB"}
Успешный ответ: {"events_received":1,"messages":[],"fbtrace_id":"AENIPJYyhA0039Z4w2sg7vv"}
Успешный ответ: {"events_received":1,"messages":[],"fbtrace_id":"Af7v-YFLGZPdRFHuQXF1cao"}
Успешный ответ: {"events_received":1,"messages":[],"fbtrace_id":"Ar_EyyBIdoDc65ajGivKevB"}
Успешный ответ: {"events_received":1,"messages":[],"fbtrace_id":"AZD--azVPzmJYC4bZ_yfvUz"}
Успешный ответ: {"events_received":1,"messages":[],"fbtrace_id":"AbBQszLVXvvC_4dII88_eQ7"}
Успешный ответ: {"events_received":1,"messages":[],"fbtrace_id":"A1J47-73BSa89cunyOYv1eu"}
Успешный ответ: {"events_received":1,"messages":[],"fbtrace_id":"AW-i_NWxF4VXKPMi1oE1J9S"}
Успешный ответ: {"events_received":1,"messages":[],"fbtrace_id":"AnCKdBY8t1mypK5laJ_qKXT"}
Успешный ответ: {"events_received":1,"messages":[],"fbtrace_id":"Alaq4rJLMZT7StJzw4Rh4m3"}
Успешный ответ: {"events_received":1,"messages":[],"fbtrace_id":"AsrYvdjEf2NuyRLydnfRxwj"}
Успешный ответ: {"events_received":1,"messages":[],"fbtrace_id":"AMvSkx5XH6RjAF-CzOdCCfF"}
Успешный ответ: {"events_received":1,"messages":[],"fbtrace_id":"A3bdQFWaZ_fSvaFsOnYorDl"}
Успешный ответ: {"events_received":1,"messages":[],"fbtrace_id":"AN44KGVgnF9LH7ioR0ZRxm7"}
Успешный ответ: {"events_received":1,"messages":[],"fbtrace_id":"AKZDufGmqqvbyh_RysaThle"}
Успешный ответ: {"events_received":1,"messages":[],"fbtrace_id":"AsAo4qy6lEOyjAw8eILIPR4"}
Успешный ответ: {"events_received":1,"messages":[],"fbtrace_id":"AcZ4wsyAocpCoGghpC_YLR2"}
Успешный ответ: {"events_received":1,"messages":[],"fbtrace_id":"AFw6wYp9p2hj66xBMK91lke"}
Успешный ответ: {"events_received":1,"messages":[],"fbtrace_id":"AJ0Hnq0mjYbRWn80x5iaGzI"}
Успешный ответ: {"events_received":1,"messages":[],"fbtrace_id":"ApDrI-iuEVzAgNPgdadXSYu"}
Успешный ответ: {"events_received":1,"messages":[],"fbtrace_id":"AJ1D6M2mGp_hDPNpDGDsJ_O"}
Успешный ответ: {"events_received":1,"messages":[],"fbtrace_id":"A-xqG0Fk2lLa9IWE8acv2r2"}
Успешный ответ: {"events_received":1,"messages":[],"fbtrace_id":"AuEtbq3R-6W5DWsspp_xHY5"}
Успешный ответ: {"events_received":1,"messages":[],"fbtrace_id":"APH00ffu9Th_IJxPh2-ljsx"}
Успешный ответ: {"events_received":1,"messages":[],"fbtrace_id":"AyjYjn8JX1HMAbaXqzWRQ7M"}
Успешный ответ: {"events_received":1,"messages":[],"fbtrace_id":"AWSkPAZC2yTEqhRfAqOgVsD"}
Успешный ответ: {"events_received":1,"messages":[],"fbtrace_id":"AMrAoJ6sQ7-ZFyDRqcbVW71"}
Успешный ответ: {"events_received":1,"messages":[],"fbtrace_id":"AspIMA8c5rOXE33wTyyjpRx"}
Успешный ответ: {"events_received":1,"messages":[],"fbtrace_id":"AZOnLXXvldqcqDogTKFn1JR"}
Успешный ответ: {"events_received":1,"messages":[],"fbtrace_id":"AbN0m675Ja3F7LFcYK3Vur1"}
Успешный ответ: {"events_received":1,"messages":[],"fbtrace_id":"At85cXoInUR13CQ8oCmC1pk"}
Успешный ответ: {"events_received":1,"messages":[],"fbtrace_id":"AZyQHuHBTIELfzy1dHLoFUz"}
Успешный ответ: {"events_received":1,"messages":[],"fbtrace_id":"Aa1NaXkh2Y5Je2xFoIsmR2T"}
Успешный ответ: {"events_received":1,"messages":[],"fbtrace_id":"AyYZmKL9gEsmkAkR1PzXIYG"}
Успешный ответ: {"events_received":1,"messages":[],"fbtrace_id":"Ac57_kLKuh-SIbQZ2PUnCxh"}
Успешный ответ: {"events_received":1,"messages":[],"fbtrace_id":"A6cPkmUxQ8LqeWpjpmYKY-x"}
Успешный ответ: {"events_received":1,"messages":[],"fbtrace_id":"A07MPdS9Z73QkoOwiJfbltP"}
Успешный ответ: {"events_received":1,"messages":[],"fbtrace_id":"AGGOMoZVfD0G1idbRGLwh74"}
Успешный ответ: {"events_received":1,"messages":[],"fbtrace_id":"AgONjx9o3Ng5mbQwwZlLvUW"}
Успешный ответ: {"events_received":1,"messages":[],"fbtrace_id":"ABc9i1uwsI1Ly2mpY58b6TH"}
Успешный ответ: {"events_received":1,"messages":[],"fbtrace_id":"AAeP33wFt2LzIsyDeMSW6ZR"}
Успешный ответ: {"events_received":1,"messages":[],"fbtrace_id":"Af0ZfRWy9orOPXE3R4HBzTB"}
Успешный ответ: {"events_received":1,"messages":[],"fbtrace_id":"AlgKJongZIyMnevta6E0F4l"}
Успешный ответ: {"events_received":1,"messages":[],"fbtrace_id":"AhHoL5URx_OTh1gQ8BGTdnT"}
Успешный ответ: {"events_received":1,"messages":[],"fbtrace_id":"A1p80nQ-zoVlcJs_nMyjyEp"}
Успешный ответ: {"events_received":1,"messages":[],"fbtrace_id":"AVTYBcO-9MNUpKPQDO3EcS9"}
Успешный ответ: {"events_received":1,"messages":[],"fbtrace_id":"Av4p8C71607cKZREp4X7qjW"}
Успешный ответ: {"events_received":1,"messages":[],"fbtrace_id":"AOiupRlhAiQqigmiDtIY3c1"}
Успешный ответ: {"events_received":1,"messages":[],"fbtrace_id":"A1ejl9w6P4GCuQ3_LYvvf83"}
Успешный ответ: {"events_received":1,"messages":[],"fbtrace_id":"Aqr6m43HfDFOPeSQkd83B9e"}
Успешный ответ: {"events_received":1,"messages":[],"fbtrace_id":"AQHkQYZHxrpBtNSTSyiSnkw"}
Успешный ответ: {"events_received":1,"messages":[],"fbtrace_id":"AUpyjQ0Gbyv3HhbzUY_texL"}
Успешный ответ: {"events_received":1,"messages":[],"fbtrace_id":"Ak0FaVnFHKlA71Ez4Tl8WGh"}
Успешный ответ: {"events_received":1,"messages":[],"fbtrace_id":"AFV-lsWlYWCsl-5_dDCfPNx"}
Успешный ответ: {"events_received":1,"messages":[],"fbtrace_id":"AtYGBr-SK4DJ9e-V6Tc-Hw8"}
Успешный ответ: {"events_received":1,"messages":[],"fbtrace_id":"AXI1TwrixQzLe8AjEM-nSsy"}
Успешный ответ: {"events_received":1,"messages":[],"fbtrace_id":"ArbzBan5SC9l8VCw8M2Ncow"}
Успешный ответ: {"events_received":1,"messages":[],"fbtrace_id":"AneSFF1xJjrl8-vay2hLV6n"}
Успешный ответ: {"events_received":1,"messages":[],"fbtrace_id":"AW3g2SrnaUfmHfsFaeGI6sG"}
Успешный ответ: {"events_received":1,"messages":[],"fbtrace_id":"AUkg_tw1ltFfZmQfuAeqUVh"}
Успешный ответ: {"events_received":1,"messages":[],"fbtrace_id":"ANohn_UmBstj0W51KJRyKed"}
Успешный ответ: {"events_received":1,"messages":[],"fbtrace_id":"AsKutdskKyVDsm7te_o5yfl"}
Успешный ответ: {"events_received":1,"messages":[],"fbtrace_id":"AuXLnRnFzjEdzi3viZYShIL"}
Успешный ответ: {"events_received":1,"messages":[],"fbtrace_id":"AK3GS1snIHtVzGkCcOUSeds"}
Успешный ответ: {"events_received":1,"messages":[],"fbtrace_id":"AVoqctanVsLonX_GA0e5jjr"}
Успешный ответ: {"events_received":1,"messages":[],"fbtrace_id":"A-Wfzkp5sSn9S_LDSuEJRe-"}
Успешный ответ: {"events_received":1,"messages":[],"fbtrace_id":"Ayh_3ma2KohiDasEs1Hu7gh"}
Успешный ответ: {"events_received":1,"messages":[],"fbtrace_id":"AfI14KNjRnoH3C7UHXa_YgG"}
Успешный ответ: {"events_received":1,"messages":[],"fbtrace_id":"AffhzqVzvtruXNWBIJLHRK0"}
Успешный ответ: {"events_received":1,"messages":[],"fbtrace_id":"AnWBm3B3E656Mf6WAw1Oyig"}
Успешный ответ: {"events_received":1,"messages":[],"fbtrace_id":"Ak7DxN_0LKsbiij4A5h1aap"}
Успешный ответ: {"events_received":1,"messages":[],"fbtrace_id":"AG0rK72vsoFFYvBw_WUma_F"}
Успешный ответ: {"events_received":1,"messages":[],"fbtrace_id":"AGlVNgvJw6eKeq6Mm2RSL2F"}
Успешный ответ: {"events_received":1,"messages":[],"fbtrace_id":"AoIa15NpHHwKua4PyBwoMy5"}
Успешный ответ: {"events_received":1,"messages":[],"fbtrace_id":"AXPWGdjLLThRvnBW3DL0kyh"}
Успешный ответ: {"events_received":1,"messages":[],"fbtrace_id":"AiN9Etoz27KVp9Ye8fhNNtG"}
Успешный ответ: {"events_received":1,"messages":[],"fbtrace_id":"ArN-tiWvX70XIPWLHReT1XQ"}
Успешный ответ: {"events_received":1,"messages":[],"fbtrace_id":"AQvjqmyQwUK7Xotz-BY1Cgm"}
Успешный ответ: {"events_received":1,"messages":[],"fbtrace_id":"AG1bK1-RsdR21zCY6AE6l3p"}
Успешный ответ: {"events_received":1,"messages":[],"fbtrace_id":"AlLCEu7HLqCz8KYsxTKqZtS"}
Успешный ответ: {"events_received":1,"messages":[],"fbtrace_id":"Aj4mr3E6rKw5Bg6Xvv7FjVF"}
Успешный ответ: {"events_received":1,"messages":[],"fbtrace_id":"AzwY46SWYXV-BdrIQacJbtY"}
Успешный ответ: {"events_received":1,"messages":[],"fbtrace_id":"AK8e-ocPiBLhCJba-Dpw_XU"}
Успешный ответ: {"events_received":1,"messages":[],"fbtrace_id":"ABdGotQv68deLDCvjtgXGqz"}
Успешный ответ: {"events_received":1,"messages":[],"fbtrace_id":"Ai-Wyto0AenA0JJ7BtwlhLU"}
Успешный ответ: {"events_received":1,"messages":[],"fbtrace_id":"AtZDFCDOhxExzH1lLwG9Xzt"}
Успешный ответ: {"events_received":1,"messages":[],"fbtrace_id":"AMuZtYSpuXPMpcnn4mbNkXn"}
Успешный ответ: {"events_received":1,"messages":[],"fbtrace_id":"AdsGZmal5SAn93twT4SBpH1"}
Успешный ответ: {"events_received":1,"messages":[],"fbtrace_id":"ADpz0QRhYKPymJAj99MuDhR"}
Успешный ответ: {"events_received":1,"messages":[],"fbtrace_id":"AYtWGdCeLZpi__iu9rcZP4v"}
Успешный ответ: {"events_received":1,"messages":[],"fbtrace_id":"Ah1-Z0dz-kwzcvBwlM3dCLx"}
Успешный ответ: {"events_received":1,"messages":[],"fbtrace_id":"AU_edCtLwn5NOfH6muTefhS"}
Успешный ответ: {"events_received":1,"messages":[],"fbtrace_id":"AJ0nbq8QZ9VWXCmMc-a5lqo"}
Успешный ответ: {"events_received":1,"messages":[],"fbtrace_id":"A-_Gu1hE7qW-N0d5eWvJrPU"}
Успешный ответ: {"events_received":1,"messages":[],"fbtrace_id":"AKkwzsrns0y2p_FuQqqC_9F"}
Успешный ответ: {"events_received":1,"messages":[],"fbtrace_id":"AxqpgkWQRWUzhX5aifwTK7X"}
Успешный ответ: {"events_received":1,"messages":[],"fbtrace_id":"AA5D6S_u875x75fDLgRAZbC"}
Успешный ответ: {"events_received":1,"messages":[],"fbtrace_id":"AR6QM4_gf1gJeZ-hp0_4ZVV"}
Успешный ответ: {"events_received":1,"messages":[],"fbtrace_id":"AA9ECMefydqkmKjjij-rREJ"}
Успешный ответ: {"events_received":1,"messages":[],"fbtrace_id":"AJ8ao56T7lxsWk5lACk2U_j"}
Успешный ответ: {"events_received":1,"messages":[],"fbtrace_id":"AHcvblJAogXz1wsVvIZbDjH"}
Успешный ответ: {"events_received":1,"messages":[],"fbtrace_id":"AfhxX1nb2I7JOXAqavN-6qT"}
Успешный ответ: {"events_received":1,"messages":[],"fbtrace_id":"A9L3Btwbj44Zb9rn89GVNzV"}
Успешный ответ: {"events_received":1,"messages":[],"fbtrace_id":"AC5ehB_EZXFC5YbwDPInDa9"}
Успешный ответ: {"events_received":1,"messages":[],"fbtrace_id":"AnjKb4EfjlocTC8NVH2tWAQ"}
Успешный ответ: {"events_received":1,"messages":[],"fbtrace_id":"AANtVxQQ6sQMYqZn4UXOgmD"}
Успешный ответ: {"events_received":1,"messages":[],"fbtrace_id":"AzI0_QD-GiC_En8JiU3XBTs"}
Успешный ответ: {"events_received":1,"messages":[],"fbtrace_id":"AhiY3_7xzB7ilQaDaKD7Izn"}
Успешный ответ: {"events_received":1,"messages":[],"fbtrace_id":"A2MPF3CkB9xthxHIEnE1isV"}
Успешный ответ: {"events_received":1,"messages":[],"fbtrace_id":"AZ4frBv7iIAyScQIjvTtHxU"}
Успешный ответ: {"events_received":1,"messages":[],"fbtrace_id":"Ax9qxKZuTelX2zoAuajn5hU"}
Успешный ответ: {"events_received":1,"messages":[],"fbtrace_id":"AkVB0cXr5u_96WcugWkucte"}
Успешный ответ: {"events_received":1,"messages":[],"fbtrace_id":"AUOpsw7bShx2BD-vHRwD9Xl"}
Успешный ответ: {"events_received":1,"messages":[],"fbtrace_id":"AjZ6gvKAq2oWytRoSyKbhtj"}
Успешный ответ: {"events_received":1,"messages":[],"fbtrace_id":"A98_ZnzWb3O4-GbXkZPr6NE"}
Успешный ответ: {"events_received":1,"messages":[],"fbtrace_id":"AyWfD769RlEmNSCMnJCv2AI"}
Успешный ответ: {"events_received":1,"messages":[],"fbtrace_id":"ACtVwZGxwhhr4NYdTGdNIFE"}
Успешный ответ: {"events_received":1,"messages":[],"fbtrace_id":"AvAWG0mPS_ecDhVV3az6N_8"}
Успешный ответ: {"events_received":1,"messages":[],"fbtrace_id":"AOGfHmuJmAi-ZmzBcXW2V4U"}
Успешный ответ: {"events_received":1,"messages":[],"fbtrace_id":"AnyrrkxusetjenLxwNEKXni"}
Успешный ответ: {"events_received":1,"messages":[],"fbtrace_id":"Adu8wLXfAHgg3kynYKUh7jJ"}
Успешный ответ: {"events_received":1,"messages":[],"fbtrace_id":"A9egPE9QBj0PnmnVdtu3GmT"}
Успешный ответ: {"events_received":1,"messages":[],"fbtrace_id":"A-IaXexn6KKjm72e7K1Hs52"}
Успешный ответ: {"events_received":1,"messages":[],"fbtrace_id":"AaO_X-jGh98l8RI_C0UjG7K"}
Успешный ответ: {"events_received":1,"messages":[],"fbtrace_id":"AnFMejSsh7nNtL5wLklmXpl"}
Успешный ответ: {"events_received":1,"messages":[],"fbtrace_id":"AF-_BXkw2tvhVeA1t3Ypziw"}
Успешный ответ: {"events_received":1,"messages":[],"fbtrace_id":"AqmCSJIH5YQr1a7C_zhE0vu"}
Успешный ответ: {"events_received":1,"messages":[],"fbtrace_id":"A1FhpzVEJOxa5dg3wnw_XoQ"}
Успешный ответ: {"events_received":1,"messages":[],"fbtrace_id":"A3CfobVr1PsyBi67QaeW17K"}
Успешный ответ: {"events_received":1,"messages":[],"fbtrace_id":"Aq4byuo8XK6HK9sFDc11bkp"}
Успешный ответ: {"events_received":1,"messages":[],"fbtrace_id":"AAcU5eN0Rq3R6GRUHKA8v9F"}
Успешный ответ: {"events_received":1,"messages":[],"fbtrace_id":"APVoTj9FIQnWSGhUIqq2yRd"}
Успешный ответ: {"events_received":1,"messages":[],"fbtrace_id":"A4zwtNt_3pebPivaw5cPsT1"}
Успешный ответ: {"events_received":1,"messages":[],"fbtrace_id":"AmgbN-PFm46Y7F4F_GtvgmC"}
Успешный ответ: {"events_received":1,"messages":[],"fbtrace_id":"AeWfv-3sTJhP9ng-rwcM5nc"}
Успешный ответ: {"events_received":1,"messages":[],"fbtrace_id":"ArqpLB_M0gd9mF-uRleZwTN"}
Успешный ответ: {"events_received":1,"messages":[],"fbtrace_id":"A9i7dYkFprx0s5jkoDK_MUK"}
Успешный ответ: {"events_received":1,"messages":[],"fbtrace_id":"AzZHAfHLKUh-vKJkd0roS3S"}
Успешный ответ: {"events_received":1,"messages":[],"fbtrace_id":"AyjaDemWus9NmMYpOyFd1h-"}
Успешный ответ: {"events_received":1,"messages":[],"fbtrace_id":"AXohZ8QrYoDwg6k4wzhBzik"}
Успешный ответ: {"events_received":1,"messages":[],"fbtrace_id":"AynPchrhWnXJOTRxgNQJyvO"}
Успешный ответ: {"events_received":1,"messages":[],"fbtrace_id":"A-C3so13vXJncZAyARQXteA"}
Успешный ответ: {"events_received":1,"messages":[],"fbtrace_id":"Aa1ycGnXWWsQjW3cNZmEXoa"}
Успешный ответ: {"events_received":1,"messages":[],"fbtrace_id":"AJRnkCRYh32q-YKAQKR9LC5"}
Успешный ответ: {"events_received":1,"messages":[],"fbtrace_id":"AdwHwguXgBJ6woH_-bKn8fN"}
Успешный ответ: {"events_received":1,"messages":[],"fbtrace_id":"AhD4a1bpR9A7BW1W1CdapD2"}
Успешный ответ: {"events_received":1,"messages":[],"fbtrace_id":"AEqzZ6u_ZqdYVCPVNQbj-IB"}
Успешный ответ: {"events_received":1,"messages":[],"fbtrace_id":"AiobKkVtBlO8aEuNJpXP3xD"}
Успешный ответ: {"events_received":1,"messages":[],"fbtrace_id":"AogaYfR9H9uiRJ5-nUNwqTz"}
Успешный ответ: {"events_received":1,"messages":[],"fbtrace_id":"A0OdbDVN14ZZHu7JHT3ZPq9"}
Успешный ответ: {"events_received":1,"messages":[],"fbtrace_id":"AKLOwmdFY7RrUDCGUXQ90Gu"}
Успешный ответ: {"events_received":1,"messages":[],"fbtrace_id":"AfkaXWGv4wJNdvFUT9wh3rW"}
Успешный ответ: {"events_received":1,"messages":[],"fbtrace_id":"AxdoRAsgbfjVTN1u3m2q9ZI"}
Успешный ответ: {"events_received":1,"messages":[],"fbtrace_id":"ALb6nbtSLMx8l3lI1ElkD0-"}
Успешный ответ: {"events_received":1,"messages":[],"fbtrace_id":"AJUXMkmcNjUhqT6PPNvsrJP"}
Успешный ответ: {"events_received":1,"messages":[],"fbtrace_id":"AdpqEh0s-F_PkJFDPoOoymB"}
Успешный ответ: {"events_received":1,"messages":[],"fbtrace_id":"AXSLydSytSt2PhGLgtYVdTs"}
Успешный ответ: {"events_received":1,"messages":[],"fbtrace_id":"AWz3S37SRXoDapL2lPjetBl"}
Успешный ответ: {"events_received":1,"messages":[],"fbtrace_id":"AYkdkXvweMueruwTPX_cW4k"}
Успешный ответ: {"events_received":1,"messages":[],"fbtrace_id":"AhBvWaMchSkF_-izyxkzObE"}
Успешный ответ: {"events_received":1,"messages":[],"fbtrace_id":"AbrFr_cbP9bMW0ijUPBkFXC"}
Успешный ответ: {"events_received":1,"messages":[],"fbtrace_id":"AAbOzZklFtveNEilWob9FQk"}
Успешный ответ: {"events_received":1,"messages":[],"fbtrace_id":"AJQrLWA9okXe12tTdmYFr0s"}
Успешный ответ: {"events_received":1,"messages":[],"fbtrace_id":"AooYAs_wrvZHCQ7TieNk3XI"}
Успешный ответ: {"events_received":1,"messages":[],"fbtrace_id":"AolCUscAlIi96crs0kjLR3q"}
Успешный ответ: {"events_received":1,"messages":[],"fbtrace_id":"AcnvRdb2gn3v-8ah3n5TbTM"}
Успешный ответ: {"events_received":1,"messages":[],"fbtrace_id":"AkAjWYoM47fZBu7gqgRaRd0"}
Успешный ответ: {"events_received":1,"messages":[],"fbtrace_id":"AjW2GdUU7nDAuwy7x8tRgn5"}
Успешный ответ: {"events_received":1,"messages":[],"fbtrace_id":"ArpSQs-nK07KwigZnAbDkLp"}
Успешный ответ: {"events_received":1,"messages":[],"fbtrace_id":"AOf7F9qGtI7-PxOxsQk8O96"}
Успешный ответ: {"events_received":1,"messages":[],"fbtrace_id":"AGvFPTlhheiTU8SLpxTsq7t"}
Успешный ответ: {"events_received":1,"messages":[],"fbtrace_id":"A8Q3XkU4k_f67WknxEgPuI0"}
Успешный ответ: {"events_received":1,"messages":[],"fbtrace_id":"AWIfvvmsLjl7Geq2-vrS_UT"}
Успешный ответ: {"events_received":1,"messages":[],"fbtrace_id":"AN2j63RZLmSOhl-XyyyFxm_"}
Успешный ответ: {"events_received":1,"messages":[],"fbtrace_id":"AjgSD02HapiiOwkA-EG-KSC"}
Успешный ответ: {"events_received":1,"messages":[],"fbtrace_id":"AFnjayzb1wky2xpIz7LR0vM"}
Успешный ответ: {"events_received":1,"messages":[],"fbtrace_id":"AEld2GK3uhBKwdMJPqB3ELm"}
Успешный ответ: {"events_received":1,"messages":[],"fbtrace_id":"AlpDAyC6RH4852sEnJ0DmN9"}
Успешный ответ: {"events_received":1,"messages":[],"fbtrace_id":"A4Gqeg7VQ0NCQcMFaV6sv3T"}
Успешный ответ: {"events_received":1,"messages":[],"fbtrace_id":"A5HAqxeteyhE7aJ7xijZJBx"}
Успешный ответ: {"events_received":1,"messages":[],"fbtrace_id":"AxZBXzorJjjqFFWE1X2uBnF"}
Успешный ответ: {"events_received":1,"messages":[],"fbtrace_id":"AN82qIx-mTulmsgOIGW9jvp"}
Успешный ответ: {"events_received":1,"messages":[],"fbtrace_id":"AP3CKP55fNSQHdPR-DhWbGj"}
Успешный ответ: {"events_received":1,"messages":[],"fbtrace_id":"AFnE89eh-_mZ38L3t_T0JF3"}
Успешный ответ: {"events_received":1,"messages":[],"fbtrace_id":"AYr3Uxpscj0gSjvjFpsqti2"}
Успешный ответ: {"events_received":1,"messages":[],"fbtrace_id":"Anvsk7OVpfDuViSEbTEQ-QP"}
Успешный ответ: {"events_received":1,"messages":[],"fbtrace_id":"Avtrdw5PHuPig0uilTFd1yb"}
Успешный ответ: {"events_received":1,"messages":[],"fbtrace_id":"AuhL5KVO0Eqx6q4MVKr8i4U"}
Успешный ответ: {"events_received":1,"messages":[],"fbtrace_id":"AfRkIH0mqR8rqe-aw_Xkrxu"}
Успешный ответ: {"events_received":1,"messages":[],"fbtrace_id":"AN908EXFQd7oovuHzu6tivq"}
Успешный ответ: {"events_received":1,"messages":[],"fbtrace_id":"AfNnUxVA-o2MKpVT4UX0K2r"}
Успешный ответ: {"events_received":1,"messages":[],"fbtrace_id":"AuO_aW5_ingoIBmX5IHzaO5"}
Успешный ответ: {"events_received":1,"messages":[],"fbtrace_id":"Ag-iBu7mIWwa8SGd2PJ1HUi"}
Успешный ответ: {"events_received":1,"messages":[],"fbtrace_id":"AIGL7DO6VPe1JavOx4B1rX0"}
Успешный ответ: {"events_received":1,"messages":[],"fbtrace_id":"AHneCcXru8o7N7anmnU7fgq"}
Успешный ответ: {"events_received":1,"messages":[],"fbtrace_id":"AkC3Gk0xXtXokFmOBDB4cDd"}
Успешный ответ: {"events_received":1,"messages":[],"fbtrace_id":"AqZyBJ3gBe4TDp8ajFH4_fx"}
Успешный ответ: {"events_received":1,"messages":[],"fbtrace_id":"A5N-IdsqYV3OlnBSLBI9qdG"}
Успешный ответ: {"events_received":1,"messages":[],"fbtrace_id":"ANDI1AcXoe3XEJnZT5IhbXP"}
Успешный ответ: {"events_received":1,"messages":[],"fbtrace_id":"AaiL89FgU9DMxW0BgS7MaTg"}
Успешный ответ: {"events_received":1,"messages":[],"fbtrace_id":"At0yDScT4c4nmSEfToCU4o_"}
Успешный ответ: {"events_received":1,"messages":[],"fbtrace_id":"A0b5MtLcJEcsQ-7shDXLX5N"}
Успешный ответ: {"events_received":1,"messages":[],"fbtrace_id":"AMQ6N4cplSZ1sSSAUOvmad0"}
Успешный ответ: {"events_received":1,"messages":[],"fbtrace_id":"AcFXE3l1J4IX4lwyOpD4INr"}
Успешный ответ: {"events_received":1,"messages":[],"fbtrace_id":"AGgQ6ku4YTggGHJUK4UkIWD"}
Успешный ответ: {"events_received":1,"messages":[],"fbtrace_id":"AFNhkkZcbEa8ydNNWoJbi-w"}
Успешный ответ: {"events_received":1,"messages":[],"fbtrace_id":"ALwNgKMC4eJ363RzWIIn90Q"}
Успешный ответ: {"events_received":1,"messages":[],"fbtrace_id":"AblZnRhAI6V1zYXxuPckHCX"}
Успешный ответ: {"events_received":1,"messages":[],"fbtrace_id":"A-kBeGLkaR8MI942HN3WNGG"}
Успешный ответ: {"events_received":1,"messages":[],"fbtrace_id":"AGYpphxkEpCZraw_wOqgUhH"}
Успешный ответ: {"events_received":1,"messages":[],"fbtrace_id":"Agpm7prCu5G1ZW-CIs-4muz"}
Успешный ответ: {"events_received":1,"messages":[],"fbtrace_id":"A2wXHVY1387ppOPEroae7mG"}
Успешный ответ: {"events_received":1,"messages":[],"fbtrace_id":"A_FHtSmdCwkZWtqBGLbD1ZW"}
Успешный ответ: {"events_received":1,"messages":[],"fbtrace_id":"A_1j6gfJdia3H17gojyQZTZ"}
Успешный ответ: {"events_received":1,"messages":[],"fbtrace_id":"AoXt5yPH6dCS-D_cIJcIPk2"}
Успешный ответ: {"events_received":1,"messages":[],"fbtrace_id":"AwfOxLNuhYR1LzjV_goX6ER"}
Успешный ответ: {"events_received":1,"messages":[],"fbtrace_id":"ArVMlOi5G8Px-mCKQjkAlAv"}
Успешный ответ: {"events_received":1,"messages":[],"fbtrace_id":"AVc1mvyNnyrkCO-Qh6rzqTq"}
Успешный ответ: {"events_received":1,"messages":[],"fbtrace_id":"A-dYyryXGmMPgCXgxI57BZi"}
Успешный ответ: {"events_received":1,"messages":[],"fbtrace_id":"AVy7XQERNoAE9oibUO2rLCK"}
Успешный ответ: {"events_received":1,"messages":[],"fbtrace_id":"AX0Npeg0vx6ZmEMzcTG3Zgy"}
Успешный ответ: {"events_received":1,"messages":[],"fbtrace_id":"A2sjIe65aKsdiyCdXRQavDj"}
Успешный ответ: {"events_received":1,"messages":[],"fbtrace_id":"AeAAx5lcNCoWBq5-p4F-eeN"}
Успешный ответ: {"events_received":1,"messages":[],"fbtrace_id":"AYO5exUjhBOOl6cQ9py-JZU"}
Успешный ответ: {"events_received":1,"messages":[],"fbtrace_id":"AIO6MnoV_1TI4awFE2cmmkn"}
Успешный ответ: {"events_received":1,"messages":[],"fbtrace_id":"AyQVG0kxvtPu1GSZmphGYIh"}
Успешный ответ: {"events_received":1,"messages":[],"fbtrace_id":"AgmZBGCHDmfC6TYlRZAHCxP"}
Успешный ответ: {"events_received":1,"messages":[],"fbtrace_id":"AG4sXsn9S0Jwnb-Gtz5E8Eg"}
Успешный ответ: {"events_received":1,"messages":[],"fbtrace_id":"Aze_5UlxrivxuS41Ru4swPk"}
Успешный ответ: {"events_received":1,"messages":[],"fbtrace_id":"AQk6gd_eWJwmvx_-4I4A2kL"}
Успешный ответ: {"events_received":1,"messages":[],"fbtrace_id":"AzNbib-W0pp6c3CqAKycL6W"}
Успешный ответ: {"events_received":1,"messages":[],"fbtrace_id":"AXEFX-v5FNlJ5E4eiKm0_Hv"}
Успешный ответ: {"events_received":1,"messages":[],"fbtrace_id":"ARbG3l_B8Oddtp5nYbtkBcj"}
Успешный ответ: {"events_received":1,"messages":[],"fbtrace_id":"AZyfGnrUjvGBniDvjANnDSp"}
Успешный ответ: {"events_received":1,"messages":[],"fbtrace_id":"Aq-Wcx6cZ9ROqXJuc26qDdi"}
Успешный ответ: {"events_received":1,"messages":[],"fbtrace_id":"ALBtxDmn87_jWVfXJRAlhA6"}
Успешный ответ: {"events_received":1,"messages":[],"fbtrace_id":"AAqYlnPdgH4W9oNpeFRPTaU"}
Успешный ответ: {"events_received":1,"messages":[],"fbtrace_id":"AbOSNBPazXYzOTXWC-S1bd4"}
Успешный ответ: {"events_received":1,"messages":[],"fbtrace_id":"AfHCGj6QbQlpPc0_YO-Vhmq"}
Успешный ответ: {"events_received":1,"messages":[],"fbtrace_id":"Ak6ZhevPSZ7RKyGKvqrUoZw"}
Успешный ответ: {"events_received":1,"messages":[],"fbtrace_id":"ASzqDKdX7dta7EqRrrE02x_"}
Успешный ответ: {"events_received":1,"messages":[],"fbtrace_id":"A9cZgWrRpR1gx8G00xv9Lwc"}
Успешный ответ: {"events_received":1,"messages":[],"fbtrace_id":"A5BvBADlWDn9vGIaBQzh23y"}
Успешный ответ: {"events_received":1,"messages":[],"fbtrace_id":"Av6XbIBpL_2cB-PkuO8Tgfy"}
Успешный ответ: {"events_received":1,"messages":[],"fbtrace_id":"AJHC4GXTRoJSWB-ALECdJxc"}
Успешный ответ: {"events_received":1,"messages":[],"fbtrace_id":"AMdYZ7rIvVKi6VO-TEca_Ht"}
Успешный ответ: {"events_received":1,"messages":[],"fbtrace_id":"A35RTOmJ88LnATiQ3lhAtfi"}
Успешный ответ: {"events_received":1,"messages":[],"fbtrace_id":"Ac8l-RsuX7o1gvciNew-DQt"}
Успешный ответ: {"events_received":1,"messages":[],"fbtrace_id":"AW9tYYKBm7pg9Cg5h8nGSUn"}
Успешный ответ: {"events_received":1,"messages":[],"fbtrace_id":"AP0DvvIykLGEqA5mhiOF8To"}
Успешный ответ: {"events_received":1,"messages":[],"fbtrace_id":"A_EnJ-kZhV7kpWiIo7pK_jg"}
Успешный ответ: {"events_received":1,"messages":[],"fbtrace_id":"AjQeDmsOFd7P11P6YGT9XGJ"}
Успешный ответ: {"events_received":1,"messages":[],"fbtrace_id":"AxjZPl0alAfB23Az6oGe_Ay"}
Успешный ответ: {"events_received":1,"messages":[],"fbtrace_id":"AYs7Ynencwmwy5B4WwarhaL"}
Успешный ответ: {"events_received":1,"messages":[],"fbtrace_id":"AQ9P3KZ1H_DruR4AEMCO63n"}
Успешный ответ: {"events_received":1,"messages":[],"fbtrace_id":"A9PM1nUeDKQi35ssX1IJW2I"}
Успешный ответ: {"events_received":1,"messages":[],"fbtrace_id":"APeYFeca0CSfbpS5hyaM9si"}
Успешный ответ: {"events_received":1,"messages":[],"fbtrace_id":"Afn7P4KYIl38ejZ3dUg19Kn"}
Успешный ответ: {"events_received":1,"messages":[],"fbtrace_id":"AGVHPKGksQ3WTotcDxuVg3O"}
Успешный ответ: {"events_received":1,"messages":[],"fbtrace_id":"AOoTmjq3ZVhwgHsv2JyfQEi"}
Успешный ответ: {"events_received":1,"messages":[],"fbtrace_id":"AImKMEKPHWbz4EYBkTPLaHd"}
Успешный ответ: {"events_received":1,"messages":[],"fbtrace_id":"A130Nz-sl-CbTt7n6kt-qbR"}
Успешный ответ: {"events_received":1,"messages":[],"fbtrace_id":"ALni_6EkRnPIjvXpaJGaw3G"}
Успешный ответ: {"events_received":1,"messages":[],"fbtrace_id":"ALjrRw-pn3ak1pPpd60mD6x"}
Успешный ответ: {"events_received":1,"messages":[],"fbtrace_id":"A48ODXwj88ahU25DyP3yoTO"}
Успешный ответ: {"events_received":1,"messages":[],"fbtrace_id":"ApKxOIk9roBwPVkj-QUXI4-"}
Успешный ответ: {"events_received":1,"messages":[],"fbtrace_id":"APpBRffppUvze68EHnXbMKR"}
Успешный ответ: {"events_received":1,"messages":[],"fbtrace_id":"Ar3ohqkIGYkIITLz8X6Gw9H"}
Успешный ответ: {"events_received":1,"messages":[],"fbtrace_id":"AsVNRFkrIsJbZ0doPWaB4W8"}
Успешный ответ: {"events_received":1,"messages":[],"fbtrace_id":"Aq6_YUMWsSs939rQFVXPIwc"}
Успешный ответ: {"events_received":1,"messages":[],"fbtrace_id":"AXdo6FR2F9bUbCXTNGDOfdo"}
Успешный ответ: {"events_received":1,"messages":[],"fbtrace_id":"AFXaCFiWVCW1nnVGihJodAL"}
Успешный ответ: {"events_received":1,"messages":[],"fbtrace_id":"AVUMF5Xsw2bhak5sFtMzrrO"}
Успешный ответ: {"events_received":1,"messages":[],"fbtrace_id":"AJQM32edZOyvH7l1qpvdyaP"}
Успешный ответ: {"events_received":1,"messages":[],"fbtrace_id":"AWVsA_ORfvAznpFICM34KNv"}
Успешный ответ: {"events_received":1,"messages":[],"fbtrace_id":"AzDAntIbTtqGawtuHyteU3H"}
Успешный ответ: {"events_received":1,"messages":[],"fbtrace_id":"A4AY8fUmxA5p-Df6lvTXDs3"}
Успешный ответ: {"events_received":1,"messages":[],"fbtrace_id":"AbhyFYAkxvSbUHY834TDXcT"}
Успешный ответ: {"events_received":1,"messages":[],"fbtrace_id":"ABb3MgJHA3eZIrrcqL_TyR2"}
Успешный ответ: {"events_received":1,"messages":[],"fbtrace_id":"AYwOrS-MmNNZsyZsCqGUOYj"}
Успешный ответ: {"events_received":1,"messages":[],"fbtrace_id":"A4CCbiBV4zUyRwmXiGwtLYW"}
Успешный ответ: {"events_received":1,"messages":[],"fbtrace_id":"ApmWba4pgB-IZm93I15BNeh"}
Успешный ответ: {"events_received":1,"messages":[],"fbtrace_id":"AxTpvrqCuGsmpSHDYKuTKmG"}
Успешный ответ: {"events_received":1,"messages":[],"fbtrace_id":"AWogcQju_VR4NayZ2BJqTR_"}
Успешный ответ: {"events_received":1,"messages":[],"fbtrace_id":"A87L5fJtVjv5jKfU85v2dCS"}
Успешный ответ: {"events_received":1,"messages":[],"fbtrace_id":"AyBkp5yyUGQnISKEMcTLcRW"}
Успешный ответ: {"events_received":1,"messages":[],"fbtrace_id":"AUd4RpwM2PVfUBvuvkPG0u0"}
Успешный ответ: {"events_received":1,"messages":[],"fbtrace_id":"A9bgn27an2sMVRiJw7TXTRP"}
Успешный ответ: {"events_received":1,"messages":[],"fbtrace_id":"AN2NioIyc_ePdvDqlu50Hcq"}
Успешный ответ: {"events_received":1,"messages":[],"fbtrace_id":"AjMiKwimRpTre9mbzfcBAEQ"}
Успешный ответ: {"events_received":1,"messages":[],"fbtrace_id":"ABtDkjZfqNdJUGThMRIWKfj"}
Успешный ответ: {"events_received":1,"messages":[],"fbtrace_id":"ALUF-i-ikyCQ-uBYXbdlUBP"}
Успешный ответ: {"events_received":1,"messages":[],"fbtrace_id":"Alxk2a9J96MhOmfl-4U6PIe"}
Успешный ответ: {"events_received":1,"messages":[],"fbtrace_id":"Aa6TdV_019_72AGNsQZSKYB"}
Успешный ответ: {"events_received":1,"messages":[],"fbtrace_id":"Azq7IGeCcdZm50a0FWqXYPb"}
Успешный ответ: {"events_received":1,"messages":[],"fbtrace_id":"AEGpxyJJ04U7N3a3zhFe5YB"}
Успешный ответ: {"events_received":1,"messages":[],"fbtrace_id":"AN0xDmGZV5Z2FSZmwQ3f-80"}
Успешный ответ: {"events_received":1,"messages":[],"fbtrace_id":"A-O20hvHzMiGsfsGSq9z6GA"}
Успешный ответ: {"events_received":1,"messages":[],"fbtrace_id":"AZ4u-1bPFyL-F9V0ZPb1wvX"}
Успешный ответ: {"events_received":1,"messages":[],"fbtrace_id":"A--o9oMSrtDrlRrDeG3m49j"}
Успешный ответ: {"events_received":1,"messages":[],"fbtrace_id":"An8MeA5QlrxtWcmom2GQxys"}
Успешный ответ: {"events_received":1,"messages":[],"fbtrace_id":"AxV5BnAvJ4757SWpsJ_pnku"}
Успешный ответ: {"events_received":1,"messages":[],"fbtrace_id":"Am-Ig4qVZ1nniySIckL459z"}
Успешный ответ: {"events_received":1,"messages":[],"fbtrace_id":"A9fV7jSJsrXLRRm3edQ5yGP"}
Успешный ответ: {"events_received":1,"messages":[],"fbtrace_id":"AyM_pwA5W6FJiI84JFcVw6R"}
Успешный ответ: {"events_received":1,"messages":[],"fbtrace_id":"AzrhbW9aSj16YxLFQeG8NOD"}
Успешный ответ: {"events_received":1,"messages":[],"fbtrace_id":"A-MWVYwwh_oHhkP6kyMD1yw"}
Успешный ответ: {"events_received":1,"messages":[],"fbtrace_id":"AgSepK7oiTcEDeOvKqttdZm"}
Успешный ответ: {"events_received":1,"messages":[],"fbtrace_id":"Aq3SiNwfKqQ2BwyqHib78I_"}
Успешный ответ: {"events_received":1,"messages":[],"fbtrace_id":"AIT33GCrPZNVdGAPRKoeio3"}
Успешный ответ: {"events_received":1,"messages":[],"fbtrace_id":"A1vt8tVZUEJhqSkpwGaRJGH"}
Успешный ответ: {"events_received":1,"messages":[],"fbtrace_id":"AKLCPURB_ooMRicRLlbrfe5"}
Успешный ответ: {"events_received":1,"messages":[],"fbtrace_id":"ADdSKg6Gw1jibreuyVyTUZL"}
Успешный ответ: {"events_received":1,"messages":[],"fbtrace_id":"A9kKGw7f5UNpYic-9g5BcC2"}
Успешный ответ: {"events_received":1,"messages":[],"fbtrace_id":"AvAICshndBL1jFOQNhCsWFJ"}
Успешный ответ: {"events_received":1,"messages":[],"fbtrace_id":"AGy5_nSUOIElwfZNG9colT_"}
Успешный ответ: {"events_received":1,"messages":[],"fbtrace_id":"AD91f2Ey3eAOY5kcOvFYrfC"}
Успешный ответ: {"events_received":1,"messages":[],"fbtrace_id":"Av_OgkBiB5bnuWlgyRVANOW"}
Успешный ответ: {"events_received":1,"messages":[],"fbtrace_id":"A3eGJUFrmR8948rF4xaeFYc"}
Успешный ответ: {"events_received":1,"messages":[],"fbtrace_id":"AGXKwQ2Xn7H_f8iOvbfottM"}
Успешный ответ: {"events_received":1,"messages":[],"fbtrace_id":"AqIqcSr1RdYI0a6dqxTCiNg"}
Успешный ответ: {"events_received":1,"messages":[],"fbtrace_id":"Ad3dEv87Yr38RhV3AoVIerd"}
Успешный ответ: {"events_received":1,"messages":[],"fbtrace_id":"Aea_ea9jxDiwyLbzUJ83BM9"}
Успешный ответ: {"events_received":1,"messages":[],"fbtrace_id":"Awu6omRKIsqgOhtNSIw3ulM"}
Успешный ответ: {"events_received":1,"messages":[],"fbtrace_id":"A2nEV84I0XeAUUG8ZtyTcle"}
Успешный ответ: {"events_received":1,"messages":[],"fbtrace_id":"AdPlwn0B_4LbWZqc1QzvybY"}
Успешный ответ: {"events_received":1,"messages":[],"fbtrace_id":"A1VZWC8Y1mlMjUhrsolDjT_"}
Успешный ответ: {"events_received":1,"messages":[],"fbtrace_id":"Ak4PE6Gtpu8gfhy04u0qeBc"}
Успешный ответ: {"events_received":1,"messages":[],"fbtrace_id":"AIuXnfJppYDpGENEwjDx5aB"}
Успешный ответ: {"events_received":1,"messages":[],"fbtrace_id":"AiEG0daWqbf4ohBD_wf_c5n"}
Успешный ответ: {"events_received":1,"messages":[],"fbtrace_id":"A_ynEuL_XT1xtlW3wq3ZSJ_"}
Успешный ответ: {"events_received":1,"messages":[],"fbtrace_id":"ASW145bWBHmq_YuhXWdSb4n"}
Успешный ответ: {"events_received":1,"messages":[],"fbtrace_id":"AfnbU12CT0tqw5VwsnpQL6i"}
Успешный ответ: {"events_received":1,"messages":[],"fbtrace_id":"A-QytRWxfXYn26Q33kzlysi"}
Успешный ответ: {"events_received":1,"messages":[],"fbtrace_id":"ABIUopzrhWzch1o6dZpYpPE"}
Успешный ответ: {"events_received":1,"messages":[],"fbtrace_id":"ARiIfGFYKMHqAS2O21pskBk"}
Успешный ответ: {"events_received":1,"messages":[],"fbtrace_id":"AlOSYnomePOQ9nTvDMekvMa"}
Успешный ответ: {"events_received":1,"messages":[],"fbtrace_id":"AXWntqjQCqtmib63jEpvTNG"}
Успешный ответ: {"events_received":1,"messages":[],"fbtrace_id":"A9Tk852xgaqF1QP0_5PymXW"}
Успешный ответ: {"events_received":1,"messages":[],"fbtrace_id":"AhXD0rdUoWPzyuEpoODizEz"}
Успешный ответ: {"events_received":1,"messages":[],"fbtrace_id":"AbKY0fqBTNNeAT10EBlK862"}
Успешный ответ: {"events_received":1,"messages":[],"fbtrace_id":"A-1w12iVzQL7rC_NmMaw-2i"}
Успешный ответ: {"events_received":1,"messages":[],"fbtrace_id":"AhBF0LfIIgDogzpgpq4byUV"}
Успешный ответ: {"events_received":1,"messages":[],"fbtrace_id":"AfHS29RQiE_d4RDdEO9Rl2x"}
Успешный ответ: {"events_received":1,"messages":[],"fbtrace_id":"A1effzkNt1-u0oZnbbTrCxa"}
Успешный ответ: {"events_received":1,"messages":[],"fbtrace_id":"Aop73JtV7RUnDeYTMizhRsB"}
Успешный ответ: {"events_received":1,"messages":[],"fbtrace_id":"AoXOfQTlgwO-wCHmNCOdPp2"}
Успешный ответ: {"events_received":1,"messages":[],"fbtrace_id":"AM1aGsOKembimGc_scHD3fU"}
Успешный ответ: {"events_received":1,"messages":[],"fbtrace_id":"A2a1J_m4jc9O3TBZtjsLnij"}
Успешный ответ: {"events_received":1,"messages":[],"fbtrace_id":"AitqIPLBneuA7PjKcshSWFh"}
Успешный ответ: {"events_received":1,"messages":[],"fbtrace_id":"A31V7j5sZ9QFbwCORrUfURO"}
Успешный ответ: {"events_received":1,"messages":[],"fbtrace_id":"AE-h9UFGKLf2PdGSKTVb5NZ"}
Успешный ответ: {"events_received":1,"messages":[],"fbtrace_id":"AwWetucuDwWl31ph7XHLIGL"}
Успешный ответ: {"events_received":1,"messages":[],"fbtrace_id":"Aic8mc7Cuy221ciZ6t7J0sj"}
Успешный ответ: {"events_received":1,"messages":[],"fbtrace_id":"A8RC090DLgcnXxa79Jzr-ZU"}
Успешный ответ: {"events_received":1,"messages":[],"fbtrace_id":"Azj-AV3UQDq2WY8mO6B2Yqr"}
Успешный ответ: {"events_received":1,"messages":[],"fbtrace_id":"AegeknLuEpr_TtyK01XQBFG"}
Успешный ответ: {"events_received":1,"messages":[],"fbtrace_id":"AyeIhlEZ4vGnYRzYNhzYa4S"}
Успешный ответ: {"events_received":1,"messages":[],"fbtrace_id":"AKYMQXTCNUfaCjsrl41RiB9"}
Успешный ответ: {"events_received":1,"messages":[],"fbtrace_id":"ARtt-gdQnAIBXZUr1pDzvW8"}
Успешный ответ: {"events_received":1,"messages":[],"fbtrace_id":"A3u2W_jbZWZLT6dqVzR31iB"}
Успешный ответ: {"events_received":1,"messages":[],"fbtrace_id":"An14fDwigBRDRV6QzAveqLP"}
Успешный ответ: {"events_received":1,"messages":[],"fbtrace_id":"A2MhtloBJJVbFS47sefy6YG"}
Успешный ответ: {"events_received":1,"messages":[],"fbtrace_id":"AcBG6eHKbDNBj2V69jheXRI"}
Успешный ответ: {"events_received":1,"messages":[],"fbtrace_id":"ASJOzpQtEmqsDX2xwKCZhCL"}
Успешный ответ: {"events_received":1,"messages":[],"fbtrace_id":"AEu9Ff5tUkC0I-P8EA6oKSU"}
Успешный ответ: {"events_received":1,"messages":[],"fbtrace_id":"AmELhA5TSpgIhehKPKQHzX_"}
Успешный ответ: {"events_received":1,"messages":[],"fbtrace_id":"AT6Ul-bu-lthrR0j7uBNmcQ"}
Успешный ответ: {"events_received":1,"messages":[],"fbtrace_id":"AWRZKOAeaIMpzaIDTCeR4LU"}
Успешный ответ: {"events_received":1,"messages":[],"fbtrace_id":"ABuv6thB6iBGU3rjxdbdeI6"}
Успешный ответ: {"events_received":1,"messages":[],"fbtrace_id":"APfNyWatqBsnDyI_cgOhdZE"}
Успешный ответ: {"events_received":1,"messages":[],"fbtrace_id":"Ahh5F12jHwmfILrejj04P_p"}
Успешный ответ: {"events_received":1,"messages":[],"fbtrace_id":"Af23f0J6Fa95yJNAw-GUjwA"}
Успешный ответ: {"events_received":1,"messages":[],"fbtrace_id":"AW7_i1k5T32NfMH6v1D28CV"}
Успешный ответ: {"events_received":1,"messages":[],"fbtrace_id":"AMVl58A2AmN-j80NKNa28gf"}
Успешный ответ: {"events_received":1,"messages":[],"fbtrace_id":"Ag9rpL6y4-_UyrWS8P9R0zc"}
Успешный ответ: {"events_received":1,"messages":[],"fbtrace_id":"A4a7dT1dXvfBV74Qcqikyxf"}
Успешный ответ: {"events_received":1,"messages":[],"fbtrace_id":"AM1LObSNLbNjqilDjOjwkzG"}
Успешный ответ: {"events_received":1,"messages":[],"fbtrace_id":"A9iA2AolPRoC7P_ti373amc"}
Успешный ответ: {"events_received":1,"messages":[],"fbtrace_id":"AkpLD_d8EOQky5JrdM3pcE5"}
Успешный ответ: {"events_received":1,"messages":[],"fbtrace_id":"Aycdbq3VDjMYte0UL4nyTdN"}
Успешный ответ: {"events_received":1,"messages":[],"fbtrace_id":"Aw4NlT1NHgICpfjzYkcwty2"}
Успешный ответ: {"events_received":1,"messages":[],"fbtrace_id":"A2RSznj2kCS9CZUu7BQyHSN"}
Успешный ответ: {"events_received":1,"messages":[],"fbtrace_id":"AAuJh5LY8rXh5RTY7L3byDY"}
Успешный ответ: {"events_received":1,"messages":[],"fbtrace_id":"AlfhHFeQW7tcgSKbJYxxvuZ"}
Успешный ответ: {"events_received":1,"messages":[],"fbtrace_id":"Aw4F8c8MuLjmHrExp-Nlak7"}
Успешный ответ: {"events_received":1,"messages":[],"fbtrace_id":"AJoUwDxGyta1NUvsmw8XF7N"}
Успешный ответ: {"events_received":1,"messages":[],"fbtrace_id":"AmobcagBDIeKCkvsfziTJb4"}
Успешный ответ: {"events_received":1,"messages":[],"fbtrace_id":"AbdEeI42FLt12WKIXFNJ0EA"}
Успешный ответ: {"events_received":1,"messages":[],"fbtrace_id":"A3Ubs2UqIuQ1Yu6Myhsk2ic"}
Успешный ответ: {"events_received":1,"messages":[],"fbtrace_id":"AETsxKbrnAcNB1di7iB2cNT"}
Успешный ответ: {"events_received":1,"messages":[],"fbtrace_id":"Anzh_gCPbPrWMtlsZNno93g"}
Успешный ответ: {"events_received":1,"messages":[],"fbtrace_id":"A8kzFSoKPmzcHDhGDWLHx6b"}
Успешный ответ: {"events_received":1,"messages":[],"fbtrace_id":"ANQNBe9WmGieSdTYW_6Fusu"}
Успешный ответ: {"events_received":1,"messages":[],"fbtrace_id":"AM_9DGKTSj6D1zcrv-opKSu"}
Успешный ответ: {"events_received":1,"messages":[],"fbtrace_id":"AregwXZwJbceBgeqHUyWNoz"}
Успешный ответ: {"events_received":1,"messages":[],"fbtrace_id":"ApPWSd7JNBs3RynovYWLBS-"}
Успешный ответ: {"events_received":1,"messages":[],"fbtrace_id":"AH_fFrLJ4pmyFTsvP2yR9wE"}
Успешный ответ: {"events_received":1,"messages":[],"fbtrace_id":"AIHNYrJo2hWNHKOrzvUi5u9"}
Успешный ответ: {"events_received":1,"messages":[],"fbtrace_id":"AgPGbSVIphE6j_OGkK0BOdU"}
Успешный ответ: {"events_received":1,"messages":[],"fbtrace_id":"ATY628C8zVhv7U4Y1egRXwa"}
Успешный ответ: {"events_received":1,"messages":[],"fbtrace_id":"A4dvDvhoMq3ZZaVHiabmOZZ"}
Успешный ответ: {"events_received":1,"messages":[],"fbtrace_id":"Am9Sev0PmkGImF52ydp6qNn"}
Успешный ответ: {"events_received":1,"messages":[],"fbtrace_id":"AWSDE7s8IMF_bNV4WNf-Ohe"}
Успешный ответ: {"events_received":1,"messages":[],"fbtrace_id":"A0N-ngjlPYjbC6M6Gh60lmv"}
Успешный ответ: {"events_received":1,"messages":[],"fbtrace_id":"Aqw1iEJxNqVdO0rha2gZNpy"}
Успешный ответ: {"events_received":1,"messages":[],"fbtrace_id":"APppaFNZPrzuKETrcCPHmdW"}
Успешный ответ: {"events_received":1,"messages":[],"fbtrace_id":"A1Da43r2RS9FQDZRd2CyG7Q"}
Успешный ответ: {"events_received":1,"messages":[],"fbtrace_id":"A1iLl6_5DxD5yFTgh1ylSex"}
Успешный ответ: {"events_received":1,"messages":[],"fbtrace_id":"AYP25ocKR5YzGxg6sYoVUoD"}
Успешный ответ: {"events_received":1,"messages":[],"fbtrace_id":"AfqWUosvQnrynUDHAdzey0e"}
Успешный ответ: {"events_received":1,"messages":[],"fbtrace_id":"AfLeKn85YeIDRoYOOKX0XTR"}
Успешный ответ: {"events_received":1,"messages":[],"fbtrace_id":"Alva1J9qYG1VTiCtBf80LgU"}
Успешный ответ: {"events_received":1,"messages":[],"fbtrace_id":"Aa_IWqMfisI1ZztfsPfA3pv"}
Успешный ответ: {"events_received":1,"messages":[],"fbtrace_id":"Aj70qPBxyFn_yPIcikI2iDZ"}
Успешный ответ: {"events_received":1,"messages":[],"fbtrace_id":"Ae2nN1JQf337kFUjLdCx71m"}
Успешный ответ: {"events_received":1,"messages":[],"fbtrace_id":"AX1u8yhGmkTfAZcWP2NepmQ"}
Успешный ответ: {"events_received":1,"messages":[],"fbtrace_id":"ATK0ie3n98N01lyawv1baQP"}
Успешный ответ: {"events_received":1,"messages":[],"fbtrace_id":"A3cmJl0YxfCj02cZxugjygM"}
Успешный ответ: {"events_received":1,"messages":[],"fbtrace_id":"AZIDJJZO3R1gsYp00Ue0RhK"}
Успешный ответ: {"events_received":1,"messages":[],"fbtrace_id":"AfuD79qO8DkSVKn9PLXQAe4"}
Успешный ответ: {"events_received":1,"messages":[],"fbtrace_id":"AEHnd5EGcaHg_vsLfbg4WB9"}
Успешный ответ: {"events_received":1,"messages":[],"fbtrace_id":"AArrTMukfDP9liE3z1T8S-O"}
Успешный ответ: {"events_received":1,"messages":[],"fbtrace_id":"A7ZWdLiWi6gpjtp3RcZftls"}
Успешный ответ: {"events_received":1,"messages":[],"fbtrace_id":"A8hB56zdIOxnjnQcwRu4QXK"}
Успешный ответ: {"events_received":1,"messages":[],"fbtrace_id":"AE0Q9yAjXdUO1yvVysy3HQN"}
Успешный ответ: {"events_received":1,"messages":[],"fbtrace_id":"A37oAFRNPPvM4J57MxpMeWg"}
Успешный ответ: {"events_received":1,"messages":[],"fbtrace_id":"AetAE2VRXRT3Kav1H7NFXne"}
Успешный ответ: {"events_received":1,"messages":[],"fbtrace_id":"Ajy0f6hKHfbpB5aTCY_RXI7"}
Успешный ответ: {"events_received":1,"messages":[],"fbtrace_id":"AzJJZ9UFXWTYg1uCgtNJsbr"}
Успешный ответ: {"events_received":1,"messages":[],"fbtrace_id":"AtCb1g663Y381r1FT4J94-v"}
Успешный ответ: {"events_received":1,"messages":[],"fbtrace_id":"AXnWOnq7_57zXghMTvipP1i"}
Успешный ответ: {"events_received":1,"messages":[],"fbtrace_id":"AYcatl5LlBXBTcrOjUQIowL"}
Успешный ответ: {"events_received":1,"messages":[],"fbtrace_id":"AyoPPaTvALnRT9OMkxtdYgc"}
Успешный ответ: {"events_received":1,"messages":[],"fbtrace_id":"AbnY1ernzlZVGjJbhTWOczH"}
Успешный ответ: {"events_received":1,"messages":[],"fbtrace_id":"Ak7Nd8EgDVEoB5uxw87bZrH"}
Успешный ответ: {"events_received":1,"messages":[],"fbtrace_id":"Aej7cbTqPUka12lsU4-A8XB"}
Успешный ответ: {"events_received":1,"messages":[],"fbtrace_id":"Aztk4sSv3bHVWOWXQVpH-bU"}
Успешный ответ: {"events_received":1,"messages":[],"fbtrace_id":"AYw-34Q6y804PDXPomlRxhN"}
Успешный ответ: {"events_received":1,"messages":[],"fbtrace_id":"AnzCg97L8phonYvaQZnpMl4"}
Успешный ответ: {"events_received":1,"messages":[],"fbtrace_id":"Audy71MzaYQRULEByq8935o"}
Успешный ответ: {"events_received":1,"messages":[],"fbtrace_id":"AR8ylq-s6kmC6-q4DlHiDYy"}
Успешный ответ: {"events_received":1,"messages":[],"fbtrace_id":"ATet9TASd1uJcYy4758hOWR"}
Успешный ответ: {"events_received":1,"messages":[],"fbtrace_id":"A_y1X1IYFnnpnqVW2E00MN0"}
Успешный ответ: {"events_received":1,"messages":[],"fbtrace_id":"AD1KdMyYXCj_cMluQ5wC0J4"}
Успешный ответ: {"events_received":1,"messages":[],"fbtrace_id":"Ae3hpn6E2gBSFTh85BvXV2w"}
Успешный ответ: {"events_received":1,"messages":[],"fbtrace_id":"Ao_iIccbSepippjsEUxIyWD"}
Успешный ответ: {"events_received":1,"messages":[],"fbtrace_id":"AWp0-W1GEBIQwNlRPpQFJfX"}
Успешный ответ: {"events_received":1,"messages":[],"fbtrace_id":"Az0An1OWdMlpQyS3-i4OFGG"}
Успешный ответ: {"events_received":1,"messages":[],"fbtrace_id":"ABozeecXEFF9u6CAhwL97V2"}
Успешный ответ: {"events_received":1,"messages":[],"fbtrace_id":"ABs822kZk00HQkeXQoWnv79"}
Успешный ответ: {"events_received":1,"messages":[],"fbtrace_id":"Ab1lK9IiQua3wx1kD_uCK4w"}
Успешный ответ: {"events_received":1,"messages":[],"fbtrace_id":"A11vOeXoAuOgNea-Jl534p1"}
Успешный ответ: {"events_received":1,"messages":[],"fbtrace_id":"A4jveScwciDkonePvfWHZgC"}
Успешный ответ: {"events_received":1,"messages":[],"fbtrace_id":"A5sAMTW9H54iTGYI5kvL7Ji"}
Успешный ответ: {"events_received":1,"messages":[],"fbtrace_id":"ApqXZbXVsehNZJXBbqfesSQ"}
Успешный ответ: {"events_received":1,"messages":[],"fbtrace_id":"ASxK4N9Ekv2oLIT9q-vtJAx"}
Успешный ответ: {"events_received":1,"messages":[],"fbtrace_id":"Amin8Eq6i_S5PkzboIorUEm"}
Успешный ответ: {"events_received":1,"messages":[],"fbtrace_id":"AHEUCtil3tCbl-kpFDaK8_5"}
Успешный ответ: {"events_received":1,"messages":[],"fbtrace_id":"Aa9wQnclpxydCNvmZuP5joY"}
Успешный ответ: {"events_received":1,"messages":[],"fbtrace_id":"A_x_87zpYEye6S2PaPOLcP_"}
Успешный ответ: {"events_received":1,"messages":[],"fbtrace_id":"A70Oee6QlNc4P8kHy576S-5"}
Успешный ответ: {"events_received":1,"messages":[],"fbtrace_id":"ATdxadvd3clkToqC9gXeHmq"}
Успешный ответ: {"events_received":1,"messages":[],"fbtrace_id":"Aklv0jDHaE4nynBQRWdfJyr"}
Успешный ответ: {"events_received":1,"messages":[],"fbtrace_id":"Aut_aglurqB7iHf70ZD1ACf"}
Успешный ответ: {"events_received":1,"messages":[],"fbtrace_id":"AFp5DNS2rCfZxZZxRpNf5za"}
Успешный ответ: {"events_received":1,"messages":[],"fbtrace_id":"AfAElhyhrv48WUeyrE058EB"}
Успешный ответ: {"events_received":1,"messages":[],"fbtrace_id":"A-iIv4AB8cVqIO2PhEMnKa1"}
Успешный ответ: {"events_received":1,"messages":[],"fbtrace_id":"AemKqo6TSZJpVEsADYoWx2V"}
Успешный ответ: {"events_received":1,"messages":[],"fbtrace_id":"Aqq5uYReWKVlKF7I3StB5pm"}
Успешный ответ: {"events_received":1,"messages":[],"fbtrace_id":"AX8mad-zqMDzIsJG9jEDR4K"}
Успешный ответ: {"events_received":1,"messages":[],"fbtrace_id":"A0Tqy85dJtHHTQdYIoVPedk"}
Успешный ответ: {"events_received":1,"messages":[],"fbtrace_id":"A3V0dEz21rr5nTcOOGKPHyO"}
Успешный ответ: {"events_received":1,"messages":[],"fbtrace_id":"AwffIfxrIaght7xncKzIMJF"}
Успешный ответ: {"events_received":1,"messages":[],"fbtrace_id":"A7HdlkLEyjJz6V8Vagxrwzh"}
Успешный ответ: {"events_received":1,"messages":[],"fbtrace_id":"ATEOlQWLh-OtM8fSg7chPN5"}
Успешный ответ: {"events_received":1,"messages":[],"fbtrace_id":"AGrkVx8B3cEKPDKjJKdrI7i"}
Успешный ответ: {"events_received":1,"messages":[],"fbtrace_id":"AvZervO2jLh4e2yVRrPORDC"}
Успешный ответ: {"events_received":1,"messages":[],"fbtrace_id":"ACtgnxnNUd5hyHbSwB538_N"}
Успешный ответ: {"events_received":1,"messages":[],"fbtrace_id":"AdihsNld9-VHeVLv50eaNb0"}
Успешный ответ: {"events_received":1,"messages":[],"fbtrace_id":"A14sPL48m_DubRul4W9P5He"}
Успешный ответ: {"events_received":1,"messages":[],"fbtrace_id":"Ad0DVjkYvu7uvLEYLN8APrb"}
Успешный ответ: {"events_received":1,"messages":[],"fbtrace_id":"APFin0vmmzLyGNOSZyNEG4C"}
Успешный ответ: {"events_received":1,"messages":[],"fbtrace_id":"AZp8dySRSdfFwhFzJK_FZ7V"}
Успешный ответ: {"events_received":1,"messages":[],"fbtrace_id":"Akdjg6i9Fe8BLFc9YOFVuSb"}
Успешный ответ: {"events_received":1,"messages":[],"fbtrace_id":"AMB7R36HIlExbI0_dtCyLbf"}
Успешный ответ: {"events_received":1,"messages":[],"fbtrace_id":"AIgRwZx9VMinDWCRVrAE9bw"}
Успешный ответ: {"events_received":1,"messages":[],"fbtrace_id":"A7m6sbZ6_Q3oHFgv1BecffK"}
Успешный ответ: {"events_received":1,"messages":[],"fbtrace_id":"AmJq44w27ZRDPytjKAziYiY"}
Успешный ответ: {"events_received":1,"messages":[],"fbtrace_id":"AVoc-mFvaSVCByzb2WQOfBh"}
Успешный ответ: {"events_received":1,"messages":[],"fbtrace_id":"AIVfbgOupv-zYUroI3IROhf"}
Успешный ответ: {"events_received":1,"messages":[],"fbtrace_id":"AcDeZOXjE_FxBkzNoP_Acf7"}
Успешный ответ: {"events_received":1,"messages":[],"fbtrace_id":"A8aH0pruZM9eglyKpz-Er9m"}
Успешный ответ: {"events_received":1,"messages":[],"fbtrace_id":"AVdh0e3AsMMU7RcEBnCUQyC"}
Успешный ответ: {"events_received":1,"messages":[],"fbtrace_id":"AJf9li25QwIUv5NJBcYWwwK"}
Успешный ответ: {"events_received":1,"messages":[],"fbtrace_id":"AWKv3ml5CH_Bvjkj88YBfUk"}
Успешный ответ: {"events_received":1,"messages":[],"fbtrace_id":"ATzYEK4H6iI5LCnh_SOC_Xs"}
Успешный ответ: {"events_received":1,"messages":[],"fbtrace_id":"AGOmyEPe3JCuqNqA43Mw6Ob"}
Успешный ответ: {"events_received":1,"messages":[],"fbtrace_id":"AGFZK6w7h2Sbysxf5hfrDVq"}
Успешный ответ: {"events_received":1,"messages":[],"fbtrace_id":"AA15vv2uXsBDhmbqSPvin6j"}
Успешный ответ: {"events_received":1,"messages":[],"fbtrace_id":"ANr7zod-eIpC-jXxFi-SKn0"}
Успешный ответ: {"events_received":1,"messages":[],"fbtrace_id":"A6PdyLdmJtOEHJo_Uxs325I"}
Успешный ответ: {"events_received":1,"messages":[],"fbtrace_id":"At6YDEoWbuYxmV1n4Hexmf6"}
Успешный ответ: {"events_received":1,"messages":[],"fbtrace_id":"AvXLu565wpWNsYRSljc_AX5"}
Успешный ответ: {"events_received":1,"messages":[],"fbtrace_id":"Ax2MJ2VARdGNLYXsR_NlUZk"}
Успешный ответ: {"events_received":1,"messages":[],"fbtrace_id":"AJ9LkrzcBRwSCAvVEzDVzq7"}
Успешный ответ: {"events_received":1,"messages":[],"fbtrace_id":"A61li7-WE7sRAMYKvMsvxNb"}
Успешный ответ: {"events_received":1,"messages":[],"fbtrace_id":"ACoqPgww8FGiAWZXF4iPW_b"}
Успешный ответ: {"events_received":1,"messages":[],"fbtrace_id":"AtsUhWPzPBvOMiX0tTr5Nqw"}
Успешный ответ: {"events_received":1,"messages":[],"fbtrace_id":"AFV6VIn4a4Q0ToT-23G_fwT"}
Успешный ответ: {"events_received":1,"messages":[],"fbtrace_id":"AEWi3jRqAIU0OCQ8BknrD3Z"}
Успешный ответ: {"events_received":1,"messages":[],"fbtrace_id":"A9-1cL3rJ32n7MszRNQsCem"}
Успешный ответ: {"events_received":1,"messages":[],"fbtrace_id":"AN49fNG_uMAqj5KI6bpRYYB"}
Успешный ответ: {"events_received":1,"messages":[],"fbtrace_id":"AsO4Dvx8kDlW6TjZn35ld_M"}
Успешный ответ: {"events_received":1,"messages":[],"fbtrace_id":"AdK09oeI_84fX1r50KHy_bR"}
Успешный ответ: {"events_received":1,"messages":[],"fbtrace_id":"ABVOR0PNmUrOrM5Yz_CryTt"}
Успешный ответ: {"events_received":1,"messages":[],"fbtrace_id":"AKAgusZ_gv139NyuM_mpuMn"}
Успешный ответ: {"events_received":1,"messages":[],"fbtrace_id":"AhckOGPl-ECHN-HV9Oa58_S"}
Успешный ответ: {"events_received":1,"messages":[],"fbtrace_id":"AVb28KEM2Jl1wegilXmlh8z"}
Успешный ответ: {"events_received":1,"messages":[],"fbtrace_id":"A-9FOafWFAzNJxi9y9TQqUC"}
Успешный ответ: {"events_received":1,"messages":[],"fbtrace_id":"AuniIj2vM7HBVBXEV_rw2ZQ"}
Успешный ответ: {"events_received":1,"messages":[],"fbtrace_id":"ALq9rRpOvU3NvgjZbJSP8f4"}
Успешный ответ: {"events_received":1,"messages":[],"fbtrace_id":"AvZ8zWWQjr0J_7CJ_9dmK3o"}
Успешный ответ: {"events_received":1,"messages":[],"fbtrace_id":"AFOzvIKmrHzsIKe0sW1Psx4"}
Успешный ответ: {"events_received":1,"messages":[],"fbtrace_id":"AObxGZ6IkVZFXGBRdxLkBdT"}
Успешный ответ: {"events_received":1,"messages":[],"fbtrace_id":"AsfvNy9E4y783BlSy59LGZa"}
Успешный ответ: {"events_received":1,"messages":[],"fbtrace_id":"AB2oUvgGBXA_TnhN3ETyCiK"}
Успешный ответ: {"events_received":1,"messages":[],"fbtrace_id":"A2L3OCnwnZNJtyOTB4vysdT"}
Успешный ответ: {"events_received":1,"messages":[],"fbtrace_id":"ARc-dH4P3wPX79Cuvi33F5_"}
Успешный ответ: {"events_received":1,"messages":[],"fbtrace_id":"Afn-ViEenf93LIaQycDMQBz"}
Успешный ответ: {"events_received":1,"messages":[],"fbtrace_id":"AvJyXbq1Nd2ee2FN5uhuUrH"}
Успешный ответ: {"events_received":1,"messages":[],"fbtrace_id":"Az6awT5wxtPHHQLRE50Vza3"}
Успешный ответ: {"events_received":1,"messages":[],"fbtrace_id":"AlEPlNrCG_4LTJiVAZavlO2"}
Успешный ответ: {"events_received":1,"messages":[],"fbtrace_id":"AV1rPcl9g2_tAi35OvtJTaO"}
Успешный ответ: {"events_received":1,"messages":[],"fbtrace_id":"AsxktMdR3lF8-2QPwXqj72k"}
Успешный ответ: {"events_received":1,"messages":[],"fbtrace_id":"A9hTIVZFD-4I5qhwFbkE-Zu"}
Успешный ответ: {"events_received":1,"messages":[],"fbtrace_id":"Aj70UlvVM0CfIIQ25NnDYaX"}
Успешный ответ: {"events_received":1,"messages":[],"fbtrace_id":"AuoSMYTran0fjXq3QcRt1Jd"}
Успешный ответ: {"events_received":1,"messages":[],"fbtrace_id":"Ai8M-xQCgefObbPhgywnias"}
Успешный ответ: {"events_received":1,"messages":[],"fbtrace_id":"AX5-zzdGCBvWIhfBaPeM0kM"}
Успешный ответ: {"events_received":1,"messages":[],"fbtrace_id":"AaefvHHCpywzj6pwrN3ILO-"}
Успешный ответ: {"events_received":1,"messages":[],"fbtrace_id":"AgFGdahh48nGK7AKY_ETh-f"}
Успешный ответ: {"events_received":1,"messages":[],"fbtrace_id":"ABYQedrG9Z7TbTs3b7MOGA0"}
Успешный ответ: {"events_received":1,"messages":[],"fbtrace_id":"Aqv8qS9Umxdmav1rXi0CQDI"}
Успешный ответ: {"events_received":1,"messages":[],"fbtrace_id":"AKV9IUJfMbMjc0IgYhDMB2R"}
Успешный ответ: {"events_received":1,"messages":[],"fbtrace_id":"AWj1-iIXHDoVYkzDyBVqXRR"}
Успешный ответ: {"events_received":1,"messages":[],"fbtrace_id":"AkQyrLNfUXQ2lcoa5GormJP"}
Успешный ответ: {"events_received":1,"messages":[],"fbtrace_id":"AR2aMxKQDjWE3GA7GeaSy69"}
Успешный ответ: {"events_received":1,"messages":[],"fbtrace_id":"AL6BIfqlIDgRHkS7znG9MKt"}
Успешный ответ: {"events_received":1,"messages":[],"fbtrace_id":"APOPesLOXktpqvpFCpZW_gG"}
Успешный ответ: {"events_received":1,"messages":[],"fbtrace_id":"AW5X5VozpXFsZbtYS3q5H-H"}
Успешный ответ: {"events_received":1,"messages":[],"fbtrace_id":"A9b9_CczpL-plop5D7FTy8_"}
Успешный ответ: {"events_received":1,"messages":[],"fbtrace_id":"AlQFI0ZJlC4GE9droKfDkIN"}
Успешный ответ: {"events_received":1,"messages":[],"fbtrace_id":"AqYTpnznnLOhOTjz9GHJiFo"}
Успешный ответ: {"events_received":1,"messages":[],"fbtrace_id":"AiZ0LPWbJVhKe328pv9_gLO"}
Успешный ответ: {"events_received":1,"messages":[],"fbtrace_id":"AnTsGdhFHWi27ssyfVZXTFF"}
Успешный ответ: {"events_received":1,"messages":[],"fbtrace_id":"A2myHUZrCp_kz9HYAAvrL33"}
Успешный ответ: {"events_received":1,"messages":[],"fbtrace_id":"AQi7_X5O_2_lGUJ4IzKN1SY"}
Успешный ответ: {"events_received":1,"messages":[],"fbtrace_id":"AqSluZTxsvBYfEqxZYCrzgH"}
Успешный ответ: {"events_received":1,"messages":[],"fbtrace_id":"AjG88vZVgcw_OnBipzsLkiV"}
Успешный ответ: {"events_received":1,"messages":[],"fbtrace_id":"A2LeKdVMNBemJ8ZnnqMX9NQ"}
Успешный ответ: {"events_received":1,"messages":[],"fbtrace_id":"ArV4YgOn5B1hKq6bo40gCnA"}
Успешный ответ: {"events_received":1,"messages":[],"fbtrace_id":"AZ0HvLQ-SbVo2V6Faa7o2gS"}
Успешный ответ: {"events_received":1,"messages":[],"fbtrace_id":"AadKplTQJfoq2PWO04CXkmC"}
Успешный ответ: {"events_received":1,"messages":[],"fbtrace_id":"ATGfyIcoTnGrJwDC2XBnaS3"}
Успешный ответ: {"events_received":1,"messages":[],"fbtrace_id":"AwS2VaCVwF9shlUMAotboI6"}
Успешный ответ: {"events_received":1,"messages":[],"fbtrace_id":"Aov2_gaCBwOqWRNE8Ka2DYt"}
Успешный ответ: {"events_received":1,"messages":[],"fbtrace_id":"AkHWlvVleXt2qR0nyKWoLRe"}
Успешный ответ: {"events_received":1,"messages":[],"fbtrace_id":"APUj83Xx7klkm49CAiYVDfV"}
Успешный ответ: {"events_received":1,"messages":[],"fbtrace_id":"Ao2NBgzOOq1b8Uq-gCBFULg"}
Успешный ответ: {"events_received":1,"messages":[],"fbtrace_id":"AaiyHjjUyhpp73Nn4pcIpc8"}
Успешный ответ: {"events_received":1,"messages":[],"fbtrace_id":"AwuXhe9Qhfgm-fhvTK5xqgq"}
Успешный ответ: {"events_received":1,"messages":[],"fbtrace_id":"AvuLdH1qeTdhqhnwjIOIcgT"}
Успешный ответ: {"events_received":1,"messages":[],"fbtrace_id":"AEna7Gu81-Z3FDuiUPJp__Z"}
Успешный ответ: {"events_received":1,"messages":[],"fbtrace_id":"A7rAPe-sAp3C7fqXXTU4iJ_"}
Успешный ответ: {"events_received":1,"messages":[],"fbtrace_id":"AcbIfC9_0XXmMkvPOSGdbEY"}
Успешный ответ: {"events_received":1,"messages":[],"fbtrace_id":"ARo2BpFDlT6-ViJGEK3mDix"}
Успешный ответ: {"events_received":1,"messages":[],"fbtrace_id":"A8JgRPrUOcz03pBxI_32Y82"}
Успешный ответ: {"events_received":1,"messages":[],"fbtrace_id":"AMZ8EmZZu3s5l6hn3YBaKvJ"}
Успешный ответ: {"events_received":1,"messages":[],"fbtrace_id":"AwvTswMUZTc6u7FaKEaZ0Ga"}
Успешный ответ: {"events_received":1,"messages":[],"fbtrace_id":"A0LjKHTAWwo_QgWM4i_-Qft"}
Успешный ответ: {"events_received":1,"messages":[],"fbtrace_id":"ARlzxXIuG8mFyuXZZGgtjJJ"}
Успешный ответ: {"events_received":1,"messages":[],"fbtrace_id":"AV-Yk0mYcZzAW3rQOq_Vx_A"}
Успешный ответ: {"events_received":1,"messages":[],"fbtrace_id":"AXO1WP0ZrVoxH4oWTjQzuxc"}
Успешный ответ: {"events_received":1,"messages":[],"fbtrace_id":"AtzK15rPG6MTzPSzCWBhGwY"}
Успешный ответ: {"events_received":1,"messages":[],"fbtrace_id":"A2VMejJO_ntHsmIKure8cX8"}
Успешный ответ: {"events_received":1,"messages":[],"fbtrace_id":"AbbqCziWoG_47ihhG4MHDC_"}
Успешный ответ: {"events_received":1,"messages":[],"fbtrace_id":"AbdZPUCahh_6gbw6s0Js_vG"}
Успешный ответ: {"events_received":1,"messages":[],"fbtrace_id":"A46whBIVn60j9hBUBviDgbh"}
Успешный ответ: {"events_received":1,"messages":[],"fbtrace_id":"AwuknDTEwKmCESzsn_AHkpf"}
Успешный ответ: {"events_received":1,"messages":[],"fbtrace_id":"AtE2R3XyKSc42jEKfTjNy6r"}
Успешный ответ: {"events_received":1,"messages":[],"fbtrace_id":"AP07H7KhDJX5dYU2gk_Ye3x"}
Успешный ответ: {"events_received":1,"messages":[],"fbtrace_id":"A6nHHxoDsALWnbWr8Tprnd8"}
Успешный ответ: {"events_received":1,"messages":[],"fbtrace_id":"AYra73_slaqpQcWo2gPsXN8"}
Успешный ответ: {"events_received":1,"messages":[],"fbtrace_id":"AaPmJESS-3qeOQJNKHPN2dc"}
Успешный ответ: {"events_received":1,"messages":[],"fbtrace_id":"Axw_99C7OAhAB8IlalXLt5x"}
Успешный ответ: {"events_received":1,"messages":[],"fbtrace_id":"AKD-z7PRjPcxBGdRWmcP1eR"}
Успешный ответ: {"events_received":1,"messages":[],"fbtrace_id":"ArCTlcM3e6XepBCJBKiOroX"}
Успешный ответ: {"events_received":1,"messages":[],"fbtrace_id":"AywXflAwhofbH2sIYZvXG9M"}
Успешный ответ: {"events_received":1,"messages":[],"fbtrace_id":"AU6EKnNLOYno6BsE7d7SWyI"}
Успешный ответ: {"events_received":1,"messages":[],"fbtrace_id":"AH7haxeEC8JLJ4jRJfOd3fl"}
Успешный ответ: {"events_received":1,"messages":[],"fbtrace_id":"A7PE2U59sv76naBJEluZ_vX"}
Успешный ответ: {"events_received":1,"messages":[],"fbtrace_id":"AV-8tq62sx9gkv2jrZ8wGNc"}
Успешный ответ: {"events_received":1,"messages":[],"fbtrace_id":"A7utiIsd0rk9XpOFUdZalhp"}
Успешный ответ: {"events_received":1,"messages":[],"fbtrace_id":"Asisv-kKBvuDi4_orDUertm"}
Успешный ответ: {"events_received":1,"messages":[],"fbtrace_id":"AwFOakv0MAbeEG7WD2cnIVr"}
Успешный ответ: {"events_received":1,"messages":[],"fbtrace_id":"Ah5BGMYOA6hrX14eX5Wh-hM"}
Успешный ответ: {"events_received":1,"messages":[],"fbtrace_id":"AlSibSaq9-7BNOrOmHzFGU-"}
Успешный ответ: {"events_received":1,"messages":[],"fbtrace_id":"Apzy95b32gOHZhdvekCzok1"}
Успешный ответ: {"events_received":1,"messages":[],"fbtrace_id":"AEUcT-F28WT_2BvVhCGUtIs"}
Успешный ответ: {"events_received":1,"messages":[],"fbtrace_id":"AUZouzoTsrcpyC73mhws86o"}
Успешный ответ: {"events_received":1,"messages":[],"fbtrace_id":"AcxWdIwy-zAAeuEQyQs7ZnQ"}
Успешный ответ: {"events_received":1,"messages":[],"fbtrace_id":"ABqoIxobqZRxxr44whl4b3z"}
Успешный ответ: {"events_received":1,"messages":[],"fbtrace_id":"ArePcJ4Bl2Z2CKjzlOZzSV2"}
Успешный ответ: {"events_received":1,"messages":[],"fbtrace_id":"AWZpW6S5QAdnVfyV5nOo0P2"}
Успешный ответ: {"events_received":1,"messages":[],"fbtrace_id":"ACyCv9edNuWRcHae1HGWgGV"}
Успешный ответ: {"events_received":1,"messages":[],"fbtrace_id":"A0Wa8OtFFIQgY--rIfYfzsc"}
Успешный ответ: {"events_received":1,"messages":[],"fbtrace_id":"AbTX63u2WBCRsVpWOXGumPo"}
Успешный ответ: {"events_received":1,"messages":[],"fbtrace_id":"Agl7B31yQoS9gfin2tw2AWY"}
Успешный ответ: {"events_received":1,"messages":[],"fbtrace_id":"A9Gr7OjdCGCB7HF-6QkZKVX"}
Успешный ответ: {"events_received":1,"messages":[],"fbtrace_id":"Andiihj2-w1cCsjrmW7nJHy"}
Успешный ответ: {"events_received":1,"messages":[],"fbtrace_id":"AX_vrLZrDwjNw3nVJpmKt6O"}
Успешный ответ: {"events_received":1,"messages":[],"fbtrace_id":"ATjZiN_1s3UAAr_jePc6xo-"}
Успешный ответ: {"events_received":1,"messages":[],"fbtrace_id":"AnapEirrNzKQDpaXpf-a38V"}
Успешный ответ: {"events_received":1,"messages":[],"fbtrace_id":"AwZPeJv0kIwxFfTMcev0iBP"}
Успешный ответ: {"events_received":1,"messages":[],"fbtrace_id":"AxB4IuQt35eXm2kykyaMdh0"}
Успешный ответ: {"events_received":1,"messages":[],"fbtrace_id":"A0B9ST0tMadx1X0ucdmSfO7"}
Успешный ответ: {"events_received":1,"messages":[],"fbtrace_id":"AJXzW6z-qQZvVI-Ja8FHrQ1"}
Успешный ответ: {"events_received":1,"messages":[],"fbtrace_id":"AImeAGjdC_rZFaZsfVYBvgt"}
Успешный ответ: {"events_received":1,"messages":[],"fbtrace_id":"Acp1zlS9K4RUTIEnsI6qEFU"}
Успешный ответ: {"events_received":1,"messages":[],"fbtrace_id":"ASiIhNeCLbE0AY80yoOk3Ph"}
Успешный ответ: {"events_received":1,"messages":[],"fbtrace_id":"AlgCvFxN5rE3kCRy5IjmvXT"}
Успешный ответ: {"events_received":1,"messages":[],"fbtrace_id":"A-vr-Na9vjPEeCJPZWHt4GP"}
Успешный ответ: {"events_received":1,"messages":[],"fbtrace_id":"AES_9ACh-Y9sOFzyUtpkVAp"}
Успешный ответ: {"events_received":1,"messages":[],"fbtrace_id":"AZLHArzE2DrS7rNpCxGaPEm"}
Успешный ответ: {"events_received":1,"messages":[],"fbtrace_id":"Ad_EMZwT0HyQAvoKttmR_GO"}
Успешный ответ: {"events_received":1,"messages":[],"fbtrace_id":"AksY_53OCQp-ssMChoDZQ5O"}
Успешный ответ: {"events_received":1,"messages":[],"fbtrace_id":"A0_PG8Xhk4_e1gvFmg3-Jtc"}
Успешный ответ: {"events_received":1,"messages":[],"fbtrace_id":"APvoMZn7iri4qom1kvBftAC"}
Успешный ответ: {"events_received":1,"messages":[],"fbtrace_id":"AcTo2YhULgF8Q3Mmdx0Nh8G"}
Успешный ответ: {"events_received":1,"messages":[],"fbtrace_id":"APk71OvjYmM0kY9f14cbloT"}
Успешный ответ: {"events_received":1,"messages":[],"fbtrace_id":"ASyQ2ZbSd4rX7_0nSBfU6Wg"}
Успешный ответ: {"events_received":1,"messages":[],"fbtrace_id":"A5Q8nQCNDXRm4xER95hVfYr"}
Успешный ответ: {"events_received":1,"messages":[],"fbtrace_id":"Asz7xJuZJh6BYaYF5xxk7_X"}
Успешный ответ: {"events_received":1,"messages":[],"fbtrace_id":"AvBqJPOsIuEAKltVUTxNV3W"}
Успешный ответ: {"events_received":1,"messages":[],"fbtrace_id":"ALVR-dLbm0POOP9EDLfYGb3"}
Успешный ответ: {"events_received":1,"messages":[],"fbtrace_id":"AI6K-yev7xAzmNpYC54xP9P"}
Успешный ответ: {"events_received":1,"messages":[],"fbtrace_id":"AcErXqTqFSgKPQRupBxCQ0Y"}
Успешный ответ: {"events_received":1,"messages":[],"fbtrace_id":"A7zv4XlCfJjI7Xzja-zvWxB"}
Успешный ответ: {"events_received":1,"messages":[],"fbtrace_id":"AOa9m4HgGFRy8z3LJhNoOyn"}
Успешный ответ: {"events_received":1,"messages":[],"fbtrace_id":"AIb0QW8j_7lClgKuK6HLQ4w"}
Успешный ответ: {"events_received":1,"messages":[],"fbtrace_id":"Af2qQ9J6FKeMvEot3Jf272p"}
Успешный ответ: {"events_received":1,"messages":[],"fbtrace_id":"Ad1-8V4CSYKjMtxkci_vCxz"}
Успешный ответ: {"events_received":1,"messages":[],"fbtrace_id":"ASZgRVxKA2Nv0fdWgqPfwdy"}
Успешный ответ: {"events_received":1,"messages":[],"fbtrace_id":"AMYug101QDKK45Lla6vJMF2"}
Успешный ответ: {"events_received":1,"messages":[],"fbtrace_id":"AvcUX1OaCeg0HFmNOfcFi33"}
Успешный ответ: {"events_received":1,"messages":[],"fbtrace_id":"AhknM30MuPg9cWMuk-Tq64P"}
Успешный ответ: {"events_received":1,"messages":[],"fbtrace_id":"ABnd4HtWbV-t0KqJk6awmKb"}
Успешный ответ: {"events_received":1,"messages":[],"fbtrace_id":"AjmivoMFfUWFDaphPNRNozm"}
Успешный ответ: {"events_received":1,"messages":[],"fbtrace_id":"AiEwMoATM4VB009ufFZpSBH"}
Успешный ответ: {"events_received":1,"messages":[],"fbtrace_id":"AWdNVn8ggYXuCzgo8iHDh-J"}
Успешный ответ: {"events_received":1,"messages":[],"fbtrace_id":"AXnqMZrGAth8N_YrD7G4cas"}
Успешный ответ: {"events_received":1,"messages":[],"fbtrace_id":"A7AtbP4Q8v838mjAk4cDKvZ"}
Успешный ответ: {"events_received":1,"messages":[],"fbtrace_id":"A7xorTzTXRbSn1KfFV4MLdX"}
Успешный ответ: {"events_received":1,"messages":[],"fbtrace_id":"AafJdmnpSxUdPQOv21nfNUv"}
Успешный ответ: {"events_received":1,"messages":[],"fbtrace_id":"AmXSH9AluB9k8qQtYvD7-af"}
Успешный ответ: {"events_received":1,"messages":[],"fbtrace_id":"A839Anpcp1lm0a2QDpxpo1R"}
Успешный ответ: {"events_received":1,"messages":[],"fbtrace_id":"AXNoFK8x0yD1RXXrqk_Thdp"}
Успешный ответ: {"events_received":1,"messages":[],"fbtrace_id":"AidXjH5_2lLDAi9AYbu68Z2"}
Успешный ответ: {"events_received":1,"messages":[],"fbtrace_id":"AGeeotOU8T2DgYsjWVSi713"}
Успешный ответ: {"events_received":1,"messages":[],"fbtrace_id":"ASZk3Y0XRyvznod8B7ytFTi"}
Успешный ответ: {"events_received":1,"messages":[],"fbtrace_id":"AH4KqksByfKLNFdt4r5HGA3"}
Успешный ответ: {"events_received":1,"messages":[],"fbtrace_id":"ALbOVIVTNP_05s3eUYLkLg6"}
Успешный ответ: {"events_received":1,"messages":[],"fbtrace_id":"ACVeuWmWM2npKgi418KsxxZ"}
Успешный ответ: {"events_received":1,"messages":[],"fbtrace_id":"AiG23PjQvd7al2gF5-FQaez"}
Успешный ответ: {"events_received":1,"messages":[],"fbtrace_id":"ADBhaEPBUHAI2O50bfPWwz_"}
Успешный ответ: {"events_received":1,"messages":[],"fbtrace_id":"AVsKnCmdiLN-IOGnFn_MTQk"}
Успешный ответ: {"events_received":1,"messages":[],"fbtrace_id":"AZw5HMsTe_sFtte1TafzKqW"}
Успешный ответ: {"events_received":1,"messages":[],"fbtrace_id":"AgIHWHli7Sz2NXC0mfZQIMh"}
Успешный ответ: {"events_received":1,"messages":[],"fbtrace_id":"AopJfLOYtmmQq6hAY6msZrR"}
Успешный ответ: {"events_received":1,"messages":[],"fbtrace_id":"AXG824JDxZZ1LJzTgl5RMAd"}
Успешный ответ: {"events_received":1,"messages":[],"fbtrace_id":"Am0Mcw1k9K1cizRio680NZC"}
Успешный ответ: {"events_received":1,"messages":[],"fbtrace_id":"AxLMh6HWBPp9iBjjHiwbSUR"}
Успешный ответ: {"events_received":1,"messages":[],"fbtrace_id":"AuryFVtyi2bEZbqhandHdWx"}
Успешный ответ: {"events_received":1,"messages":[],"fbtrace_id":"A1pIC74vSeT7i7LpdizPwjg"}
Успешный ответ: {"events_received":1,"messages":[],"fbtrace_id":"ANfr3O3Y7GeqnYwfSusbeKm"}
Успешный ответ: {"events_received":1,"messages":[],"fbtrace_id":"AT-WEhkN26sPjc9__5oWmLD"}
Успешный ответ: {"events_received":1,"messages":[],"fbtrace_id":"A9NtBSk8hPS4LarKtCNRKo4"}
Успешный ответ: {"events_received":1,"messages":[],"fbtrace_id":"AusXE05a1RbxGD1hjBZv7Jp"}
Успешный ответ: {"events_received":1,"messages":[],"fbtrace_id":"A7H74pXuR_fLmQhcK01saeW"}
Успешный ответ: {"events_received":1,"messages":[],"fbtrace_id":"AsBAxYeu4CSyZ17mmGvCKsg"}
Успешный ответ: {"events_received":1,"messages":[],"fbtrace_id":"AjgWTy584x6rz563AX8S7e_"}
Успешный ответ: {"events_received":1,"messages":[],"fbtrace_id":"A05iR_pH79pEc7rPt7h2YQR"}
Успешный ответ: {"events_received":1,"messages":[],"fbtrace_id":"AYrW-L5borWFE-uxSwwe71e"}
Успешный ответ: {"events_received":1,"messages":[],"fbtrace_id":"Ae0Ogv6aFRcLjXWbuq60cJq"}
Успешный ответ: {"events_received":1,"messages":[],"fbtrace_id":"AWlvk1xtoZnRGIPO0-ac8v0"}
Успешный ответ: {"events_received":1,"messages":[],"fbtrace_id":"AVz5shFP8XwQ6fO65rql86U"}
Успешный ответ: {"events_received":1,"messages":[],"fbtrace_id":"AlSXxN03SrpSL3v_Ov1B_mA"}
Успешный ответ: {"events_received":1,"messages":[],"fbtrace_id":"AFgPxYgapcZGX84jCpql2XI"}
Успешный ответ: {"events_received":1,"messages":[],"fbtrace_id":"AE83bvA_MWZ-umJvXCZNbNU"}
Успешный ответ: {"events_received":1,"messages":[],"fbtrace_id":"AMsoUO4m6FaL00ZvgEKWlIw"}
Успешный ответ: {"events_received":1,"messages":[],"fbtrace_id":"AXhwHqwKHKcYW6MwkaJYVu3"}
Успешный ответ: {"events_received":1,"messages":[],"fbtrace_id":"ANGNyuSdkVqmsXP8J2aNkPk"}
Успешный ответ: {"events_received":1,"messages":[],"fbtrace_id":"AfIJxQ5k54Qrxq4gOC4OzwQ"}
Успешный ответ: {"events_received":1,"messages":[],"fbtrace_id":"Azx--MfKhzFJqQLJtZmm9-J"}
Успешный ответ: {"events_received":1,"messages":[],"fbtrace_id":"AFVRDypcb9iYXvx7w_loI64"}
Успешный ответ: {"events_received":1,"messages":[],"fbtrace_id":"A0LJnlXVuTIEBgCPmtG2Bi6"}
Успешный ответ: {"events_received":1,"messages":[],"fbtrace_id":"AYj9Rd7e3STITAjlUWY2FQc"}
Успешный ответ: {"events_received":1,"messages":[],"fbtrace_id":"An9ZY5jzd4Xa-s63tw0pi01"}
Успешный ответ: {"events_received":1,"messages":[],"fbtrace_id":"A8UxkB8Iq9cSBDl2n4NnWO-"}
Успешный ответ: {"events_received":1,"messages":[],"fbtrace_id":"AQVASHbmiAsj1Tfl1Rf2TiX"}
Успешный ответ: {"events_received":1,"messages":[],"fbtrace_id":"AY0ld2H-Z-AnSpsOw2S33jy"}
Успешный ответ: {"events_received":1,"messages":[],"fbtrace_id":"A4nd2_juFRcdEbDgoANCWUb"}
Успешный ответ: {"events_received":1,"messages":[],"fbtrace_id":"Aglj3_k6YO8qnsM6bodV8GZ"}
Успешный ответ: {"events_received":1,"messages":[],"fbtrace_id":"Atx1Fcwr2cUzi1gRGqeoi38"}
Успешный ответ: {"events_received":1,"messages":[],"fbtrace_id":"ATqhOHkGqIjrRB-m8P4VKxL"}
Успешный ответ: {"events_received":1,"messages":[],"fbtrace_id":"AVQgDSRKMbsL4AJu5B4nQ_-"}
Успешный ответ: {"events_received":1,"messages":[],"fbtrace_id":"AzAwB9HF18bz-40LAblUrq3"}
Успешный ответ: {"events_received":1,"messages":[],"fbtrace_id":"ALPtSLnEDmIEAogch7H33Zl"}
Успешный ответ: {"events_received":1,"messages":[],"fbtrace_id":"A-eusNVZuEmXFY7Zr9Gr5At"}
Успешный ответ: {"events_received":1,"messages":[],"fbtrace_id":"AyeHliAIPYb_H0aShcMxueg"}
Успешный ответ: {"events_received":1,"messages":[],"fbtrace_id":"A96UCyFY-zjpia-x9SSvflE"}
Успешный ответ: {"events_received":1,"messages":[],"fbtrace_id":"ANmwCTQ5E3YVonRjYsEggnY"}
Успешный ответ: {"events_received":1,"messages":[],"fbtrace_id":"ANvoQzVjDHvFtlvLvtOtRV0"}
Успешный ответ: {"events_received":1,"messages":[],"fbtrace_id":"AhNfxyOjfCh4a4LdNH0VsY-"}
Успешный ответ: {"events_received":1,"messages":[],"fbtrace_id":"AK4JOrfN_IcZjkyULpnCltA"}
Успешный ответ: {"events_received":1,"messages":[],"fbtrace_id":"AlC9tTFqid-Z-FHpseLM3OS"}
Успешный ответ: {"events_received":1,"messages":[],"fbtrace_id":"A-p51OFBtd5x4yRl7cgRLHh"}
Успешный ответ: {"events_received":1,"messages":[],"fbtrace_id":"AqqOU6g7_j55Ash4HaBwaZr"}
Успешный ответ: {"events_received":1,"messages":[],"fbtrace_id":"AU0M2rGIK53inSTkzEDxNJ3"}
Успешный ответ: {"events_received":1,"messages":[],"fbtrace_id":"AAb64c3XIbIeOVAHBu8oJuz"}
Успешный ответ: {"events_received":1,"messages":[],"fbtrace_id":"ArlXvVA8mYTVRAfqKPta2Y6"}
Успешный ответ: {"events_received":1,"messages":[],"fbtrace_id":"ASak51ga-UIQIrmN-dgxZdv"}
Успешный ответ: {"events_received":1,"messages":[],"fbtrace_id":"Aw5jHJYgoCXIhvPt-7eeDGL"}
Успешный ответ: {"events_received":1,"messages":[],"fbtrace_id":"A7pC-pITnP7mC33xWBrtth_"}
Успешный ответ: {"events_received":1,"messages":[],"fbtrace_id":"AiEj7s5WJgnXKbj2ecd2Me6"}
Успешный ответ: {"events_received":1,"messages":[],"fbtrace_id":"AlcxIOWFLZ5e015MouwW60C"}
Успешный ответ: {"events_received":1,"messages":[],"fbtrace_id":"AS35n6257P95JraMlCZmt41"}
Успешный ответ: {"events_received":1,"messages":[],"fbtrace_id":"A8qLbfiCYaNwsdiZt7sPSvq"}
Успешный ответ: {"events_received":1,"messages":[],"fbtrace_id":"AhukECTq0lqM-cBfFSHEjJB"}
Успешный ответ: {"events_received":1,"messages":[],"fbtrace_id":"ACREz_DZ1vAT8dRisIndqpW"}
Успешный ответ: {"events_received":1,"messages":[],"fbtrace_id":"Aa5Kw1luXIRlBi14W_Uze3c"}
Успешный ответ: {"events_received":1,"messages":[],"fbtrace_id":"Aqs_b-tSWFpBFou1o4T1uge"}
Успешный ответ: {"events_received":1,"messages":[],"fbtrace_id":"Ae7xE_VIlWMgt4h4uSPvNdI"}
Успешный ответ: {"events_received":1,"messages":[],"fbtrace_id":"AFCnrX7ELJIPPbEzwpsybko"}
Успешный ответ: {"events_received":1,"messages":[],"fbtrace_id":"Ai5dV8kf9SGY7bxLUGNWWzA"}
Успешный ответ: {"events_received":1,"messages":[],"fbtrace_id":"AMefxs7WBooJpWpZBDpSVSh"}
Успешный ответ: {"events_received":1,"messages":[],"fbtrace_id":"AfpBnFK0VWbNhn34FuvYzEu"}
Успешный ответ: {"events_received":1,"messages":[],"fbtrace_id":"AwMYCyLt2j9rETSrO6lVzhX"}
Успешный ответ: {"events_received":1,"messages":[],"fbtrace_id":"A2HFJsQjAqM6tsCYAbhdU87"}
Успешный ответ: {"events_received":1,"messages":[],"fbtrace_id":"AiUfoAj03fe3i4LWDc-pn0x"}
Успешный ответ: {"events_received":1,"messages":[],"fbtrace_id":"A4VV-xTbK0PB-gzDM-pY_Ic"}
Успешный ответ: {"events_received":1,"messages":[],"fbtrace_id":"AmGlU54tD31GSa-t0HvS-xg"}
Успешный ответ: {"events_received":1,"messages":[],"fbtrace_id":"A42-3mwOyTwU5k14FEpniOA"}
Успешный ответ: {"events_received":1,"messages":[],"fbtrace_id":"AEBZTzx2lwhnR_yhozTRlsF"}
Успешный ответ: {"events_received":1,"messages":[],"fbtrace_id":"A5xeW22-zS0zz0XXfRwdIKa"}
Успешный ответ: {"events_received":1,"messages":[],"fbtrace_id":"A12IvJh9sF9lVDwtS4bhzW1"}
Успешный ответ: {"events_received":1,"messages":[],"fbtrace_id":"AnqbE1W2Lf7BHc4YmQiMKIL"}
Успешный ответ: {"events_received":1,"messages":[],"fbtrace_id":"AK6hhN_jxiMm2ChWrtiBEGX"}
Успешный ответ: {"events_received":1,"messages":[],"fbtrace_id":"A5-2UTrGA8sbJ4h8k8h8WB7"}
Успешный ответ: {"events_received":1,"messages":[],"fbtrace_id":"A6pQXPilHqFYBbBCDuNakL4"}
Успешный ответ: {"events_received":1,"messages":[],"fbtrace_id":"Am7NMKkMjC_Zc3mPXF1oX0O"}
Успешный ответ: {"events_received":1,"messages":[],"fbtrace_id":"AQ-GM0kyhdtQK2KdRQdbUUf"}
Успешный ответ: {"events_received":1,"messages":[],"fbtrace_id":"AXrPp_J7ap1xOcPgHWUiTvX"}
Успешный ответ: {"events_received":1,"messages":[],"fbtrace_id":"ASqL3Qn05h3rYew-LQsltmQ"}
Успешный ответ: {"events_received":1,"messages":[],"fbtrace_id":"AlrBNU20bnzbCBbGFrp44xy"}
Успешный ответ: {"events_received":1,"messages":[],"fbtrace_id":"AWXBzUdPileJWSBQmPMqFm4"}
Успешный ответ: {"events_received":1,"messages":[],"fbtrace_id":"AlysefAHwYAO70LC-MTgABh"}
Успешный ответ: {"events_received":1,"messages":[],"fbtrace_id":"A13z3gGhZmwCwAWIthwvw_O"}
Успешный ответ: {"events_received":1,"messages":[],"fbtrace_id":"AYatXCEuhkz2Io4DM4WbD3I"}
Успешный ответ: {"events_received":1,"messages":[],"fbtrace_id":"AXldW8Q8_VP-pGMd7lhVJac"}
Успешный ответ: {"events_received":1,"messages":[],"fbtrace_id":"Alnno5eiItaIPg51R_E2KV9"}
Успешный ответ: {"events_received":1,"messages":[],"fbtrace_id":"AUySuuiKT5ZEMuSPnyzZ-OK"}
Успешный ответ: {"events_received":1,"messages":[],"fbtrace_id":"AFYWyUneNb2DemFDg5Jvt-Z"}
Успешный ответ: {"events_received":1,"messages":[],"fbtrace_id":"AUJD2ICt_51khOOnqBBBTZS"}
Успешный ответ: {"events_received":1,"messages":[],"fbtrace_id":"ANDHbKM67_8Ha-tHo0M2v2w"}
Успешный ответ: {"events_received":1,"messages":[],"fbtrace_id":"AUTdNyd0wAMz-6ccWVMEJE8"}
Успешный ответ: {"events_received":1,"messages":[],"fbtrace_id":"AqZpTtq4YpU3QV--aHehZ2Q"}
Успешный ответ: {"events_received":1,"messages":[],"fbtrace_id":"AFpVzBA92X_SiKFhw56RQEW"}
Успешный ответ: {"events_received":1,"messages":[],"fbtrace_id":"AHVp_Rza_b-Wp-fbUaKmeYh"}
Успешный ответ: {"events_received":1,"messages":[],"fbtrace_id":"Ag91MSHmMuCL9OtTipKWqSX"}
Успешный ответ: {"events_received":1,"messages":[],"fbtrace_id":"AmjR_PdpzNI7_0NuzXRl6Uw"}
Успешный ответ: {"events_received":1,"messages":[],"fbtrace_id":"AO2JFY_s37bdlvVXNKgEyez"}
Успешный ответ: {"events_received":1,"messages":[],"fbtrace_id":"AamNeVpmwvYtrvScPL1q18h"}
Успешный ответ: {"events_received":1,"messages":[],"fbtrace_id":"A3boV265vu_zV8qRn0DfTeu"}
Успешный ответ: {"events_received":1,"messages":[],"fbtrace_id":"AxmMTX_TqPvWDHPmbx6qiWZ"}
Успешный ответ: {"events_received":1,"messages":[],"fbtrace_id":"AmuXn5b7nQWkqFQPWD_0e-a"}
Успешный ответ: {"events_received":1,"messages":[],"fbtrace_id":"AFhjqX7CuV6x4Wr95_KoY7y"}
Успешный ответ: {"events_received":1,"messages":[],"fbtrace_id":"AOKUa4aNnG08MfSqBP79jJW"}
Успешный ответ: {"events_received":1,"messages":[],"fbtrace_id":"AdtXRpXa8RoUUxUL8JYL9HB"}
Успешный ответ: {"events_received":1,"messages":[],"fbtrace_id":"A0z2ORL-nML1eT2d21YM_F7"}
Успешный ответ: {"events_received":1,"messages":[],"fbtrace_id":"AHagdY7XI_4m2qvS0-_GBzt"}
Успешный ответ: {"events_received":1,"messages":[],"fbtrace_id":"ApCwAsGl-mmCJIfqFMP-u6D"}
Успешный ответ: {"events_received":1,"messages":[],"fbtrace_id":"ACEcP0hXe9wqrgu5RvwRPUH"}
Успешный ответ: {"events_received":1,"messages":[],"fbtrace_id":"AtB51hyCmuR6Nfsr7RaZU-2"}
Успешный ответ: {"events_received":1,"messages":[],"fbtrace_id":"A67-Bz18RRqZ8P4FeSGuxN6"}
Успешный ответ: {"events_received":1,"messages":[],"fbtrace_id":"AOFkFjpCy-mcptAZDEj8KD3"}
Успешный ответ: {"events_received":1,"messages":[],"fbtrace_id":"ActfGDTt_B7qlWfIreAU-GU"}
Успешный ответ: {"events_received":1,"messages":[],"fbtrace_id":"AGrm6qNlpuMGP2D77a9rmtV"}
Успешный ответ: {"events_received":1,"messages":[],"fbtrace_id":"AEzDoaUfwyT1vdjMU4hy8UT"}
Успешный ответ: {"events_received":1,"messages":[],"fbtrace_id":"AjCopZ_eceMKRugEf4mftUj"}
Успешный ответ: {"events_received":1,"messages":[],"fbtrace_id":"A_efQGGESvdTtryCKWbTgyb"}
Успешный ответ: {"events_received":1,"messages":[],"fbtrace_id":"AQ7dAY79YKyGn_ggZovhbGa"}
Успешный ответ: {"events_received":1,"messages":[],"fbtrace_id":"ASIz-jmQEOCDHmSTsYdRiR-"}
Успешный ответ: {"events_received":1,"messages":[],"fbtrace_id":"A1LKR7EWMhPrerJ7uo4R1Ob"}
Успешный ответ: {"events_received":1,"messages":[],"fbtrace_id":"Amk4Du7XMjs0JLP1ch4lcK8"}
Успешный ответ: {"events_received":1,"messages":[],"fbtrace_id":"AsFW8pVuFRUO9JmBbYaB6Xw"}
Успешный ответ: {"events_received":1,"messages":[],"fbtrace_id":"A9n2IDtNBooN7zIfIp1RIM5"}
Успешный ответ: {"events_received":1,"messages":[],"fbtrace_id":"A7m0iEFvOu_HVRMQKlosm0k"}
Успешный ответ: {"events_received":1,"messages":[],"fbtrace_id":"A8Ro1r8bkMPkKjNc_EuCTwv"}
Успешный ответ: {"events_received":1,"messages":[],"fbtrace_id":"AUcAafibHxykW10zR4ImJLR"}
Успешный ответ: {"events_received":1,"messages":[],"fbtrace_id":"A8qwk5OPXR0zaPbEkIxGKVa"}
Успешный ответ: {"events_received":1,"messages":[],"fbtrace_id":"AE2DB5T-J3LC096fI4Xvfq2"}
Успешный ответ: {"events_received":1,"messages":[],"fbtrace_id":"Aq0uR_MwHgJa9s-mpcnLGTm"}
Успешный ответ: {"events_received":1,"messages":[],"fbtrace_id":"AR_-BUBzGKpwHH8e23A-uxU"}
Успешный ответ: {"events_received":1,"messages":[],"fbtrace_id":"Aa895bGzP_6Coh96izQN0bn"}
Успешный ответ: {"events_received":1,"messages":[],"fbtrace_id":"AZ751CvWFKcv6iIyV82GlFb"}
Успешный ответ: {"events_received":1,"messages":[],"fbtrace_id":"AyGc1Qbs0It9Qw4GbyXb-6G"}
Успешный ответ: {"events_received":1,"messages":[],"fbtrace_id":"ACAgNiR156U1jUvDvxxEYe5"}
Успешный ответ: {"events_received":1,"messages":[],"fbtrace_id":"A1hS9-mLo5wLTBnEZbuji3m"}
Успешный ответ: {"events_received":1,"messages":[],"fbtrace_id":"AfAJelNX1jla1fBuOZrUM-F"}
Успешный ответ: {"events_received":1,"messages":[],"fbtrace_id":"A2DMIsXESyrYHJvUlK8oo6G"}
Успешный ответ: {"events_received":1,"messages":[],"fbtrace_id":"A7XZZkRdc9UECWuxAoT3TEN"}
Успешный ответ: {"events_received":1,"messages":[],"fbtrace_id":"AxwMzs5YsmZ0hL4rgygmE9a"}
Успешный ответ: {"events_received":1,"messages":[],"fbtrace_id":"AjRj14krn9xEC8bzHg1FVio"}
Успешный ответ: {"events_received":1,"messages":[],"fbtrace_id":"AU3F7LXokCfiFB7Q9whNmfZ"}
Успешный ответ: {"events_received":1,"messages":[],"fbtrace_id":"AyITX2mdVefTzUL8LYLlfkG"}
Успешный ответ: {"events_received":1,"messages":[],"fbtrace_id":"AhKKcocGHL8q2dbDZrNZE7l"}
Успешный ответ: {"events_received":1,"messages":[],"fbtrace_id":"AUPCu0HMf_rWtI8Pf_Cpd4G"}
Успешный ответ: {"events_received":1,"messages":[],"fbtrace_id":"AeiCPl86FU4M6Ky6sNO4o5g"}
Успешный ответ: {"events_received":1,"messages":[],"fbtrace_id":"A_POz3Pi4EI5qK0_QK2lJMn"}
Успешный ответ: {"events_received":1,"messages":[],"fbtrace_id":"AVRFdkXldTRArV9jvS0cPB9"}
Успешный ответ: {"events_received":1,"messages":[],"fbtrace_id":"At_Tm389ZMAq2XHHwQWzbTE"}
Успешный ответ: {"events_received":1,"messages":[],"fbtrace_id":"AFXIu2sfLvdZHr4COalBZBE"}
Успешный ответ: {"events_received":1,"messages":[],"fbtrace_id":"Aj9idB_lFqo0wiLv474uBCY"}
Успешный ответ: {"events_received":1,"messages":[],"fbtrace_id":"AGoeJMgMoJ19nk9qhGTY3kn"}
Успешный ответ: {"events_received":1,"messages":[],"fbtrace_id":"AdOXm33157CnxKGoBauUsI8"}
Успешный ответ: {"events_received":1,"messages":[],"fbtrace_id":"A28ElowA9t9wRI1voM1g4BQ"}
Успешный ответ: {"events_received":1,"messages":[],"fbtrace_id":"AEMW2n7VQk-3FQMkcdKuF5y"}
Успешный ответ: {"events_received":1,"messages":[],"fbtrace_id":"AZLH3F81If2UPNz9V4CCHlj"}
Успешный ответ: {"events_received":1,"messages":[],"fbtrace_id":"AeP4Qt1Z5w-caniyOj_Il0c"}
Успешный ответ: {"events_received":1,"messages":[],"fbtrace_id":"AW7BMrGxp94cIoVWRSSnZ6e"}
Успешный ответ: {"events_received":1,"messages":[],"fbtrace_id":"AfVR9bARSxPYZKO9kcQC-1I"}
Успешный ответ: {"events_received":1,"messages":[],"fbtrace_id":"AEsvxXCIWSoqGCzG6DV08cA"}
Успешный ответ: {"events_received":1,"messages":[],"fbtrace_id":"AGi0KoJlVU3816ISyIUQD0I"}
Успешный ответ: {"events_received":1,"messages":[],"fbtrace_id":"Abc8r491vTD3I-xQsPiWu1f"}
Успешный ответ: {"events_received":1,"messages":[],"fbtrace_id":"ABBuKMIppwpkjD90jF-ra9g"}
Успешный ответ: {"events_received":1,"messages":[],"fbtrace_id":"AY4aIWh0PpZepdxEFux2HHr"}
Успешный ответ: {"events_received":1,"messages":[],"fbtrace_id":"AvYqLh9SkSwP27K3ESLGzVb"}
Успешный ответ: {"events_received":1,"messages":[],"fbtrace_id":"AwP8qenkDgaNQYsnu2rxFtp"}
Успешный ответ: {"events_received":1,"messages":[],"fbtrace_id":"A5eEvZlh0hH9zP9M9eL0GdT"}
Успешный ответ: {"events_received":1,"messages":[],"fbtrace_id":"AzQ1jQCUU-t4EyeIsQffa8S"}
Успешный ответ: {"events_received":1,"messages":[],"fbtrace_id":"Aa7hmvv98MrmuVSSjOU1Hs6"}
Успешный ответ: {"events_received":1,"messages":[],"fbtrace_id":"APFBTqqoPJiwRI4vEt5MaPX"}
Успешный ответ: {"events_received":1,"messages":[],"fbtrace_id":"AxRnm5jOo9Q-DVXlS8C5RG7"}
Успешный ответ: {"events_received":1,"messages":[],"fbtrace_id":"AQ-R7KYjvXi7D7GyANh-Sze"}
Успешный ответ: {"events_received":1,"messages":[],"fbtrace_id":"AMX7rboMSPbILvgWDxPDewZ"}
Успешный ответ: {"events_received":1,"messages":[],"fbtrace_id":"AAuAI81LNQEF694pjI0kliG"}
Успешный ответ: {"events_received":1,"messages":[],"fbtrace_id":"AUjAcnyLgRnQ6q6eY8C12sA"}
Успешный ответ: {"events_received":1,"messages":[],"fbtrace_id":"AiW6QlE7DDyrf6G42lzKgD0"}
Успешный ответ: {"events_received":1,"messages":[],"fbtrace_id":"A6OncEdE6f4mitRqSRFTSZH"}
Успешный ответ: {"events_received":1,"messages":[],"fbtrace_id":"ApYvwRm9lJgSp8HqruuIETN"}
Успешный ответ: {"events_received":1,"messages":[],"fbtrace_id":"A0tC7HiEOL7Lx6Db03mW5dt"}
Успешный ответ: {"events_received":1,"messages":[],"fbtrace_id":"AztwmEmTGrhiwz5_cWbfbJG"}
Успешный ответ: {"events_received":1,"messages":[],"fbtrace_id":"AsygNzQglTtXk96xptCME69"}
Успешный ответ: {"events_received":1,"messages":[],"fbtrace_id":"ATbK3wsMwzJlBYGy9T62rF8"}
Успешный ответ: {"events_received":1,"messages":[],"fbtrace_id":"ABIE4WBAwgpTkQ6vEdrW0c0"}
Успешный ответ: {"events_received":1,"messages":[],"fbtrace_id":"ANHgRuSkgDFJ09ONk7K-saW"}
Успешный ответ: {"events_received":1,"messages":[],"fbtrace_id":"AcCHvwjTZWGNg2piQ6MGpRq"}
Успешный ответ: {"events_received":1,"messages":[],"fbtrace_id":"AvmqeuQYnd1MB45I001qG7u"}
Успешный ответ: {"events_received":1,"messages":[],"fbtrace_id":"A12Tl2ZScQSyqHKLGn0NxpG"}
Успешный ответ: {"events_received":1,"messages":[],"fbtrace_id":"A1CvKsPQy-LxucCzwHBoqIR"}
Успешный ответ: {"events_received":1,"messages":[],"fbtrace_id":"ASqZLLHNUwiAjgpjNZKZ2WQ"}
Успешный ответ: {"events_received":1,"messages":[],"fbtrace_id":"AtkS_CRBJrt_mN9B2gEbWMF"}
Успешный ответ: {"events_received":1,"messages":[],"fbtrace_id":"A-o0DeAL94xIqp18r7ZRVtz"}
Успешный ответ: {"events_received":1,"messages":[],"fbtrace_id":"APjNtB9Q2agTw6BLU2HANkq"}
Успешный ответ: {"events_received":1,"messages":[],"fbtrace_id":"AVNS-gf2G17NFh7ngds3XCT"}
Успешный ответ: {"events_received":1,"messages":[],"fbtrace_id":"AIQ6sMB6Ray6R2xREjs82IL"}
Успешный ответ: {"events_received":1,"messages":[],"fbtrace_id":"AWUmbah4kprw30lmYtoJl9X"}
Успешный ответ: {"events_received":1,"messages":[],"fbtrace_id":"AiVLAbuRp4SZRXQq636lSae"}
Успешный ответ: {"events_received":1,"messages":[],"fbtrace_id":"AswKs16oNsRkIT5YBgJ69RW"}
Успешный ответ: {"events_received":1,"messages":[],"fbtrace_id":"Adb1kcVrhHlOrtQ50wgZCK7"}
Успешный ответ: {"events_received":1,"messages":[],"fbtrace_id":"A12AYRFQI7L5l5Jo7UK_vLQ"}
Успешный ответ: {"events_received":1,"messages":[],"fbtrace_id":"AgVOxPGQ8aZgIg59Jv0ZYKJ"}
Успешный ответ: {"events_received":1,"messages":[],"fbtrace_id":"A6yMlktDJSZPMpadtngHfTL"}
Успешный ответ: {"events_received":1,"messages":[],"fbtrace_id":"A7PxQGuSiIQBZrAeBm0AZOF"}
Успешный ответ: {"events_received":1,"messages":[],"fbtrace_id":"AjQsaaeqOkN8D4qxRExVEb9"}
Успешный ответ: {"events_received":1,"messages":[],"fbtrace_id":"ACqMpJCmNFWdo1w6cz-VLce"}
Успешный ответ: {"events_received":1,"messages":[],"fbtrace_id":"A0SBu0-DfYqiQjPggz_S9M4"}
Успешный ответ: {"events_received":1,"messages":[],"fbtrace_id":"AJ3-91nTxwqR6W7h-VY9pvp"}
Успешный ответ: {"events_received":1,"messages":[],"fbtrace_id":"ASWaqZZU0nJy7FDgqvFkIj3"}
Успешный ответ: {"events_received":1,"messages":[],"fbtrace_id":"AF7Zs-G6BRzVA-AQi3E-UaU"}
Успешный ответ: {"events_received":1,"messages":[],"fbtrace_id":"AqLX0ntGlpTP1xXKryQB_jj"}
Успешный ответ: {"events_received":1,"messages":[],"fbtrace_id":"AlwL0vE9RIZLrIz5jH-xKo1"}
Успешный ответ: {"events_received":1,"messages":[],"fbtrace_id":"AX4OdCr2LFTB_X8ohrDa57x"}
Успешный ответ: {"events_received":1,"messages":[],"fbtrace_id":"ANx9CWwe7AYRsb_nXyYmlNv"}
Успешный ответ: {"events_received":1,"messages":[],"fbtrace_id":"ARNBqNwkFdK7POLSbxN6J5Z"}
Успешный ответ: {"events_received":1,"messages":[],"fbtrace_id":"ANSgrfRte5_ZTn-5hc1uX9v"}
Успешный ответ: {"events_received":1,"messages":[],"fbtrace_id":"APhQ56nx_3QWuK4X0O5Kop2"}
Успешный ответ: {"events_received":1,"messages":[],"fbtrace_id":"AXtmaQpPk1GqZlpwl1jF9Hs"}
Успешный ответ: {"events_received":1,"messages":[],"fbtrace_id":"AZQAmGE8r7OPL2q1nJfOfsA"}
Успешный ответ: {"events_received":1,"messages":[],"fbtrace_id":"AoRTu5tAyBiG10cEz40BfDx"}
Успешный ответ: {"events_received":1,"messages":[],"fbtrace_id":"A2LII83P8jL2PqX6eCP-pNu"}
Успешный ответ: {"events_received":1,"messages":[],"fbtrace_id":"A2UJ_oZ4keFhPqQ4-0nxxsf"}
Успешный ответ: {"events_received":1,"messages":[],"fbtrace_id":"A_PvKHsE35HhJt9iNUf5q8L"}
Успешный ответ: {"events_received":1,"messages":[],"fbtrace_id":"AxMyeYBhFa0Nnai9i_tH0p7"}
Успешный ответ: {"events_received":1,"messages":[],"fbtrace_id":"As6tH9MILWULWbT_Cqkia38"}
Успешный ответ: {"events_received":1,"messages":[],"fbtrace_id":"ANU-1ZHHZkUb4bDeaRWGgPf"}
Успешный ответ: {"events_received":1,"messages":[],"fbtrace_id":"AmkJl_0RhCZClcbebvF6en9"}
Успешный ответ: {"events_received":1,"messages":[],"fbtrace_id":"AWL-dEKxi9HzNy0ktVttqF1"}
Успешный ответ: {"events_received":1,"messages":[],"fbtrace_id":"AlYtyrLmBKhU_XP84_VfxEZ"}
Успешный ответ: {"events_received":1,"messages":[],"fbtrace_id":"Axj3dHGUfWzC721r7jTtsgs"}
Успешный ответ: {"events_received":1,"messages":[],"fbtrace_id":"ASEXW6Zz9nHeEoXfrmJRRxv"}
Успешный ответ: {"events_received":1,"messages":[],"fbtrace_id":"API1xSCBEcRG5hwhrXaAh5P"}
Успешный ответ: {"events_received":1,"messages":[],"fbtrace_id":"A7ZBT56Z08wKadED-9C1ZdO"}
Успешный ответ: {"events_received":1,"messages":[],"fbtrace_id":"A8uj_Q9j8Tsx0L7xPa3DZo6"}
Успешный ответ: {"events_received":1,"messages":[],"fbtrace_id":"A2LOQ_T4SxHeB5pXQDq11u_"}
Успешный ответ: {"events_received":1,"messages":[],"fbtrace_id":"AQuZk_LCoRDpFo09rY0iuEY"}
Успешный ответ: {"events_received":1,"messages":[],"fbtrace_id":"A1P_amWuhb74A88nVDDmuIF"}
Успешный ответ: {"events_received":1,"messages":[],"fbtrace_id":"A8DM-45RyCNwJu23uYxWGp0"}
Успешный ответ: {"events_received":1,"messages":[],"fbtrace_id":"Az-57iOFGWWzwGu0jo_Yrlo"}
Успешный ответ: {"events_received":1,"messages":[],"fbtrace_id":"Aj7KNSH3OjGclE8Ab7zARf8"}
Успешный ответ: {"events_received":1,"messages":[],"fbtrace_id":"AmTswgWSpj6WK2V01KhO0aK"}
Успешный ответ: {"events_received":1,"messages":[],"fbtrace_id":"AhSh4Q6_wv0kKnw3FNMvq4c"}
Успешный ответ: {"events_received":1,"messages":[],"fbtrace_id":"AqnVwjKJ72ioCt2ntd1q7Wu"}
Успешный ответ: {"events_received":1,"messages":[],"fbtrace_id":"AnsE_FzuCi3eHRYdk1l0kFA"}
Успешный ответ: {"events_received":1,"messages":[],"fbtrace_id":"AwWGGuHwzG-r_z3KdD_Cgts"}
Успешный ответ: {"events_received":1,"messages":[],"fbtrace_id":"A79dTXiScXceb7YX037vBET"}
Успешный ответ: {"events_received":1,"messages":[],"fbtrace_id":"ANkEw6K-npeK_nxSWW98_M0"}
Успешный ответ: {"events_received":1,"messages":[],"fbtrace_id":"AAcv_EU-QLCMEAvGvYlMPbm"}
Успешный ответ: {"events_received":1,"messages":[],"fbtrace_id":"A93gHfU1UaZ9v8PuGusWNZJ"}
Успешный ответ: {"events_received":1,"messages":[],"fbtrace_id":"AK8YSzLtgNq9hR7XoWluUyZ"}
Успешный ответ: {"events_received":1,"messages":[],"fbtrace_id":"A7G3mURKv9ud8ZpRJtvl1KU"}
Успешный ответ: {"events_received":1,"messages":[],"fbtrace_id":"A3R93Y10OR34BR7dhm6oPbO"}
Успешный ответ: {"events_received":1,"messages":[],"fbtrace_id":"AFYuUPGjBgymWU24G5Q9OHn"}
Успешный ответ: {"events_received":1,"messages":[],"fbtrace_id":"AzfmQrNN_EvLc6RJPv05fhO"}
Успешный ответ: {"events_received":1,"messages":[],"fbtrace_id":"ANiFxkqi_8UZB-jO54HwWis"}
Успешный ответ: {"events_received":1,"messages":[],"fbtrace_id":"AfJ5YSTyxczizuF2e6YnjLr"}
Успешный ответ: {"events_received":1,"messages":[],"fbtrace_id":"AFHn1-6DSMbfF99PYlZU3YV"}
Успешный ответ: {"events_received":1,"messages":[],"fbtrace_id":"AMzC2a65wdvSMOu_FhHZjSo"}
Успешный ответ: {"events_received":1,"messages":[],"fbtrace_id":"AIn0lLQkPupkGsaClZOir2y"}
Успешный ответ: {"events_received":1,"messages":[],"fbtrace_id":"AW896OJ8AWULe3aKspNvIZ8"}
Успешный ответ: {"events_received":1,"messages":[],"fbtrace_id":"A7pp-AaoEzkWMMHdZXj40Q-"}
Успешный ответ: {"events_received":1,"messages":[],"fbtrace_id":"AGZQAB9fhWcKLay7wQ5_2IC"}
Успешный ответ: {"events_received":1,"messages":[],"fbtrace_id":"Ac-TKUqY0tznHxlNuxUdeBX"}
Успешный ответ: {"events_received":1,"messages":[],"fbtrace_id":"ADAUhV_0ztVd6XDZq_CRqDS"}
Успешный ответ: {"events_received":1,"messages":[],"fbtrace_id":"ArQ0dWIZ-J6phBzgu6k-BvC"}
Успешный ответ: {"events_received":1,"messages":[],"fbtrace_id":"AsHqWTl2V9i0faJU5gL0e-Q"}
Успешный ответ: {"events_received":1,"messages":[],"fbtrace_id":"A9F1qTdehB_9yDkeNOWrzU7"}
Успешный ответ: {"events_received":1,"messages":[],"fbtrace_id":"AD1Ll9rIl75xElHZLMSIg1H"}
Успешный ответ: {"events_received":1,"messages":[],"fbtrace_id":"ABwJvJogYZxm11cmHQBDdPP"}
Успешный ответ: {"events_received":1,"messages":[],"fbtrace_id":"Aj8a0w11g5pkF7smBZuTLsU"}
Успешный ответ: {"events_received":1,"messages":[],"fbtrace_id":"A-MJiXxCd_MAaV49cRJIda9"}
Успешный ответ: {"events_received":1,"messages":[],"fbtrace_id":"ANziQ2-o8P8jlgKtsSa9fcX"}
Успешный ответ: {"events_received":1,"messages":[],"fbtrace_id":"Acj1ovJ96J761QAnA1KgSNE"}
Успешный ответ: {"events_received":1,"messages":[],"fbtrace_id":"AcF8lqFy6Vf-sBJ8olAJwm8"}
Успешный ответ: {"events_received":1,"messages":[],"fbtrace_id":"AEtQtaY29GchoNh0T_waMRG"}
Успешный ответ: {"events_received":1,"messages":[],"fbtrace_id":"AcK8JDUO8UNP1rJUyoljraB"}
Успешный ответ: {"events_received":1,"messages":[],"fbtrace_id":"AWf-td4s3yxpHpfKKjtZB_Y"}
Успешный ответ: {"events_received":1,"messages":[],"fbtrace_id":"A79oKvYFc-DC91mxRWZR3K_"}
Успешный ответ: {"events_received":1,"messages":[],"fbtrace_id":"Ayr7H5W1eYsQT1V7LiGhisk"}
Успешный ответ: {"events_received":1,"messages":[],"fbtrace_id":"AOfmFoon6yPRFcYwQnY0g3k"}
Успешный ответ: {"events_received":1,"messages":[],"fbtrace_id":"A60lrXHilsViUqYSo4A-KPW"}
Успешный ответ: {"events_received":1,"messages":[],"fbtrace_id":"A3A3a6af0TU7sBI43TKw7lk"}
Успешный ответ: {"events_received":1,"messages":[],"fbtrace_id":"AjBqYqCQNb5OF41fYumWyGI"}
Успешный ответ: {"events_received":1,"messages":[],"fbtrace_id":"AM8YJI0eFKfEcTdAhMIB_5m"}
Успешный ответ: {"events_received":1,"messages":[],"fbtrace_id":"AtdW41qjBcxpv3EPrO-gpE6"}
Успешный ответ: {"events_received":1,"messages":[],"fbtrace_id":"Am2uAA1M6qoYWjIJYOLeMn3"}
Успешный ответ: {"events_received":1,"messages":[],"fbtrace_id":"AC-HvTLTiOhvNaSsm-wi-l_"}
Успешный ответ: {"events_received":1,"messages":[],"fbtrace_id":"ANnVzBvQtSS4rzEHUZdqceO"}
Успешный ответ: {"events_received":1,"messages":[],"fbtrace_id":"AhfBCR5l6S34Blor84byaI0"}
Успешный ответ: {"events_received":1,"messages":[],"fbtrace_id":"APQrhJUMMjlpypDKEptDzJn"}
Успешный ответ: {"events_received":1,"messages":[],"fbtrace_id":"A-L-99XeDwMkK4pQp3VqJNf"}
Успешный ответ: {"events_received":1,"messages":[],"fbtrace_id":"Ao-CQ8Di4SJSjirdHeNwGVc"}
Успешный ответ: {"events_received":1,"messages":[],"fbtrace_id":"A4M0ERrX-ZkM6YnkBdyA3qA"}
Успешный ответ: {"events_received":1,"messages":[],"fbtrace_id":"AW39sNb0g76WP6UBEJJhg2h"}
Успешный ответ: {"events_received":1,"messages":[],"fbtrace_id":"AMYUFCSl7KKJ20ONcc0_K04"}
Успешный ответ: {"events_received":1,"messages":[],"fbtrace_id":"AWMkHNo19UVddQJMIHCEPQB"}
Успешный ответ: {"events_received":1,"messages":[],"fbtrace_id":"AhHP-7_1dKCgX8QdfzrkU8S"}
Успешный ответ: {"events_received":1,"messages":[],"fbtrace_id":"AHALuYIZGwhjGxBymKyQAeL"}
Успешный ответ: {"events_received":1,"messages":[],"fbtrace_id":"As0evg-pXVTCkp57Zw7wf9T"}
Успешный ответ: {"events_received":1,"messages":[],"fbtrace_id":"AHkKQ9o1VASpZISGDZJzqyB"}
Успешный ответ: {"events_received":1,"messages":[],"fbtrace_id":"A9g1PMjvX2r_64_QMgSKCu9"}
Успешный ответ: {"events_received":1,"messages":[],"fbtrace_id":"AyP_pbr8HsocUN0KoF7I8nP"}
Успешный ответ: {"events_received":1,"messages":[],"fbtrace_id":"AKlXF_jG9-E_R_rA3iF7Kxu"}
Успешный ответ: {"events_received":1,"messages":[],"fbtrace_id":"Atk9PbDHtxy58x3sUIxy9Ks"}
Успешный ответ: {"events_received":1,"messages":[],"fbtrace_id":"Ajfe47NUF5S1eSnUhrXj1s2"}
Успешный ответ: {"events_received":1,"messages":[],"fbtrace_id":"ARXufpjScreYXXiRF-NitRX"}
Успешный ответ: {"events_received":1,"messages":[],"fbtrace_id":"Adp5y7gcuwSe3i2ZEOy3xij"}
Успешный ответ: {"events_received":1,"messages":[],"fbtrace_id":"ANU3H_yiEX0KZujFuFz-NU5"}
Успешный ответ: {"events_received":1,"messages":[],"fbtrace_id":"Ae36Lyj9Wt76PP8EKD6njl9"}
Успешный ответ: {"events_received":1,"messages":[],"fbtrace_id":"Apzt0siJWYbGK3U9MhGWhBN"}
Успешный ответ: {"events_received":1,"messages":[],"fbtrace_id":"A-NiDmRk8eSRDWtV7EuuNBd"}
Успешный ответ: {"events_received":1,"messages":[],"fbtrace_id":"AdW3khlZdZgw31Gs4G76kik"}
Успешный ответ: {"events_received":1,"messages":[],"fbtrace_id":"AWq36OQFBhf87KW4l1Pish6"}
Успешный ответ: {"events_received":1,"messages":[],"fbtrace_id":"A1en1xsFPGz91mzqS8Aams_"}
Успешный ответ: {"events_received":1,"messages":[],"fbtrace_id":"AnNDy2mDNTTOpoxpM5zt16X"}
Успешный ответ: {"events_received":1,"messages":[],"fbtrace_id":"AOK75xffW8KU8PRLR4_IJB8"}
Успешный ответ: {"events_received":1,"messages":[],"fbtrace_id":"AZJRLIR4bDnB7YANCr3WR-8"}
Успешный ответ: {"events_received":1,"messages":[],"fbtrace_id":"AU8cYDoI28Y5xCD-T3kbyAV"}
Успешный ответ: {"events_received":1,"messages":[],"fbtrace_id":"AJMZNzOmwIMnzrFltG5GETv"}
Успешный ответ: {"events_received":1,"messages":[],"fbtrace_id":"A4rq6lIbew4WR352JOzg37p"}
Успешный ответ: {"events_received":1,"messages":[],"fbtrace_id":"AeI5pEHvHUt4pV8I2EbEtg-"}
Успешный ответ: {"events_received":1,"messages":[],"fbtrace_id":"AWtSVUc70ZiGdAZPRSiWurp"}
Успешный ответ: {"events_received":1,"messages":[],"fbtrace_id":"AYEuOhjDo9T_87OODMTuR9A"}
Успешный ответ: {"events_received":1,"messages":[],"fbtrace_id":"AWwMRHPEMLQeFgGZoLlf92z"}
Успешный ответ: {"events_received":1,"messages":[],"fbtrace_id":"AiFVEBFYi2ixEg6G4Rem6A2"}
Успешный ответ: {"events_received":1,"messages":[],"fbtrace_id":"AkLmpXuJrU8fyUBfdxL2Fdo"}
Успешный ответ: {"events_received":1,"messages":[],"fbtrace_id":"AlbsdjYZQXDFTCBWaPZSj2N"}
Успешный ответ: {"events_received":1,"messages":[],"fbtrace_id":"A8Ylbx2mpDDC1wQpFZeyZQ6"}
Успешный ответ: {"events_received":1,"messages":[],"fbtrace_id":"AwkpBG1I2xjr5OFkDwBKLv3"}
Успешный ответ: {"events_received":1,"messages":[],"fbtrace_id":"AIVL3sL80JTA-woFCaZshsC"}
Успешный ответ: {"events_received":1,"messages":[],"fbtrace_id":"AU22KcTP4RfEc5R5dAppIoV"}
Успешный ответ: {"events_received":1,"messages":[],"fbtrace_id":"AlDqx9wStEcTWDgw5bqyrap"}
Успешный ответ: {"events_received":1,"messages":[],"fbtrace_id":"Af-mNbJ1VMtjRk2fZY9OMZ1"}
Успешный ответ: {"events_received":1,"messages":[],"fbtrace_id":"AjHKdXDKdDkrYHhJcskn9K_"}
Успешный ответ: {"events_received":1,"messages":[],"fbtrace_id":"AlLOzw4ywppLbj-ONkXOPSp"}
Успешный ответ: {"events_received":1,"messages":[],"fbtrace_id":"AUe-cjQ6ovxCbyp8AqN9NY3"}
Успешный ответ: {"events_received":1,"messages":[],"fbtrace_id":"AZveifxN3Sfbsf3RoTilz85"}
Успешный ответ: {"events_received":1,"messages":[],"fbtrace_id":"AuRCOaKIdEqStKTVr-dtP1h"}
Успешный ответ: {"events_received":1,"messages":[],"fbtrace_id":"AS9wsOEI_jvBD9v9juOKGxq"}
Успешный ответ: {"events_received":1,"messages":[],"fbtrace_id":"A6bKxFjtiUFTaJr7nv2th9R"}
Успешный ответ: {"events_received":1,"messages":[],"fbtrace_id":"AgyjV_aAxraTQr3dRuvQlZz"}
Успешный ответ: {"events_received":1,"messages":[],"fbtrace_id":"AoSkO1B9MDS_DJoXR54RDq-"}
Успешный ответ: {"events_received":1,"messages":[],"fbtrace_id":"ArGZXuVJVI0RSNP6avaN9AE"}
Успешный ответ: {"events_received":1,"messages":[],"fbtrace_id":"A9n59AraCB1e7vg0BTveo6P"}
Успешный ответ: {"events_received":1,"messages":[],"fbtrace_id":"A7AzdjaWLenHHsSyHQQJyOt"}
Успешный ответ: {"events_received":1,"messages":[],"fbtrace_id":"Aw6-shUy2uj925xDbFF93fK"}
Успешный ответ: {"events_received":1,"messages":[],"fbtrace_id":"AixPM5L871ToJihuttLhsfJ"}
Успешный ответ: {"events_received":1,"messages":[],"fbtrace_id":"Aw5nVG8turhPLBlYFJu5QWl"}
Успешный ответ: {"events_received":1,"messages":[],"fbtrace_id":"AKWy11xXQ_jS9v_aiGqmCMP"}
Успешный ответ: {"events_received":1,"messages":[],"fbtrace_id":"AXAiErDFkp-inTYBtyp6p1C"}
Успешный ответ: {"events_received":1,"messages":[],"fbtrace_id":"AhCw_Qr_P8eegDkNy8GvgSf"}
Успешный ответ: {"events_received":1,"messages":[],"fbtrace_id":"AT0ij4yLhtxjAfUyAvMQ518"}
Успешный ответ: {"events_received":1,"messages":[],"fbtrace_id":"AQyJA6Dkan200tJ_zG1x0re"}
Успешный ответ: {"events_received":1,"messages":[],"fbtrace_id":"AgFcW978QK0feRdOcRn0_K4"}
Успешный ответ: {"events_received":1,"messages":[],"fbtrace_id":"A00mCHqPDoRcl6Bq3SKRpRq"}
Успешный ответ: {"events_received":1,"messages":[],"fbtrace_id":"AB5oyKGKoObf5uVezanpYRu"}
Успешный ответ: {"events_received":1,"messages":[],"fbtrace_id":"AN7BqEx8YUy26sWuQYX6-c7"}
Успешный ответ: {"events_received":1,"messages":[],"fbtrace_id":"Azn6h2QzOMsJWL-gqCjXuJT"}
Успешный ответ: {"events_received":1,"messages":[],"fbtrace_id":"AtrEsyFplsBj6COfa8IY1Zz"}
Успешный ответ: {"events_received":1,"messages":[],"fbtrace_id":"AFub6nQldnzEoUC6MBxb7md"}
Успешный ответ: {"events_received":1,"messages":[],"fbtrace_id":"ATOVoNxqbSBW7xSsQATK0pn"}
Успешный ответ: {"events_received":1,"messages":[],"fbtrace_id":"AXp8lov5MZ94vUfUfrsmr1B"}
Успешный ответ: {"events_received":1,"messages":[],"fbtrace_id":"AwvVwtQjkezsCMYPdYof6Lt"}
Успешный ответ: {"events_received":1,"messages":[],"fbtrace_id":"A6ac4GEmATEjYc9e50kvur-"}
Успешный ответ: {"events_received":1,"messages":[],"fbtrace_id":"AXgkBEpH6TVmScOu9gLgNic"}
Успешный ответ: {"events_received":1,"messages":[],"fbtrace_id":"AxfUQ5MKPDKWhNioomQ72d2"}
Успешный ответ: {"events_received":1,"messages":[],"fbtrace_id":"AQ5AcmYAODCvpxMUQbd1m3w"}
Успешный ответ: {"events_received":1,"messages":[],"fbtrace_id":"AE2NnAPKBO__Zi_rCShuzUd"}
Успешный ответ: {"events_received":1,"messages":[],"fbtrace_id":"Afx9lBeY0Ls7MtfAnqfnQT9"}
Успешный ответ: {"events_received":1,"messages":[],"fbtrace_id":"AnoNw5rlW_YjW-fKU3T9q67"}
Успешный ответ: {"events_received":1,"messages":[],"fbtrace_id":"AZwgxU3oDOd0Doxp7exOkw7"}
Успешный ответ: {"events_received":1,"messages":[],"fbtrace_id":"ACFneSqZpyvH7I6OhrbVIXp"}
Успешный ответ: {"events_received":1,"messages":[],"fbtrace_id":"AMFlfJmy14cVsq_hosuaRSV"}
Успешный ответ: {"events_received":1,"messages":[],"fbtrace_id":"AagZVUhAMHjvkmp_UDNtcyx"}
Успешный ответ: {"events_received":1,"messages":[],"fbtrace_id":"A2I898ultELOql1IlhyRxw2"}
Успешный ответ: {"events_received":1,"messages":[],"fbtrace_id":"A4gxYWjn81ON-8_SOpsf6e4"}
Успешный ответ: {"events_received":1,"messages":[],"fbtrace_id":"A79JYZrbnhDQl5dqTXUqNEX"}
Успешный ответ: {"events_received":1,"messages":[],"fbtrace_id":"AOPGqph3oU0UlPQ_EM_eya_"}
Успешный ответ: {"events_received":1,"messages":[],"fbtrace_id":"A2O2jORCUc6iPYdxVZjn6U3"}
Успешный ответ: {"events_received":1,"messages":[],"fbtrace_id":"AFPvNTMGyJ_yqeGz8-_UM2a"}
Успешный ответ: {"events_received":1,"messages":[],"fbtrace_id":"AMNaHfi8Q4VIu1Ye4mT6krZ"}
Успешный ответ: {"events_received":1,"messages":[],"fbtrace_id":"AU73IyA-zkl7sOEjCC1izx6"}
Успешный ответ: {"events_received":1,"messages":[],"fbtrace_id":"A7ZWHK8D6AdVzEPbDoNIejv"}
Успешный ответ: {"events_received":1,"messages":[],"fbtrace_id":"Aonhk9fqp8U9Y9kbhSqjS_o"}
Успешный ответ: {"events_received":1,"messages":[],"fbtrace_id":"AtkifVk0I7qCZ1ZEDacOyxV"}
Успешный ответ: {"events_received":1,"messages":[],"fbtrace_id":"ASR52vvsLP4ETgyCx75mJ2g"}
Успешный ответ: {"events_received":1,"messages":[],"fbtrace_id":"An_zDXlhCwHewOLjwx1CQ9j"}
Успешный ответ: {"events_received":1,"messages":[],"fbtrace_id":"AKEyrl9fN_2D6th9tBQ0T1x"}
Успешный ответ: {"events_received":1,"messages":[],"fbtrace_id":"ArHg0UBea8C0_9G7_YHDNeo"}
Успешный ответ: {"events_received":1,"messages":[],"fbtrace_id":"AQLUNphE6JssigcIDW6IDau"}
Успешный ответ: {"events_received":1,"messages":[],"fbtrace_id":"ACXxQw49LgAXPkeniTbePE9"}
Успешный ответ: {"events_received":1,"messages":[],"fbtrace_id":"AItE_f50ogUlRd2bs6sdZD8"}
Успешный ответ: {"events_received":1,"messages":[],"fbtrace_id":"AzIza9zuxsE1V4_Ubq3G_tS"}
Успешный ответ: {"events_received":1,"messages":[],"fbtrace_id":"AILZsbD3RYmY7SefbERKa4B"}
Успешный ответ: {"events_received":1,"messages":[],"fbtrace_id":"AjxJ7xg8846EjWnzAthva6j"}
Успешный ответ: {"events_received":1,"messages":[],"fbtrace_id":"AsBiBM_tWvk52JXid2pe6XN"}
Успешный ответ: {"events_received":1,"messages":[],"fbtrace_id":"AovHJ85H6pDkXJWdkXUBG68"}
Успешный ответ: {"events_received":1,"messages":[],"fbtrace_id":"AohePW2oeAhE7bsOYlVJ4WG"}
Успешный ответ: {"events_received":1,"messages":[],"fbtrace_id":"AnbwaD1vJGEMroFniW3aoy_"}
Успешный ответ: {"events_received":1,"messages":[],"fbtrace_id":"AhyIZXI1U2N1TLhzo35QtE6"}
Успешный ответ: {"events_received":1,"messages":[],"fbtrace_id":"A99mJ1kzjS-79zXQ_oy67Vq"}
Успешный ответ: {"events_received":1,"messages":[],"fbtrace_id":"AC3lsvcclfvdLXbdKOfIyUs"}
Успешный ответ: {"events_received":1,"messages":[],"fbtrace_id":"AoGrcSUbqST0TqYGqu0371o"}
Успешный ответ: {"events_received":1,"messages":[],"fbtrace_id":"APsTzSm_QBhnhGKCbCbN8La"}
Успешный ответ: {"events_received":1,"messages":[],"fbtrace_id":"Ab1UwakLxLw2_jMb54NtYYR"}
Успешный ответ: {"events_received":1,"messages":[],"fbtrace_id":"AcPQ4vg9YR59_5a8-zTjwHn"}
Успешный ответ: {"events_received":1,"messages":[],"fbtrace_id":"AAbLsxIlYQori2xcQok_XSF"}
Успешный ответ: {"events_received":1,"messages":[],"fbtrace_id":"AX_oPEU_luR3KzkVJQIpISg"}
Успешный ответ: {"events_received":1,"messages":[],"fbtrace_id":"A45DLEdndLlV1nZejy3vpEG"}
Успешный ответ: {"events_received":1,"messages":[],"fbtrace_id":"AxLJ_RTF0KfSvU4QITuAjs1"}
Успешный ответ: {"events_received":1,"messages":[],"fbtrace_id":"A6GQlMGXvSXjsz8wojaIrFZ"}
Успешный ответ: {"events_received":1,"messages":[],"fbtrace_id":"AkAIBrOujKcobPkPOMhsqtA"}
Успешный ответ: {"events_received":1,"messages":[],"fbtrace_id":"AmzUv-nZb6FIdHF38btJx4h"}
Успешный ответ: {"events_received":1,"messages":[],"fbtrace_id":"Ab74TfYhJJvMcbG0mT_jOHJ"}
Успешный ответ: {"events_received":1,"messages":[],"fbtrace_id":"AD4089IRdh447gFl2hN6pep"}
Успешный ответ: {"events_received":1,"messages":[],"fbtrace_id":"ACHE5HAR4x8XXxydLms8GfD"}
Успешный ответ: {"events_received":1,"messages":[],"fbtrace_id":"AnmIaLcfSDB4QuhJZzFUEr6"}
Успешный ответ: {"events_received":1,"messages":[],"fbtrace_id":"AyPBZv4ELy4Quj-OS0Wy2Nj"}
Успешный ответ: {"events_received":1,"messages":[],"fbtrace_id":"Ahaex1X6yj_L08xpXML6hWQ"}
Успешный ответ: {"events_received":1,"messages":[],"fbtrace_id":"AgcNPe3u8Ie5VKKApb-fcMe"}
Успешный ответ: {"events_received":1,"messages":[],"fbtrace_id":"AezLsroi3rirWUFXV98nIF0"}
Успешный ответ: {"events_received":1,"messages":[],"fbtrace_id":"A3cm-1iPhER_oV8MUpxdVBM"}
Успешный ответ: {"events_received":1,"messages":[],"fbtrace_id":"ASeFnQ_w-prN4MzQ9ThhPXF"}
Успешный ответ: {"events_received":1,"messages":[],"fbtrace_id":"Afw0_nZsnNZ01Lo_k_dU2S8"}
Успешный ответ: {"events_received":1,"messages":[],"fbtrace_id":"AvjpKnaGN6hc55-cuWbBisr"}
Успешный ответ: {"events_received":1,"messages":[],"fbtrace_id":"AsEiuGoBV52fnQlegbXdcvs"}
Успешный ответ: {"events_received":1,"messages":[],"fbtrace_id":"AsK2HvkfP0rKgp5McZASnus"}
Успешный ответ: {"events_received":1,"messages":[],"fbtrace_id":"AZKz5wVXLlQrZptR3bSoqJ6"}
Успешный ответ: {"events_received":1,"messages":[],"fbtrace_id":"AYz2qrEYCZi7te97SL_-TFn"}
Успешный ответ: {"events_received":1,"messages":[],"fbtrace_id":"AIWEnduD2ZBweFECrLaqVJV"}
Успешный ответ: {"events_received":1,"messages":[],"fbtrace_id":"AqRa8gxILhllr_vZmwagUbU"}
Успешный ответ: {"events_received":1,"messages":[],"fbtrace_id":"A3QQ77I1gqgz9BQeeUhl_mB"}
Успешный ответ: {"events_received":1,"messages":[],"fbtrace_id":"AiAGO2zQQ8CeulAvGmuouyP"}
Успешный ответ: {"events_received":1,"messages":[],"fbtrace_id":"ANqFcJjFprszY4kYzVB0BD9"}
Успешный ответ: {"events_received":1,"messages":[],"fbtrace_id":"AVqEBUfy3BHwYq22gKyo6ip"}
Успешный ответ: {"events_received":1,"messages":[],"fbtrace_id":"Ao1eD417jCOtxtRU-tqsezf"}
Успешный ответ: {"events_received":1,"messages":[],"fbtrace_id":"AsM6qKNF8GaOya1tTRS5npg"}
Успешный ответ: {"events_received":1,"messages":[],"fbtrace_id":"AT-gKwAo9ipSJECke_claSr"}
Успешный ответ: {"events_received":1,"messages":[],"fbtrace_id":"AYtpge-Jy6k52l_uPC0q7TJ"}
Успешный ответ: {"events_received":1,"messages":[],"fbtrace_id":"AGB23i8jBdr1-qRuDb2ZGkd"}
Успешный ответ: {"events_received":1,"messages":[],"fbtrace_id":"AzATAjebJO7HWBKolMmcsll"}
Успешный ответ: {"events_received":1,"messages":[],"fbtrace_id":"ATD2MgsXFVoPJLDXqUGc8wa"}
Успешный ответ: {"events_received":1,"messages":[],"fbtrace_id":"AX2FQDfxu3dIyaRTeEmiuQU"}
Успешный ответ: {"events_received":1,"messages":[],"fbtrace_id":"AmU4XHs2Onhc_Rm2IcqIOtB"}
Успешный ответ: {"events_received":1,"messages":[],"fbtrace_id":"AWc2vCHb3BEKjyWiQgJhd4E"}
Успешный ответ: {"events_received":1,"messages":[],"fbtrace_id":"AgMnU069GJAqPabzlMIPoN9"}
Успешный ответ: {"events_received":1,"messages":[],"fbtrace_id":"Azv5pm8KkXYk7rp2DCDM0TL"}
Успешный ответ: {"events_received":1,"messages":[],"fbtrace_id":"As9UUMEus45GKiN0kxKHPFN"}
Успешный ответ: {"events_received":1,"messages":[],"fbtrace_id":"AzTm8x47Sw4gzpl2EMnaVWO"}
Успешный ответ: {"events_received":1,"messages":[],"fbtrace_id":"A029mvwlhQ4R8PMGjQkujPx"}
Успешный ответ: {"events_received":1,"messages":[],"fbtrace_id":"AQpegHnjU1jXGK6x_LI5Cty"}
Успешный ответ: {"events_received":1,"messages":[],"fbtrace_id":"AsPGtLMr1DZh8BzDnv3Zb5S"}
Успешный ответ: {"events_received":1,"messages":[],"fbtrace_id":"ASZutHTA2m99qv8XhprzYQ4"}
Успешный ответ: {"events_received":1,"messages":[],"fbtrace_id":"A4UIArXvp4_zunPQAY8XAmS"}
Успешный ответ: {"events_received":1,"messages":[],"fbtrace_id":"Aha_BxLm9xc1DSBifZrYarC"}
Успешный ответ: {"events_received":1,"messages":[],"fbtrace_id":"ACT3xjaS8gI4abrBtvabBi-"}
Успешный ответ: {"events_received":1,"messages":[],"fbtrace_id":"AHBopRVDEceZ5XOTJHz2s1G"}
Успешный ответ: {"events_received":1,"messages":[],"fbtrace_id":"ANsZKPVSWb789LLUHCBpHBK"}
Успешный ответ: {"events_received":1,"messages":[],"fbtrace_id":"ASpPy0gzlbhbvvmtf-CDq11"}
Успешный ответ: {"events_received":1,"messages":[],"fbtrace_id":"Az4DtaWIP4WzxEVJVLWRH6E"}
Успешный ответ: {"events_received":1,"messages":[],"fbtrace_id":"A24qOsaRduU9oFnJY0wUzmn"}
Успешный ответ: {"events_received":1,"messages":[],"fbtrace_id":"Aq05HYOfhTwI9A0M3XOsC7u"}
Успешный ответ: {"events_received":1,"messages":[],"fbtrace_id":"Alw8Qg5hPPzC5KFWttCs3U7"}
Успешный ответ: {"events_received":1,"messages":[],"fbtrace_id":"ArOYmh4N9mg8MIAWUDz24Wf"}
Успешный ответ: {"events_received":1,"messages":[],"fbtrace_id":"Alos2u8pAUAH9q-QkeKXWAE"}
Успешный ответ: {"events_received":1,"messages":[],"fbtrace_id":"Asvq5CThAOvD5ZAhVEnWx00"}
Успешный ответ: {"events_received":1,"messages":[],"fbtrace_id":"Awe1KWqWtH_jYV0QPWH2fXg"}
Успешный ответ: {"events_received":1,"messages":[],"fbtrace_id":"Au11xUcHz15wvkzk4ezeWmS"}
Успешный ответ: {"events_received":1,"messages":[],"fbtrace_id":"AiRMuLKnThxx2E5xU8kq9hB"}
Успешный ответ: {"events_received":1,"messages":[],"fbtrace_id":"AGCbNS-1ddVcLbFRZCQVLv6"}
Успешный ответ: {"events_received":1,"messages":[],"fbtrace_id":"AEpJw5S1vcBvAcAwqdZ1HeT"}
Успешный ответ: {"events_received":1,"messages":[],"fbtrace_id":"AcuF1mgcf5rMuqeewI4nzmF"}
Успешный ответ: {"events_received":1,"messages":[],"fbtrace_id":"AfHImOrTqxFBb-vdoRLWBnj"}
Успешный ответ: {"events_received":1,"messages":[],"fbtrace_id":"AJd9_C6oeb7ssR4jwt3eWxO"}
Успешный ответ: {"events_received":1,"messages":[],"fbtrace_id":"AUh5QFKGS0F6OyCHpQbcyOb"}
Успешный ответ: {"events_received":1,"messages":[],"fbtrace_id":"AkOq5fUOXptrbbxsJ3CkcwW"}
Успешный ответ: {"events_received":1,"messages":[],"fbtrace_id":"ApBaLr2PrTEygFB4R5hIpLN"}
Успешный ответ: {"events_received":1,"messages":[],"fbtrace_id":"AYQfGfxkaNXoiG0VcGFYcX6"}
Успешный ответ: {"events_received":1,"messages":[],"fbtrace_id":"AKhRo53ADzclFyy_x_m5fqN"}
Успешный ответ: {"events_received":1,"messages":[],"fbtrace_id":"ARidJ-G_-pafm_-h6Cu9aJt"}
Успешный ответ: {"events_received":1,"messages":[],"fbtrace_id":"AfT-04KXlv9HN5CJDQYbSz_"}
Успешный ответ: {"events_received":1,"messages":[],"fbtrace_id":"AWkjViY3WZFjin82of4mi6Y"}
Успешный ответ: {"events_received":1,"messages":[],"fbtrace_id":"AR3_u6rJ8yf4JFoffSfRtFN"}
Успешный ответ: {"events_received":1,"messages":[],"fbtrace_id":"Apuf_QRg05RGABIhcopo2ui"}
Успешный ответ: {"events_received":1,"messages":[],"fbtrace_id":"ARtP9EuQrz2oDGeXzo-2u35"}
Успешный ответ: {"events_received":1,"messages":[],"fbtrace_id":"AIav0PLbKJfw_6H3lqG8GrX"}
Успешный ответ: {"events_received":1,"messages":[],"fbtrace_id":"AMb5J7WtZFMjGDxoJSI8TpM"}
Успешный ответ: {"events_received":1,"messages":[],"fbtrace_id":"A5c9da3R-_JNZ0M89olGbBr"}
Успешный ответ: {"events_received":1,"messages":[],"fbtrace_id":"AJDO553AtslTIm09FoANUla"}
Успешный ответ: {"events_received":1,"messages":[],"fbtrace_id":"AO6mHNxMIMczwSoKm378cju"}
Успешный ответ: {"events_received":1,"messages":[],"fbtrace_id":"AjkjZi2kbrGXegdjPNr3sMx"}
Успешный ответ: {"events_received":1,"messages":[],"fbtrace_id":"A-GaEynpm3zrYFaG2c28tLC"}
Успешный ответ: {"events_received":1,"messages":[],"fbtrace_id":"A5cxZIdiRiULScRAwj-k5rf"}
Успешный ответ: {"events_received":1,"messages":[],"fbtrace_id":"AqCu9C-55QEbGsAhYMN05gm"}
Успешный ответ: {"events_received":1,"messages":[],"fbtrace_id":"AJmfyc8JIzrZP6T7uxbvptI"}
Успешный ответ: {"events_received":1,"messages":[],"fbtrace_id":"AOq4p74xlOy9uJb7JRyoG7-"}
Успешный ответ: {"events_received":1,"messages":[],"fbtrace_id":"AeavlXEqvcoZ7CBWpKFG8cF"}
Успешный ответ: {"events_received":1,"messages":[],"fbtrace_id":"AeO575F7ksPN-IWTi567UkZ"}
Успешный ответ: {"events_received":1,"messages":[],"fbtrace_id":"AY1tmvClvSsz19_hGTHWZuO"}
Успешный ответ: {"events_received":1,"messages":[],"fbtrace_id":"A49C0RBMYckTC7Z6jk7NdsH"}
Успешный ответ: {"events_received":1,"messages":[],"fbtrace_id":"A74Ot7eEa-ecFujffGKek_Y"}
Успешный ответ: {"events_received":1,"messages":[],"fbtrace_id":"AEd4JgXz4sVulINHAtmaEB-"}
Успешный ответ: {"events_received":1,"messages":[],"fbtrace_id":"A3LHGfj2-YV4VC-eu1lhmi3"}
Успешный ответ: {"events_received":1,"messages":[],"fbtrace_id":"AC6wDadM0C_21jP-LhfuWMR"}
Успешный ответ: {"events_received":1,"messages":[],"fbtrace_id":"ADTxX-w63nYnjZ63Z_iEcMq"}
Успешный ответ: {"events_received":1,"messages":[],"fbtrace_id":"A13F706J1ZKnKaP3Im0yyew"}
Успешный ответ: {"events_received":1,"messages":[],"fbtrace_id":"ABRLdpvsJlX89Q-XFcDG3L8"}
Успешный ответ: {"events_received":1,"messages":[],"fbtrace_id":"A-78DXRdm9pGnXmEnmKdbgy"}
Успешный ответ: {"events_received":1,"messages":[],"fbtrace_id":"AxNmV3oUjPS2ZHltwvdJZ_d"}
Успешный ответ: {"events_received":1,"messages":[],"fbtrace_id":"A199pJjidx57OjG2hjX5Lk0"}
Успешный ответ: {"events_received":1,"messages":[],"fbtrace_id":"AVlucUzkAtHEyJZR_PAD-5X"}
Успешный ответ: {"events_received":1,"messages":[],"fbtrace_id":"AT6ST4kJhA54C_y5CbJmIp2"}
Успешный ответ: {"events_received":1,"messages":[],"fbtrace_id":"A1eGiOSOQbeRzEqSQnsv7Qv"}
Успешный ответ: {"events_received":1,"messages":[],"fbtrace_id":"A7zQ6RopCfktecbu4pKH9nk"}
Успешный ответ: {"events_received":1,"messages":[],"fbtrace_id":"Ag8aKoWmoz1h_a-AgqMqIVz"}
Успешный ответ: {"events_received":1,"messages":[],"fbtrace_id":"AlcFW_W9ObdEGz7qwKJkdGG"}
Успешный ответ: {"events_received":1,"messages":[],"fbtrace_id":"AnWdgTilB2UYYcwy1vhv1fr"}
Успешный ответ: {"events_received":1,"messages":[],"fbtrace_id":"AQDu7qYQR-kIlpMwzF0dvk4"}
Успешный ответ: {"events_received":1,"messages":[],"fbtrace_id":"AXTCd5qiOWRp_rz5opku2h6"}
Успешный ответ: {"events_received":1,"messages":[],"fbtrace_id":"AA2seFyv-f5CnDt-swKVWJa"}
Успешный ответ: {"events_received":1,"messages":[],"fbtrace_id":"AWoxd5IJJ0ITZh9NNLWqaTT"}
Успешный ответ: {"events_received":1,"messages":[],"fbtrace_id":"A0yXltSwHRDhQReKeD04ZJI"}
Успешный ответ: {"events_received":1,"messages":[],"fbtrace_id":"AVOTKnGuIxfTSZ8ASy-QsMH"}
Успешный ответ: {"events_received":1,"messages":[],"fbtrace_id":"AwHNGaA2G884YgeSIQuE-Eg"}
Успешный ответ: {"events_received":1,"messages":[],"fbtrace_id":"AYK9M_k3UL0yn7Ds9kvX-ZK"}
Успешный ответ: {"events_received":1,"messages":[],"fbtrace_id":"AcYqYbuXpYWuiWqJDyOnmNT"}
Успешный ответ: {"events_received":1,"messages":[],"fbtrace_id":"AC6TG7zZwEqkiAjjjxZYEG6"}
Успешный ответ: {"events_received":1,"messages":[],"fbtrace_id":"Ab8wjlsmd-Pul1LEqgr79eR"}
Успешный ответ: {"events_received":1,"messages":[],"fbtrace_id":"A9PgIsI2j5DnkCTYniRqa0R"}
Успешный ответ: {"events_received":1,"messages":[],"fbtrace_id":"AQDbFCLkwFZK9NbOCyYfBJZ"}
Успешный ответ: {"events_received":1,"messages":[],"fbtrace_id":"AO4M1EP2ibHz5Ru4ukJ0mUb"}
Успешный ответ: {"events_received":1,"messages":[],"fbtrace_id":"AJ9itUQGhVd1PNCOsqMHS-U"}
Успешный ответ: {"events_received":1,"messages":[],"fbtrace_id":"A3ZjlL7BQsAty0aoKxnBvka"}
Успешный ответ: {"events_received":1,"messages":[],"fbtrace_id":"A-c6Us7zaLNXQkarz0D4gvZ"}
Успешный ответ: {"events_received":1,"messages":[],"fbtrace_id":"AUaayUpaKEsaYsnQingG_kw"}
Успешный ответ: {"events_received":1,"messages":[],"fbtrace_id":"A8fGi2_2SJ_Y0mwNhfPdPt8"}
Успешный ответ: {"events_received":1,"messages":[],"fbtrace_id":"AAvoNeCNH7urQGGpkuWSTsv"}
Успешный ответ: {"events_received":1,"messages":[],"fbtrace_id":"A1t5QKnMLdtaaGmCjkU_BUo"}
Успешный ответ: {"events_received":1,"messages":[],"fbtrace_id":"AZL06IHaPNmrK-TnR-4zxt6"}
Успешный ответ: {"events_received":1,"messages":[],"fbtrace_id":"AfjjJO4dgbpVbl492xVn8It"}
Успешный ответ: {"events_received":1,"messages":[],"fbtrace_id":"AcpLRUT3B4pKxHOtrJA2Z8k"}
Успешный ответ: {"events_received":1,"messages":[],"fbtrace_id":"ArO7-1RS6ukCNPNA2QmEsa0"}
Успешный ответ: {"events_received":1,"messages":[],"fbtrace_id":"ARA1ekQVxcSZl_5QkX-Tbzw"}
Успешный ответ: {"events_received":1,"messages":[],"fbtrace_id":"AHCLbfcYlGlblAeFzSZztGG"}
Успешный ответ: {"events_received":1,"messages":[],"fbtrace_id":"AKSFpzGyKvzdQFICajol7gp"}
Успешный ответ: {"events_received":1,"messages":[],"fbtrace_id":"AFmph_1u3CD_ZPiJAzMFRbY"}
Успешный ответ: {"events_received":1,"messages":[],"fbtrace_id":"Ad8rOgCUdayp3RdXWE-tZjU"}
Успешный ответ: {"events_received":1,"messages":[],"fbtrace_id":"AarAxAT7zc70cjES5euTSwc"}
Успешный ответ: {"events_received":1,"messages":[],"fbtrace_id":"AJRnRcODs4jPOlH8XNdJQte"}
Успешный ответ: {"events_received":1,"messages":[],"fbtrace_id":"AYWXjbBDIz2egOmh2HKA-ye"}
Успешный ответ: {"events_received":1,"messages":[],"fbtrace_id":"AAjFZ33TRJrc49rs48VDQ3m"}
Успешный ответ: {"events_received":1,"messages":[],"fbtrace_id":"A9lgmzKB_MG8zV7-rHYzzm8"}
Успешный ответ: {"events_received":1,"messages":[],"fbtrace_id":"A4-P9XAKvGEjXMskSzh2FcQ"}
Успешный ответ: {"events_received":1,"messages":[],"fbtrace_id":"AaTq5IiuLuhq-h5vYfWO0Rs"}
Успешный ответ: {"events_received":1,"messages":[],"fbtrace_id":"ApLQr7sF_whrRfzpsap9KeB"}
Успешный ответ: {"events_received":1,"messages":[],"fbtrace_id":"A4c9YEJifmxKOIoG3LLQodE"}
Успешный ответ: {"events_received":1,"messages":[],"fbtrace_id":"AhKbrfOKA4RwWFl9XccHBEx"}
Успешный ответ: {"events_received":1,"messages":[],"fbtrace_id":"AXVCWYd5RLigiYBi1Qs0zAY"}
Успешный ответ: {"events_received":1,"messages":[],"fbtrace_id":"Apx6gM_cy8EQLDtFv8CpL70"}
Успешный ответ: {"events_received":1,"messages":[],"fbtrace_id":"ASnuF0tWqZFC6OHHiMNC1oJ"}
Успешный ответ: {"events_received":1,"messages":[],"fbtrace_id":"A2r6aZiQWsJKf2hb5hglBhE"}
Успешный ответ: {"events_received":1,"messages":[],"fbtrace_id":"Axwy5TrzepmWr6LOT5aLfJF"}
Успешный ответ: {"events_received":1,"messages":[],"fbtrace_id":"AbTYlmTRk5kBpLPGywFXZjG"}
Успешный ответ: {"events_received":1,"messages":[],"fbtrace_id":"A99t_ZMNIhHfzXKcwzTrfXw"}
Успешный ответ: {"events_received":1,"messages":[],"fbtrace_id":"AxX1R_kz7ySunN6R8U_xm3Y"}
Успешный ответ: {"events_received":1,"messages":[],"fbtrace_id":"AxSz_wCSuS0khA6pIqbG_V2"}
Успешный ответ: {"events_received":1,"messages":[],"fbtrace_id":"ApHoU7wn9vZJNrTqt0-V7hP"}
Успешный ответ: {"events_received":1,"messages":[],"fbtrace_id":"AWFtCUd1NnqYEHygTtHaAnf"}
Успешный ответ: {"events_received":1,"messages":[],"fbtrace_id":"AsakUAKgbCuga605WuDieH-"}
Успешный ответ: {"events_received":1,"messages":[],"fbtrace_id":"ARhHQW9RCM6Cqk1-jXu5r0f"}
Успешный ответ: {"events_received":1,"messages":[],"fbtrace_id":"AMCpPj1O_EJHzZJDpA3663K"}
Успешный ответ: {"events_received":1,"messages":[],"fbtrace_id":"AZCWxXH651-FXe-CsXfzkFD"}
Успешный ответ: {"events_received":1,"messages":[],"fbtrace_id":"AnaFUI4a14-XDGfvxOrvFPo"}
Успешный ответ: {"events_received":1,"messages":[],"fbtrace_id":"Aqf4Fx49IeIyoAh7FaKBJP9"}
Успешный ответ: {"events_received":1,"messages":[],"fbtrace_id":"Awg380rvOojRNJGIyOPfp6T"}
Успешный ответ: {"events_received":1,"messages":[],"fbtrace_id":"ADY8ph2dYpsEy7LbdOmk7ie"}
Успешный ответ: {"events_received":1,"messages":[],"fbtrace_id":"AWh7Axa86Xg3mhyhgKxxNVu"}
Успешный ответ: {"events_received":1,"messages":[],"fbtrace_id":"AAfHfgXiHivfgkQw4_DRvji"}
Успешный ответ: {"events_received":1,"messages":[],"fbtrace_id":"AKp8doNcCMB35dQW5ySLj-k"}
Успешный ответ: {"events_received":1,"messages":[],"fbtrace_id":"AOe9N1SYBjo4CZQC334dcMC"}
Успешный ответ: {"events_received":1,"messages":[],"fbtrace_id":"A-7Pp3fLIv-yJwvv9SuA_NB"}
Успешный ответ: {"events_received":1,"messages":[],"fbtrace_id":"ApyDsF27_GGMxH7YviPwE-s"}
Успешный ответ: {"events_received":1,"messages":[],"fbtrace_id":"AFw7F9ZQsanVZR__jkh6Hzs"}
Успешный ответ: {"events_received":1,"messages":[],"fbtrace_id":"A9HukhSShHX-qWpCwsWibG7"}
Успешный ответ: {"events_received":1,"messages":[],"fbtrace_id":"A1qWHkWBQn4fTWUY0X65JRa"}
Успешный ответ: {"events_received":1,"messages":[],"fbtrace_id":"AR1zfrGoLgEBj2lLmU_Q9OJ"}
Успешный ответ: {"events_received":1,"messages":[],"fbtrace_id":"AMTkMTK70kNR1CcweW9fHY6"}
Успешный ответ: {"events_received":1,"messages":[],"fbtrace_id":"Aj-3s3qgAIFzROWW88AKY-G"}
Успешный ответ: {"events_received":1,"messages":[],"fbtrace_id":"Ao3CRGYoFHQILOwAnerD0jw"}
Успешный ответ: {"events_received":1,"messages":[],"fbtrace_id":"An1WgA197WWAMFr02oER9s-"}
Успешный ответ: {"events_received":1,"messages":[],"fbtrace_id":"AQL2YzWvzOx6oe32khQw0MW"}
Успешный ответ: {"events_received":1,"messages":[],"fbtrace_id":"AIyu18cyaCwtMB9LyPkx5gC"}
Успешный ответ: {"events_received":1,"messages":[],"fbtrace_id":"A7SgeXlPHkRN1RMdbuF_X-L"}
Успешный ответ: {"events_received":1,"messages":[],"fbtrace_id":"A5j9vPYSTUEZQSGL03FeUN-"}
Успешный ответ: {"events_received":1,"messages":[],"fbtrace_id":"ABqq77inzo8-ltYWcPrk4S8"}
Успешный ответ: {"events_received":1,"messages":[],"fbtrace_id":"ARcOqMsYXx5oZHD-scKQjuX"}
Успешный ответ: {"events_received":1,"messages":[],"fbtrace_id":"A6r2s1s811fwdpcp6YVVPJ2"}
Успешный ответ: {"events_received":1,"messages":[],"fbtrace_id":"AzNMi06KWLuVc_a5cY59oM4"}
Успешный ответ: {"events_received":1,"messages":[],"fbtrace_id":"Ac3xyPsfepCan5CJjUHg8x9"}
Успешный ответ: {"events_received":1,"messages":[],"fbtrace_id":"AZyjV_1gPwi1WluN1vh-ipc"}
Успешный ответ: {"events_received":1,"messages":[],"fbtrace_id":"ArBDhMi2W42iVgbeNTbViNz"}
Успешный ответ: {"events_received":1,"messages":[],"fbtrace_id":"AoIMC4Y7OExfFs_KW0kzJRH"}
Успешный ответ: {"events_received":1,"messages":[],"fbtrace_id":"Ak_e5WR6fgpFR3XYGu4RgoI"}
Успешный ответ: {"events_received":1,"messages":[],"fbtrace_id":"ACr7mzC4aeGO2CU9j3G2aqT"}
Успешный ответ: {"events_received":1,"messages":[],"fbtrace_id":"AhQ8NEZp_NpFfWAI1i3YFmm"}
Успешный ответ: {"events_received":1,"messages":[],"fbtrace_id":"ARuTWUUn-cYLA5vW_l-rDj0"}
Успешный ответ: {"events_received":1,"messages":[],"fbtrace_id":"AAKheHb0vhxkGTp3u5VDsRY"}
Успешный ответ: {"events_received":1,"messages":[],"fbtrace_id":"Afg7dftOioqn0IhAQg__r3C"}
Успешный ответ: {"events_received":1,"messages":[],"fbtrace_id":"AME3XjjvOZ2IZMQ7C9zZceT"}
Успешный ответ: {"events_received":1,"messages":[],"fbtrace_id":"ACdfs-9Kr2cyew6unp3HHMZ"}
Успешный ответ: {"events_received":1,"messages":[],"fbtrace_id":"AcO4zLTAmMfJqgPWBR_6yoH"}
Успешный ответ: {"events_received":1,"messages":[],"fbtrace_id":"AWTF5szrpnqLUK_sV47DSvC"}
Успешный ответ: {"events_received":1,"messages":[],"fbtrace_id":"AdaU9vyx1k8Oxjo8mVetSNm"}
Успешный ответ: {"events_received":1,"messages":[],"fbtrace_id":"ARFOfhU58_Iftw45IfCPP1l"}
Успешный ответ: {"events_received":1,"messages":[],"fbtrace_id":"AavEP7i6NqG99I0uKiavkZV"}
Успешный ответ: {"events_received":1,"messages":[],"fbtrace_id":"AMzxa4-BGj3ElfNmN7etjwj"}
Успешный ответ: {"events_received":1,"messages":[],"fbtrace_id":"AbZPPC19gTGKfvHU-mDLuE4"}
Успешный ответ: {"events_received":1,"messages":[],"fbtrace_id":"AhtxqbErQl3nPh2XmMIGvSA"}
Успешный ответ: {"events_received":1,"messages":[],"fbtrace_id":"AUztALkSKJrjGS6hrHAsGqt"}
Успешный ответ: {"events_received":1,"messages":[],"fbtrace_id":"AH-BUheQRX_IaKfM2yXWhfk"}
Успешный ответ: {"events_received":1,"messages":[],"fbtrace_id":"AZEM-uxt148zqAk0clgWx9c"}
Успешный ответ: {"events_received":1,"messages":[],"fbtrace_id":"AGPW6RPmtpoIhG6Rg6S6RdR"}
Успешный ответ: {"events_received":1,"messages":[],"fbtrace_id":"Ake5J-Cf2-P67wbBVNLdWs8"}
Успешный ответ: {"events_received":1,"messages":[],"fbtrace_id":"AHG29r0p81voPUIx0KKcUc_"}
Успешный ответ: {"events_received":1,"messages":[],"fbtrace_id":"Aw50KwNSJ9Pp9NmmrPus3Mh"}
Успешный ответ: {"events_received":1,"messages":[],"fbtrace_id":"AQ03Gvv04U-iEgHFZekLe4E"}
Успешный ответ: {"events_received":1,"messages":[],"fbtrace_id":"AX5drvbRVa6VeAyx76os-MO"}
Успешный ответ: {"events_received":1,"messages":[],"fbtrace_id":"AvlrBa8QQvyLRY_ZIGAY1yq"}
Успешный ответ: {"events_received":1,"messages":[],"fbtrace_id":"ASHms63LvCtzPjyoUMeRURx"}
Успешный ответ: {"events_received":1,"messages":[],"fbtrace_id":"AFHrmm-6GJYSFh0j0j85E1A"}
Успешный ответ: {"events_received":1,"messages":[],"fbtrace_id":"ArYKsgRqicN0EgypJ3QuP-p"}
Успешный ответ: {"events_received":1,"messages":[],"fbtrace_id":"ApbMn9UbLy1OD3XODWzRW9u"}
Успешный ответ: {"events_received":1,"messages":[],"fbtrace_id":"ATrU9ndCLHvTraXm1hsoQHZ"}
Успешный ответ: {"events_received":1,"messages":[],"fbtrace_id":"AbBXG3MDWD7AcRoWfurVk0l"}
Успешный ответ: {"events_received":1,"messages":[],"fbtrace_id":"AHnLSleKQMeQCM0uzRZTeh4"}
Успешный ответ: {"events_received":1,"messages":[],"fbtrace_id":"A9hcrUfZdkk36UlODigNsF8"}
Успешный ответ: {"events_received":1,"messages":[],"fbtrace_id":"Ag23Qu4w0Ax8IovAQcKuslD"}
Успешный ответ: {"events_received":1,"messages":[],"fbtrace_id":"A8PnYZaRbwArGErlxE8Uim3"}
Успешный ответ: {"events_received":1,"messages":[],"fbtrace_id":"AxnUjFOYunDc6es85OKb3_T"}
Успешный ответ: {"events_received":1,"messages":[],"fbtrace_id":"AEPb0d0TqOLJjrRA-HgQI9D"}
Успешный ответ: {"events_received":1,"messages":[],"fbtrace_id":"AWe7SUlMveAt0NujxdzvF1O"}
Успешный ответ: {"events_received":1,"messages":[],"fbtrace_id":"AD-blZCCS-OFarecq7gyHPv"}
Успешный ответ: {"events_received":1,"messages":[],"fbtrace_id":"A-T-Z1x8y3EiLv0XGuasvoc"}
Успешный ответ: {"events_received":1,"messages":[],"fbtrace_id":"ALOG93ym_IfBwHLJKy_V7Da"}
Успешный ответ: {"events_received":1,"messages":[],"fbtrace_id":"AUX3rkr6_tmw5zJ0fATnXej"}
Успешный ответ: {"events_received":1,"messages":[],"fbtrace_id":"A_aqD7AIufWd2Ur-p70jT61"}
Успешный ответ: {"events_received":1,"messages":[],"fbtrace_id":"AFdEtDWsei3tbanX72GRRon"}
Успешный ответ: {"events_received":1,"messages":[],"fbtrace_id":"ABjzDmu2TcsOq_RGKxqKPJb"}
Успешный ответ: {"events_received":1,"messages":[],"fbtrace_id":"AuWRaZ_BpZp8JpcqkIKwBbP"}
Успешный ответ: {"events_received":1,"messages":[],"fbtrace_id":"Ac-ffT8xxODznQiCb5gTwx2"}
Успешный ответ: {"events_received":1,"messages":[],"fbtrace_id":"Aknjobk0bUL2E9okGZAm5bt"}
Успешный ответ: {"events_received":1,"messages":[],"fbtrace_id":"A-0qimxTgBDFM0BtrC_FXox"}
Успешный ответ: {"events_received":1,"messages":[],"fbtrace_id":"AzH8vpth5QeQ7THFKyh0SSQ"}
Успешный ответ: {"events_received":1,"messages":[],"fbtrace_id":"AsClLuoPafU10S9iZGWsDdc"}
Успешный ответ: {"events_received":1,"messages":[],"fbtrace_id":"AqXk-YqGAsxOl8KsgiWLrQh"}
Успешный ответ: {"events_received":1,"messages":[],"fbtrace_id":"AGiooEELyHgsVjPiBwumN8C"}
Успешный ответ: {"events_received":1,"messages":[],"fbtrace_id":"A5P8eR5qu2LJ8CIiDqqcNwa"}
Успешный ответ: {"events_received":1,"messages":[],"fbtrace_id":"AdY-KJX6WpvFwb4NO_N7klS"}
Успешный ответ: {"events_received":1,"messages":[],"fbtrace_id":"A4DC_zp8tz_LNlvZfvhlMQS"}
Успешный ответ: {"events_received":1,"messages":[],"fbtrace_id":"AIhiUtia6_SVF_PI6yQziku"}
Успешный ответ: {"events_received":1,"messages":[],"fbtrace_id":"AhAllTXfSeDF5R-DnaC0gvC"}
Успешный ответ: {"events_received":1,"messages":[],"fbtrace_id":"A_oGXNY6KY4Vrh3XhP1PnQb"}
Успешный ответ: {"events_received":1,"messages":[],"fbtrace_id":"ALVFqDQRyPcNgBIwhs_GTPx"}
Успешный ответ: {"events_received":1,"messages":[],"fbtrace_id":"AquU6TX-s3d3R4O8qex52dV"}
Успешный ответ: {"events_received":1,"messages":[],"fbtrace_id":"ApqyrRu3-sKOxICQSRsSUac"}
Успешный ответ: {"events_received":1,"messages":[],"fbtrace_id":"AUR6_mr-XZ08HfwFMn251pc"}
Успешный ответ: {"events_received":1,"messages":[],"fbtrace_id":"AbBk7F-rd_G5BaWLoyDdn0R"}
Успешный ответ: {"events_received":1,"messages":[],"fbtrace_id":"AA-AaFqesqc3KuL8B7pfELD"}
Успешный ответ: {"events_received":1,"messages":[],"fbtrace_id":"AlOfCQiWhytoWs06eBhrHFM"}
Успешный ответ: {"events_received":1,"messages":[],"fbtrace_id":"AnpxZqL0jmu9APwi3RbOrFi"}
Успешный ответ: {"events_received":1,"messages":[],"fbtrace_id":"AUm2CTrhGVSMfKVGLyidBPn"}
Успешный ответ: {"events_received":1,"messages":[],"fbtrace_id":"AbVe94av337Iy9YrBj7TXIe"}
Успешный ответ: {"events_received":1,"messages":[],"fbtrace_id":"AdHYDzDLlVFdc5a0Osp-Qng"}
Успешный ответ: {"events_received":1,"messages":[],"fbtrace_id":"A0ShkOc-GMVQruh6uKvXY15"}
Успешный ответ: {"events_received":1,"messages":[],"fbtrace_id":"ANPwE9eHjjprRV99qOiISmY"}
Успешный ответ: {"events_received":1,"messages":[],"fbtrace_id":"AqrV7pB64Wd7LnUG7XDL1pJ"}
Успешный ответ: {"events_received":1,"messages":[],"fbtrace_id":"AeeSM2JC2O3QGOIEhUFYTDi"}
Успешный ответ: {"events_received":1,"messages":[],"fbtrace_id":"Ar9AIcAYyVEvsYwGjhujzhZ"}
Успешный ответ: {"events_received":1,"messages":[],"fbtrace_id":"AZYOSlnLh9_WIZkpyacDu5G"}
Успешный ответ: {"events_received":1,"messages":[],"fbtrace_id":"ATTELuTmNTs3LjgV8whkJ5C"}
Успешный ответ: {"events_received":1,"messages":[],"fbtrace_id":"ACZc-rAt-MdeMBMFYJ3BMaJ"}
Успешный ответ: {"events_received":1,"messages":[],"fbtrace_id":"ACml2duWLcVLZ8jecCPWCDj"}
Успешный ответ: {"events_received":1,"messages":[],"fbtrace_id":"ABEvp3zaa4mSsoq4Di3g6di"}
Успешный ответ: {"events_received":1,"messages":[],"fbtrace_id":"A3vOjP1dw43kj-W3d6VcDis"}
Успешный ответ: {"events_received":1,"messages":[],"fbtrace_id":"ATZ1K0KLShGei0Z69vraFC1"}
Успешный ответ: {"events_received":1,"messages":[],"fbtrace_id":"A9WwGprD17IRfKaWteHfDsE"}
Успешный ответ: {"events_received":1,"messages":[],"fbtrace_id":"Aet8Woein66tJL6ddXVCQeI"}
Успешный ответ: {"events_received":1,"messages":[],"fbtrace_id":"AVFQuLiOd2Ixy0f8vGZZ8as"}
Успешный ответ: {"events_received":1,"messages":[],"fbtrace_id":"AsUNrqEfWZsTb-DCY3DtAfU"}
Успешный ответ: {"events_received":1,"messages":[],"fbtrace_id":"AmDAe8gkTtyvAXVAIge4ubc"}
Успешный ответ: {"events_received":1,"messages":[],"fbtrace_id":"AsWB6ciB5DhgxDGIhTXtrBg"}
Успешный ответ: {"events_received":1,"messages":[],"fbtrace_id":"A6jaAZ59KaPM6kFyWIHddON"}
Успешный ответ: {"events_received":1,"messages":[],"fbtrace_id":"Af82TUEDRdaKouqv8o2DniB"}
Успешный ответ: {"events_received":1,"messages":[],"fbtrace_id":"AdvM2ZIyDcDHcAq6HDG3yql"}
Успешный ответ: {"events_received":1,"messages":[],"fbtrace_id":"AlmADuE83wcnLNQ2CtWMXHl"}
Успешный ответ: {"events_received":1,"messages":[],"fbtrace_id":"ASazQ0taeDvR5cRERKV_bTs"}
Успешный ответ: {"events_received":1,"messages":[],"fbtrace_id":"A8s6DNTYWAkdHjTlCvBa6ra"}
Успешный ответ: {"events_received":1,"messages":[],"fbtrace_id":"AAtBraUGJc6k_E59p-tdQkZ"}
Успешный ответ: {"events_received":1,"messages":[],"fbtrace_id":"AGYcxkJXOnSGyH57np218dB"}
Успешный ответ: {"events_received":1,"messages":[],"fbtrace_id":"AAIuPaMbS19LsqLIbnQvkJ-"}
Успешный ответ: {"events_received":1,"messages":[],"fbtrace_id":"A5Q7L4TO2E2qNlLQOr8fPee"}
Успешный ответ: {"events_received":1,"messages":[],"fbtrace_id":"A1V3BXlAT16uLlGm0r3hGAh"}
Успешный ответ: {"events_received":1,"messages":[],"fbtrace_id":"A0KYjZFNxSFP_4HMR8lqryr"}
Успешный ответ: {"events_received":1,"messages":[],"fbtrace_id":"AckL1Sgesx_h8-2IgfIarlA"}
Успешный ответ: {"events_received":1,"messages":[],"fbtrace_id":"Ap0gnjZwzovCvAqHGKimIzV"}
Успешный ответ: {"events_received":1,"messages":[],"fbtrace_id":"AO69j-VpJCPiRL4esK0OwzL"}
Успешный ответ: {"events_received":1,"messages":[],"fbtrace_id":"A7dg6byug0mqmm8cTMH7dte"}
Успешный ответ: {"events_received":1,"messages":[],"fbtrace_id":"AsOhqOP1BqUx2jnfY37Jwdf"}
Успешный ответ: {"events_received":1,"messages":[],"fbtrace_id":"A3NLEvinj0vTSeuALBlWVHY"}
Успешный ответ: {"events_received":1,"messages":[],"fbtrace_id":"Ap3RyjXI3meo5p4owElMyNb"}
Успешный ответ: {"events_received":1,"messages":[],"fbtrace_id":"A3vLzAYYEuG9UA9DJxRmqkk"}
Успешный ответ: {"events_received":1,"messages":[],"fbtrace_id":"A-mpD6ktVOCCctGKC67Cc--"}
Успешный ответ: {"events_received":1,"messages":[],"fbtrace_id":"AI-s4xEkI98Us4tiAl6qUJo"}
Успешный ответ: {"events_received":1,"messages":[],"fbtrace_id":"A0Mtm6lvT96zbU_YHeLuMQp"}
Успешный ответ: {"events_received":1,"messages":[],"fbtrace_id":"AcFRot-ghdEtCHeS6HJUPlj"}
Успешный ответ: {"events_received":1,"messages":[],"fbtrace_id":"ACmt7ZgjpdIp6R2kvgeQQmJ"}
Успешный ответ: {"events_received":1,"messages":[],"fbtrace_id":"AVCLn3CYEQTCJ3S2E_AibYu"}
Успешный ответ: {"events_received":1,"messages":[],"fbtrace_id":"AkNiP9_Ve4YCPFS2KAxdeno"}
Успешный ответ: {"events_received":1,"messages":[],"fbtrace_id":"AJtbYC02I1h1i6XxFT4bf_5"}
Успешный ответ: {"events_received":1,"messages":[],"fbtrace_id":"Ap1VgosW8budlDs5ABc6GAp"}
Успешный ответ: {"events_received":1,"messages":[],"fbtrace_id":"AVrR8A51P2uzhyvtPswBfgx"}
Успешный ответ: {"events_received":1,"messages":[],"fbtrace_id":"AZUfUhhwyVKxOCH8tOq44O1"}
Успешный ответ: {"events_received":1,"messages":[],"fbtrace_id":"AdhuYvnmWE_964V0nkehTav"}
Успешный ответ: {"events_received":1,"messages":[],"fbtrace_id":"AG9sMEAs4vyDCIkxpfQKZLC"}
Успешный ответ: {"events_received":1,"messages":[],"fbtrace_id":"AswB8mhf3ClizCHtt96yUXM"}
Успешный ответ: {"events_received":1,"messages":[],"fbtrace_id":"ATHCfqLrCkykwvGixLaEtz7"}
Успешный ответ: {"events_received":1,"messages":[],"fbtrace_id":"AuJw7Ikn3T8NEgeVUtbSTqb"}
Успешный ответ: {"events_received":1,"messages":[],"fbtrace_id":"A8IH5AXpX6UBWkMghVfmA6E"}
Успешный ответ: {"events_received":1,"messages":[],"fbtrace_id":"AUnW6ZDn5dP0-9EjPibA8pZ"}
Успешный ответ: {"events_received":1,"messages":[],"fbtrace_id":"A1CSccpymXdqMGbEKWU-ezV"}
Успешный ответ: {"events_received":1,"messages":[],"fbtrace_id":"A-Z0EAB27rG2baB8egJHL2J"}
Успешный ответ: {"events_received":1,"messages":[],"fbtrace_id":"AiFz97oJ5bfjQX82BNzfysT"}
Успешный ответ: {"events_received":1,"messages":[],"fbtrace_id":"AZOmpqKW0yjXJBR8nzvGlhm"}
Успешный ответ: {"events_received":1,"messages":[],"fbtrace_id":"A9M7EUsvD339tmJc564h_Jo"}
Успешный ответ: {"events_received":1,"messages":[],"fbtrace_id":"A56hkL2S_bA5y3G35Qanpfu"}
Успешный ответ: {"events_received":1,"messages":[],"fbtrace_id":"AbxT2wIW_MQdz6RpXEnRIRm"}
Успешный ответ: {"events_received":1,"messages":[],"fbtrace_id":"A-kNpPAksCw0VyZi3L_exZG"}
Успешный ответ: {"events_received":1,"messages":[],"fbtrace_id":"AGu6JPuCFEfPwy7df4oESiS"}
Успешный ответ: {"events_received":1,"messages":[],"fbtrace_id":"AqCAeYtyyn6OaxKpQoNjXUS"}
Успешный ответ: {"events_received":1,"messages":[],"fbtrace_id":"ALBJsKNazOApZ-tWUHLgQ4R"}
Успешный ответ: {"events_received":1,"messages":[],"fbtrace_id":"A4NAvwX0SI6NNJRoG-OzIeX"}
Успешный ответ: {"events_received":1,"messages":[],"fbtrace_id":"AqXHHHWfVCUfABl6WJdvmEo"}
Успешный ответ: {"events_received":1,"messages":[],"fbtrace_id":"AU3Zg74cjKqbMev484dnHOa"}
Успешный ответ: {"events_received":1,"messages":[],"fbtrace_id":"AZx1UeMUkAPUT8KPIZ_a9vT"}
Успешный ответ: {"events_received":1,"messages":[],"fbtrace_id":"A5GJe6XmuENaaT7OCfLzuRq"}
Успешный ответ: {"events_received":1,"messages":[],"fbtrace_id":"AuzGML1bk5eNc_UWeSTKffy"}
Успешный ответ: {"events_received":1,"messages":[],"fbtrace_id":"A7puhfAfRWJnEdR8Sjf1YaX"}
Успешный ответ: {"events_received":1,"messages":[],"fbtrace_id":"A8I0t94uE1NdYdAUwVZBEXF"}
Успешный ответ: {"events_received":1,"messages":[],"fbtrace_id":"AYZQHlYOUoCft1Uacj2ZAWK"}
Успешный ответ: {"events_received":1,"messages":[],"fbtrace_id":"Am6VWNrVwLo6LdU4BT8aAOm"}
Успешный ответ: {"events_received":1,"messages":[],"fbtrace_id":"A_-m4qqXBLOE6LH8HL3i_Iy"}
Успешный ответ: {"events_received":1,"messages":[],"fbtrace_id":"Amkw4eFWaxRPC472B-ktU-x"}
Успешный ответ: {"events_received":1,"messages":[],"fbtrace_id":"AuH2All8HcLnAjux0PTrXgs"}
Успешный ответ: {"events_received":1,"messages":[],"fbtrace_id":"AM0PZn3IIRX57LKlQs8Cihp"}
Успешный ответ: {"events_received":1,"messages":[],"fbtrace_id":"Abg_Euuo-c9aZpOsVPb7cqR"}
Успешный ответ: {"events_received":1,"messages":[],"fbtrace_id":"AsrdeZEZRuFkE-ZM-h9xaso"}
Успешный ответ: {"events_received":1,"messages":[],"fbtrace_id":"AD0IhXA_GllVARJLq7vskBW"}
Успешный ответ: {"events_received":1,"messages":[],"fbtrace_id":"Aeki8IOYpBJMNXktfbVzFL2"}
Успешный ответ: {"events_received":1,"messages":[],"fbtrace_id":"AZh6kN_gmQKxs-vr9W7XfMc"}
Успешный ответ: {"events_received":1,"messages":[],"fbtrace_id":"AUKamG4I4aLlSjXL-ek8j6g"}
Успешный ответ: {"events_received":1,"messages":[],"fbtrace_id":"AE6WnBENPV63_yWU0AFnZ37"}
Успешный ответ: {"events_received":1,"messages":[],"fbtrace_id":"AFC3SQiezZgqQyMwkTsC4qB"}
Успешный ответ: {"events_received":1,"messages":[],"fbtrace_id":"ADdlyLR31zsdB4vtb_2HVls"}
Успешный ответ: {"events_received":1,"messages":[],"fbtrace_id":"AfkgM2m4CJCWpXosTXDYwlk"}
Успешный ответ: {"events_received":1,"messages":[],"fbtrace_id":"ABHvUOfBs14tGxN21yJMfdT"}
Успешный ответ: {"events_received":1,"messages":[],"fbtrace_id":"AtjcqLzqOTXPzaWHgggVon8"}
Успешный ответ: {"events_received":1,"messages":[],"fbtrace_id":"AhGj2z3WKdzyEzte4NW2IIa"}
Успешный ответ: {"events_received":1,"messages":[],"fbtrace_id":"Aw0jRlPnyExIQMdDcx2T_ZS"}
Успешный ответ: {"events_received":1,"messages":[],"fbtrace_id":"AcwHLekLmFHWjqSzCN0MRCW"}
Успешный ответ: {"events_received":1,"messages":[],"fbtrace_id":"AgfysCVKJGO6CYPDUj5GrgC"}
Успешный ответ: {"events_received":1,"messages":[],"fbtrace_id":"A2V_FiMmkqszrUKaXL7CjbQ"}
Успешный ответ: {"events_received":1,"messages":[],"fbtrace_id":"AYAwE7WK2O-CE0MGazRTove"}
Успешный ответ: {"events_received":1,"messages":[],"fbtrace_id":"AE7ZfTHLVxnM92FKnYqaqYm"}
Успешный ответ: {"events_received":1,"messages":[],"fbtrace_id":"A5HUcSgIQjRP517qLindj_7"}
Успешный ответ: {"events_received":1,"messages":[],"fbtrace_id":"ApBww2cniL09Wl43E3G8vFy"}
Успешный ответ: {"events_received":1,"messages":[],"fbtrace_id":"AWpLbIQa8gmAKAkyyFD0nwv"}
Успешный ответ: {"events_received":1,"messages":[],"fbtrace_id":"AFaUx5bP1LbSTqou2_BIjIn"}
Успешный ответ: {"events_received":1,"messages":[],"fbtrace_id":"AR8hKB7jXZHE1XFZzsEO51k"}
Успешный ответ: {"events_received":1,"messages":[],"fbtrace_id":"A7XR2K1kwqiIOl4lAuAnkG1"}
Успешный ответ: {"events_received":1,"messages":[],"fbtrace_id":"A2gTHinvAnnNFqDDncs77An"}
Успешный ответ: {"events_received":1,"messages":[],"fbtrace_id":"AaJ4MUlaZS1K9DDzd-thLB1"}
Успешный ответ: {"events_received":1,"messages":[],"fbtrace_id":"AIQQg_uvoKG8gdrzpqkbiFQ"}
Успешный ответ: {"events_received":1,"messages":[],"fbtrace_id":"AcMX3O548I1YxUN7Gr-aviB"}
Успешный ответ: {"events_received":1,"messages":[],"fbtrace_id":"AsNWch07MmHzWEfiCg1OoFw"}
Успешный ответ: {"events_received":1,"messages":[],"fbtrace_id":"A1DCvpytvxSOECs4Z9LK2_F"}
Успешный ответ: {"events_received":1,"messages":[],"fbtrace_id":"AxLchfkuuxUSp_0pqCJQ4b-"}
Успешный ответ: {"events_received":1,"messages":[],"fbtrace_id":"A2No8FfrJ7fy5CuagYxJSlB"}
Успешный ответ: {"events_received":1,"messages":[],"fbtrace_id":"A6j7tEXZyCGVO3NDCF4UWVt"}
Успешный ответ: {"events_received":1,"messages":[],"fbtrace_id":"A98n99D7tE057Gt-7_87jSo"}
Успешный ответ: {"events_received":1,"messages":[],"fbtrace_id":"AmTXiq-xIJvB8hvYLWNlbTB"}
Успешный ответ: {"events_received":1,"messages":[],"fbtrace_id":"ANhW8IClcNO56vcvHmIPpte"}
Успешный ответ: {"events_received":1,"messages":[],"fbtrace_id":"AnE83Xob14-8ewLvA9afN8x"}
Успешный ответ: {"events_received":1,"messages":[],"fbtrace_id":"AXlT7gJE2C2Rvym6VqFEsEc"}
Успешный ответ: {"events_received":1,"messages":[],"fbtrace_id":"A8Tv4z5LvhKCxIQwvgI9vqP"}
Успешный ответ: {"events_received":1,"messages":[],"fbtrace_id":"AZntSrnTIYJgQukCJvX89EP"}
Успешный ответ: {"events_received":1,"messages":[],"fbtrace_id":"AIDF5oa5ReMKH6Ezm0ojaN1"}
Успешный ответ: {"events_received":1,"messages":[],"fbtrace_id":"A5WnGZi1CODCt6MKLHVXp8K"}
Успешный ответ: {"events_received":1,"messages":[],"fbtrace_id":"AAvXVe8fKYUUI3i2gLbFIyq"}
Успешный ответ: {"events_received":1,"messages":[],"fbtrace_id":"AJV-doPOlrAWawOpWij7_A4"}
Успешный ответ: {"events_received":1,"messages":[],"fbtrace_id":"AYpEcSBG2P18tHg0SHO9yYq"}
Успешный ответ: {"events_received":1,"messages":[],"fbtrace_id":"ALMPW1w1OD1nnowOd4Bf4X6"}
Успешный ответ: {"events_received":1,"messages":[],"fbtrace_id":"A0fvV7WPrtecfKdn65E9XkB"}
Успешный ответ: {"events_received":1,"messages":[],"fbtrace_id":"AWROVL4oKpFzOXmNfk3HtRL"}
Успешный ответ: {"events_received":1,"messages":[],"fbtrace_id":"ADxVe7N_WHAHYqjMzSdVXs5"}
Успешный ответ: {"events_received":1,"messages":[],"fbtrace_id":"AnTsjV0gpkxRm3QccnOUr56"}
Успешный ответ: {"events_received":1,"messages":[],"fbtrace_id":"AsH0d7-1rwY8ZVg_-AIyyIl"}
Успешный ответ: {"events_received":1,"messages":[],"fbtrace_id":"A0eZxPsoMGluHHufAM0NHWI"}
Успешный ответ: {"events_received":1,"messages":[],"fbtrace_id":"AmNKeXyvECQdyF6tz0uKG2b"}
Успешный ответ: {"events_received":1,"messages":[],"fbtrace_id":"AtKUAXmfKwvcyfBBo-mpVvr"}
Успешный ответ: {"events_received":1,"messages":[],"fbtrace_id":"AS5XHLLeAas8WhUsUk0WlT3"}
Успешный ответ: {"events_received":1,"messages":[],"fbtrace_id":"A6OtQ-pamcjKB2lo3373yvf"}
Успешный ответ: {"events_received":1,"messages":[],"fbtrace_id":"AQRQRJ7WTMcft6UK3-Un_IJ"}
Успешный ответ: {"events_received":1,"messages":[],"fbtrace_id":"AKyeY2s-1aLEMLvihZeV7Mf"}
Успешный ответ: {"events_received":1,"messages":[],"fbtrace_id":"AL3R_nzmTEzPkXLx8xIaml1"}
Успешный ответ: {"events_received":1,"messages":[],"fbtrace_id":"ASxq56LSvpBNQkCm8T_y39q"}
Успешный ответ: {"events_received":1,"messages":[],"fbtrace_id":"AZB_JuINFu_BLgz_VCSCl21"}
Успешный ответ: {"events_received":1,"messages":[],"fbtrace_id":"AhZS-UyzNcmir9vfpOG1WkT"}
Успешный ответ: {"events_received":1,"messages":[],"fbtrace_id":"AVq5Ekl8FgSbto3j-sqxaEL"}
Успешный ответ: {"events_received":1,"messages":[],"fbtrace_id":"AciEKNQtOLgHQtQO71X6-2-"}
Успешный ответ: {"events_received":1,"messages":[],"fbtrace_id":"AAIJCgo_c1vg_Y_lYH_aAtv"}
Успешный ответ: {"events_received":1,"messages":[],"fbtrace_id":"ACOj_mBRDY-bWdOQpxShdfx"}
Успешный ответ: {"events_received":1,"messages":[],"fbtrace_id":"A9n28KxpGIAvR3RH5H3iF5w"}
Успешный ответ: {"events_received":1,"messages":[],"fbtrace_id":"A8tFG9CjijCVKGFpGF0LXJI"}
Успешный ответ: {"events_received":1,"messages":[],"fbtrace_id":"AG1Q9rrr9P1mLxhIydfTuRH"}
Успешный ответ: {"events_received":1,"messages":[],"fbtrace_id":"APTpuMGLcljbamOF7ys7FbS"}
Успешный ответ: {"events_received":1,"messages":[],"fbtrace_id":"ATI1tAQJ44O0kKhWuB5dH15"}
Успешный ответ: {"events_received":1,"messages":[],"fbtrace_id":"Aygbsiig8kiWIV8xbjg68Da"}
Успешный ответ: {"events_received":1,"messages":[],"fbtrace_id":"A_L6DlP6fWeu1NRlodZpTF_"}
Успешный ответ: {"events_received":1,"messages":[],"fbtrace_id":"A9V5QEaELxjMTtZ5buMlLGa"}
Успешный ответ: {"events_received":1,"messages":[],"fbtrace_id":"AnLJjfqCjyABAzP74GlWmLd"}
Успешный ответ: {"events_received":1,"messages":[],"fbtrace_id":"ATKkJrKFV_k-Iwijhryq1DA"}
Успешный ответ: {"events_received":1,"messages":[],"fbtrace_id":"AZE0ZD8CKkX90uru_s8XlAL"}
Успешный ответ: {"events_received":1,"messages":[],"fbtrace_id":"A3XsSDhq3tauHTxj4uAxgtM"}
Успешный ответ: {"events_received":1,"messages":[],"fbtrace_id":"AFsB50aq0t14QD4w9dPk_wK"}
Успешный ответ: {"events_received":1,"messages":[],"fbtrace_id":"AhreFuOvk2qT3-bDr1F94UE"}
Успешный ответ: {"events_received":1,"messages":[],"fbtrace_id":"AD-eXnrFzLnmFX3456qk2o4"}
Успешный ответ: {"events_received":1,"messages":[],"fbtrace_id":"AXNJJIG1ZB6lAssMPLKB9eR"}
Успешный ответ: {"events_received":1,"messages":[],"fbtrace_id":"ANneiRvq5slKLz_T0KWpYmx"}
Успешный ответ: {"events_received":1,"messages":[],"fbtrace_id":"AXOSX37AcLi-1cCg7NqGaQ9"}
Успешный ответ: {"events_received":1,"messages":[],"fbtrace_id":"AAGSOdoAaWCqPnXqSBqn0Em"}
Успешный ответ: {"events_received":1,"messages":[],"fbtrace_id":"ATCT03atQQWz8wIZZUshyoE"}
Успешный ответ: {"events_received":1,"messages":[],"fbtrace_id":"AGqmDNagtittAG1HOkgk55F"}
Успешный ответ: {"events_received":1,"messages":[],"fbtrace_id":"A2lej4scAWNOSGU9_vFEUCv"}
Успешный ответ: {"events_received":1,"messages":[],"fbtrace_id":"AqrS5N2jTU3oV2p-M_l0E7i"}
Успешный ответ: {"events_received":1,"messages":[],"fbtrace_id":"ARHRWi3Fv7yFKZIK1RT5LIQ"}
Успешный ответ: {"events_received":1,"messages":[],"fbtrace_id":"APSLbbnrmBTiQz1ewth-X8I"}
Успешный ответ: {"events_received":1,"messages":[],"fbtrace_id":"AyvwfIE22yW29iVyUpe9tBr"}
Успешный ответ: {"events_received":1,"messages":[],"fbtrace_id":"AymSk-jKfsQEdd57q-IwbO-"}
Успешный ответ: {"events_received":1,"messages":[],"fbtrace_id":"AX_G4mvkDltFDu0NY34fEXA"}
Успешный ответ: {"events_received":1,"messages":[],"fbtrace_id":"AaShPj2ZaJBsU4MezQorZra"}
Успешный ответ: {"events_received":1,"messages":[],"fbtrace_id":"AdsQTvaLbhdihn2coD09pAj"}
Успешный ответ: {"events_received":1,"messages":[],"fbtrace_id":"ABIoO3NRA21XETjgScBWAvV"}
Успешный ответ: {"events_received":1,"messages":[],"fbtrace_id":"ALj5CXrnk0k3VBLW21Opp70"}
Успешный ответ: {"events_received":1,"messages":[],"fbtrace_id":"AOm8JEZMpsWtWF0JjKs_FTI"}
Успешный ответ: {"events_received":1,"messages":[],"fbtrace_id":"AMOjsWkwsQDG1UeEIiP1XOh"}
Успешный ответ: {"events_received":1,"messages":[],"fbtrace_id":"AXxWT85qqwjR-f3-HXEjZ1k"}
Успешный ответ: {"events_received":1,"messages":[],"fbtrace_id":"Ayib-qjG8D7nANi7QikzwdD"}
Успешный ответ: {"events_received":1,"messages":[],"fbtrace_id":"Atr8A12Q31O4-q18rbR6q5X"}
Успешный ответ: {"events_received":1,"messages":[],"fbtrace_id":"AnNEMiSIVd_1biUlWZKXUp8"}
Успешный ответ: {"events_received":1,"messages":[],"fbtrace_id":"AwP_cnlFwnGYnCBnF-AF74D"}
Успешный ответ: {"events_received":1,"messages":[],"fbtrace_id":"AhpuPcj6yMwAZqeFNcUoaZp"}
Успешный ответ: {"events_received":1,"messages":[],"fbtrace_id":"AtfBdTi4XhWLZC7brHKHY2n"}
Успешный ответ: {"events_received":1,"messages":[],"fbtrace_id":"AiFXXt4akGRLqeWZkok7Q61"}
Успешный ответ: {"events_received":1,"messages":[],"fbtrace_id":"Ap6LzCk6IuWB3R_fNziJ8O3"}
Успешный ответ: {"events_received":1,"messages":[],"fbtrace_id":"A2L_AFt4FCk2wRatKxixodH"}
Успешный ответ: {"events_received":1,"messages":[],"fbtrace_id":"AI8g-88O27CtBfIPCzfGuXq"}
Успешный ответ: {"events_received":1,"messages":[],"fbtrace_id":"A7-B0SFPvyC-UFnypoX5BBu"}
Успешный ответ: {"events_received":1,"messages":[],"fbtrace_id":"A0QRtJKd21zZkLp2ZPO8E2s"}
Успешный ответ: {"events_received":1,"messages":[],"fbtrace_id":"ATJxsc9q0Sk4hEu4P62WdhX"}
Успешный ответ: {"events_received":1,"messages":[],"fbtrace_id":"AEwbewQetH4_EMrtMC0K2HD"}
Успешный ответ: {"events_received":1,"messages":[],"fbtrace_id":"Al7D12grd6-ItPLiPa7fKGP"}
Успешный ответ: {"events_received":1,"messages":[],"fbtrace_id":"ALgCpVNQGYXNwU-6gJ-EJhE"}
Успешный ответ: {"events_received":1,"messages":[],"fbtrace_id":"ApW1ypFNhy6uX2KZ1ZBw5Of"}
Успешный ответ: {"events_received":1,"messages":[],"fbtrace_id":"ArYP9EK19jX0I5UPAbJOw0A"}
Успешный ответ: {"events_received":1,"messages":[],"fbtrace_id":"A8Zux7HGtWB0R-B_pbtocFR"}
Успешный ответ: {"events_received":1,"messages":[],"fbtrace_id":"AkMr9jpdwqNAwdOTTwrftPZ"}
Успешный ответ: {"events_received":1,"messages":[],"fbtrace_id":"Ad9AbzEZrCsAvqU194LMEWU"}
Успешный ответ: {"events_received":1,"messages":[],"fbtrace_id":"A_cH-IiPBEm6zFqpPr8egCP"}
Успешный ответ: {"events_received":1,"messages":[],"fbtrace_id":"AinGN3f72__3d_oSgUL3NaY"}
Успешный ответ: {"events_received":1,"messages":[],"fbtrace_id":"AOzCSvI2MfcN1S_LJBFzBeB"}
Успешный ответ: {"events_received":1,"messages":[],"fbtrace_id":"AjDiwbvyGsN2hGRA2S73rAb"}
Успешный ответ: {"events_received":1,"messages":[],"fbtrace_id":"Ad2fVOZwfgqMuUkIYshTY2T"}
Успешный ответ: {"events_received":1,"messages":[],"fbtrace_id":"AeIylueLGpivWY-EoymVhCo"}
Успешный ответ: {"events_received":1,"messages":[],"fbtrace_id":"AEILN97EXZWpvMzItAKMoBG"}
Успешный ответ: {"events_received":1,"messages":[],"fbtrace_id":"AHT_oHWkf4gDwUJOuM75AJL"}
Успешный ответ: {"events_received":1,"messages":[],"fbtrace_id":"ACQ55YlAr9GpUBpyzIydij2"}
Успешный ответ: {"events_received":1,"messages":[],"fbtrace_id":"AWXlvsOeY3uryZf8HSsR1SB"}
Успешный ответ: {"events_received":1,"messages":[],"fbtrace_id":"A4ipVgM_eE3tfc_atS3oCXJ"}
Успешный ответ: {"events_received":1,"messages":[],"fbtrace_id":"AYZN3nfh0CO6o_MtK2TJ3vx"}
Успешный ответ: {"events_received":1,"messages":[],"fbtrace_id":"AwypavdG43nGoD5SmywNOAP"}
Успешный ответ: {"events_received":1,"messages":[],"fbtrace_id":"AdP-y6eiiF6GNAYY_RXT7zi"}
Успешный ответ: {"events_received":1,"messages":[],"fbtrace_id":"AtDFN0PfBSeKfRoT_Ve6RRK"}
Успешный ответ: {"events_received":1,"messages":[],"fbtrace_id":"AURJL_nOvnBaX8oYIl73iio"}
Успешный ответ: {"events_received":1,"messages":[],"fbtrace_id":"AGrrlIaoYSq1YCHr1Kaxex0"}
Успешный ответ: {"events_received":1,"messages":[],"fbtrace_id":"AMIhwYhHh8sMbTHRY7GmCx5"}
Успешный ответ: {"events_received":1,"messages":[],"fbtrace_id":"AOtAA9gW30bELiy3KduwxXo"}
Успешный ответ: {"events_received":1,"messages":[],"fbtrace_id":"ADdRZhlEQV0B18S9TqPQxef"}
Успешный ответ: {"events_received":1,"messages":[],"fbtrace_id":"A2k1mJnH04GA8jJEhAbfhAE"}
Успешный ответ: {"events_received":1,"messages":[],"fbtrace_id":"AVEkDR1f90Y5fKshPCrvXm6"}
Успешный ответ: {"events_received":1,"messages":[],"fbtrace_id":"AFGylvZii1MBWw8MiQMUFTj"}
Успешный ответ: {"events_received":1,"messages":[],"fbtrace_id":"APPdUBLweFf1SKAwbuHHJ7x"}
Успешный ответ: {"events_received":1,"messages":[],"fbtrace_id":"AQrzBgYvLnaPGQQYkFxFezx"}
Успешный ответ: {"events_received":1,"messages":[],"fbtrace_id":"A0yK3Y4ffUJXRNsOt16en7E"}
Успешный ответ: {"events_received":1,"messages":[],"fbtrace_id":"A3fyPZsz9JyiDW7nn0H7g30"}
Успешный ответ: {"events_received":1,"messages":[],"fbtrace_id":"A7APJ-_30Esy85X7g9nn8NZ"}
Успешный ответ: {"events_received":1,"messages":[],"fbtrace_id":"A4B6mCqeBW42P0ASfOMYSdu"}
Успешный ответ: {"events_received":1,"messages":[],"fbtrace_id":"AHKvqr5-hFQs5_GHCY3TdeZ"}
Успешный ответ: {"events_received":1,"messages":[],"fbtrace_id":"A1lf8MjZ5lF7R3pkWAhItFO"}
Успешный ответ: {"events_received":1,"messages":[],"fbtrace_id":"A0Xg_C245mXZe2lk0bIaSqC"}
Успешный ответ: {"events_received":1,"messages":[],"fbtrace_id":"AGXS-7z05t2eBlXBS-PyG6y"}
Успешный ответ: {"events_received":1,"messages":[],"fbtrace_id":"A3QtGhglR5tG0NxcU_-W_45"}
Успешный ответ: {"events_received":1,"messages":[],"fbtrace_id":"AvTJwjCR3Bonczvc4cpjawp"}
Успешный ответ: {"events_received":1,"messages":[],"fbtrace_id":"AdlWTF0W53-vPioXX_nqJ1L"}
Успешный ответ: {"events_received":1,"messages":[],"fbtrace_id":"Ab9UNb5kwLbAPs66YWlljCi"}
Успешный ответ: {"events_received":1,"messages":[],"fbtrace_id":"AUH-QiyxhMRPB-RdLQseuep"}
Успешный ответ: {"events_received":1,"messages":[],"fbtrace_id":"AHsUpf6g_oEEA6z3WMPvV0O"}
Успешный ответ: {"events_received":1,"messages":[],"fbtrace_id":"APlCXZNqz7DZCLRxfXPS7Qt"}
Успешный ответ: {"events_received":1,"messages":[],"fbtrace_id":"AjCKYgWWUqMAxFRM6uFZX8D"}
Успешный ответ: {"events_received":1,"messages":[],"fbtrace_id":"AIZ_w57bNGlcX74rySHFYgb"}
Успешный ответ: {"events_received":1,"messages":[],"fbtrace_id":"A1RXlD7v3mQP3oi2NeihkxX"}
Успешный ответ: {"events_received":1,"messages":[],"fbtrace_id":"A51s6TBZByWjxR5tY6U7HRd"}
Успешный ответ: {"events_received":1,"messages":[],"fbtrace_id":"AjonaZOvx9HiW1USkcEIb2q"}
Успешный ответ: {"events_received":1,"messages":[],"fbtrace_id":"AkC58YN9Ov_kD2trhzv3BI9"}
Успешный ответ: {"events_received":1,"messages":[],"fbtrace_id":"AfdCl9AGBoA65KgsMbcMoAe"}
Успешный ответ: {"events_received":1,"messages":[],"fbtrace_id":"AYetjsG7plOhYdcwd3d5h-D"}
Успешный ответ: {"events_received":1,"messages":[],"fbtrace_id":"ACPIsLTQv25T87N9ctEISTg"}
Успешный ответ: {"events_received":1,"messages":[],"fbtrace_id":"AitEQZ0Okf327mdALfv4luX"}
Успешный ответ: {"events_received":1,"messages":[],"fbtrace_id":"AlyoPNsPEK5Pzl_Er8i6JMB"}
Успешный ответ: {"events_received":1,"messages":[],"fbtrace_id":"A8aoePpe5AKeji4JxcOngNL"}
Успешный ответ: {"events_received":1,"messages":[],"fbtrace_id":"AQ1p26vfyFmZwW_5gmkx98Y"}
Успешный ответ: {"events_received":1,"messages":[],"fbtrace_id":"ACzdDsxayPq3FkO1RdzFV5P"}
Успешный ответ: {"events_received":1,"messages":[],"fbtrace_id":"ADSvEHJkBEN-j-rRh7ieGIF"}
Успешный ответ: {"events_received":1,"messages":[],"fbtrace_id":"Afac1O9Nio06G_--Jt6d1hY"}
Успешный ответ: {"events_received":1,"messages":[],"fbtrace_id":"Af838vx40UtajA7wqaKAhow"}
Успешный ответ: {"events_received":1,"messages":[],"fbtrace_id":"ANU5zPXPew-Oo4u9dHKQZjn"}
Успешный ответ: {"events_received":1,"messages":[],"fbtrace_id":"A8mZwHS3ABXJwjPh6adY6iq"}
Успешный ответ: {"events_received":1,"messages":[],"fbtrace_id":"A9UgylZKKtjeRhm2L0GHW28"}
Успешный ответ: {"events_received":1,"messages":[],"fbtrace_id":"AK7l1nKDYVOk-nb6MNRwtAV"}
Успешный ответ: {"events_received":1,"messages":[],"fbtrace_id":"AzZzmMvprCc3o-rP9cG-eme"}
Успешный ответ: {"events_received":1,"messages":[],"fbtrace_id":"AE2ReOX5pEf43VlTUrj5DeP"}
Успешный ответ: {"events_received":1,"messages":[],"fbtrace_id":"AEx2glKWPFNbCUtdamcuPlr"}
Успешный ответ: {"events_received":1,"messages":[],"fbtrace_id":"As08ci3bbaKuJVtveZaawIi"}
Успешный ответ: {"events_received":1,"messages":[],"fbtrace_id":"AILYDlAwknZYs75WbkZX6LJ"}
Успешный ответ: {"events_received":1,"messages":[],"fbtrace_id":"AT1rrNyy7b0jLIXtnAeJ8LE"}
Успешный ответ: {"events_received":1,"messages":[],"fbtrace_id":"Aj7Y--KkoggI8TxAwjQiCVQ"}
Успешный ответ: {"events_received":1,"messages":[],"fbtrace_id":"AbQKHsaJ1NoOLR2VcFzVMDL"}
Успешный ответ: {"events_received":1,"messages":[],"fbtrace_id":"ACWO-xjQIrh-L1Z9swsMOTQ"}
Успешный ответ: {"events_received":1,"messages":[],"fbtrace_id":"AqFlmPNax86D1jYji3XniG0"}
Успешный ответ: {"events_received":1,"messages":[],"fbtrace_id":"AtziqG4Bq2GagS1Py_T9Y__"}
Успешный ответ: {"events_received":1,"messages":[],"fbtrace_id":"A-HziC3kKfd5dN_E38qedVP"}
Успешный ответ: {"events_received":1,"messages":[],"fbtrace_id":"ADyw4vl1-ahSPEgaW76q53N"}
Успешный ответ: {"events_received":1,"messages":[],"fbtrace_id":"AQNguxI8aiKOo1MgRrakMpL"}
Успешный ответ: {"events_received":1,"messages":[],"fbtrace_id":"AqluRXW7ctfStc5Ms3yE0tB"}
Успешный ответ: {"events_received":1,"messages":[],"fbtrace_id":"AdFxAFjqc3BmPhsVIQC9zoD"}
Успешный ответ: {"events_received":1,"messages":[],"fbtrace_id":"AknhouytSW9oMagX3H_6ydx"}
Успешный ответ: {"events_received":1,"messages":[],"fbtrace_id":"A24to_yu-UKhht11gOOrPKD"}
Успешный ответ: {"events_received":1,"messages":[],"fbtrace_id":"AZ125d8v01d8GvH5DK8EuoR"}
Успешный ответ: {"events_received":1,"messages":[],"fbtrace_id":"AhWeieLJFJYhI2hvsbWPDMs"}
Успешный ответ: {"events_received":1,"messages":[],"fbtrace_id":"AFvWazVFRQ4JnXAX8nn11pD"}
Успешный ответ: {"events_received":1,"messages":[],"fbtrace_id":"AHo0P2_r3e8vYOThq3fk-hD"}
Успешный ответ: {"events_received":1,"messages":[],"fbtrace_id":"AD-ztOzbszuXWiTt7RdbvdH"}
Успешный ответ: {"events_received":1,"messages":[],"fbtrace_id":"AaEc0IcA4_g8udLJquWuKzP"}
Успешный ответ: {"events_received":1,"messages":[],"fbtrace_id":"AETd7FJK9OvQOFL326lI6ac"}
Успешный ответ: {"events_received":1,"messages":[],"fbtrace_id":"AczZqr9fc7-Jtfxn582lAnf"}
Успешный ответ: {"events_received":1,"messages":[],"fbtrace_id":"A_W8Pm-c2remkA3ikjr30hu"}
Успешный ответ: {"events_received":1,"messages":[],"fbtrace_id":"AcHCZjLmfPiGGjQeWOmHZ_H"}
Успешный ответ: {"events_received":1,"messages":[],"fbtrace_id":"AJIf_iLxHz5SmCjVhlutaE1"}
Успешный ответ: {"events_received":1,"messages":[],"fbtrace_id":"AnxWpoAuUZZUCgbCgOfjIuW"}
Успешный ответ: {"events_received":1,"messages":[],"fbtrace_id":"Aw27DK4IA5EgmyydHBbX8cA"}
Успешный ответ: {"events_received":1,"messages":[],"fbtrace_id":"A7L3msRFMIsZ7j2NeOT1Sgz"}
Успешный ответ: {"events_received":1,"messages":[],"fbtrace_id":"AbTFK688tNMnB3lZL1dFgQV"}
Успешный ответ: {"events_received":1,"messages":[],"fbtrace_id":"A0hokujEhmmHZJbGkAHI247"}
Успешный ответ: {"events_received":1,"messages":[],"fbtrace_id":"AxYrYDpzNM3L-QF7FRoRK1_"}
Успешный ответ: {"events_received":1,"messages":[],"fbtrace_id":"Af6PoZ85wTbdIdD7spmatrc"}
Успешный ответ: {"events_received":1,"messages":[],"fbtrace_id":"AAZGGoZlxHVSQg4IFgZHF6s"}
Успешный ответ: {"events_received":1,"messages":[],"fbtrace_id":"AcBRuyUs2Y3iIX8yERmmXvz"}
Успешный ответ: {"events_received":1,"messages":[],"fbtrace_id":"An_R1auTVnco0rM8Zg4XY8q"}
Успешный ответ: {"events_received":1,"messages":[],"fbtrace_id":"A-BXIFHrR-cD-pjr6Uf0OGO"}
Успешный ответ: {"events_received":1,"messages":[],"fbtrace_id":"A3Kp4W1k5418vdNj7lkO2ng"}
Успешный ответ: {"events_received":1,"messages":[],"fbtrace_id":"AiLEBrx8jttaaP9LHZfvhDh"}
Успешный ответ: {"events_received":1,"messages":[],"fbtrace_id":"AuTJgq4Uk6qAlmsWA3Yxm_M"}
Успешный ответ: {"events_received":1,"messages":[],"fbtrace_id":"AqSmtbW6ERGwOFwl8pSYfCI"}
Успешный ответ: {"events_received":1,"messages":[],"fbtrace_id":"AODgOcR-y5ZvKnU1AsJVt2K"}
Успешный ответ: {"events_received":1,"messages":[],"fbtrace_id":"A353flg-LiYhX_05TrEMkv7"}
Успешный ответ: {"events_received":1,"messages":[],"fbtrace_id":"ALEjuLro9pjih1SzJLcp96N"}
Успешный ответ: {"events_received":1,"messages":[],"fbtrace_id":"AGKnTVQxfnCKZTsh89-hMiu"}
Успешный ответ: {"events_received":1,"messages":[],"fbtrace_id":"Age_-ThqRh-AnfpX7koIh2x"}
Успешный ответ: {"events_received":1,"messages":[],"fbtrace_id":"AfQ9KSuWnSx0_Aha5e2BT19"}
Успешный ответ: {"events_received":1,"messages":[],"fbtrace_id":"AL1h2yM2knzYQSJ-2vVv9Aj"}
Успешный ответ: {"events_received":1,"messages":[],"fbtrace_id":"AlhTeYzgI8zpyb66E3I4F2l"}
Успешный ответ: {"events_received":1,"messages":[],"fbtrace_id":"Agi2YOeXNzM5Yqz7XapTgpi"}
Успешный ответ: {"events_received":1,"messages":[],"fbtrace_id":"AJAABbjUhkZiCpo5UtFDaEz"}
Успешный ответ: {"events_received":1,"messages":[],"fbtrace_id":"A7MhnevRQxIT3AV7CNtgpqp"}
Успешный ответ: {"events_received":1,"messages":[],"fbtrace_id":"AfmYZkVHdSOVWwtS9aeNRaN"}
Успешный ответ: {"events_received":1,"messages":[],"fbtrace_id":"A9lBMDx_9btWZp7BR39qX20"}
Успешный ответ: {"events_received":1,"messages":[],"fbtrace_id":"AKDOLHr_nFeHUCIrvQ5U6bn"}
Успешный ответ: {"events_received":1,"messages":[],"fbtrace_id":"A0ocPqc0D9k6PQsjyAOF8uM"}
Успешный ответ: {"events_received":1,"messages":[],"fbtrace_id":"AXbfiu8qhAz_awAd6UU5kdQ"}
Успешный ответ: {"events_received":1,"messages":[],"fbtrace_id":"AJU2ZrBZdbj2-MSCuNO1o0X"}
Успешный ответ: {"events_received":1,"messages":[],"fbtrace_id":"ASgzocXdBDNpBzpXx0Jt8wK"}
Успешный ответ: {"events_received":1,"messages":[],"fbtrace_id":"AZY1p5JOVDHLSqHfJl5sOSY"}
Успешный ответ: {"events_received":1,"messages":[],"fbtrace_id":"AJx_LsfbTtZLovzWrrzIvoW"}
Успешный ответ: {"events_received":1,"messages":[],"fbtrace_id":"ADsjuzLon1b5GCAmtioR4Yg"}
Успешный ответ: {"events_received":1,"messages":[],"fbtrace_id":"AbuM2SBkL33bCRkcVqNmQ3W"}
Успешный ответ: {"events_received":1,"messages":[],"fbtrace_id":"A4AON7FuvOsirY0jztO7Mwb"}
Успешный ответ: {"events_received":1,"messages":[],"fbtrace_id":"Apt_GAM74bWM-3zAzLz2R9W"}
Успешный ответ: {"events_received":1,"messages":[],"fbtrace_id":"Ayu7LuAkRN_gd40dqM-LvZ8"}
Успешный ответ: {"events_received":1,"messages":[],"fbtrace_id":"AcVP-ztAh7NCJpkX-3LJcZg"}
Успешный ответ: {"events_received":1,"messages":[],"fbtrace_id":"AhyFP3U0lTSd3iWYeEyIMhH"}
Успешный ответ: {"events_received":1,"messages":[],"fbtrace_id":"And2WpEuaeenh8u9NIUTiSO"}
Успешный ответ: {"events_received":1,"messages":[],"fbtrace_id":"A_0CFUb32HYxw4zbRuER1ZO"}
Успешный ответ: {"events_received":1,"messages":[],"fbtrace_id":"AS8rolDhue2i-x1KYyzhLMl"}
Успешный ответ: {"events_received":1,"messages":[],"fbtrace_id":"AA014Bd21myowTfeqbnZGVX"}
Успешный ответ: {"events_received":1,"messages":[],"fbtrace_id":"AtyqV3kDNkg-IjY2PApS1iz"}
Успешный ответ: {"events_received":1,"messages":[],"fbtrace_id":"ARR7v48Plimq-OEn6Iq6Tlu"}
Успешный ответ: {"events_received":1,"messages":[],"fbtrace_id":"A-AoTkaeeQmmDEkul8k4XPW"}
Успешный ответ: {"events_received":1,"messages":[],"fbtrace_id":"A38IQr1uYyPj1I1lzFO9CyR"}
Успешный ответ: {"events_received":1,"messages":[],"fbtrace_id":"A_zLTJHaHDoGg07zkc5sL6q"}
Успешный ответ: {"events_received":1,"messages":[],"fbtrace_id":"AJ0UggtWTOFcxOtWGLcRh15"}
Успешный ответ: {"events_received":1,"messages":[],"fbtrace_id":"Aeq_a3vWJ9aqQKB7sycPF_U"}
Успешный ответ: {"events_received":1,"messages":[],"fbtrace_id":"Ati-_AFU4LW3eEXWsKjEnD_"}
Успешный ответ: {"events_received":1,"messages":[],"fbtrace_id":"AuFnBe3krhfeSOyFNG_9fVT"}
Успешный ответ: {"events_received":1,"messages":[],"fbtrace_id":"A6CRSdO9DC_SS-N108G-obs"}
Успешный ответ: {"events_received":1,"messages":[],"fbtrace_id":"AS9EzGEzr_BVVCPnM82HEyG"}
Успешный ответ: {"events_received":1,"messages":[],"fbtrace_id":"AwVefKojJ2ira0KREV5jpf3"}
Успешный ответ: {"events_received":1,"messages":[],"fbtrace_id":"ApVUI4XvuFOYjWWVeHPaTWK"}
Успешный ответ: {"events_received":1,"messages":[],"fbtrace_id":"AGqHWu6H_-TZZoQZclx_fAR"}
Успешный ответ: {"events_received":1,"messages":[],"fbtrace_id":"AkB5cgnk-8oNshcxnT3m2fB"}
Успешный ответ: {"events_received":1,"messages":[],"fbtrace_id":"ATSCyM2KcRWZ9peCcYyGpLm"}
Успешный ответ: {"events_received":1,"messages":[],"fbtrace_id":"AYtVwuT5z0oGvxoy9ivtcVa"}
Успешный ответ: {"events_received":1,"messages":[],"fbtrace_id":"AEdzRphQOQihHjjGwsa_P50"}
Успешный ответ: {"events_received":1,"messages":[],"fbtrace_id":"Ary2iNSA_2fxXaUDcRNX8_M"}
Успешный ответ: {"events_received":1,"messages":[],"fbtrace_id":"AJjGHMRoHWrlYIXBFzj38of"}
Успешный ответ: {"events_received":1,"messages":[],"fbtrace_id":"AHqSf-LCuC6zUv0ZiruVb84"}
Успешный ответ: {"events_received":1,"messages":[],"fbtrace_id":"AEhNfXfUiu5qajk_ze3KmtL"}
Успешный ответ: {"events_received":1,"messages":[],"fbtrace_id":"AS0iSHD-0Z34uG62xGDBooz"}
Успешный ответ: {"events_received":1,"messages":[],"fbtrace_id":"ABU5XBRj4iWyUeLAYLPdMwP"}
Успешный ответ: {"events_received":1,"messages":[],"fbtrace_id":"A_pFLIGz8bVbgUahFgAOlhp"}
Успешный ответ: {"events_received":1,"messages":[],"fbtrace_id":"AyBTQvYCI_t1Ae24J1tudcb"}
Успешный ответ: {"events_received":1,"messages":[],"fbtrace_id":"A_Tcl37BiaxWsK24zyEiviz"}
Успешный ответ: {"events_received":1,"messages":[],"fbtrace_id":"AGGhhOzt-F-7tqmKXwMPYki"}
Успешный ответ: {"events_received":1,"messages":[],"fbtrace_id":"AA5uFIr0gEUEHaTTw0MR553"}
Успешный ответ: {"events_received":1,"messages":[],"fbtrace_id":"AtjdIK7v9TWRxF3U6DIm-Qc"}
Успешный ответ: {"events_received":1,"messages":[],"fbtrace_id":"Awo34Cf7eZ5iJBTp8nzO47D"}
Успешный ответ: {"events_received":1,"messages":[],"fbtrace_id":"AyGUlYNfn-vKOTdxyuxrdG6"}
Успешный ответ: {"events_received":1,"messages":[],"fbtrace_id":"ASkXLXa08m5FCIOwWBQbHM4"}
Успешный ответ: {"events_received":1,"messages":[],"fbtrace_id":"AFy4m0qdPrLqF16ftvDGwqt"}
Успешный ответ: {"events_received":1,"messages":[],"fbtrace_id":"AWwWYf9-8v1aZOkLOW2TwrZ"}
Успешный ответ: {"events_received":1,"messages":[],"fbtrace_id":"ADQ-p1RLBpk7cMEQKqtvT2Z"}
Успешный ответ: {"events_received":1,"messages":[],"fbtrace_id":"AQNNXLJ4tgW2qTNPtlQ62Lk"}
Успешный ответ: {"events_received":1,"messages":[],"fbtrace_id":"Ar1zNklGWs2Kohm7sjBZbNl"}
Успешный ответ: {"events_received":1,"messages":[],"fbtrace_id":"ACHBl97-zfIkRvbFwgJCW95"}
Успешный ответ: {"events_received":1,"messages":[],"fbtrace_id":"AhA3VpfSMd0KFPDby9HyyjR"}
Успешный ответ: {"events_received":1,"messages":[],"fbtrace_id":"AiJiTvenak0jnfFqxw4Pu0b"}
Успешный ответ: {"events_received":1,"messages":[],"fbtrace_id":"ABbJJlND_aX_WxEmjIWMAaK"}
Успешный ответ: {"events_received":1,"messages":[],"fbtrace_id":"ArWQXv3NGJh5v2PWsSBlGo-"}
Успешный ответ: {"events_received":1,"messages":[],"fbtrace_id":"Aiz0NI2t_F06Dok9G7K0PLw"}
Успешный ответ: {"events_received":1,"messages":[],"fbtrace_id":"AFdYYwOwz-Yej0e7TsHrybf"}
Успешный ответ: {"events_received":1,"messages":[],"fbtrace_id":"AQMFNktP-w6f4kataexzHuV"}
Успешный ответ: {"events_received":1,"messages":[],"fbtrace_id":"AHGf-AnWvqq0VgHc521Q_xS"}
Успешный ответ: {"events_received":1,"messages":[],"fbtrace_id":"AIx_0UDBP1K5AUFGGFAb9ec"}
Успешный ответ: {"events_received":1,"messages":[],"fbtrace_id":"A25-A3glAnteEt5CJUYUSH7"}
Успешный ответ: {"events_received":1,"messages":[],"fbtrace_id":"AcAZDuuLhD00oMYkeKdf4Ki"}
Успешный ответ: {"events_received":1,"messages":[],"fbtrace_id":"AdK2BckKvCPjiNhgWaY7HKQ"}
Успешный ответ: {"events_received":1,"messages":[],"fbtrace_id":"A4ouGFX7_FQXTRI8syM2CmM"}
Успешный ответ: {"events_received":1,"messages":[],"fbtrace_id":"AP4dDcm6BKM5eo-im7IbgFp"}
Успешный ответ: {"events_received":1,"messages":[],"fbtrace_id":"AVYOZNM-GAraD2PthmjhtdC"}
Успешный ответ: {"events_received":1,"messages":[],"fbtrace_id":"Aa_4agq3Z41ltouQ3uv5D_k"}
Успешный ответ: {"events_received":1,"messages":[],"fbtrace_id":"AXgDlEjTtEFiiJnSFz_Fz2d"}
Успешный ответ: {"events_received":1,"messages":[],"fbtrace_id":"AvKDK-ImEflLLMUw1kry-c7"}
Успешный ответ: {"events_received":1,"messages":[],"fbtrace_id":"Am1B_w87vbZkBnetRrRwBiP"}
Успешный ответ: {"events_received":1,"messages":[],"fbtrace_id":"AD2cGGPc_0lgv7WY9HSnVYf"}
Успешный ответ: {"events_received":1,"messages":[],"fbtrace_id":"AlA0glSauy_0DZieezh8311"}
Успешный ответ: {"events_received":1,"messages":[],"fbtrace_id":"Aa5Z1nHuuReE6dSZjTXaHXh"}
Успешный ответ: {"events_received":1,"messages":[],"fbtrace_id":"AilisVRuileCfbLTLrBPkRQ"}
Успешный ответ: {"events_received":1,"messages":[],"fbtrace_id":"AgE8ODAEwzuk3LgHabQdfpN"}
Успешный ответ: {"events_received":1,"messages":[],"fbtrace_id":"AMXrH4B-8ybhyKzYBZIiL0s"}
Успешный ответ: {"events_received":1,"messages":[],"fbtrace_id":"AnFUsrK7V2s3g88shPEc-6S"}
Успешный ответ: {"events_received":1,"messages":[],"fbtrace_id":"AthgbxpJl7vq4LptuDeXE57"}
Успешный ответ: {"events_received":1,"messages":[],"fbtrace_id":"AtD_FUDZeKILePHitSld_D5"}
Успешный ответ: {"events_received":1,"messages":[],"fbtrace_id":"AfWumLqBIY1J-QbJEgmv4aN"}
Успешный ответ: {"events_received":1,"messages":[],"fbtrace_id":"ANnnoBpPD_Vevav6qfdv2C7"}
Успешный ответ: {"events_received":1,"messages":[],"fbtrace_id":"AMXbo71fFzdRRcap51n3Dh9"}
Успешный ответ: {"events_received":1,"messages":[],"fbtrace_id":"AHRFkYWaITFn5wswOHSG8nt"}
Успешный ответ: {"events_received":1,"messages":[],"fbtrace_id":"AedOmhLPnmc4Lh-06j4T9nm"}
Успешный ответ: {"events_received":1,"messages":[],"fbtrace_id":"AdMkzFPu899_TsEinoakN3A"}
Успешный ответ: {"events_received":1,"messages":[],"fbtrace_id":"A7o74NLmmmp0fizXGgjhpev"}
Успешный ответ: {"events_received":1,"messages":[],"fbtrace_id":"Ata5A99FHTy7EGXDRZflETs"}
Успешный ответ: {"events_received":1,"messages":[],"fbtrace_id":"AFLSnKJJWLag2PTZWlevI5X"}
Успешный ответ: {"events_received":1,"messages":[],"fbtrace_id":"AAFONwbfFXiwBm_tVqr9DkM"}
Успешный ответ: {"events_received":1,"messages":[],"fbtrace_id":"AAvzcUtsD4gLHxq__ad5Ibt"}
Успешный ответ: {"events_received":1,"messages":[],"fbtrace_id":"A8ABMGV1lH7Km1vG8OTEBz5"}
Успешный ответ: {"events_received":1,"messages":[],"fbtrace_id":"A9L00vs-o9TTl-zAnOC-YSa"}
Успешный ответ: {"events_received":1,"messages":[],"fbtrace_id":"Ad9clKsgnqwn77em0YDF1Ql"}
Успешный ответ: {"events_received":1,"messages":[],"fbtrace_id":"AxlCXsrm8gOQ49scAKotzGG"}
Успешный ответ: {"events_received":1,"messages":[],"fbtrace_id":"AncgQ3eLYcaMeZLlo4gnHKv"}
Успешный ответ: {"events_received":1,"messages":[],"fbtrace_id":"AjkfIEleC-HmpKUwx-4PniV"}
Успешный ответ: {"events_received":1,"messages":[],"fbtrace_id":"AKHJAiimbOnOQAE6Db9fYmR"}
Успешный ответ: {"events_received":1,"messages":[],"fbtrace_id":"AeJe7jRXcH8qz-AKEYODU19"}
Успешный ответ: {"events_received":1,"messages":[],"fbtrace_id":"Au_cfIOuW3XPUGKyWg4bHy0"}
Успешный ответ: {"events_received":1,"messages":[],"fbtrace_id":"Aq-FkHOCa7cPfHENUBLD8Sh"}
Успешный ответ: {"events_received":1,"messages":[],"fbtrace_id":"AkmJAuHTH1StDY-PXVgIeHR"}
Успешный ответ: {"events_received":1,"messages":[],"fbtrace_id":"AkoOIQFbch9QyVqaz8EqroW"}
Успешный ответ: {"events_received":1,"messages":[],"fbtrace_id":"AiYF9qL-zxzqE7lpVG_VX-u"}
Успешный ответ: {"events_received":1,"messages":[],"fbtrace_id":"ANXEbZB4WvDYlQGKKOhU1BI"}
Успешный ответ: {"events_received":1,"messages":[],"fbtrace_id":"AbNow9wZkvLjzWp-YVgsVQX"}
Успешный ответ: {"events_received":1,"messages":[],"fbtrace_id":"An-PiK7oxRi_JS1oxmm5Yig"}
Успешный ответ: {"events_received":1,"messages":[],"fbtrace_id":"AuLUAOTV8RJm2L583lS-JA1"}
Успешный ответ: {"events_received":1,"messages":[],"fbtrace_id":"AiDSWJJUuFS2zqQwIYcIfF3"}
Успешный ответ: {"events_received":1,"messages":[],"fbtrace_id":"AzpU_a-Xy_kkQPPe4RYwmOu"}
Успешный ответ: {"events_received":1,"messages":[],"fbtrace_id":"ABBHM564qPa-ChAHNJD6qz0"}
Успешный ответ: {"events_received":1,"messages":[],"fbtrace_id":"AyHbNDbH5ux9fJV5mGUJ8Fv"}
Ошибка cURL: getaddrinfo() thread failed to start | Код: 6 | HTTP Code: 0 - 2025-11-17 16:51:50
Успешный ответ: {"events_received":1,"messages":[],"fbtrace_id":"A5ePcL1-cF5GjcJmOPl2urJ"}
Успешный ответ: {"events_received":1,"messages":[],"fbtrace_id":"A9Sgvt0euCeM7DBOBC0k15r"}
Успешный ответ: {"events_received":1,"messages":[],"fbtrace_id":"A5fq9-v5aEKeLaolcA3Edxu"}
Успешный ответ: {"events_received":1,"messages":[],"fbtrace_id":"AkYhwn-EeukA_9ixV6G_V_F"}
Успешный ответ: {"events_received":1,"messages":[],"fbtrace_id":"An9xSoxQb9C6dWIB0ICsVVO"}
Успешный ответ: {"events_received":1,"messages":[],"fbtrace_id":"AVSEPT0nhqVzplcgn06Nz2e"}
Успешный ответ: {"events_received":1,"messages":[],"fbtrace_id":"AZHj2K9dvr1zdbtEV5B0Fgd"}
Успешный ответ: {"events_received":1,"messages":[],"fbtrace_id":"Aw8HrVEruKf45INPAuFVte4"}
Успешный ответ: {"events_received":1,"messages":[],"fbtrace_id":"AlU2uNdkCmV7AvCPEkbcxrx"}
Успешный ответ: {"events_received":1,"messages":[],"fbtrace_id":"AD-IW2Wl3N_QykwN4gF4JEQ"}
Успешный ответ: {"events_received":1,"messages":[],"fbtrace_id":"AlUdx7-v9lZCjMsp6mUMyMy"}
Успешный ответ: {"events_received":1,"messages":[],"fbtrace_id":"ALf0uIAm5J17AXGNxYTluP3"}
Успешный ответ: {"events_received":1,"messages":[],"fbtrace_id":"AxTJ6gG0VsZx55Seys9dkhq"}
Успешный ответ: {"events_received":1,"messages":[],"fbtrace_id":"AWbDbaXsUw41AbOvdxvWREc"}
Успешный ответ: {"events_received":1,"messages":[],"fbtrace_id":"Awpk5CpsFhCG1TUp6Zb2hm2"}
Успешный ответ: {"events_received":1,"messages":[],"fbtrace_id":"AuJpHP4oDoE2t1D5wG9sRBq"}
Успешный ответ: {"events_received":1,"messages":[],"fbtrace_id":"AwnbtC7tZIbOd6_tTxf624-"}
Успешный ответ: {"events_received":1,"messages":[],"fbtrace_id":"ACp6KwBPOiQV7LYqweGSf3I"}
Успешный ответ: {"events_received":1,"messages":[],"fbtrace_id":"AD0iQKM3870VxYOgBt-kyGo"}
Успешный ответ: {"events_received":1,"messages":[],"fbtrace_id":"APc1FgmmfuFTqWvSqpG0wGk"}
Успешный ответ: {"events_received":1,"messages":[],"fbtrace_id":"A-sFjj2wVIh78hyEGKmh-Tf"}
Успешный ответ: {"events_received":1,"messages":[],"fbtrace_id":"AAcF5j65AJnHZFH7o0ilA3x"}
Успешный ответ: {"events_received":1,"messages":[],"fbtrace_id":"AqmytqgdMuS5AWZieizo5LH"}
Успешный ответ: {"events_received":1,"messages":[],"fbtrace_id":"AB71ZGz1ov8kwoC5rA0zmOe"}
Успешный ответ: {"events_received":1,"messages":[],"fbtrace_id":"AfP-XywrtEEb_ScycvWzywj"}
Успешный ответ: {"events_received":1,"messages":[],"fbtrace_id":"ArIigjnMmjZrPEZd8i5FQIW"}
Успешный ответ: {"events_received":1,"messages":[],"fbtrace_id":"A6AzieXODxcJ5iNswv3NwfC"}
Успешный ответ: {"events_received":1,"messages":[],"fbtrace_id":"AltgMh26NCshQu4AHfMVPoi"}
Успешный ответ: {"events_received":1,"messages":[],"fbtrace_id":"Avre4l77rxPfxfKMmvV2Bp7"}
Успешный ответ: {"events_received":1,"messages":[],"fbtrace_id":"AQ3v5t58KpBMV5eeJ-YLYSs"}
Успешный ответ: {"events_received":1,"messages":[],"fbtrace_id":"AEoNhttCkIzZSTd_7U4q1SK"}
Успешный ответ: {"events_received":1,"messages":[],"fbtrace_id":"AgaMw0whK2td2aiWt0uumrR"}
Успешный ответ: {"events_received":1,"messages":[],"fbtrace_id":"A8DSRFScBvIuZ28sx24spOB"}
Успешный ответ: {"events_received":1,"messages":[],"fbtrace_id":"As0dshNV2TK40CcO4PE_01T"}
Успешный ответ: {"events_received":1,"messages":[],"fbtrace_id":"AgbwHiH0jgqBznEYvQXC2Yy"}
Успешный ответ: {"events_received":1,"messages":[],"fbtrace_id":"AfoOTV__7Bc3Iy0YJjaQWrH"}
Успешный ответ: {"events_received":1,"messages":[],"fbtrace_id":"AnHnjGZkDxEFvG-9t2JNniv"}
Успешный ответ: {"events_received":1,"messages":[],"fbtrace_id":"AhJNVzwY5eXhD2-t9r38iz5"}
Успешный ответ: {"events_received":1,"messages":[],"fbtrace_id":"AY-HqAfn5CYhPG5PpsNTpiI"}
Успешный ответ: {"events_received":1,"messages":[],"fbtrace_id":"AwzZLpqxy11YeOhLA-5BbV_"}
Успешный ответ: {"events_received":1,"messages":[],"fbtrace_id":"A3RbDSEzpbLtvlrr7wRvbTY"}
Успешный ответ: {"events_received":1,"messages":[],"fbtrace_id":"A4eReQCUSrN56PznGU3NYVt"}
Успешный ответ: {"events_received":1,"messages":[],"fbtrace_id":"AyMX6ZSjk1NYOg952FtOo9T"}
Успешный ответ: {"events_received":1,"messages":[],"fbtrace_id":"A1oTeraGi-dlFF4FVI_nsiI"}
Успешный ответ: {"events_received":1,"messages":[],"fbtrace_id":"AI5g1x_8pAaWZwq7u7QrIej"}
Успешный ответ: {"events_received":1,"messages":[],"fbtrace_id":"Awm7AO8sFJkDuW8_sGATGPu"}
Успешный ответ: {"events_received":1,"messages":[],"fbtrace_id":"AGYQmAxn5fqHsG9QSCLwNxx"}
Успешный ответ: {"events_received":1,"messages":[],"fbtrace_id":"AQJJFtW8luMRA9ZQ00fVfS-"}
Успешный ответ: {"events_received":1,"messages":[],"fbtrace_id":"AErBOWkRi4YS388skPs8imP"}
Успешный ответ: {"events_received":1,"messages":[],"fbtrace_id":"AAt23QajwtvMwUmux-slb5V"}
Успешный ответ: {"events_received":1,"messages":[],"fbtrace_id":"AbF7nN8QUPE1FQ2Yfx2MWfW"}
Успешный ответ: {"events_received":1,"messages":[],"fbtrace_id":"AWl0nbfOMChFqUmJO12Y-Rl"}
Успешный ответ: {"events_received":1,"messages":[],"fbtrace_id":"Au5NstnjxzRn28Jf9wvJMAq"}
Успешный ответ: {"events_received":1,"messages":[],"fbtrace_id":"AI5pm-KQG3Jv6wbzEH-pqnj"}
Успешный ответ: {"events_received":1,"messages":[],"fbtrace_id":"AlqGXEU8uUh0GDr1UmHSmJy"}
Успешный ответ: {"events_received":1,"messages":[],"fbtrace_id":"AiC7QtyG3bcEbLMSFyLPqH8"}
Успешный ответ: {"events_received":1,"messages":[],"fbtrace_id":"A4UHQlGVVZ7OlIfMJgvnm4B"}
Успешный ответ: {"events_received":1,"messages":[],"fbtrace_id":"ADpK1_3wsADIYdaquprntFL"}
Успешный ответ: {"events_received":1,"messages":[],"fbtrace_id":"AD7ilEhhtIgulkpE1zV0pZM"}
Успешный ответ: {"events_received":1,"messages":[],"fbtrace_id":"AgalwBdsqLncs-ywUVDkT-w"}
Успешный ответ: {"events_received":1,"messages":[],"fbtrace_id":"AmW7OA2UAzC8eGc8FXQUWa_"}
Успешный ответ: {"events_received":1,"messages":[],"fbtrace_id":"AOQD4z1IAFnBp9qcsBcBDtW"}
Успешный ответ: {"events_received":1,"messages":[],"fbtrace_id":"A0jhPjOoX_F7u99wcgUj-ep"}
Успешный ответ: {"events_received":1,"messages":[],"fbtrace_id":"ADD_2jA8pgwKgYi_Jjz9efi"}
Успешный ответ: {"events_received":1,"messages":[],"fbtrace_id":"AVQ-YdJT_0mRbxjYpxpQsy2"}
Успешный ответ: {"events_received":1,"messages":[],"fbtrace_id":"AHKz9ULC3brqLxWnYJAfbNe"}
Успешный ответ: {"events_received":1,"messages":[],"fbtrace_id":"A-XkTlY09lttdg_M4Arnyks"}
Успешный ответ: {"events_received":1,"messages":[],"fbtrace_id":"A_bYwyl4Wj5CIHQ-Qq00jDo"}
Успешный ответ: {"events_received":1,"messages":[],"fbtrace_id":"AWNOr-goNUXltoN0koDiIhW"}
Успешный ответ: {"events_received":1,"messages":[],"fbtrace_id":"A92ZYyHB60l5nw8tmmf8W5-"}
Успешный ответ: {"events_received":1,"messages":[],"fbtrace_id":"AQtQsFWQbppB9JxbXqEI5sg"}
Успешный ответ: {"events_received":1,"messages":[],"fbtrace_id":"AGn9MBQEiWU8bXfuvf8Scd2"}
Успешный ответ: {"events_received":1,"messages":[],"fbtrace_id":"AYgoSHxqVKtHa1iKsNK5mjb"}
Успешный ответ: {"events_received":1,"messages":[],"fbtrace_id":"AzX-UzuFEFP6WA-gm3eUdXi"}
Успешный ответ: {"events_received":1,"messages":[],"fbtrace_id":"AjLBTMSKW-aj5UT06CpLgcX"}
Успешный ответ: {"events_received":1,"messages":[],"fbtrace_id":"Ak5my3DbkDgD8LQcJfIK7kY"}
Успешный ответ: {"events_received":1,"messages":[],"fbtrace_id":"AJJpFzog6PN2KUzMJIDVilM"}
Успешный ответ: {"events_received":1,"messages":[],"fbtrace_id":"AT_Wxhnnm7edplUmYohnMf7"}
Успешный ответ: {"events_received":1,"messages":[],"fbtrace_id":"AlXk3P8pgTxKqHZLmpgddcF"}
Успешный ответ: {"events_received":1,"messages":[],"fbtrace_id":"A8aoMwfOA68GFLl5NmziLNe"}
Успешный ответ: {"events_received":1,"messages":[],"fbtrace_id":"AS7G-KPNfOums4vYXqLxh9b"}
Успешный ответ: {"events_received":1,"messages":[],"fbtrace_id":"AHaZ19yZFFewdVyVOVtWn7_"}
Успешный ответ: {"events_received":1,"messages":[],"fbtrace_id":"AlTrgpIvmcC5fwMcK9rkwEp"}
Успешный ответ: {"events_received":1,"messages":[],"fbtrace_id":"AxmzaGzEdbIz_qR1UxeFtcW"}
Успешный ответ: {"events_received":1,"messages":[],"fbtrace_id":"AVrmZ2feUx2dpNfwid2HKlx"}
Успешный ответ: {"events_received":1,"messages":[],"fbtrace_id":"A4SwQTWmRsJj7cWk1FRMhm2"}
Успешный ответ: {"events_received":1,"messages":[],"fbtrace_id":"AiknIwBo5r3ckGzpeCYt7cu"}
Успешный ответ: {"events_received":1,"messages":[],"fbtrace_id":"AixRHjPhSWB_dtfGkneq9o2"}
Успешный ответ: {"events_received":1,"messages":[],"fbtrace_id":"Aomr-MvRJymzKfAIfIa8jRR"}
Успешный ответ: {"events_received":1,"messages":[],"fbtrace_id":"AkC2snlohmr92hMYGyZUfIf"}
Успешный ответ: {"events_received":1,"messages":[],"fbtrace_id":"AFNROQO2RIa6zA9j0CQGjxY"}
Успешный ответ: {"events_received":1,"messages":[],"fbtrace_id":"AaZ0fEmjYq4N7_pTh-RILwV"}
Успешный ответ: {"events_received":1,"messages":[],"fbtrace_id":"AsMjnyPgY2Jqr9RxR8cfRf8"}
Успешный ответ: {"events_received":1,"messages":[],"fbtrace_id":"AnMoKzR4dDzS-tEu5ie4xqm"}
Успешный ответ: {"events_received":1,"messages":[],"fbtrace_id":"AA78Kxy1j0NHW9R-Ion6ysX"}
Успешный ответ: {"events_received":1,"messages":[],"fbtrace_id":"A7xRh1oIgyP7YLDw4y77Zdt"}
Успешный ответ: {"events_received":1,"messages":[],"fbtrace_id":"ACYD7cLRNkCHHkcAgotRdAY"}
Успешный ответ: {"events_received":1,"messages":[],"fbtrace_id":"AvmXtQggkV540Bdh6OQ3_mJ"}
Успешный ответ: {"events_received":1,"messages":[],"fbtrace_id":"AhTIYpyxMVScRjy2-DIyBi0"}
Успешный ответ: {"events_received":1,"messages":[],"fbtrace_id":"ATtULG58fn_3YR8lWDwo30e"}
Успешный ответ: {"events_received":1,"messages":[],"fbtrace_id":"AxWLvPRq_3TMhugNd7hVm9E"}
Успешный ответ: {"events_received":1,"messages":[],"fbtrace_id":"AJemotFO2uqNTemr9k9N6KA"}
Успешный ответ: {"events_received":1,"messages":[],"fbtrace_id":"A_rfab7hR7bP4bFOCsGuhYg"}
Успешный ответ: {"events_received":1,"messages":[],"fbtrace_id":"AI3s-iiDiC9Wqm_JnHli2Nt"}
Успешный ответ: {"events_received":1,"messages":[],"fbtrace_id":"AoZLdvvxSh6R5cmtWHFjVen"}
Успешный ответ: {"events_received":1,"messages":[],"fbtrace_id":"A6_25D6QbnnDJNrGHMZdZu2"}
Успешный ответ: {"events_received":1,"messages":[],"fbtrace_id":"Aes1W2EenBzArN_A0YlEOlf"}
Успешный ответ: {"events_received":1,"messages":[],"fbtrace_id":"A6I5ov1UHmJoVoAKcycdNzC"}
Успешный ответ: {"events_received":1,"messages":[],"fbtrace_id":"A0KoDdv86hcRKgTk21A96Dc"}
Успешный ответ: {"events_received":1,"messages":[],"fbtrace_id":"A0NVd4QYzNq3OBpJqK4DxB7"}
Успешный ответ: {"events_received":1,"messages":[],"fbtrace_id":"AzhvC9cB37Gc0BQ4TrDeJ9v"}
Успешный ответ: {"events_received":1,"messages":[],"fbtrace_id":"Aa73rJTqEmYcDFRZvA2sMNn"}
Успешный ответ: {"events_received":1,"messages":[],"fbtrace_id":"AYDXGIdvuF6elZSMhhfjjfq"}
Успешный ответ: {"events_received":1,"messages":[],"fbtrace_id":"AyNPMPDr7SjqJkYKb_QyQj-"}
Успешный ответ: {"events_received":1,"messages":[],"fbtrace_id":"A5gfXey-WCuJJqoh_NejVgI"}
Успешный ответ: {"events_received":1,"messages":[],"fbtrace_id":"AOOBrDmQEMAg_EOdRu3RJO3"}
Успешный ответ: {"events_received":1,"messages":[],"fbtrace_id":"AT3JgopIs_EUOw_CNWEbfQW"}
Успешный ответ: {"events_received":1,"messages":[],"fbtrace_id":"AgA9aQZUL997Zkv3IWOygf9"}
Успешный ответ: {"events_received":1,"messages":[],"fbtrace_id":"ApX86WjUMjNFsWWgdcKbTDq"}
Успешный ответ: {"events_received":1,"messages":[],"fbtrace_id":"A9pkUEz4gKpJeMJfQr9RkPJ"}
Успешный ответ: {"events_received":1,"messages":[],"fbtrace_id":"AE6PviEuPDLv5XTeA3H5fw6"}
Успешный ответ: {"events_received":1,"messages":[],"fbtrace_id":"AdOsS_wV_y44Ko0D9b0vFwF"}
Успешный ответ: {"events_received":1,"messages":[],"fbtrace_id":"AEloZuJTqVEwGjqh6RzgbM_"}
Успешный ответ: {"events_received":1,"messages":[],"fbtrace_id":"A9cLnAysJXmhlEVFe5vJ8O3"}
Успешный ответ: {"events_received":1,"messages":[],"fbtrace_id":"ASmssFjlx9ZpJs5s8RioyB5"}
Успешный ответ: {"events_received":1,"messages":[],"fbtrace_id":"A5zW7u3NzDRN2FfaRLFaDdV"}
Успешный ответ: {"events_received":1,"messages":[],"fbtrace_id":"A8EagxzoqrambokwQqpw4D5"}
Успешный ответ: {"events_received":1,"messages":[],"fbtrace_id":"ATiu7qX2zDDsP7AIvSvDvyc"}
Успешный ответ: {"events_received":1,"messages":[],"fbtrace_id":"AVIV8bhPHbNV_Zi1U5rB-vQ"}
Успешный ответ: {"events_received":1,"messages":[],"fbtrace_id":"AJYGRBU4Us56aV7wpJBmR8b"}
Успешный ответ: {"events_received":1,"messages":[],"fbtrace_id":"ALUGPywVcDFO9ajILk8c_QB"}
Успешный ответ: {"events_received":1,"messages":[],"fbtrace_id":"ADdGjzI53wayjtDz08hjgcy"}
Успешный ответ: {"events_received":1,"messages":[],"fbtrace_id":"A_JNqSh8iWpAMj1tnyUTLUd"}
Успешный ответ: {"events_received":1,"messages":[],"fbtrace_id":"AYWWiLkEys39IQ3sjkX8mCG"}
Успешный ответ: {"events_received":1,"messages":[],"fbtrace_id":"AGqtVBkiRgYXG8isFymYg9_"}
Успешный ответ: {"events_received":1,"messages":[],"fbtrace_id":"AJwSIhNuRNh1rgLjzqHXtZ9"}
Успешный ответ: {"events_received":1,"messages":[],"fbtrace_id":"AV94IZpvWWUTRqL1AqsWQN0"}
Успешный ответ: {"events_received":1,"messages":[],"fbtrace_id":"AR9iq3F6Gb_JV7ERP4RujKZ"}
Успешный ответ: {"events_received":1,"messages":[],"fbtrace_id":"A8HVd070heOZ9SOhTedlEAc"}
Успешный ответ: {"events_received":1,"messages":[],"fbtrace_id":"A1Nx1rYUaqyKYHxI8wMl9er"}
Успешный ответ: {"events_received":1,"messages":[],"fbtrace_id":"Aws2XANRBMJNoEtnbZiMduU"}
Успешный ответ: {"events_received":1,"messages":[],"fbtrace_id":"AcUK7dF6x3r5lny1LaYOd33"}
Успешный ответ: {"events_received":1,"messages":[],"fbtrace_id":"AdjhHnYSsRVDOU_0dtwy1sG"}
Успешный ответ: {"events_received":1,"messages":[],"fbtrace_id":"APuufUNPRy0FhFb6h-OGxUC"}
Успешный ответ: {"events_received":1,"messages":[],"fbtrace_id":"A4a_OiUKSDTH8TZ3twhNBEo"}
Успешный ответ: {"events_received":1,"messages":[],"fbtrace_id":"AJhnHxW-pPX1gWQ_o--WzFU"}
Успешный ответ: {"events_received":1,"messages":[],"fbtrace_id":"AVfutI4P3NZ1p6SImUqnIoO"}
Успешный ответ: {"events_received":1,"messages":[],"fbtrace_id":"Av5UCg8t05Z0jUiW3IFByYN"}
Успешный ответ: {"events_received":1,"messages":[],"fbtrace_id":"Ay5gGCtyCMi9TuWhHZWzaj6"}
Успешный ответ: {"events_received":1,"messages":[],"fbtrace_id":"Azir2XRaw0ETUaBEA0827GJ"}
Успешный ответ: {"events_received":1,"messages":[],"fbtrace_id":"AR8dm-yCspho0jLb03m2k0B"}
Успешный ответ: {"events_received":1,"messages":[],"fbtrace_id":"ANwDeA4NblpzuQ93e_Y2bIK"}
Успешный ответ: {"events_received":1,"messages":[],"fbtrace_id":"ArjqBsmsEx1q_c7sNNtO19r"}
Успешный ответ: {"events_received":1,"messages":[],"fbtrace_id":"AnM9mnMEQjb6M0feSZ5z6ur"}
Успешный ответ: {"events_received":1,"messages":[],"fbtrace_id":"Am4B6zUnuIkyuLn8uFATYnU"}
Успешный ответ: {"events_received":1,"messages":[],"fbtrace_id":"A0JeHrnbuOe-3Qlc1CqIWoC"}
Успешный ответ: {"events_received":1,"messages":[],"fbtrace_id":"A1VgumlXnjpRdKVVfQ7PTsE"}
Успешный ответ: {"events_received":1,"messages":[],"fbtrace_id":"AB0JpMMzhaaEKQfREei-2fJ"}
Успешный ответ: {"events_received":1,"messages":[],"fbtrace_id":"ArbI2deqMo97GrTcA5uRizV"}
Успешный ответ: {"events_received":1,"messages":[],"fbtrace_id":"AFHnR0FAv8cMYMpQjLAVWhq"}
Успешный ответ: {"events_received":1,"messages":[],"fbtrace_id":"AG3qBQA-ytUWNTyqO7SLpCi"}
Успешный ответ: {"events_received":1,"messages":[],"fbtrace_id":"ALnx-dg7GJwL9NmUjtvhhgh"}
Успешный ответ: {"events_received":1,"messages":[],"fbtrace_id":"A2w6oVTibmqm8gvmgiLV9vs"}
Успешный ответ: {"events_received":1,"messages":[],"fbtrace_id":"AqrvPvfGOIt9C5P2-dvexkP"}
Успешный ответ: {"events_received":1,"messages":[],"fbtrace_id":"Az2q1VzQBOyJTlVnrVUXLg4"}
Успешный ответ: {"events_received":1,"messages":[],"fbtrace_id":"AzFEWY_Jnga9rGlAaNWL2k3"}
Успешный ответ: {"events_received":1,"messages":[],"fbtrace_id":"AuH9plq8eNelQmmDyn-BbiX"}
Успешный ответ: {"events_received":1,"messages":[],"fbtrace_id":"AwDIVa4cFRNWeyLGH-pkaNQ"}
Успешный ответ: {"events_received":1,"messages":[],"fbtrace_id":"AKF-eCoW0FZUQj8rAmKlviL"}
Успешный ответ: {"events_received":1,"messages":[],"fbtrace_id":"A0hnVqc5OZOPXKs6zAC1FqI"}
Успешный ответ: {"events_received":1,"messages":[],"fbtrace_id":"AnCDY95BZKF3wMfkjRg05BN"}
Успешный ответ: {"events_received":1,"messages":[],"fbtrace_id":"Aie6lh0YG7pZIXtXLdjEo4g"}
Успешный ответ: {"events_received":1,"messages":[],"fbtrace_id":"A4Oy_H78FHenmT6TvZsb2Ts"}
Успешный ответ: {"events_received":1,"messages":[],"fbtrace_id":"AP3p1AnmgnHzztgfu0z3bee"}
Успешный ответ: {"events_received":1,"messages":[],"fbtrace_id":"Al82d2OYjS82DV_uITQQ0Xz"}
Успешный ответ: {"events_received":1,"messages":[],"fbtrace_id":"AdKwGQ__0O6rJ-GqY3bk13s"}
Успешный ответ: {"events_received":1,"messages":[],"fbtrace_id":"AIjGhXzNVf5fEFk21KKE70f"}
Успешный ответ: {"events_received":1,"messages":[],"fbtrace_id":"ArEnznWn-GzNM0r12T9pByE"}
Успешный ответ: {"events_received":1,"messages":[],"fbtrace_id":"AgiWuI9IwyWRYQBAbihsQ1i"}
Успешный ответ: {"events_received":1,"messages":[],"fbtrace_id":"Aex9O8o9skMVY3P2B5IXQc5"}
Успешный ответ: {"events_received":1,"messages":[],"fbtrace_id":"ATpuxvZIGCySTbRk83B3k4o"}
Успешный ответ: {"events_received":1,"messages":[],"fbtrace_id":"ANfsbi7UOb6AAiC6uZRIs_Z"}
Успешный ответ: {"events_received":1,"messages":[],"fbtrace_id":"A9B2FUbMAnqmZ6X83pVXWTP"}
Успешный ответ: {"events_received":1,"messages":[],"fbtrace_id":"AUz8n5UaOx30TNpRkI6wine"}
Успешный ответ: {"events_received":1,"messages":[],"fbtrace_id":"A_OaxUqi5_NfswQdEDhL3lU"}
Успешный ответ: {"events_received":1,"messages":[],"fbtrace_id":"ASgOCb3TU-5Vl-yiQ3SQv_n"}
Успешный ответ: {"events_received":1,"messages":[],"fbtrace_id":"ArmGKH8xeINB4Mi45u_tKBD"}
Успешный ответ: {"events_received":1,"messages":[],"fbtrace_id":"AYIxOUw1OB4ZFhXgU0FqDSu"}
Успешный ответ: {"events_received":1,"messages":[],"fbtrace_id":"AQ7nP_guxYODEtc9Zc-8K5D"}
Успешный ответ: {"events_received":1,"messages":[],"fbtrace_id":"Awx16pFKe9hQMFxyg4XrOjW"}
Успешный ответ: {"events_received":1,"messages":[],"fbtrace_id":"APlZkVse0rcvM3IBvDHebUu"}
Успешный ответ: {"events_received":1,"messages":[],"fbtrace_id":"A-LFt0G-UfuEWRbgFWiW6rw"}
Успешный ответ: {"events_received":1,"messages":[],"fbtrace_id":"Au6vtEJnAkBWMjizoV8GqQT"}
Успешный ответ: {"events_received":1,"messages":[],"fbtrace_id":"Agf_yVXCrQZnO_GF3r901RB"}
Успешный ответ: {"events_received":1,"messages":[],"fbtrace_id":"AEVkjc5Ls-iOzzS9KuiHqnB"}
Успешный ответ: {"events_received":1,"messages":[],"fbtrace_id":"AjTcWXS6gDdVFBrBX0_twI0"}
Успешный ответ: {"events_received":1,"messages":[],"fbtrace_id":"AwQM64eU8yKHxWLQ2zVHh-J"}
Успешный ответ: {"events_received":1,"messages":[],"fbtrace_id":"APKIFm7uN4sujLUNPIggcAJ"}
Успешный ответ: {"events_received":1,"messages":[],"fbtrace_id":"AjPurE-FGBzepNblkjspi7e"}
Успешный ответ: {"events_received":1,"messages":[],"fbtrace_id":"ASIj0trJ7arymxtdRI8FvBE"}
Успешный ответ: {"events_received":1,"messages":[],"fbtrace_id":"A7Td0OoX9qvskfMfCl0EDOu"}
Успешный ответ: {"events_received":1,"messages":[],"fbtrace_id":"AlT0bk6huHsaRS-Pe371VLk"}
Успешный ответ: {"events_received":1,"messages":[],"fbtrace_id":"AwVCWqy3j7atVuV7GsfDbv1"}
Успешный ответ: {"events_received":1,"messages":[],"fbtrace_id":"AKE_GFl565XLP07jC3BVxzf"}
Успешный ответ: {"events_received":1,"messages":[],"fbtrace_id":"A6n1gDGypwndt8h4Jp1L5H2"}
Успешный ответ: {"events_received":1,"messages":[],"fbtrace_id":"Al9XzBxGJ1jR6SsTPsSicPU"}
Успешный ответ: {"events_received":1,"messages":[],"fbtrace_id":"A-59W59Jw8clSZAzoL2HEop"}
Успешный ответ: {"events_received":1,"messages":[],"fbtrace_id":"AIhn4g0CwN3jNfISZ4iSLPN"}
Успешный ответ: {"events_received":1,"messages":[],"fbtrace_id":"AIvor7MqPbA6nGVZBhzTucd"}
Успешный ответ: {"events_received":1,"messages":[],"fbtrace_id":"A_QSo9rnAKY3U73w8Gpzv2k"}
Успешный ответ: {"events_received":1,"messages":[],"fbtrace_id":"AQMebHE8Q3ABbaoYJVw74Hz"}
Успешный ответ: {"events_received":1,"messages":[],"fbtrace_id":"AeJz8SayWuattb09wrSN4sN"}
Успешный ответ: {"events_received":1,"messages":[],"fbtrace_id":"ASOQZh5P__vQRn9fhaSLYWF"}
Успешный ответ: {"events_received":1,"messages":[],"fbtrace_id":"Ae8uY5M4fOkLOuLE-twqQPb"}
Успешный ответ: {"events_received":1,"messages":[],"fbtrace_id":"AxAFY6z7ALbul7ba0MZwOIZ"}
Успешный ответ: {"events_received":1,"messages":[],"fbtrace_id":"ALXn_7euha_2ODnyixd1-n2"}
Успешный ответ: {"events_received":1,"messages":[],"fbtrace_id":"ArvE10CYPW6dTLn-377_zCw"}
Успешный ответ: {"events_received":1,"messages":[],"fbtrace_id":"ASGyDzO7ioRGk_eR5wEaSQp"}
Успешный ответ: {"events_received":1,"messages":[],"fbtrace_id":"AePWI6IV2BG2KxvZwstcuQj"}
Успешный ответ: {"events_received":1,"messages":[],"fbtrace_id":"AIV3w1gVfisercJtCXurV-I"}
Успешный ответ: {"events_received":1,"messages":[],"fbtrace_id":"A775NvTue1G35JQNrMuEY65"}
Успешный ответ: {"events_received":1,"messages":[],"fbtrace_id":"AVKWwgQRP5xQW8veqeoVsgu"}
Успешный ответ: {"events_received":1,"messages":[],"fbtrace_id":"AYC7LDx83eq0X-GXwNrLzao"}
Успешный ответ: {"events_received":1,"messages":[],"fbtrace_id":"A0azZPFDXot_B5uGulMD8XV"}
Успешный ответ: {"events_received":1,"messages":[],"fbtrace_id":"AFNuT99Lx48WP9XeOS6MKcq"}
Успешный ответ: {"events_received":1,"messages":[],"fbtrace_id":"AI5ZNq9D7lgI1psAB38dpJU"}
Успешный ответ: {"events_received":1,"messages":[],"fbtrace_id":"AsFOCnhk8pWmpW6WVhb5l0V"}
Успешный ответ: {"events_received":1,"messages":[],"fbtrace_id":"AaZ0xXArd4YoZAPlORoQouY"}
Успешный ответ: {"events_received":1,"messages":[],"fbtrace_id":"An_RTbIuFwAn9fooslBT1Sr"}
Успешный ответ: {"events_received":1,"messages":[],"fbtrace_id":"A1qolr0sigk8iZXa6NM8Wzu"}
Успешный ответ: {"events_received":1,"messages":[],"fbtrace_id":"AXd_rQhexmPcSsoKk1mPgcR"}
Успешный ответ: {"events_received":1,"messages":[],"fbtrace_id":"AHa6C5cV1isyybC5g-7YTrl"}
Успешный ответ: {"events_received":1,"messages":[],"fbtrace_id":"AvRRl35fvGaFuwbXn9lkA7U"}
Успешный ответ: {"events_received":1,"messages":[],"fbtrace_id":"AIzi8yLdEtBEMnMOtulhuIu"}
Успешный ответ: {"events_received":1,"messages":[],"fbtrace_id":"ALkqHOPWlLW06-9L6C6ohvW"}
Успешный ответ: {"events_received":1,"messages":[],"fbtrace_id":"A25l6JlxVGj0upfiRBlNJ07"}
Успешный ответ: {"events_received":1,"messages":[],"fbtrace_id":"At2A8qRhqu3DKkmkqDEInYL"}
Успешный ответ: {"events_received":1,"messages":[],"fbtrace_id":"AmZU5uBTtVGJRDg2d6W-FxJ"}
Успешный ответ: {"events_received":1,"messages":[],"fbtrace_id":"AjI_AvJ0L_ZARU526lsg10p"}
Успешный ответ: {"events_received":1,"messages":[],"fbtrace_id":"A4dtJJ-douLEjF_1FU7Y3ih"}
Успешный ответ: {"events_received":1,"messages":[],"fbtrace_id":"A0Wd_Py4ilGeqS5sWiOAxAL"}
Успешный ответ: {"events_received":1,"messages":[],"fbtrace_id":"AkFxavlNL0q-Kt-S3dOkyc0"}
Успешный ответ: {"events_received":1,"messages":[],"fbtrace_id":"AXO_tjdMZH03qiAgBbidmXR"}
Успешный ответ: {"events_received":1,"messages":[],"fbtrace_id":"ACUB7FZfxeSoJ7F6_YeNBJ3"}
Успешный ответ: {"events_received":1,"messages":[],"fbtrace_id":"AIiK5rCCe1lP7C7YIGcWyhA"}
Успешный ответ: {"events_received":1,"messages":[],"fbtrace_id":"A-zP8BpTzg4YXeK6Orwx659"}
Успешный ответ: {"events_received":1,"messages":[],"fbtrace_id":"AAiwIjz18-VDaqHYBrNpnoD"}
Успешный ответ: {"events_received":1,"messages":[],"fbtrace_id":"ALSNu29rqFXs5zGXd73CIGD"}
Успешный ответ: {"events_received":1,"messages":[],"fbtrace_id":"A3wLMWydM-GVHT4ylHVdXpC"}
Успешный ответ: {"events_received":1,"messages":[],"fbtrace_id":"AxEOrpJWxC4TLISC11MOCi-"}
Успешный ответ: {"events_received":1,"messages":[],"fbtrace_id":"AghIdjNm8MdlZapA2KUdH8d"}
Успешный ответ: {"events_received":1,"messages":[],"fbtrace_id":"A0TRcoEMqGgbgjcschyCFe8"}
Успешный ответ: {"events_received":1,"messages":[],"fbtrace_id":"A6InVTrcBA8ShKHIugjWS5Z"}
Успешный ответ: {"events_received":1,"messages":[],"fbtrace_id":"AO4lh513MY0kSZXacWzY_NF"}
Успешный ответ: {"events_received":1,"messages":[],"fbtrace_id":"AFIumYksjuwRrBNJGKkY33l"}
Успешный ответ: {"events_received":1,"messages":[],"fbtrace_id":"A7PJnBXLbSREtRTYfNeQTpQ"}
Успешный ответ: {"events_received":1,"messages":[],"fbtrace_id":"AF73C8-uslV5hdij5fveLOV"}
Успешный ответ: {"events_received":1,"messages":[],"fbtrace_id":"APgT5NO71sk9oToH0BSOLLS"}
Успешный ответ: {"events_received":1,"messages":[],"fbtrace_id":"AYYnz-Wqvz65p-MpnGHGbvR"}
Успешный ответ: {"events_received":1,"messages":[],"fbtrace_id":"ADB7LnfxDUl0VgI5zTyv9wW"}
Успешный ответ: {"events_received":1,"messages":[],"fbtrace_id":"AaLeeoGfyI8DRJMOZgOUQu3"}
Успешный ответ: {"events_received":1,"messages":[],"fbtrace_id":"AbOaOoOZswrpIbGtjoB0nj8"}
Успешный ответ: {"events_received":1,"messages":[],"fbtrace_id":"Asmj_YYXJc_lSH-2tFll8-W"}
Успешный ответ: {"events_received":1,"messages":[],"fbtrace_id":"AkrGxbA3QCMR9_-v1Z0FqAP"}
Успешный ответ: {"events_received":1,"messages":[],"fbtrace_id":"ABt_FvMsB7Eha0aR9JQfwlt"}
Успешный ответ: {"events_received":1,"messages":[],"fbtrace_id":"AZMkQE_eDAt49uR7Enpxs-K"}
Успешный ответ: {"events_received":1,"messages":[],"fbtrace_id":"A2XOk-ts5j8U0MXeEZbmP-d"}
Успешный ответ: {"events_received":1,"messages":[],"fbtrace_id":"AyBm2SL0KxIsN7hZAdnVpwE"}
Успешный ответ: {"events_received":1,"messages":[],"fbtrace_id":"AwjEbmEiNJBDTO8idmmiwjN"}
Успешный ответ: {"events_received":1,"messages":[],"fbtrace_id":"AIkNCkVLUSqDT6tGntDAC_s"}
Успешный ответ: {"events_received":1,"messages":[],"fbtrace_id":"AfZNxcJ6-UdvD_Kt4crJydw"}
Успешный ответ: {"events_received":1,"messages":[],"fbtrace_id":"AMb_3n4pxGDhLjHYyndtUsL"}
Успешный ответ: {"events_received":1,"messages":[],"fbtrace_id":"A0i6cVBmPwsLNvZ5PxtGDAy"}
Успешный ответ: {"events_received":1,"messages":[],"fbtrace_id":"Anvpc-84j3_8ZG9l7RPKofH"}
Успешный ответ: {"events_received":1,"messages":[],"fbtrace_id":"AozvClkmUwWokwOOSL_BPmD"}
Успешный ответ: {"events_received":1,"messages":[],"fbtrace_id":"AzEwczFVF6djCNwqxUDDj-G"}
Успешный ответ: {"events_received":1,"messages":[],"fbtrace_id":"AVIevX7iy1RHBLkuWvHb4yt"}
Успешный ответ: {"events_received":1,"messages":[],"fbtrace_id":"AD0bBrcvAqzpuvnqgh0oV3g"}
Успешный ответ: {"events_received":1,"messages":[],"fbtrace_id":"APQJj_Rjh0XJu26WVPzpVHQ"}
Успешный ответ: {"events_received":1,"messages":[],"fbtrace_id":"AXNuAKte6LZTLRDrGrtYLj2"}
Успешный ответ: {"events_received":1,"messages":[],"fbtrace_id":"A8Tzxy2RwAXC8rf-W87pEZj"}
Успешный ответ: {"events_received":1,"messages":[],"fbtrace_id":"ASGRewn7KoMOGK_p8-1um9C"}
Успешный ответ: {"events_received":1,"messages":[],"fbtrace_id":"AFMfGhn5PDlKcoZ4C3mdjcg"}
Успешный ответ: {"events_received":1,"messages":[],"fbtrace_id":"AfDNfQFoVm7qEzJiD0WNgoK"}
Успешный ответ: {"events_received":1,"messages":[],"fbtrace_id":"A-0hFrRpHrN7ZoOsGx4b_Na"}
Успешный ответ: {"events_received":1,"messages":[],"fbtrace_id":"ADnluHYHgRJGptEhLz7WUCB"}
Успешный ответ: {"events_received":1,"messages":[],"fbtrace_id":"Atb1cag2PR34HRb9d-QdfF3"}
Успешный ответ: {"events_received":1,"messages":[],"fbtrace_id":"AT1y664B4nNpnpdHgTUGTZU"}
Успешный ответ: {"events_received":1,"messages":[],"fbtrace_id":"AdYjoAR6ydbFBxnuA6QqmOn"}
Успешный ответ: {"events_received":1,"messages":[],"fbtrace_id":"AfoDADcI8qxFGPCbnmESPxl"}
Успешный ответ: {"events_received":1,"messages":[],"fbtrace_id":"AsxSUJBNLRlfdRoTsXLyAbM"}
Успешный ответ: {"events_received":1,"messages":[],"fbtrace_id":"AejatPq5FAePXNcY0jordRT"}
Успешный ответ: {"events_received":1,"messages":[],"fbtrace_id":"ACGBzQyjgJQbbvmIE-dzl33"}
Успешный ответ: {"events_received":1,"messages":[],"fbtrace_id":"AX628XgTtuv2H3K5rvMalGj"}
Успешный ответ: {"events_received":1,"messages":[],"fbtrace_id":"Ae-bn1EeQ-HrDRNz9HOLhSb"}
Успешный ответ: {"events_received":1,"messages":[],"fbtrace_id":"A5BF3djd37HVQnA31O1fBwL"}
Успешный ответ: {"events_received":1,"messages":[],"fbtrace_id":"ATCsVRcPKb8GAPrNW8uZg_m"}
Успешный ответ: {"events_received":1,"messages":[],"fbtrace_id":"ANGyKcJMpGEk9r6ShnKfygK"}
Успешный ответ: {"events_received":1,"messages":[],"fbtrace_id":"AopJ_UL5Xw-dadZZlrKrg6X"}
Успешный ответ: {"events_received":1,"messages":[],"fbtrace_id":"ADLPqnMT5TJNofXRR9kiSxa"}
Успешный ответ: {"events_received":1,"messages":[],"fbtrace_id":"AGx3Ak5kb5wsc6d8BslHwq9"}
Успешный ответ: {"events_received":1,"messages":[],"fbtrace_id":"A96999wB8URQ9SjecAiVV_7"}
Успешный ответ: {"events_received":1,"messages":[],"fbtrace_id":"Ag6RrHotcxhPVZSa1pxMlT8"}
Успешный ответ: {"events_received":1,"messages":[],"fbtrace_id":"A_sTymMyWcy8nKSS3hHnNQR"}
Успешный ответ: {"events_received":1,"messages":[],"fbtrace_id":"ACIACY_Z2CQRcqD5Cku-WkF"}
Успешный ответ: {"events_received":1,"messages":[],"fbtrace_id":"ADsPE0AzHd8fgGWneQqUxdR"}
Успешный ответ: {"events_received":1,"messages":[],"fbtrace_id":"AUBMMP0mIxJ5Iukpy5fVrH-"}
Успешный ответ: {"events_received":1,"messages":[],"fbtrace_id":"AvYhEPsDslRuab99FDZ47Rz"}
Успешный ответ: {"events_received":1,"messages":[],"fbtrace_id":"A5As891liNZiXg1i85SR8iX"}
Успешный ответ: {"events_received":1,"messages":[],"fbtrace_id":"AMY_a6gXIZtlPDDvp07aBYs"}
Успешный ответ: {"events_received":1,"messages":[],"fbtrace_id":"AwUcZiftaK4exIETbBlsQ0D"}
Успешный ответ: {"events_received":1,"messages":[],"fbtrace_id":"AeNbrZJ0_DD6kdPqVYFrJ7b"}
Успешный ответ: {"events_received":1,"messages":[],"fbtrace_id":"AanS8Fix2SCDZzeWjUvJ1-7"}
Успешный ответ: {"events_received":1,"messages":[],"fbtrace_id":"AfPC2sjSY0rjw8RZVMFMywX"}
Успешный ответ: {"events_received":1,"messages":[],"fbtrace_id":"Ax8C3n6ZYTgCopN6_HN4UrN"}
Успешный ответ: {"events_received":1,"messages":[],"fbtrace_id":"AtZ-vbxMkCgAb4_dCjZB00t"}
Успешный ответ: {"events_received":1,"messages":[],"fbtrace_id":"AS-vlOKpgptDbDK8-ZfOufm"}
Успешный ответ: {"events_received":1,"messages":[],"fbtrace_id":"AumKDQ5Q1K1j73AXzvW20I-"}
Успешный ответ: {"events_received":1,"messages":[],"fbtrace_id":"ALr7SxrkNJ3XWXv1LhXzmKd"}
Успешный ответ: {"events_received":1,"messages":[],"fbtrace_id":"A3qoYA_Blg8jlKnm2r9Vb4M"}
Успешный ответ: {"events_received":1,"messages":[],"fbtrace_id":"A9Seqk1oC6kb1R9Fp1BzDrm"}
Успешный ответ: {"events_received":1,"messages":[],"fbtrace_id":"AZQBZd5UI1X13Ag91YF3D-M"}
Успешный ответ: {"events_received":1,"messages":[],"fbtrace_id":"AYI7jxuC8LSHSJR4mn6BlKg"}
Успешный ответ: {"events_received":1,"messages":[],"fbtrace_id":"A_stnu0tz3NNJ0VNBo-V9c3"}
Успешный ответ: {"events_received":1,"messages":[],"fbtrace_id":"Ab9zG_i-5w9BPqMxGDkhnpF"}
Успешный ответ: {"events_received":1,"messages":[],"fbtrace_id":"ARfjwyu_oPrOm5z-ws4epUy"}
Успешный ответ: {"events_received":1,"messages":[],"fbtrace_id":"AMEsZ5Ofkgv-juZOeeJJsAV"}
Успешный ответ: {"events_received":1,"messages":[],"fbtrace_id":"AJaTUCf8W02JEHJCl3f7arY"}
Успешный ответ: {"events_received":1,"messages":[],"fbtrace_id":"ALZob64kAJgWxd78jqHTdNd"}
Успешный ответ: {"events_received":1,"messages":[],"fbtrace_id":"AZmyPLwXwUBGEsDaSCb0q7n"}
Успешный ответ: {"events_received":1,"messages":[],"fbtrace_id":"A59g9XIhouNsXR6ajsOv7RM"}
Успешный ответ: {"events_received":1,"messages":[],"fbtrace_id":"AMaUj-R7tYZdxMB5DPooJkK"}
Успешный ответ: {"events_received":1,"messages":[],"fbtrace_id":"ARnyJhNeqwsoqEDMsKW7URs"}
Успешный ответ: {"events_received":1,"messages":[],"fbtrace_id":"A6Zdp-mJporkiRbDFL7dsTT"}
Успешный ответ: {"events_received":1,"messages":[],"fbtrace_id":"A3fQlQz4Mi22PhR1Z4i1J-r"}
Успешный ответ: {"events_received":1,"messages":[],"fbtrace_id":"APmHCbFpalLqP-TxSNhSxpA"}
Успешный ответ: {"events_received":1,"messages":[],"fbtrace_id":"AJyM1iFX_KfAdBj6_dnTgRs"}
Успешный ответ: {"events_received":1,"messages":[],"fbtrace_id":"AFI7hkUhPmH5RY-bmitNmac"}
Успешный ответ: {"events_received":1,"messages":[],"fbtrace_id":"A_m8kDbP_uZRVU2ev0G1ISH"}
Успешный ответ: {"events_received":1,"messages":[],"fbtrace_id":"A12MlPwLvWsIVWkYWFazonZ"}
Успешный ответ: {"events_received":1,"messages":[],"fbtrace_id":"ATAqYQPRaCCskb5ul0BH4Sd"}
Успешный ответ: {"events_received":1,"messages":[],"fbtrace_id":"AQL2kkEZdgsHEErEDYief5p"}
Успешный ответ: {"events_received":1,"messages":[],"fbtrace_id":"AYTqoCdnoQXEGgBaFBLhiwb"}
Успешный ответ: {"events_received":1,"messages":[],"fbtrace_id":"A0vOKU7KkElJ-Hhm1LcNkoK"}
Успешный ответ: {"events_received":1,"messages":[],"fbtrace_id":"AcU6E-YsIfTQbN-MFQp-n97"}
Успешный ответ: {"events_received":1,"messages":[],"fbtrace_id":"Aop7u2XmuRXBPEMB7kStgyK"}
Успешный ответ: {"events_received":1,"messages":[],"fbtrace_id":"Ak8B7O3RaBxZqV8mqBArKqR"}
Успешный ответ: {"events_received":1,"messages":[],"fbtrace_id":"A1KZyKw8cTq954vnEgWEaJa"}
Успешный ответ: {"events_received":1,"messages":[],"fbtrace_id":"AwPuNV8AhDqPaL6XmXO4Ngz"}
Успешный ответ: {"events_received":1,"messages":[],"fbtrace_id":"A7-3o-OPHWz6r9KR9CJuYgw"}
Успешный ответ: {"events_received":1,"messages":[],"fbtrace_id":"AO1cErSYwa-JE4n3eINNH-n"}
Успешный ответ: {"events_received":1,"messages":[],"fbtrace_id":"A5D9NGcIw0fqGXc-U9ZQjyh"}
Успешный ответ: {"events_received":1,"messages":[],"fbtrace_id":"ArqvJPxOT584k_vkhTYvgx0"}
Успешный ответ: {"events_received":1,"messages":[],"fbtrace_id":"Ah_y13wQTISsKCxZfliOvaA"}
Успешный ответ: {"events_received":1,"messages":[],"fbtrace_id":"AInipjWVwDN6Ov_D7_0zQuz"}
Успешный ответ: {"events_received":1,"messages":[],"fbtrace_id":"AepAQMH4dq4zLEpPsn3qTFw"}
Успешный ответ: {"events_received":1,"messages":[],"fbtrace_id":"AOT-gardsADTbUjWEM5V73C"}
Успешный ответ: {"events_received":1,"messages":[],"fbtrace_id":"Aut2FKEsZOwJdfmt0_JArJu"}
Успешный ответ: {"events_received":1,"messages":[],"fbtrace_id":"Afp8DowiLsq7DrIun85EfCs"}
Успешный ответ: {"events_received":1,"messages":[],"fbtrace_id":"Av6RgaMxxor1TElpbYMTmwd"}
Успешный ответ: {"events_received":1,"messages":[],"fbtrace_id":"AHfETGdKx_XsbcQdWSc3yPV"}
Успешный ответ: {"events_received":1,"messages":[],"fbtrace_id":"A3pxqAFaCOHpztOAl8fHq6P"}
Успешный ответ: {"events_received":1,"messages":[],"fbtrace_id":"AfB9XfRFSTXMb9nhZHwCUdM"}
Успешный ответ: {"events_received":1,"messages":[],"fbtrace_id":"Aa7D3E0igP-_GIczAn_xXBE"}
Успешный ответ: {"events_received":1,"messages":[],"fbtrace_id":"ApgLFFn5m-JgCjAg6S1ccng"}
Успешный ответ: {"events_received":1,"messages":[],"fbtrace_id":"AJre3UmsJCQ1dSzQfBpqHXu"}
Успешный ответ: {"events_received":1,"messages":[],"fbtrace_id":"Ai-nDQe4VuCA1LgDbbKZNLq"}
Успешный ответ: {"events_received":1,"messages":[],"fbtrace_id":"AVJy5qGjcmpIIBVMCBr9muV"}
Успешный ответ: {"events_received":1,"messages":[],"fbtrace_id":"AgvGZcs3l_aAerdWZTX5UPp"}
Успешный ответ: {"events_received":1,"messages":[],"fbtrace_id":"A6nVUrWVgjdU55vWyCOq771"}
Успешный ответ: {"events_received":1,"messages":[],"fbtrace_id":"ApMTDp_tCm_IXjUTSE4wuCP"}
Успешный ответ: {"events_received":1,"messages":[],"fbtrace_id":"ADPBlTB6dIij6mhhHKmWffe"}
Успешный ответ: {"events_received":1,"messages":[],"fbtrace_id":"AljKgQtnnLaIS_Jxf1HVg-A"}
Успешный ответ: {"events_received":1,"messages":[],"fbtrace_id":"AHF0Ge3LZhifYXkqkN-p32F"}
Успешный ответ: {"events_received":1,"messages":[],"fbtrace_id":"A1L5kqcBBKy-v4qqEYnAM04"}
Успешный ответ: {"events_received":1,"messages":[],"fbtrace_id":"A9W6Lgy6_QfVQW34T7209HP"}
Успешный ответ: {"events_received":1,"messages":[],"fbtrace_id":"AShGyBAKO8cqFHa-BKo7s8a"}
Успешный ответ: {"events_received":1,"messages":[],"fbtrace_id":"A13hfJZVvBJkzDIzRA3GeT-"}
Успешный ответ: {"events_received":1,"messages":[],"fbtrace_id":"A0rF4yP5ggqxlldUclbxA55"}
Успешный ответ: {"events_received":1,"messages":[],"fbtrace_id":"AUIOS4tc7swyOLzBl3J3hET"}
Успешный ответ: {"events_received":1,"messages":[],"fbtrace_id":"AXirXZdZ1vwkX1lhMf79r2o"}
Успешный ответ: {"events_received":1,"messages":[],"fbtrace_id":"AKCCJYXlJ6bW3w2ijj22qb2"}
Успешный ответ: {"events_received":1,"messages":[],"fbtrace_id":"A6K99wQxzcqrVsMEAH08hw7"}
Успешный ответ: {"events_received":1,"messages":[],"fbtrace_id":"AnkD45WuUazqy3DHyGcCMKH"}
Успешный ответ: {"events_received":1,"messages":[],"fbtrace_id":"AFs866P23w-Y2IM_jPre1Wl"}
Успешный ответ: {"events_received":1,"messages":[],"fbtrace_id":"A_bLshxMB18paU3tK0h56YT"}
Успешный ответ: {"events_received":1,"messages":[],"fbtrace_id":"ALc7KtgqAmbRHNUlYxT_bFr"}
Успешный ответ: {"events_received":1,"messages":[],"fbtrace_id":"AExxi8SBWEGKW0sD2Dg1VBw"}
Успешный ответ: {"events_received":1,"messages":[],"fbtrace_id":"A76ECmvAIrLDFMvQhaxjyQl"}
Успешный ответ: {"events_received":1,"messages":[],"fbtrace_id":"Avjb__ymn6jI_DENfBZZsZh"}
Успешный ответ: {"events_received":1,"messages":[],"fbtrace_id":"AnQ-rrNs9N_x547M70A86Cy"}
Успешный ответ: {"events_received":1,"messages":[],"fbtrace_id":"AcEK2wbHWWh0YBPkPaC3YEo"}
Успешный ответ: {"events_received":1,"messages":[],"fbtrace_id":"AML5gP33kWJFh10rDnjyxaF"}
Успешный ответ: {"events_received":1,"messages":[],"fbtrace_id":"AsvuhajWVeCUcmeNO-PTi2h"}
Успешный ответ: {"events_received":1,"messages":[],"fbtrace_id":"AqXKLLshv6Ij2tgqfbBnziu"}
Успешный ответ: {"events_received":1,"messages":[],"fbtrace_id":"Av2xJzqaod7s2Riq9TfHqeY"}
Успешный ответ: {"events_received":1,"messages":[],"fbtrace_id":"A_V9fNtmAit5ftIbcgA6u7H"}
Успешный ответ: {"events_received":1,"messages":[],"fbtrace_id":"AN8_XkDc--YC2yJoIGwbTgQ"}
Успешный ответ: {"events_received":1,"messages":[],"fbtrace_id":"AotoJmWQwawdYRgsDNQOjaz"}
Успешный ответ: {"events_received":1,"messages":[],"fbtrace_id":"AxF9wprWdoU37cRD2R6aW5U"}
Успешный ответ: {"events_received":1,"messages":[],"fbtrace_id":"Axksd-ydnSFKQQMr1LuUnL8"}
Успешный ответ: {"events_received":1,"messages":[],"fbtrace_id":"AufJoOiBe8ZvtKZJwy8ohqU"}
Успешный ответ: {"events_received":1,"messages":[],"fbtrace_id":"AkVYvOl1hrARgyPgk-X4U8l"}
Успешный ответ: {"events_received":1,"messages":[],"fbtrace_id":"ALXeoNlLlQRTvH81HvdcO81"}
Успешный ответ: {"events_received":1,"messages":[],"fbtrace_id":"AnBK-IJkRiRGL4LRPYvWy7B"}
Успешный ответ: {"events_received":1,"messages":[],"fbtrace_id":"AVn5r18IVd1_t7ON7tpFx1W"}
Успешный ответ: {"events_received":1,"messages":[],"fbtrace_id":"AUMHJk-bANUoFvkqg19ULkj"}
Успешный ответ: {"events_received":1,"messages":[],"fbtrace_id":"Af5aV341sMS3NIFonTMzT4t"}
Успешный ответ: {"events_received":1,"messages":[],"fbtrace_id":"AndxsfTp9tL6Qfl8hlFcs8w"}
Успешный ответ: {"events_received":1,"messages":[],"fbtrace_id":"AYoV99A4IYngwuH3aQRFSbP"}
Успешный ответ: {"events_received":1,"messages":[],"fbtrace_id":"ATX0s9eKMsePTxo-E58dsyO"}
Успешный ответ: {"events_received":1,"messages":[],"fbtrace_id":"AEPYgz2GFrUmjplwEsoVf2x"}
Успешный ответ: {"events_received":1,"messages":[],"fbtrace_id":"AoqlI-8-_U_VqLajzH2TZ_p"}
Успешный ответ: {"events_received":1,"messages":[],"fbtrace_id":"AiIfzRowICNOgqQYIW5Zz8u"}
Успешный ответ: {"events_received":1,"messages":[],"fbtrace_id":"A23NCMpKFRUgN92tu70C0uP"}
Успешный ответ: {"events_received":1,"messages":[],"fbtrace_id":"AeavrGd8X6343ALuRR-178C"}
Успешный ответ: {"events_received":1,"messages":[],"fbtrace_id":"A12c75jYnHPWI5kCn1qyggp"}
Успешный ответ: {"events_received":1,"messages":[],"fbtrace_id":"AIYlfsFkWwIzVsesMW7uQwP"}
Успешный ответ: {"events_received":1,"messages":[],"fbtrace_id":"AWGR2KYpJGJdjj3sxa6dwcL"}
Успешный ответ: {"events_received":1,"messages":[],"fbtrace_id":"AXlfPnRmFt4aqNlAckxUCwt"}
Успешный ответ: {"events_received":1,"messages":[],"fbtrace_id":"AK9K37jW6ZJUsoAwTnFkC3w"}
Успешный ответ: {"events_received":1,"messages":[],"fbtrace_id":"A4LRAaUwkmlth6nN93QGV-S"}
Успешный ответ: {"events_received":1,"messages":[],"fbtrace_id":"AjEFFL5SKexk3KL5bWY5NXZ"}
Успешный ответ: {"events_received":1,"messages":[],"fbtrace_id":"A6sx9Scc_A5ikkM40WGH2CA"}
Успешный ответ: {"events_received":1,"messages":[],"fbtrace_id":"AxXe5NYZNVK84_Q0iqf3aNR"}
Успешный ответ: {"events_received":1,"messages":[],"fbtrace_id":"AsmD5VY41DHW4i7LyMOecQV"}
Успешный ответ: {"events_received":1,"messages":[],"fbtrace_id":"A1uH2GvimO7BgZpq_h7IIvn"}
Успешный ответ: {"events_received":1,"messages":[],"fbtrace_id":"A4fj-h4YBjpvWJlrm9z3zW3"}
Успешный ответ: {"events_received":1,"messages":[],"fbtrace_id":"ApzmkaHCL0PTVVSB3ur_af9"}
Успешный ответ: {"events_received":1,"messages":[],"fbtrace_id":"AmMkkEpNn9uRH81Y10jIVu8"}
Успешный ответ: {"events_received":1,"messages":[],"fbtrace_id":"AzrXiYWcfOMk1lXq0GDzTZW"}
Успешный ответ: {"events_received":1,"messages":[],"fbtrace_id":"A1piMIK0ZA3SszWq5puVIyj"}
Успешный ответ: {"events_received":1,"messages":[],"fbtrace_id":"ALm1ABWY-vMHTjs1terhH3Y"}
Успешный ответ: {"events_received":1,"messages":[],"fbtrace_id":"AOr9btxBJQqo7Lw4_AjRSp2"}
Успешный ответ: {"events_received":1,"messages":[],"fbtrace_id":"AYQUdAFWZE6Mpz8oMpG0nI3"}
Успешный ответ: {"events_received":1,"messages":[],"fbtrace_id":"AE9yYluEhby50bhALcTa1U2"}
Успешный ответ: {"events_received":1,"messages":[],"fbtrace_id":"AM00YwcZ3LIayYRoADdw9nA"}
Успешный ответ: {"events_received":1,"messages":[],"fbtrace_id":"AktclUoQs4ayDBgTXjcKQk8"}
Успешный ответ: {"events_received":1,"messages":[],"fbtrace_id":"AbCPtjhzL0BzRuDPAM4jlCH"}
Успешный ответ: {"events_received":1,"messages":[],"fbtrace_id":"ATNFEQR_d7yaEE9zHRjYsb4"}
Успешный ответ: {"events_received":1,"messages":[],"fbtrace_id":"Ayqs6tcoDkj2wVlcNt1yuaZ"}
Успешный ответ: {"events_received":1,"messages":[],"fbtrace_id":"A8Bj3kMOq2DRKZCJ3eXTe52"}
Успешный ответ: {"events_received":1,"messages":[],"fbtrace_id":"AFbn2HbyxCgoBo7mdhZ-qhZ"}
Успешный ответ: {"events_received":1,"messages":[],"fbtrace_id":"AAuUqmK5b7ZDmJFeA_8qP5f"}
Успешный ответ: {"events_received":1,"messages":[],"fbtrace_id":"AxVznrLMLdk4wLF1T6fmuIV"}
Успешный ответ: {"events_received":1,"messages":[],"fbtrace_id":"A6AeIJbHWKiJ34u-nXhE9gj"}
Успешный ответ: {"events_received":1,"messages":[],"fbtrace_id":"AE-TY4X_M9txra3ePmN-Yjp"}
Успешный ответ: {"events_received":1,"messages":[],"fbtrace_id":"ARQP6aCcwWQP24PbGp_-Ykj"}
Успешный ответ: {"events_received":1,"messages":[],"fbtrace_id":"A1_mj3Z2Q91bu0G2K7JdGHa"}
Успешный ответ: {"events_received":1,"messages":[],"fbtrace_id":"AzX0SdJK90d83aUvIrj1VaV"}
Успешный ответ: {"events_received":1,"messages":[],"fbtrace_id":"AH8zlSfRzGTBi0H-_PmqibS"}
Успешный ответ: {"events_received":1,"messages":[],"fbtrace_id":"A8wqPoP3wZoFoEoPR5aov4g"}
Успешный ответ: {"events_received":1,"messages":[],"fbtrace_id":"AaIivBlcD0iz9nhZ8B7z0Eb"}
Успешный ответ: {"events_received":1,"messages":[],"fbtrace_id":"AVRiZJU5I6yLhaYk7ZB0XH7"}
Успешный ответ: {"events_received":1,"messages":[],"fbtrace_id":"AsDTh6DrH993CZMy-A-V7YS"}
Успешный ответ: {"events_received":1,"messages":[],"fbtrace_id":"A_gmfuIXoEBtgyYV_0bTugU"}
Успешный ответ: {"events_received":1,"messages":[],"fbtrace_id":"AHruTSj0cQMhdtK5cksxtWJ"}
Успешный ответ: {"events_received":1,"messages":[],"fbtrace_id":"A7avRi-gnGLgO4rKKz6hxMM"}
Успешный ответ: {"events_received":1,"messages":[],"fbtrace_id":"AhyE5MWS0d66CsqQSF1AICe"}
Успешный ответ: {"events_received":1,"messages":[],"fbtrace_id":"AYTOqqibVp_AAtQS1HX6OiD"}
Успешный ответ: {"events_received":1,"messages":[],"fbtrace_id":"A1rS2LgAO_pm-uBDzzTWCUD"}
Успешный ответ: {"events_received":1,"messages":[],"fbtrace_id":"AybydjkhXARLpy0k8R3ZzP6"}
Успешный ответ: {"events_received":1,"messages":[],"fbtrace_id":"A0y3A4zokyedrEAfuixrps1"}
Успешный ответ: {"events_received":1,"messages":[],"fbtrace_id":"As_dspHl7bUVIj0lz0aGd1O"}
Успешный ответ: {"events_received":1,"messages":[],"fbtrace_id":"A99qF26g-A2CBTcWfCmCguI"}
Успешный ответ: {"events_received":1,"messages":[],"fbtrace_id":"A0BN_zXMbpbuFU6KcOmm1j3"}
Успешный ответ: {"events_received":1,"messages":[],"fbtrace_id":"AlkXUpRtUXFexFrjYpH2Ubi"}
Успешный ответ: {"events_received":1,"messages":[],"fbtrace_id":"AZLR1nDZJE1j-HaB4etSynP"}
Успешный ответ: {"events_received":1,"messages":[],"fbtrace_id":"Ae23VQ9BEvnAMPNVAKBwt13"}
Успешный ответ: {"events_received":1,"messages":[],"fbtrace_id":"AtbY8tOe64Gont6UCKNYt0D"}
Успешный ответ: {"events_received":1,"messages":[],"fbtrace_id":"AeNul-Z4lcDeer6AzlvaV3u"}
Успешный ответ: {"events_received":1,"messages":[],"fbtrace_id":"AABmTYexrmWIBCa-O4HVoRT"}
Успешный ответ: {"events_received":1,"messages":[],"fbtrace_id":"ANkozf_wZE0dzqqL8VUQiLJ"}
Успешный ответ: {"events_received":1,"messages":[],"fbtrace_id":"AkDPNi_77_IjlpEnl6lFp5f"}
Успешный ответ: {"events_received":1,"messages":[],"fbtrace_id":"A2AZxBmKjFpRrkRiU0xO6GZ"}
Успешный ответ: {"events_received":1,"messages":[],"fbtrace_id":"A74pMgH3xbQN1eSOthvXfqc"}
Успешный ответ: {"events_received":1,"messages":[],"fbtrace_id":"AOx9wlnFSPO-PRi-F_kCeQl"}
Успешный ответ: {"events_received":1,"messages":[],"fbtrace_id":"ARRplPrttzT4NxHqBp-4Vi9"}
Успешный ответ: {"events_received":1,"messages":[],"fbtrace_id":"AaBGlv5ti6wjngznu2eOcWp"}
Успешный ответ: {"events_received":1,"messages":[],"fbtrace_id":"AFMeeLI3Zz3ekEnwSs4uybZ"}
Успешный ответ: {"events_received":1,"messages":[],"fbtrace_id":"AiXfuHwetkfN06uYTcnW1lH"}
Успешный ответ: {"events_received":1,"messages":[],"fbtrace_id":"AazUXWzi6jOdM7qE916wmb4"}
Успешный ответ: {"events_received":1,"messages":[],"fbtrace_id":"AaVii_c1sVyl1583I9sPQom"}
Успешный ответ: {"events_received":1,"messages":[],"fbtrace_id":"AeNRZ8XfEMZRBEfu9xEGvJH"}
Успешный ответ: {"events_received":1,"messages":[],"fbtrace_id":"Ae6meZLe0rzN-wSgx8xKHNL"}
Успешный ответ: {"events_received":1,"messages":[],"fbtrace_id":"AC6ivo1LmMC4VXbjBcjbtW6"}
Успешный ответ: {"events_received":1,"messages":[],"fbtrace_id":"A-a0spRPgq30vrFPvWYr4Ui"}
Успешный ответ: {"events_received":1,"messages":[],"fbtrace_id":"Af2tbEQ3TM6HhejFcdpMtwN"}
Успешный ответ: {"events_received":1,"messages":[],"fbtrace_id":"Aals4hPSQ6B01ZJXIFErnKk"}
Успешный ответ: {"events_received":1,"messages":[],"fbtrace_id":"ALTcbCqQWzKQYRiTJJ60Ms_"}
Успешный ответ: {"events_received":1,"messages":[],"fbtrace_id":"AROR_0pDI3tS3vvkJ5NcrQh"}
Успешный ответ: {"events_received":1,"messages":[],"fbtrace_id":"A0JBFnnxZ5AdXmzbMLmS-3E"}
Успешный ответ: {"events_received":1,"messages":[],"fbtrace_id":"AuRQqmrZ2TwYr9iEWe4H8oa"}
Успешный ответ: {"events_received":1,"messages":[],"fbtrace_id":"A4e8TA2RZROuApJnnCr-l_u"}
Успешный ответ: {"events_received":1,"messages":[],"fbtrace_id":"AeXN-3UZs2TTpMA8TD30NBr"}
Успешный ответ: {"events_received":1,"messages":[],"fbtrace_id":"ACfWmnkTC9sAIlG8uLWYC7l"}
Успешный ответ: {"events_received":1,"messages":[],"fbtrace_id":"ASWMkHuZBA_M4F35yl3thzN"}
Успешный ответ: {"events_received":1,"messages":[],"fbtrace_id":"A6ChqIN4J1ROba4UsPEvPJ9"}
Успешный ответ: {"events_received":1,"messages":[],"fbtrace_id":"AKANVruFT1nI2fcqULp5BVE"}
Успешный ответ: {"events_received":1,"messages":[],"fbtrace_id":"AOGklP3UzGWgUAplNyyiP0M"}
Успешный ответ: {"events_received":1,"messages":[],"fbtrace_id":"AiuZ0LRIayDT4Yj404I5pse"}
Успешный ответ: {"events_received":1,"messages":[],"fbtrace_id":"AP4K9H6PF632HTk9hXLczlf"}
Успешный ответ: {"events_received":1,"messages":[],"fbtrace_id":"AH3m2siKceWN_3AKcFnjxx6"}
Успешный ответ: {"events_received":1,"messages":[],"fbtrace_id":"AppZ8ewFb-VZKXhnIFVxF4x"}
Успешный ответ: {"events_received":1,"messages":[],"fbtrace_id":"AcsYepmA_v_saFH14NwPc_t"}
Успешный ответ: {"events_received":1,"messages":[],"fbtrace_id":"ARTbAq4HIrkIdZO0zThqjyX"}
Успешный ответ: {"events_received":1,"messages":[],"fbtrace_id":"AhVOtCzDIHaahudkDxySYS9"}
Успешный ответ: {"events_received":1,"messages":[],"fbtrace_id":"AKqF7FYlu1tOcrNBO8HeClE"}
Успешный ответ: {"events_received":1,"messages":[],"fbtrace_id":"AAgXwTCs_0SZw7BC9-nkZJT"}
Успешный ответ: {"events_received":1,"messages":[],"fbtrace_id":"AICzE0JXniRInNgORA8f4aR"}
Успешный ответ: {"events_received":1,"messages":[],"fbtrace_id":"A8EqRvTtxVoY862vBai4OPx"}
Успешный ответ: {"events_received":1,"messages":[],"fbtrace_id":"AOK6jYuym4cB1ppbz5o7rRR"}
Успешный ответ: {"events_received":1,"messages":[],"fbtrace_id":"AZxHpw6Mt6K4FDf6TUU5WW1"}
Успешный ответ: {"events_received":1,"messages":[],"fbtrace_id":"A7Pz4cebM3HO5q8He2rX0hf"}
Успешный ответ: {"events_received":1,"messages":[],"fbtrace_id":"AXvHxh1Yp2W_KVjwAHYV19Q"}
Успешный ответ: {"events_received":1,"messages":[],"fbtrace_id":"ABg3DJOS1JVH_Tcwo_xRdRD"}
Успешный ответ: {"events_received":1,"messages":[],"fbtrace_id":"AryvTDTyQyqWzvwLVndBdkj"}
Успешный ответ: {"events_received":1,"messages":[],"fbtrace_id":"AjVA9-BoclwnD80Zecj3bc_"}
Успешный ответ: {"events_received":1,"messages":[],"fbtrace_id":"AgUy8XqGR44rZyYA5_7K7a8"}
Успешный ответ: {"events_received":1,"messages":[],"fbtrace_id":"AS8UO_3H1OMU3pCXkLsnMW1"}
Успешный ответ: {"events_received":1,"messages":[],"fbtrace_id":"Amtog8dm465SICMO0Uplbse"}
Успешный ответ: {"events_received":1,"messages":[],"fbtrace_id":"A_i90CVwGpnNbkVICzQFrW6"}
Успешный ответ: {"events_received":1,"messages":[],"fbtrace_id":"As_0qynxH4UkTsRB6qX9ryf"}
Успешный ответ: {"events_received":1,"messages":[],"fbtrace_id":"Awip9L0Oq9CwONXAiNoTe3s"}
Успешный ответ: {"events_received":1,"messages":[],"fbtrace_id":"A1lXsSf0ybJj4c9so6GAUdX"}
Успешный ответ: {"events_received":1,"messages":[],"fbtrace_id":"Au8u2hZAGGZkKKZzkVv2Sqx"}
Успешный ответ: {"events_received":1,"messages":[],"fbtrace_id":"AidxEmRniea5gyRyt51JkCS"}
Успешный ответ: {"events_received":1,"messages":[],"fbtrace_id":"Ad611WNfknIjn7zIZ8-kk9r"}
Успешный ответ: {"events_received":1,"messages":[],"fbtrace_id":"AHvx17gK_X_TKyQs9reIe4N"}
Успешный ответ: {"events_received":1,"messages":[],"fbtrace_id":"AGol5bTJ-X0nZhMqlpiZHla"}
Успешный ответ: {"events_received":1,"messages":[],"fbtrace_id":"ATuSG5Rdx3OfFMAoxbhlSCC"}
Успешный ответ: {"events_received":1,"messages":[],"fbtrace_id":"ADuDG1DHz2u9ezkHuWCDI2z"}
Успешный ответ: {"events_received":1,"messages":[],"fbtrace_id":"AQvRb8fVT2buu1MqjNVmifJ"}
Успешный ответ: {"events_received":1,"messages":[],"fbtrace_id":"AVz9JWhHgMdrweqSFbVSLud"}
Успешный ответ: {"events_received":1,"messages":[],"fbtrace_id":"ANG1NVddSZca7n2OM6H5b43"}
Успешный ответ: {"events_received":1,"messages":[],"fbtrace_id":"A1yIi_WrRZGJL_BXHqOMIWW"}
Успешный ответ: {"events_received":1,"messages":[],"fbtrace_id":"AdtFvgEkVY3v5BK47wxq5t0"}
Успешный ответ: {"events_received":1,"messages":[],"fbtrace_id":"Ac4sKv9-unD7T5S4QS1zk5l"}
Успешный ответ: {"events_received":1,"messages":[],"fbtrace_id":"AqIaUYskjekc2M35zknivJ_"}
Успешный ответ: {"events_received":1,"messages":[],"fbtrace_id":"ASmEgA6xxJtIBBBC-dxBQNy"}
Успешный ответ: {"events_received":1,"messages":[],"fbtrace_id":"AQDI9AvQSXvDMpMYiT7VcVL"}
Успешный ответ: {"events_received":1,"messages":[],"fbtrace_id":"Af_YGzSUbkG05zs0FA7RS_d"}
Успешный ответ: {"events_received":1,"messages":[],"fbtrace_id":"AxisVtyLCudXVpmNXkCRWNo"}
Успешный ответ: {"events_received":1,"messages":[],"fbtrace_id":"AUaChy9DxdGhoeCRvlwXsu9"}
Успешный ответ: {"events_received":1,"messages":[],"fbtrace_id":"AChuGCYxViGZZo9bpuxzIMO"}
Успешный ответ: {"events_received":1,"messages":[],"fbtrace_id":"A2tzhr6xIIjuni4dIYAYm3C"}
Успешный ответ: {"events_received":1,"messages":[],"fbtrace_id":"A5RZV03UKgQyWj9sbcVimyD"}
Успешный ответ: {"events_received":1,"messages":[],"fbtrace_id":"A_CIcl4Zf31wS1a_GlrlJdP"}
Успешный ответ: {"events_received":1,"messages":[],"fbtrace_id":"AxKK4xGtK_ZjaPGMEIMpay-"}
Успешный ответ: {"events_received":1,"messages":[],"fbtrace_id":"AlD59JcKJHQxRzpJh1F0Gjf"}
Успешный ответ: {"events_received":1,"messages":[],"fbtrace_id":"AcjaXW501AJogAkJN7Hsi3i"}
Успешный ответ: {"events_received":1,"messages":[],"fbtrace_id":"AsqCyfJlO-tXs2tHZll21fD"}
Успешный ответ: {"events_received":1,"messages":[],"fbtrace_id":"AiMHnqX2wfKXM93i5a8Ucus"}
Успешный ответ: {"events_received":1,"messages":[],"fbtrace_id":"A7Bl84lTmV3_rDYZhYro3We"}
Успешный ответ: {"events_received":1,"messages":[],"fbtrace_id":"AACIPXg8sFz8F7o9Df-Edc3"}
Успешный ответ: {"events_received":1,"messages":[],"fbtrace_id":"AiAyIs_vEBJi5pWwFS-i1tT"}
Успешный ответ: {"events_received":1,"messages":[],"fbtrace_id":"ARY55X0xy9OXzEugn7df-YY"}
Успешный ответ: {"events_received":1,"messages":[],"fbtrace_id":"AFIIX68OfRbigM9uvICOg_O"}
Успешный ответ: {"events_received":1,"messages":[],"fbtrace_id":"AHrsXIZp6LBiG4Ojy53OKeY"}
Успешный ответ: {"events_received":1,"messages":[],"fbtrace_id":"A_30gkdneJxaeNNxszYy26t"}
Успешный ответ: {"events_received":1,"messages":[],"fbtrace_id":"A4k8v06UyqsRjvhF2J-ySGi"}
Успешный ответ: {"events_received":1,"messages":[],"fbtrace_id":"A1pJXNsuQ3-KkisgDiBnfyG"}
Успешный ответ: {"events_received":1,"messages":[],"fbtrace_id":"AfMqOChWiwfxnHlf4vg6Sew"}
Успешный ответ: {"events_received":1,"messages":[],"fbtrace_id":"AWZhSmSe13vBM8W5regnheJ"}
Успешный ответ: {"events_received":1,"messages":[],"fbtrace_id":"AeB1gdnT1XNel6LgSWYmttT"}
Успешный ответ: {"events_received":1,"messages":[],"fbtrace_id":"Ah9HkxdDT2L9M91M8TEZUI5"}
Успешный ответ: {"events_received":1,"messages":[],"fbtrace_id":"A9kIqOVA4S-iFEjARmb97RC"}
Успешный ответ: {"events_received":1,"messages":[],"fbtrace_id":"Aui5ynquXQY05pnhou9XN07"}
Успешный ответ: {"events_received":1,"messages":[],"fbtrace_id":"AOgR2KJq3W0uHKmiBb1aVEb"}
Успешный ответ: {"events_received":1,"messages":[],"fbtrace_id":"ANYQr6smglQQGFc9pdB1Ua8"}
Успешный ответ: {"events_received":1,"messages":[],"fbtrace_id":"AgT2gUuG01Lm2T7E7wiPiWW"}
Успешный ответ: {"events_received":1,"messages":[],"fbtrace_id":"AUyOg5LVBIKEafSjcEeqlmD"}
Успешный ответ: {"events_received":1,"messages":[],"fbtrace_id":"Axm_PgJUcL7qPvgkl5IEi6H"}
Успешный ответ: {"events_received":1,"messages":[],"fbtrace_id":"AEtgezrMzfZiYkijwKad98o"}
Успешный ответ: {"events_received":1,"messages":[],"fbtrace_id":"A_iP1kjZ0qnGJr9eN8fbsnf"}
Успешный ответ: {"events_received":1,"messages":[],"fbtrace_id":"Afx8wAnCdDq3tWdWb8Zxa06"}
Успешный ответ: {"events_received":1,"messages":[],"fbtrace_id":"ARSIWjSufwHSuK1CNTwgDcn"}
Успешный ответ: {"events_received":1,"messages":[],"fbtrace_id":"A5JSbotEVrFDa0EfNipLrCx"}
Успешный ответ: {"events_received":1,"messages":[],"fbtrace_id":"AJSk0eVZ3vc8tUY0HYw6-FX"}
Успешный ответ: {"events_received":1,"messages":[],"fbtrace_id":"AgxBb-h_XOhKBK-1qv67zvy"}
Успешный ответ: {"events_received":1,"messages":[],"fbtrace_id":"AmbWIPinmKCPUlDXOD9CkWa"}
Успешный ответ: {"events_received":1,"messages":[],"fbtrace_id":"AEX5vmrP-fxdqaorY_8EAmX"}
Успешный ответ: {"events_received":1,"messages":[],"fbtrace_id":"AoU2FpeGusB5BkMWTVdMcRN"}
Успешный ответ: {"events_received":1,"messages":[],"fbtrace_id":"Az3oVggjqQ9tEMTIG3MFK2Y"}
Успешный ответ: {"events_received":1,"messages":[],"fbtrace_id":"AruLQTM5IyKpkWi-24lgIkh"}
Успешный ответ: {"events_received":1,"messages":[],"fbtrace_id":"AsMdItoo54RtAw7ZTrxWL0q"}
Успешный ответ: {"events_received":1,"messages":[],"fbtrace_id":"AFMi6Cfd9miAjCouCYoYYr_"}
Успешный ответ: {"events_received":1,"messages":[],"fbtrace_id":"AdKOQrsqAAdInFf5eULEYJS"}
Успешный ответ: {"events_received":1,"messages":[],"fbtrace_id":"APX4jmuto6ETWnDBQa9VDwP"}
Успешный ответ: {"events_received":1,"messages":[],"fbtrace_id":"AyM9NsrSEfqcjSxXDMtBXc7"}
Успешный ответ: {"events_received":1,"messages":[],"fbtrace_id":"AKE_3M8LsZi3bgIhDfiBW26"}
Успешный ответ: {"events_received":1,"messages":[],"fbtrace_id":"A_YLRgOlfoW04JsVSzY1ax0"}
Успешный ответ: {"events_received":1,"messages":[],"fbtrace_id":"AyfLJcVXeGeBzd5Kn-QquXs"}
Успешный ответ: {"events_received":1,"messages":[],"fbtrace_id":"AcxB7_LpczC-lCp3zpW8RB8"}
Успешный ответ: {"events_received":1,"messages":[],"fbtrace_id":"A4RNM_x_9WQ7VIbj3W103I8"}
Успешный ответ: {"events_received":1,"messages":[],"fbtrace_id":"A0cBY43T7M-ESpPiXH1wYig"}
Успешный ответ: {"events_received":1,"messages":[],"fbtrace_id":"AbonhlLeuSm6WtbvMS9v4K9"}
Успешный ответ: {"events_received":1,"messages":[],"fbtrace_id":"AMYbfcTrZj-RRtwU_hsR3Gs"}
Успешный ответ: {"events_received":1,"messages":[],"fbtrace_id":"AbdYJqAnI6Dnw11p4UJaXvV"}
Успешный ответ: {"events_received":1,"messages":[],"fbtrace_id":"A4eaSiIvHzNNW9pWXzkRUkL"}
Успешный ответ: {"events_received":1,"messages":[],"fbtrace_id":"AIegUI8X_nlnxGFRUaDbA-C"}
Успешный ответ: {"events_received":1,"messages":[],"fbtrace_id":"A-P4zvwVi5cjCC_36ov0tp6"}
Успешный ответ: {"events_received":1,"messages":[],"fbtrace_id":"AL-ObvSR9Q1E7RpeDUBanWr"}
Успешный ответ: {"events_received":1,"messages":[],"fbtrace_id":"A3bQjmC0IdVRE7D8Qjbrtsf"}
Успешный ответ: {"events_received":1,"messages":[],"fbtrace_id":"AEHb0Lkw1n1h_0NME5iWTVv"}
Успешный ответ: {"events_received":1,"messages":[],"fbtrace_id":"AgasroHhTadUmFWLH0x5w7f"}
Успешный ответ: {"events_received":1,"messages":[],"fbtrace_id":"AWEA56RVGs3K2ZsVJlAC0Yf"}
Успешный ответ: {"events_received":1,"messages":[],"fbtrace_id":"A3eu19hVt8v6jch7WEkKC_g"}
Успешный ответ: {"events_received":1,"messages":[],"fbtrace_id":"A3RpnmEKYAZaqiQAEYD4yWa"}
Успешный ответ: {"events_received":1,"messages":[],"fbtrace_id":"AdlKXWhomTaUnUzFnfITvp2"}
Успешный ответ: {"events_received":1,"messages":[],"fbtrace_id":"A-P4pcweIni8tT5Odkyaqnn"}
Успешный ответ: {"events_received":1,"messages":[],"fbtrace_id":"ALSHN-sdbc9Sn41Ksffgnff"}
Успешный ответ: {"events_received":1,"messages":[],"fbtrace_id":"AhrOsnythzyaAfOfOZq3s0U"}
Успешный ответ: {"events_received":1,"messages":[],"fbtrace_id":"A7xcoQQk93jLauJu6asPuh_"}
Успешный ответ: {"events_received":1,"messages":[],"fbtrace_id":"AuEPjo_0aWu-a4ytQgRqhg8"}
Успешный ответ: {"events_received":1,"messages":[],"fbtrace_id":"AS_tamNaDDugeoiUN29XNxP"}
Успешный ответ: {"events_received":1,"messages":[],"fbtrace_id":"Aoez4FOcJdUn3E9rpNQ2PuH"}
Успешный ответ: {"events_received":1,"messages":[],"fbtrace_id":"At43KqQ56OtW7Pt_296czzb"}
Успешный ответ: {"events_received":1,"messages":[],"fbtrace_id":"AZnczsTez8FjRA73q12rxQy"}
Успешный ответ: {"events_received":1,"messages":[],"fbtrace_id":"AsXgu1CwQLveEtJZYYlzb_i"}
Успешный ответ: {"events_received":1,"messages":[],"fbtrace_id":"AOA8IFAlIZ1GUfcv-6KMY2x"}
Успешный ответ: {"events_received":1,"messages":[],"fbtrace_id":"AWduEfxhyuDgexRRYBPisag"}
Успешный ответ: {"events_received":1,"messages":[],"fbtrace_id":"A2tl6ZDm5ldB4e2jFvzT7UZ"}
Успешный ответ: {"events_received":1,"messages":[],"fbtrace_id":"ABgmuhDmdESvh4aYUke3fQK"}
Успешный ответ: {"events_received":1,"messages":[],"fbtrace_id":"AIM0NA400GNuFlzq7GARZZM"}
Успешный ответ: {"events_received":1,"messages":[],"fbtrace_id":"Ax6ru_y0FbgNtFu7MQpDH52"}
Успешный ответ: {"events_received":1,"messages":[],"fbtrace_id":"A9tUwluniNeGIKHW4Q58bCq"}
Успешный ответ: {"events_received":1,"messages":[],"fbtrace_id":"ASlkVL2Qr_W_SRQiPE2xN5t"}
Успешный ответ: {"events_received":1,"messages":[],"fbtrace_id":"A5cPVl1bTnZ7jTtUaaxcInn"}
Успешный ответ: {"events_received":1,"messages":[],"fbtrace_id":"AURydIY9-h2LqPIRGB1GWQ-"}
Успешный ответ: {"events_received":1,"messages":[],"fbtrace_id":"Ah79F8cyUeZNJ4_AhHCPYh_"}
Успешный ответ: {"events_received":1,"messages":[],"fbtrace_id":"Axf7TH4AxVH99ZYNJ6NaaAq"}
Успешный ответ: {"events_received":1,"messages":[],"fbtrace_id":"AheSQt410IO2SP8Vosi1NT4"}
Успешный ответ: {"events_received":1,"messages":[],"fbtrace_id":"AYSUzFv1UPjHxC0VprO9xa7"}
Успешный ответ: {"events_received":1,"messages":[],"fbtrace_id":"A341KHGMudhdLZqFekj_D2B"}
Успешный ответ: {"events_received":1,"messages":[],"fbtrace_id":"Av0gq_QyV5oE5bn6VgtkOA1"}
Успешный ответ: {"events_received":1,"messages":[],"fbtrace_id":"AkYBvUX_fxsSdn4B4f2EHzm"}
Успешный ответ: {"events_received":1,"messages":[],"fbtrace_id":"ATGpkhmUBFFIcuxysD5juj7"}
Успешный ответ: {"events_received":1,"messages":[],"fbtrace_id":"AVyUhxJNRcqv8E5Wekh3iCq"}
Успешный ответ: {"events_received":1,"messages":[],"fbtrace_id":"AbWk-PU1c2aFbtVnRWzlWM5"}
Успешный ответ: {"events_received":1,"messages":[],"fbtrace_id":"AKYC1O_tmsJAVnX4n5Yo_rn"}
Успешный ответ: {"events_received":1,"messages":[],"fbtrace_id":"AIuqBTmVFQ3KTGsU3wZHr5e"}
Успешный ответ: {"events_received":1,"messages":[],"fbtrace_id":"Al4a3cvSTOpyRkzUHEAh8c1"}
Успешный ответ: {"events_received":1,"messages":[],"fbtrace_id":"AomcwipaxfrTqGAuJmbLAfZ"}
Успешный ответ: {"events_received":1,"messages":[],"fbtrace_id":"ACfwBcEYuK_0P2jQA9S70x9"}
Успешный ответ: {"events_received":1,"messages":[],"fbtrace_id":"A8vLz82z_FfKs4OaZWo8rbk"}
Успешный ответ: {"events_received":1,"messages":[],"fbtrace_id":"AXmMEfv4eqIqrwaRCXhaxnL"}
Успешный ответ: {"events_received":1,"messages":[],"fbtrace_id":"AkZ9v53PHAm9XTrgYsNCx2a"}
Успешный ответ: {"events_received":1,"messages":[],"fbtrace_id":"A-dfQ9cYI_cFrmEq6T9NuDJ"}
Успешный ответ: {"events_received":1,"messages":[],"fbtrace_id":"ABmDznXhYDqPcSotkHObIOO"}
Успешный ответ: {"events_received":1,"messages":[],"fbtrace_id":"A1aJja8BjeVQlzCCvHCzXzt"}
Успешный ответ: {"events_received":1,"messages":[],"fbtrace_id":"AIgfF_1ZqzVaYZoYBmCFr3o"}
Успешный ответ: {"events_received":1,"messages":[],"fbtrace_id":"Aueb8VbcXU25F_yTgoaK-84"}
Успешный ответ: {"events_received":1,"messages":[],"fbtrace_id":"AWb-Z-AN289fecBkfdTA7yu"}
Успешный ответ: {"events_received":1,"messages":[],"fbtrace_id":"A1x1N3pWQ3M3aIuG_XmfYV-"}
Успешный ответ: {"events_received":1,"messages":[],"fbtrace_id":"Acs61tM557kJuYgSWnSRVVQ"}
Успешный ответ: {"events_received":1,"messages":[],"fbtrace_id":"AWRpxR59bHqkbFZWwV_eiyJ"}
Успешный ответ: {"events_received":1,"messages":[],"fbtrace_id":"AXA1tvO6PbBopm_hmskSyZj"}
Успешный ответ: {"events_received":1,"messages":[],"fbtrace_id":"AAJXlg4OonQXi6xU0mWxh8Q"}
Успешный ответ: {"events_received":1,"messages":[],"fbtrace_id":"AQB2nM86TDlljWn22samVEb"}
Успешный ответ: {"events_received":1,"messages":[],"fbtrace_id":"ADwG9tuVAZbrGmGmmaSU_gi"}
Успешный ответ: {"events_received":1,"messages":[],"fbtrace_id":"AJzDNSsKnbUZeWD-m58xGlF"}
Успешный ответ: {"events_received":1,"messages":[],"fbtrace_id":"Ag1ni-Ulpeq7bY8UF2zS4aH"}
Успешный ответ: {"events_received":1,"messages":[],"fbtrace_id":"AYphj8wqzJ0HIgBvHSSjpdY"}
Успешный ответ: {"events_received":1,"messages":[],"fbtrace_id":"AHzXNzwa5TkY0qOIvwhTZIz"}
Успешный ответ: {"events_received":1,"messages":[],"fbtrace_id":"Am_K2m1wBVkatYbvUcATbG9"}
Успешный ответ: {"events_received":1,"messages":[],"fbtrace_id":"ADepW4F-GhAmHYBmiuzmRDK"}
Успешный ответ: {"events_received":1,"messages":[],"fbtrace_id":"A4NlJ4w0O3cXUxtXx0gVecI"}
Успешный ответ: {"events_received":1,"messages":[],"fbtrace_id":"AHxVKwUlYFGlhffIw3vLfRs"}
Успешный ответ: {"events_received":1,"messages":[],"fbtrace_id":"Ag8CTbwWD-aeaF6G0MBNiUP"}
Успешный ответ: {"events_received":1,"messages":[],"fbtrace_id":"A16jTyCzhr1Uv_jpBRLMjGj"}
Успешный ответ: {"events_received":1,"messages":[],"fbtrace_id":"Ah58ZaPqdasXU-A0po8xGQC"}
Успешный ответ: {"events_received":1,"messages":[],"fbtrace_id":"ARCpVtDMCUWfkbXReB4ecvr"}
Успешный ответ: {"events_received":1,"messages":[],"fbtrace_id":"AXWkp4_oM_GQtMIC7Q4gZX1"}
Успешный ответ: {"events_received":1,"messages":[],"fbtrace_id":"AOe0cp-F0bZQ8ZU16RvqLI7"}
Успешный ответ: {"events_received":1,"messages":[],"fbtrace_id":"AFMWyUcqv2K7TrCMyVOO-Xz"}
Успешный ответ: {"events_received":1,"messages":[],"fbtrace_id":"A6_GNFhUdz0JQnk6I9T8D70"}
Успешный ответ: {"events_received":1,"messages":[],"fbtrace_id":"AhXwm_D_kimKKRCC9kk2wrD"}
Успешный ответ: {"events_received":1,"messages":[],"fbtrace_id":"ABOc9eVW8MTSOBqvd6fmh4u"}
Успешный ответ: {"events_received":1,"messages":[],"fbtrace_id":"Aa1tmVzQP-4PGJ7PObvFdqd"}
Успешный ответ: {"events_received":1,"messages":[],"fbtrace_id":"AmeA6hD2yiTRpPP5Us4laWx"}
Успешный ответ: {"events_received":1,"messages":[],"fbtrace_id":"ALfobtazVtshkYnfA-UCMc_"}
Успешный ответ: {"events_received":1,"messages":[],"fbtrace_id":"AjB1oifH8tI0SuLLk4bV2MC"}
Успешный ответ: {"events_received":1,"messages":[],"fbtrace_id":"AXvtrhAh6ZxSQys9Y6D-2M9"}
Успешный ответ: {"events_received":1,"messages":[],"fbtrace_id":"AGWNrAruudLhjwcqVvhXxHD"}
Успешный ответ: {"events_received":1,"messages":[],"fbtrace_id":"A6fafWhwU-OJzb9Jv3yYPPK"}
Успешный ответ: {"events_received":1,"messages":[],"fbtrace_id":"Ao-SKyYvIq2-UBpcXw1JFFy"}
Успешный ответ: {"events_received":1,"messages":[],"fbtrace_id":"Aeu_W3hINa56Im-aWEMAJIk"}
Успешный ответ: {"events_received":1,"messages":[],"fbtrace_id":"AdyBaKyhhOUM5_KGUQrgCBH"}
Успешный ответ: {"events_received":1,"messages":[],"fbtrace_id":"AZHO1WtHgsndcm1amUAVdrb"}
Успешный ответ: {"events_received":1,"messages":[],"fbtrace_id":"A2LtFEQT2dTumKO90beCBnh"}
Успешный ответ: {"events_received":1,"messages":[],"fbtrace_id":"AiQVeAchjSKODKvQ1VXGP9E"}
Успешный ответ: {"events_received":1,"messages":[],"fbtrace_id":"A-_HbAa9hKTw3XNcdtqcGUv"}
Успешный ответ: {"events_received":1,"messages":[],"fbtrace_id":"A9zvM2oOM8GgC3Fss2UvXoo"}
Успешный ответ: {"events_received":1,"messages":[],"fbtrace_id":"A3EGPNtbOSe4WaREHNvyKc-"}
Успешный ответ: {"events_received":1,"messages":[],"fbtrace_id":"AEdzP8BERq0i4riNQsudS9d"}
Успешный ответ: {"events_received":1,"messages":[],"fbtrace_id":"AAzKar71iOZubhbVrCP8QKo"}
Успешный ответ: {"events_received":1,"messages":[],"fbtrace_id":"ABQfuzDyj8KeL9Brql-h2O5"}
Успешный ответ: {"events_received":1,"messages":[],"fbtrace_id":"AphEsxBmU8ZITSS9APmcR3P"}
Успешный ответ: {"events_received":1,"messages":[],"fbtrace_id":"Am_iRhpJdKKB_vu7g_mhnZg"}
Успешный ответ: {"events_received":1,"messages":[],"fbtrace_id":"AUDrPNUXRLmu-FPQ3_33ZPW"}
Успешный ответ: {"events_received":1,"messages":[],"fbtrace_id":"A1VZwnbsIp9ZJaLEGeIV4qJ"}
Успешный ответ: {"events_received":1,"messages":[],"fbtrace_id":"A00C5UadQA1Ulv7rdPpEqVi"}
Успешный ответ: {"events_received":1,"messages":[],"fbtrace_id":"Av4SuQHkvAVWzLFFnY1VYqS"}
Успешный ответ: {"events_received":1,"messages":[],"fbtrace_id":"A3MhhApd-R-KUxtMx4oZQ58"}
Успешный ответ: {"events_received":1,"messages":[],"fbtrace_id":"AW94lreUUWeR70uxmT1PLeM"}
Успешный ответ: {"events_received":1,"messages":[],"fbtrace_id":"As7B60T6p4TFXYj84XybiN9"}
Успешный ответ: {"events_received":1,"messages":[],"fbtrace_id":"AHQ2-atL-fEpyKEKGWQwxHk"}
Успешный ответ: {"events_received":1,"messages":[],"fbtrace_id":"AOwhKg_FQNV8lWzeS_dwafH"}
Успешный ответ: {"events_received":1,"messages":[],"fbtrace_id":"ARx5DIuUiKBNzOW6P-flx2E"}
Успешный ответ: {"events_received":1,"messages":[],"fbtrace_id":"A44--cDDHwiD7txBZqUm8as"}
Успешный ответ: {"events_received":1,"messages":[],"fbtrace_id":"Ahfwn5rSv3lo9fejMeyl4rY"}
Успешный ответ: {"events_received":1,"messages":[],"fbtrace_id":"A_tQu-a_aeYUaivakqGPEf8"}
Успешный ответ: {"events_received":1,"messages":[],"fbtrace_id":"APuL-1R2K7xQrYaIQeDn8T2"}
Успешный ответ: {"events_received":1,"messages":[],"fbtrace_id":"A4yqTxWcLj4RgfBvKsobDx0"}
Успешный ответ: {"events_received":1,"messages":[],"fbtrace_id":"A3wcVbr-IUx-OI8hYhoHuDV"}
Успешный ответ: {"events_received":1,"messages":[],"fbtrace_id":"AlvZZAsF-m1iNFk0QEvhQFr"}
Успешный ответ: {"events_received":1,"messages":[],"fbtrace_id":"AMVCt-DI1Q0OkQr0Sim4EXZ"}
Успешный ответ: {"events_received":1,"messages":[],"fbtrace_id":"AtAsCx-fkoQ3D2NfPElnlxl"}
Успешный ответ: {"events_received":1,"messages":[],"fbtrace_id":"A7y872t2YGdKGJQSGe3kxaH"}
Успешный ответ: {"events_received":1,"messages":[],"fbtrace_id":"AuPnVN7JeS54f4IgTE4XUPy"}
Успешный ответ: {"events_received":1,"messages":[],"fbtrace_id":"Ag84maV6pone9HxyeZIWRJ5"}
Успешный ответ: {"events_received":1,"messages":[],"fbtrace_id":"AIBjP7TQEv8zQlkCfDwbUui"}
Успешный ответ: {"events_received":1,"messages":[],"fbtrace_id":"AX1Ec2MrO5EzYTg2Frqvpqc"}
Успешный ответ: {"events_received":1,"messages":[],"fbtrace_id":"AYcZvFyQz2XLhyQLFYMUiyU"}
Успешный ответ: {"events_received":1,"messages":[],"fbtrace_id":"AZLd06bynbIFuLoduBei9pf"}
Успешный ответ: {"events_received":1,"messages":[],"fbtrace_id":"AjidutOSe17Yq46Dt2PRtQe"}
Успешный ответ: {"events_received":1,"messages":[],"fbtrace_id":"ALCpQYQwX1scme_SKV2-oEh"}
Успешный ответ: {"events_received":1,"messages":[],"fbtrace_id":"Ap91podVMos20dI7QGtJAnh"}
Успешный ответ: {"events_received":1,"messages":[],"fbtrace_id":"AyulI2jv3m-7y7tseSqjbc9"}
Успешный ответ: {"events_received":1,"messages":[],"fbtrace_id":"AKAwHvSb8bocXmJHqHnMhb5"}
Успешный ответ: {"events_received":1,"messages":[],"fbtrace_id":"AZVlwffvHHZDFodgJf7Ik63"}
Успешный ответ: {"events_received":1,"messages":[],"fbtrace_id":"Anqh50fmTAHAHhqMXGqpcGz"}
Успешный ответ: {"events_received":1,"messages":[],"fbtrace_id":"Avz3Kr1Hs2P9OVfhHVs117B"}
Успешный ответ: {"events_received":1,"messages":[],"fbtrace_id":"A7tCZRtP9nh_d68C9ExUPSN"}
Успешный ответ: {"events_received":1,"messages":[],"fbtrace_id":"AQ_OY_8xkTlecQZzImMua1I"}
Успешный ответ: {"events_received":1,"messages":[],"fbtrace_id":"AUMSpc7sJU3EZ4bK_N4YhwT"}
Успешный ответ: {"events_received":1,"messages":[],"fbtrace_id":"Avml7GBIWJOTGftbm4ZKmH7"}
Успешный ответ: {"events_received":1,"messages":[],"fbtrace_id":"A4DcnzKoaaRod-6LIJmXBdE"}
Успешный ответ: {"events_received":1,"messages":[],"fbtrace_id":"AcHpp24nsrGTNB7llDnqmrQ"}
Успешный ответ: {"events_received":1,"messages":[],"fbtrace_id":"ALPchWnlCIkvIJT4DrHHjZa"}
Успешный ответ: {"events_received":1,"messages":[],"fbtrace_id":"AxOSWDeBGp02CSgy3nzLdfq"}
Успешный ответ: {"events_received":1,"messages":[],"fbtrace_id":"A9lonmBeJJn0rgZ1PSWcEcK"}
Успешный ответ: {"events_received":1,"messages":[],"fbtrace_id":"APGTBvLF7k6XI-ejaeq37wJ"}
Успешный ответ: {"events_received":1,"messages":[],"fbtrace_id":"A3d0z5qmEkC7mLfDhMWXyu0"}
Успешный ответ: {"events_received":1,"messages":[],"fbtrace_id":"Ao6tYuDk1mm4nzNbGXwTKNz"}
Успешный ответ: {"events_received":1,"messages":[],"fbtrace_id":"ArynhpRWJXSGApPjmqD2n9l"}
Успешный ответ: {"events_received":1,"messages":[],"fbtrace_id":"ARqIcBlFhI-_0TT0PpKODLa"}
Успешный ответ: {"events_received":1,"messages":[],"fbtrace_id":"A72jaDguZ2TIfHJt4ShFRgC"}
Успешный ответ: {"events_received":1,"messages":[],"fbtrace_id":"As7MIprl_Rn8NWZo7pMXVX1"}
Успешный ответ: {"events_received":1,"messages":[],"fbtrace_id":"AJZoQjCV9wFfJ3gw5MDcUQk"}
Успешный ответ: {"events_received":1,"messages":[],"fbtrace_id":"AWuEpTQkjrBPPC8EctShfOf"}
Успешный ответ: {"events_received":1,"messages":[],"fbtrace_id":"A1wmdkAq9NBj9O_KS1JCHWQ"}
Успешный ответ: {"events_received":1,"messages":[],"fbtrace_id":"AjYyK9kHAOmwSsLCHnglsi0"}
Успешный ответ: {"events_received":1,"messages":[],"fbtrace_id":"A0OUZCr2yxJYT3SV7iYcsYF"}
Успешный ответ: {"events_received":1,"messages":[],"fbtrace_id":"AWEoxzQsHGOHDMWo73cNO3m"}
Успешный ответ: {"events_received":1,"messages":[],"fbtrace_id":"APXN3xMXH90-8DfTXm58rR2"}
Успешный ответ: {"events_received":1,"messages":[],"fbtrace_id":"Am-9wEgSyYdn_JjflhNtJAi"}
Успешный ответ: {"events_received":1,"messages":[],"fbtrace_id":"ARjqlLHyOhm9bxFHphzRMn8"}
Успешный ответ: {"events_received":1,"messages":[],"fbtrace_id":"ARoOXPlH0Vq9V4mqBItMvZp"}
Успешный ответ: {"events_received":1,"messages":[],"fbtrace_id":"ANVbXev4zUXBnS15Qjtn40W"}
Успешный ответ: {"events_received":1,"messages":[],"fbtrace_id":"A_sMaxFs931rjhGyYjS0rLz"}
Успешный ответ: {"events_received":1,"messages":[],"fbtrace_id":"Acx5UbcpoPLBSRm3N2nBw-n"}
Успешный ответ: {"events_received":1,"messages":[],"fbtrace_id":"AsecgbKfUydyWOOGY3VvwgV"}
Успешный ответ: {"events_received":1,"messages":[],"fbtrace_id":"A9G9D3b1emiiW8Z4YPo-NI6"}
Успешный ответ: {"events_received":1,"messages":[],"fbtrace_id":"A7RQDLCFsi96oPskAmjo_pe"}
Успешный ответ: {"events_received":1,"messages":[],"fbtrace_id":"AZiPEnd27g4GcDxRSuVMU0X"}
Успешный ответ: {"events_received":1,"messages":[],"fbtrace_id":"A0wqjRfGV15Z97U0ltWn885"}
Успешный ответ: {"events_received":1,"messages":[],"fbtrace_id":"AvOE7KzzyFSARyQy_iHMBrc"}
Успешный ответ: {"events_received":1,"messages":[],"fbtrace_id":"AQEQpULQJSOh7XBrV_HC6xm"}
Успешный ответ: {"events_received":1,"messages":[],"fbtrace_id":"Ab_9mCJmaYgwqxu4yFaPFhS"}
Успешный ответ: {"events_received":1,"messages":[],"fbtrace_id":"Ac0Ite6weLLjnqEc-E3Qo3I"}
Успешный ответ: {"events_received":1,"messages":[],"fbtrace_id":"A6wBlNRTn04oci5bNirwu4w"}
Успешный ответ: {"events_received":1,"messages":[],"fbtrace_id":"ACL2dBHMXRZS2gUvVPWrs2P"}
Успешный ответ: {"events_received":1,"messages":[],"fbtrace_id":"ALlvCdShsoLKevJhDqgncsX"}
Успешный ответ: {"events_received":1,"messages":[],"fbtrace_id":"AIyr6mKg-D-QaXOTePbsYGq"}
Успешный ответ: {"events_received":1,"messages":[],"fbtrace_id":"Ahp03nmTe4qdfABm4-FBX7A"}
Успешный ответ: {"events_received":1,"messages":[],"fbtrace_id":"A11XyeZKJ6U9qaXLXptvRNC"}
Успешный ответ: {"events_received":1,"messages":[],"fbtrace_id":"AdEjQoreO8nvOrd3v_2E6QI"}
Успешный ответ: {"events_received":1,"messages":[],"fbtrace_id":"AtKlOt9YCY0CXHecuoPd-5f"}
Успешный ответ: {"events_received":1,"messages":[],"fbtrace_id":"AS1Im2SM_U26dTAiHUPX6Jc"}
Успешный ответ: {"events_received":1,"messages":[],"fbtrace_id":"AFf272PsHDgowvEjYkmB6u7"}
Успешный ответ: {"events_received":1,"messages":[],"fbtrace_id":"AOaQHFxKEGKJRkKiRwby4YV"}
Успешный ответ: {"events_received":1,"messages":[],"fbtrace_id":"AyFOhTviUuiFAwMPjoknyes"}
Успешный ответ: {"events_received":1,"messages":[],"fbtrace_id":"A_UaGWFSKr9e6jTFlLm7AG9"}
Успешный ответ: {"events_received":1,"messages":[],"fbtrace_id":"AjI92oRBndXYJeOJIee94P5"}
Успешный ответ: {"events_received":1,"messages":[],"fbtrace_id":"AkmqE6D66diuBUDFKDzUc5X"}
Успешный ответ: {"events_received":1,"messages":[],"fbtrace_id":"AXLPPw-gLUaC3TTYW02DnF_"}
Успешный ответ: {"events_received":1,"messages":[],"fbtrace_id":"Ah9nysksWKN0MLk7CZHz6SW"}
Успешный ответ: {"events_received":1,"messages":[],"fbtrace_id":"ANLNE9Q25d39vcw7VxFnd_b"}
Успешный ответ: {"events_received":1,"messages":[],"fbtrace_id":"Ah-QAR5WVQBz7PzrkLxv1CV"}
Успешный ответ: {"events_received":1,"messages":[],"fbtrace_id":"A97n7y-atRNKtAXbMdIZRFj"}
Успешный ответ: {"events_received":1,"messages":[],"fbtrace_id":"AuJ9jWkgOTanobSpkXOQ87N"}
Успешный ответ: {"events_received":1,"messages":[],"fbtrace_id":"AtIHVWziv74iKFB0R_VNV30"}
Успешный ответ: {"events_received":1,"messages":[],"fbtrace_id":"AIJNbqH0cc6fR1PPt1s0G4x"}
Успешный ответ: {"events_received":1,"messages":[],"fbtrace_id":"Azu-jD1X_pFEvnUth683dV-"}
Успешный ответ: {"events_received":1,"messages":[],"fbtrace_id":"AKlZCZ4dd6Nda3VB61WzeEN"}
Успешный ответ: {"events_received":1,"messages":[],"fbtrace_id":"AUSpEYxxuo8j1L2Hh-63AC9"}
Успешный ответ: {"events_received":1,"messages":[],"fbtrace_id":"AkRr_9zO5hWszovOGQA44Wk"}
Успешный ответ: {"events_received":1,"messages":[],"fbtrace_id":"AtLwclvm2ELoAXqoW7Xy49B"}
Успешный ответ: {"events_received":1,"messages":[],"fbtrace_id":"AXIcfhwwChPnbQC2_54FgC9"}
Успешный ответ: {"events_received":1,"messages":[],"fbtrace_id":"AsS2Z2bRvqDg-h48oicQS4p"}
Успешный ответ: {"events_received":1,"messages":[],"fbtrace_id":"AW2zvjx8gsAkKuoopdBq0nv"}
Успешный ответ: {"events_received":1,"messages":[],"fbtrace_id":"A38HKH4MxzpeooH4Zk55nGO"}
Успешный ответ: {"events_received":1,"messages":[],"fbtrace_id":"A-y3tpVCMwAWsv449du-OHC"}
Успешный ответ: {"events_received":1,"messages":[],"fbtrace_id":"ApPJadl_DV-NbIwuDEtwPOn"}
Успешный ответ: {"events_received":1,"messages":[],"fbtrace_id":"AT2KQcdfpeUs-ntqsEPq5At"}
Успешный ответ: {"events_received":1,"messages":[],"fbtrace_id":"AZqzbgiuC9DWsxvFDNXwD1d"}
Успешный ответ: {"events_received":1,"messages":[],"fbtrace_id":"AC0iZOcAwUf0n-hPDbgbx6g"}
Успешный ответ: {"events_received":1,"messages":[],"fbtrace_id":"Ao9eYGs2g0vI3xNkqRHSUei"}
Успешный ответ: {"events_received":1,"messages":[],"fbtrace_id":"AkljoexnzbVaXZJ7YXKqTA1"}
Успешный ответ: {"events_received":1,"messages":[],"fbtrace_id":"AGDPAP5qkdsxJ6qKDsVTmia"}
Успешный ответ: {"events_received":1,"messages":[],"fbtrace_id":"AuBzEIiQht_G9_hIbJGZOKR"}
Успешный ответ: {"events_received":1,"messages":[],"fbtrace_id":"AmFi-N49_pEMnsC52YaN0UZ"}
Успешный ответ: {"events_received":1,"messages":[],"fbtrace_id":"AwxY7Wem6xCGhmCWvLYvq8C"}
Успешный ответ: {"events_received":1,"messages":[],"fbtrace_id":"AHur0AJdYqzXV5G0pxWVMuq"}
Успешный ответ: {"events_received":1,"messages":[],"fbtrace_id":"AuAOooluCfQKG1iYkd5OKN2"}
Успешный ответ: {"events_received":1,"messages":[],"fbtrace_id":"ACukiTY_-s0NObvC9V_9zA8"}
Успешный ответ: {"events_received":1,"messages":[],"fbtrace_id":"AWrthl0bbY2XUVPLsPfi_CA"}
Успешный ответ: {"events_received":1,"messages":[],"fbtrace_id":"AlwkKC7Z8vuF1a2l7XC0G3v"}
Успешный ответ: {"events_received":1,"messages":[],"fbtrace_id":"Aymq9kWRcpsO15BbXiQ6BJe"}
Успешный ответ: {"events_received":1,"messages":[],"fbtrace_id":"AL2FGej304-nd-44qH9XSGr"}
Успешный ответ: {"events_received":1,"messages":[],"fbtrace_id":"AJ25S6t2qaZZHx8_K_5FYzK"}
Успешный ответ: {"events_received":1,"messages":[],"fbtrace_id":"AOrWSwWytK6QoNbWPTfo_QG"}
Успешный ответ: {"events_received":1,"messages":[],"fbtrace_id":"AqBdM_4aqcurkZt0iiUXX0R"}
Успешный ответ: {"events_received":1,"messages":[],"fbtrace_id":"A5GQpFfz2iED-lTve_Ad2Xw"}
Успешный ответ: {"events_received":1,"messages":[],"fbtrace_id":"A0GguVFqllgl52HxVHdp9D0"}
Успешный ответ: {"events_received":1,"messages":[],"fbtrace_id":"An12DXBw5AgR7NjmuCli6b6"}
Успешный ответ: {"events_received":1,"messages":[],"fbtrace_id":"AgvPoeV1PPprGotzp2Jh1bd"}
Успешный ответ: {"events_received":1,"messages":[],"fbtrace_id":"Aaw4-h9SqdbL0NjLBlY1WX8"}
Успешный ответ: {"events_received":1,"messages":[],"fbtrace_id":"AjU8dvwEV4dqTN7nexjyQss"}
Успешный ответ: {"events_received":1,"messages":[],"fbtrace_id":"AfPww0Egi3HtuzY34dPD580"}
Успешный ответ: {"events_received":1,"messages":[],"fbtrace_id":"AvfgJszvtk5TjW-gK2HLBnX"}
Успешный ответ: {"events_received":1,"messages":[],"fbtrace_id":"AGD3n4Vmi5lAD-EUHYT4E4U"}
Успешный ответ: {"events_received":1,"messages":[],"fbtrace_id":"AVDBii8Z0Er3i7E7NP8m8rg"}
Успешный ответ: {"events_received":1,"messages":[],"fbtrace_id":"A8a7QvkcrK9DOctdPSsZRNQ"}
Успешный ответ: {"events_received":1,"messages":[],"fbtrace_id":"AK5kTfOXahTR6NS49KiwACU"}
Успешный ответ: {"events_received":1,"messages":[],"fbtrace_id":"Akj1_cOSuk7kwwDRPJ81jid"}
Успешный ответ: {"events_received":1,"messages":[],"fbtrace_id":"ADOQzLbhbGOwN4sYstWG3U6"}
Успешный ответ: {"events_received":1,"messages":[],"fbtrace_id":"AI-VnGzBxvIRx1O0f5tywL9"}
Успешный ответ: {"events_received":1,"messages":[],"fbtrace_id":"Ab7gdvHl3gVkTCMzU_tZjYS"}
Успешный ответ: {"events_received":1,"messages":[],"fbtrace_id":"A--bmyOCYS2pUUvVbW9sf9U"}
Успешный ответ: {"events_received":1,"messages":[],"fbtrace_id":"AMQhTjgQ3HJc0GnrKsT_aDp"}
Успешный ответ: {"events_received":1,"messages":[],"fbtrace_id":"AdNZ2rsZM6rmfQsVvFpI55Z"}
Успешный ответ: {"events_received":1,"messages":[],"fbtrace_id":"AaahjUvgRvl_heVpUy4jnMR"}
Успешный ответ: {"events_received":1,"messages":[],"fbtrace_id":"A0kbuu9mD7x57QcwBOgsX_V"}
Успешный ответ: {"events_received":1,"messages":[],"fbtrace_id":"AWP4_mYeO4ACbUQ8Qbz2xE-"}
Успешный ответ: {"events_received":1,"messages":[],"fbtrace_id":"ATZbfnXbOQmI8PIo5RyKPUG"}
Успешный ответ: {"events_received":1,"messages":[],"fbtrace_id":"A2iV3A0dZn_GVt4aYfRkUhc"}
Успешный ответ: {"events_received":1,"messages":[],"fbtrace_id":"Aw2L3cr0-C8roskqIa4VBnS"}
Успешный ответ: {"events_received":1,"messages":[],"fbtrace_id":"As8sx4c27WapX61vNP6AQSM"}
Успешный ответ: {"events_received":1,"messages":[],"fbtrace_id":"AAYuhIafN5a-q-nEJOGR5LF"}
Успешный ответ: {"events_received":1,"messages":[],"fbtrace_id":"Aggr1V-CSxkShfCu3n7J1-O"}
Успешный ответ: {"events_received":1,"messages":[],"fbtrace_id":"AhPv9KchuplOKW76ts-uwtI"}
Успешный ответ: {"events_received":1,"messages":[],"fbtrace_id":"ACHrfqpTui2kunPKAY2D39p"}
Успешный ответ: {"events_received":1,"messages":[],"fbtrace_id":"A1nF8ahkRmUfbCLGXlSecoz"}
Успешный ответ: {"events_received":1,"messages":[],"fbtrace_id":"Aot1CZYvFRSV4NJcGNO2wC1"}
Успешный ответ: {"events_received":1,"messages":[],"fbtrace_id":"A9Gk8GEii7OKNjL61KS680b"}
Успешный ответ: {"events_received":1,"messages":[],"fbtrace_id":"AO2nHdjWG83Ba4uNmXilB_d"}
Успешный ответ: {"events_received":1,"messages":[],"fbtrace_id":"AdHkTdMuNYeZE2A9lmbLqO2"}
Успешный ответ: {"events_received":1,"messages":[],"fbtrace_id":"Aa-t-4M1JX27mGZvt6xu2Ix"}
Успешный ответ: {"events_received":1,"messages":[],"fbtrace_id":"AB6jxqSINRohLkceLcJ-Ayy"}
Успешный ответ: {"events_received":1,"messages":[],"fbtrace_id":"AYPazQNp7n_Ve01oqZoM3XP"}
Успешный ответ: {"events_received":1,"messages":[],"fbtrace_id":"AtpJ1OZhC2lB_HOoGGxQE3G"}
Успешный ответ: {"events_received":1,"messages":[],"fbtrace_id":"Avc4dDpLX6PV1umUO7bAoYm"}
Успешный ответ: {"events_received":1,"messages":[],"fbtrace_id":"AxetsuXvqB5MQN81F12E3Rw"}
Успешный ответ: {"events_received":1,"messages":[],"fbtrace_id":"AKl5QX7kcUYKblMMTCVUnDM"}
Успешный ответ: {"events_received":1,"messages":[],"fbtrace_id":"ALZFAEYlabRgzAHFPrJQUmU"}
Успешный ответ: {"events_received":1,"messages":[],"fbtrace_id":"A2lqSTQJDPwhJyE1MT9d6vY"}
Успешный ответ: {"events_received":1,"messages":[],"fbtrace_id":"AsGd9QW-cNB38YP_J-BZOBj"}
Успешный ответ: {"events_received":1,"messages":[],"fbtrace_id":"AmquOgqos8jNEXT9opheKZq"}
Успешный ответ: {"events_received":1,"messages":[],"fbtrace_id":"AKOMisBjolInh49T8nIIE6X"}
Успешный ответ: {"events_received":1,"messages":[],"fbtrace_id":"AwyBgfoZeivlyQoyowiGJ7_"}
Успешный ответ: {"events_received":1,"messages":[],"fbtrace_id":"Anea5un_aw-DVAywuIwe0w-"}
Успешный ответ: {"events_received":1,"messages":[],"fbtrace_id":"AY7QRLYKJTA2hko7XnOtGuZ"}
Успешный ответ: {"events_received":1,"messages":[],"fbtrace_id":"AciP7ZGf4bUN-X8tF5zaedL"}
Успешный ответ: {"events_received":1,"messages":[],"fbtrace_id":"AnEK9hNLAZ1qsPSnf0Madot"}
Успешный ответ: {"events_received":1,"messages":[],"fbtrace_id":"AZg7cgBl8IxOFNMRi2uR5j6"}
Успешный ответ: {"events_received":1,"messages":[],"fbtrace_id":"Akh0Uhn7mdZDHkpywkbA5b8"}
Успешный ответ: {"events_received":1,"messages":[],"fbtrace_id":"AVb9oGSbjGTcCCdRZYT69uv"}
Успешный ответ: {"events_received":1,"messages":[],"fbtrace_id":"AANVCclt1D7vnMoVjYmaIJs"}
Успешный ответ: {"events_received":1,"messages":[],"fbtrace_id":"AEw_jn6DdeyTGtOf3N_GF1N"}
Успешный ответ: {"events_received":1,"messages":[],"fbtrace_id":"A-Qkn_XulsbzUYrmIFya0ew"}
Успешный ответ: {"events_received":1,"messages":[],"fbtrace_id":"AUGoYAob4HvP3RGZstjjbie"}
Успешный ответ: {"events_received":1,"messages":[],"fbtrace_id":"ANMOgBeNBI0y_F4-LykO2NS"}
Успешный ответ: {"events_received":1,"messages":[],"fbtrace_id":"Ab-BgDFLuSAuFXIGPi8pY2R"}
Успешный ответ: {"events_received":1,"messages":[],"fbtrace_id":"AziN6bwCcLP1tgWouJr3TuH"}
Успешный ответ: {"events_received":1,"messages":[],"fbtrace_id":"A8J6ElcXxNUwcf2yj05v_Wq"}
Успешный ответ: {"events_received":1,"messages":[],"fbtrace_id":"Ap5_H7efJJQp8YxyKX9NKJk"}
Успешный ответ: {"events_received":1,"messages":[],"fbtrace_id":"ACztIPsMGxiHbQQVfsOr7-w"}
Успешный ответ: {"events_received":1,"messages":[],"fbtrace_id":"AUN4Tk_ePEnPB5fPvoW-yZN"}
Успешный ответ: {"events_received":1,"messages":[],"fbtrace_id":"ADgvawI5Au5Ulmt0CloA47B"}
Успешный ответ: {"events_received":1,"messages":[],"fbtrace_id":"A-C3ot9YwHQ7OFTf3La2-az"}
Успешный ответ: {"events_received":1,"messages":[],"fbtrace_id":"AJnLWQ5k5J-iSCB69Zh0G0F"}
Успешный ответ: {"events_received":1,"messages":[],"fbtrace_id":"AiZpKCAbFOH-WKA-31Lm5N4"}
Успешный ответ: {"events_received":1,"messages":[],"fbtrace_id":"AHW0AZZrxfjXanQPlWY8wdW"}
Успешный ответ: {"events_received":1,"messages":[],"fbtrace_id":"AXjmwu5Emfvia7Fo2hx4A9J"}
Успешный ответ: {"events_received":1,"messages":[],"fbtrace_id":"A2XWs6E0YlpoapHUop8F9s_"}
Успешный ответ: {"events_received":1,"messages":[],"fbtrace_id":"A5Hq0uhxhsQInoKtTG5u-6e"}
Успешный ответ: {"events_received":1,"messages":[],"fbtrace_id":"AThLmGloDtKAHNfqn5xi3hw"}
Успешный ответ: {"events_received":1,"messages":[],"fbtrace_id":"AyAhw-HY5yJWFvGzzGRPqrN"}
Успешный ответ: {"events_received":1,"messages":[],"fbtrace_id":"A5IF1Erb9OT9lDBMN8sko4E"}
Успешный ответ: {"events_received":1,"messages":[],"fbtrace_id":"ASVg_ZGRh--B-2qzOAHeAdS"}
Успешный ответ: {"events_received":1,"messages":[],"fbtrace_id":"AU1jviOO3kFlSaeKyl6mI0j"}
Успешный ответ: {"events_received":1,"messages":[],"fbtrace_id":"Al5SkdEBQyT7lqavbhbIkWr"}
Успешный ответ: {"events_received":1,"messages":[],"fbtrace_id":"AIMjN_pf7wPKm3oTa7z6bst"}
Успешный ответ: {"events_received":1,"messages":[],"fbtrace_id":"A_KxSOlTEkifpEPCtd3uR1K"}
Успешный ответ: {"events_received":1,"messages":[],"fbtrace_id":"A_0ySSn6QIRkBS8SW6BTEKu"}
Успешный ответ: {"events_received":1,"messages":[],"fbtrace_id":"AC55sXRvEYKlVVyVYJ9_a6q"}
Успешный ответ: {"events_received":1,"messages":[],"fbtrace_id":"AzXLFU5_qk9q6S-qcv0vh_b"}
Успешный ответ: {"events_received":1,"messages":[],"fbtrace_id":"AqJ10SVswhp9q7xtxYOu17J"}
Успешный ответ: {"events_received":1,"messages":[],"fbtrace_id":"AZf9l7-5RUyOFJ50dy6WA0S"}
Успешный ответ: {"events_received":1,"messages":[],"fbtrace_id":"AtLF1D1h0LYs-bOnC9spPHm"}
Успешный ответ: {"events_received":1,"messages":[],"fbtrace_id":"A9S0zuwLAISmbvRdDB82Spf"}
Успешный ответ: {"events_received":1,"messages":[],"fbtrace_id":"AepO2BEo7U4iBsMHFPkfWDK"}
Успешный ответ: {"events_received":1,"messages":[],"fbtrace_id":"AE6OdOMFKt7eeLBu_wUy9nR"}
Успешный ответ: {"events_received":1,"messages":[],"fbtrace_id":"A_aNlwBPj_woL5Bhhagqs_k"}
Успешный ответ: {"events_received":1,"messages":[],"fbtrace_id":"A0MMmTc64tTSFvc8jSB34IP"}
Успешный ответ: {"events_received":1,"messages":[],"fbtrace_id":"A_Y24hys5uBse-syNvsC8Ai"}
Успешный ответ: {"events_received":1,"messages":[],"fbtrace_id":"Asc7X2MGeGerUzu5T4c-lEO"}
Успешный ответ: {"events_received":1,"messages":[],"fbtrace_id":"Aucr-M10lqPKrTdW6yf4MAM"}
Успешный ответ: {"events_received":1,"messages":[],"fbtrace_id":"A4h4N8G2t3Ew8DH9JAwNs9L"}
Успешный ответ: {"events_received":1,"messages":[],"fbtrace_id":"AuTPnpNXxqPt_vbmQkdmCyg"}
Успешный ответ: {"events_received":1,"messages":[],"fbtrace_id":"Az4kZERx-iRrIVP8wnH_Nl9"}
Успешный ответ: {"events_received":1,"messages":[],"fbtrace_id":"ArnTns5fY8bQK-L9Cu0cjHW"}
Успешный ответ: {"events_received":1,"messages":[],"fbtrace_id":"AxXLG2VhU4Veo7U83gjSqp4"}
Успешный ответ: {"events_received":1,"messages":[],"fbtrace_id":"AwputHbE9Euin-mDGZLc_iX"}
Успешный ответ: {"events_received":1,"messages":[],"fbtrace_id":"A3os3rLVJqLn2ThcZ2GR0MK"}
Успешный ответ: {"events_received":1,"messages":[],"fbtrace_id":"AarS8-XG8vC5FEPt55IbS6X"}
Успешный ответ: {"events_received":1,"messages":[],"fbtrace_id":"A0qklw-n0UwRWb49PfGJ9Sk"}
Успешный ответ: {"events_received":1,"messages":[],"fbtrace_id":"An4G9PokOM02xe0sj48I_Ld"}
Успешный ответ: {"events_received":1,"messages":[],"fbtrace_id":"AIM1U380joQ52MWUfdIIAT4"}
Успешный ответ: {"events_received":1,"messages":[],"fbtrace_id":"AdpT4BWKwvxTrN4USbOBWvy"}
Успешный ответ: {"events_received":1,"messages":[],"fbtrace_id":"AjWnPkdcYk6Kpd_Vrs21rR8"}
Успешный ответ: {"events_received":1,"messages":[],"fbtrace_id":"AWJYZAegix_qTjx8INlIUk_"}
Успешный ответ: {"events_received":1,"messages":[],"fbtrace_id":"ArpiNPZ25znaHe49PEZUlBr"}
Успешный ответ: {"events_received":1,"messages":[],"fbtrace_id":"AnvJboAks7SqQTGExQuHIW1"}
Успешный ответ: {"events_received":1,"messages":[],"fbtrace_id":"Ab61htVuKQ1HcyUXe3kn3vc"}
Успешный ответ: {"events_received":1,"messages":[],"fbtrace_id":"AGmoCjI8nR19WS2TNUBLR3r"}
Успешный ответ: {"events_received":1,"messages":[],"fbtrace_id":"AcNLJYXFfzbsTH8tuqiWJli"}
Успешный ответ: {"events_received":1,"messages":[],"fbtrace_id":"AcSAs7KqKr5WjQZ2nf0hLg-"}
Успешный ответ: {"events_received":1,"messages":[],"fbtrace_id":"AVBaSf45pKJ7OqtJuYePwaO"}
Успешный ответ: {"events_received":1,"messages":[],"fbtrace_id":"Ad7kksag3L21esN_ZbAQAlq"}
Успешный ответ: {"events_received":1,"messages":[],"fbtrace_id":"Ahdw4p1Bc0QDSTCAb87Oqtw"}
Успешный ответ: {"events_received":1,"messages":[],"fbtrace_id":"Ap1XPlldHFapgNv-nleGMYe"}
Успешный ответ: {"events_received":1,"messages":[],"fbtrace_id":"Arifmhnxf2QRRNBHZveN22R"}
Успешный ответ: {"events_received":1,"messages":[],"fbtrace_id":"AKfL66E9B8QrBS8dycQhZH6"}
Успешный ответ: {"events_received":1,"messages":[],"fbtrace_id":"AE2tSlOy9CYP6y7TJsXh5W9"}
Успешный ответ: {"events_received":1,"messages":[],"fbtrace_id":"AUlJ53_bHGoRDWIlUbAmdi9"}
Успешный ответ: {"events_received":1,"messages":[],"fbtrace_id":"AWSI9GzoUn2SoENdPVsCBeo"}
Успешный ответ: {"events_received":1,"messages":[],"fbtrace_id":"AoguB4bg6l3MalY4ZqgOt9D"}
Успешный ответ: {"events_received":1,"messages":[],"fbtrace_id":"AuaxR8fwmDRymVvDlATcDii"}
Успешный ответ: {"events_received":1,"messages":[],"fbtrace_id":"Aiqs3dP2r8ZHuNzgMCGAEGZ"}
Успешный ответ: {"events_received":1,"messages":[],"fbtrace_id":"AE_zMSeMfWpnP02gF5Hf1Hy"}
Успешный ответ: {"events_received":1,"messages":[],"fbtrace_id":"APX9sOFZ8kseWxCgJAjwK-x"}
Успешный ответ: {"events_received":1,"messages":[],"fbtrace_id":"ApnrLf7SIF-iEhMsuPw5987"}
Успешный ответ: {"events_received":1,"messages":[],"fbtrace_id":"Aw9YTUCifhr72qyN8fVonGA"}
Успешный ответ: {"events_received":1,"messages":[],"fbtrace_id":"APpWCsI0bkew-Z0ARqSnXCp"}
Успешный ответ: {"events_received":1,"messages":[],"fbtrace_id":"A233Uf5hNQBA_VFL1HjQj5n"}
Успешный ответ: {"events_received":1,"messages":[],"fbtrace_id":"Ajb8f3V4P7y7KKA3izo3Kw2"}
Успешный ответ: {"events_received":1,"messages":[],"fbtrace_id":"AxEsG8r9OhMxniufyo-knWk"}
Успешный ответ: {"events_received":1,"messages":[],"fbtrace_id":"AlqEC2LekD0hyZIqY2UtTBA"}
Успешный ответ: {"events_received":1,"messages":[],"fbtrace_id":"A7iDrJzrg5LOePk0gfHTcD6"}
Успешный ответ: {"events_received":1,"messages":[],"fbtrace_id":"AC3eRJ_3UikCvR7zdUK9dXd"}
Успешный ответ: {"events_received":1,"messages":[],"fbtrace_id":"AZJNOR7sEtyVXJlzOaWrzxl"}
Успешный ответ: {"events_received":1,"messages":[],"fbtrace_id":"ALOJNILOZh6A8GkQIeiIrDJ"}
Успешный ответ: {"events_received":1,"messages":[],"fbtrace_id":"Ak6898YE4U_7MqdQvb3ya1l"}
Успешный ответ: {"events_received":1,"messages":[],"fbtrace_id":"AuzBvFV7weY5tu0x3iAv06J"}
Успешный ответ: {"events_received":1,"messages":[],"fbtrace_id":"AKOefKeSxXafGsdW6YjFJns"}
Успешный ответ: {"events_received":1,"messages":[],"fbtrace_id":"AAGLCE8otikly6A96FjHulQ"}
Успешный ответ: {"events_received":1,"messages":[],"fbtrace_id":"AVR8rWWFqe91so-8DwsYslJ"}
Успешный ответ: {"events_received":1,"messages":[],"fbtrace_id":"AYoHYIMl8YPKzyNfIakttMQ"}
Успешный ответ: {"events_received":1,"messages":[],"fbtrace_id":"AoZj6CLYc4CfMaiiRPfR48Q"}
Успешный ответ: {"events_received":1,"messages":[],"fbtrace_id":"AAB4s67d4S0PGUMd2jaFnZc"}
Успешный ответ: {"events_received":1,"messages":[],"fbtrace_id":"A93WR0ciF8cp0VbzvgcGiZu"}
Успешный ответ: {"events_received":1,"messages":[],"fbtrace_id":"A7wqJavcB7zq4Vt0bljQdgN"}
Успешный ответ: {"events_received":1,"messages":[],"fbtrace_id":"AxLdRmPMi2xhCs1_v7n8Vwx"}
Успешный ответ: {"events_received":1,"messages":[],"fbtrace_id":"AiO1wWknh3SH3RP1wVUGixJ"}
Успешный ответ: {"events_received":1,"messages":[],"fbtrace_id":"ApMw5AXXJtb_C3hSIb15cEM"}
Успешный ответ: {"events_received":1,"messages":[],"fbtrace_id":"Ari1S5ykeHOOz_v_vvh1Jet"}
Успешный ответ: {"events_received":1,"messages":[],"fbtrace_id":"A9TfRPjXNupLtW1Ga13UGYX"}
Успешный ответ: {"events_received":1,"messages":[],"fbtrace_id":"AkTCvQi8H-Eo8N39ihf_4E1"}
Успешный ответ: {"events_received":1,"messages":[],"fbtrace_id":"AC8ePSakIYYvMjAuhzXiGWO"}
Успешный ответ: {"events_received":1,"messages":[],"fbtrace_id":"AHOYT_GNk7VdZe4ESC4Eehf"}
Успешный ответ: {"events_received":1,"messages":[],"fbtrace_id":"A2imLyPuOFlgyS3fQAiw0TT"}
Успешный ответ: {"events_received":1,"messages":[],"fbtrace_id":"AbfzA-dNr2ntHtz1VbcarE-"}
Успешный ответ: {"events_received":1,"messages":[],"fbtrace_id":"Al2e55GZuEruhZvgDnQ0m6Y"}
Успешный ответ: {"events_received":1,"messages":[],"fbtrace_id":"ANVX_evCSQji9aOlYDGeVHJ"}
Успешный ответ: {"events_received":1,"messages":[],"fbtrace_id":"AL3rxcV3_GD-TB1PLM58QoR"}
Успешный ответ: {"events_received":1,"messages":[],"fbtrace_id":"AO1sUNlGKFq3pJew9hMG__l"}
Успешный ответ: {"events_received":1,"messages":[],"fbtrace_id":"AKra5RATfWJfLxu_5pzEeLc"}
Успешный ответ: {"events_received":1,"messages":[],"fbtrace_id":"AGE7HyXhv3E4SL9yyYMwUwf"}
Успешный ответ: {"events_received":1,"messages":[],"fbtrace_id":"ArMGi2XPbEiN-UVa_SI7ncc"}
Успешный ответ: {"events_received":1,"messages":[],"fbtrace_id":"AtpanFxafh12o7t6qhXk4DD"}
Успешный ответ: {"events_received":1,"messages":[],"fbtrace_id":"AT6Nvd6rJWRvEM6Ro-cyfnh"}
Успешный ответ: {"events_received":1,"messages":[],"fbtrace_id":"AB2XbWUaOZ4gE-hGKXeJr9_"}
Успешный ответ: {"events_received":1,"messages":[],"fbtrace_id":"A415oP6Yf8_mxzBqkhjOSQk"}
Успешный ответ: {"events_received":1,"messages":[],"fbtrace_id":"A_fJNq2MJvl6bdi7Jos3VP_"}
Успешный ответ: {"events_received":1,"messages":[],"fbtrace_id":"Au1xIvrdyoxhZKT2SlYvOVv"}
Успешный ответ: {"events_received":1,"messages":[],"fbtrace_id":"Aht-bIvAqhDloEoxLpr3pKa"}
Успешный ответ: {"events_received":1,"messages":[],"fbtrace_id":"ATyJyo8iN4foTYX12eXfAUS"}
Успешный ответ: {"events_received":1,"messages":[],"fbtrace_id":"ALRUHtjeeOkhpxhMN4bxgIm"}
Успешный ответ: {"events_received":1,"messages":[],"fbtrace_id":"ALDfr-UqDKI7gfF5qhW9ccz"}
Успешный ответ: {"events_received":1,"messages":[],"fbtrace_id":"AEjWBBXVvSbb5KWMqmAmgqU"}
Успешный ответ: {"events_received":1,"messages":[],"fbtrace_id":"ADEhiLYJ5PCx-3jJcTzOjUs"}
Успешный ответ: {"events_received":1,"messages":[],"fbtrace_id":"A3Od925sV5Bbb0gd_gbb-yp"}
Успешный ответ: {"events_received":1,"messages":[],"fbtrace_id":"Apo4a_qTP7Wl4pQlH9yJYTl"}
Успешный ответ: {"events_received":1,"messages":[],"fbtrace_id":"Ae2FnuKj0IeHaFRpLmNItRP"}
Успешный ответ: {"events_received":1,"messages":[],"fbtrace_id":"AIUFMcJAY3CEhH44vgAit1z"}
Успешный ответ: {"events_received":1,"messages":[],"fbtrace_id":"Ax9cgo3t5pxMAynappjJJJE"}
Успешный ответ: {"events_received":1,"messages":[],"fbtrace_id":"AiJM7h7wpSnfu8kUiin8iet"}
Успешный ответ: {"events_received":1,"messages":[],"fbtrace_id":"Asic__w_HPt9QoF5XCXKUMT"}
Успешный ответ: {"events_received":1,"messages":[],"fbtrace_id":"Asv4GuWLbhPjIU-ll0N_xXQ"}
Успешный ответ: {"events_received":1,"messages":[],"fbtrace_id":"A73GnopdRQ0v1BvYdnehFoC"}
Успешный ответ: {"events_received":1,"messages":[],"fbtrace_id":"A2NPst3pr1hUSRJK0sMWE6W"}
Успешный ответ: {"events_received":1,"messages":[],"fbtrace_id":"A-7UJNRepVPA3yk_PB_r6Tk"}
Успешный ответ: {"events_received":1,"messages":[],"fbtrace_id":"ApPPlHktRobjuk6XnD5r4x1"}
Успешный ответ: {"events_received":1,"messages":[],"fbtrace_id":"AqyfyG0oHudai0W9Hx0YgID"}
Успешный ответ: {"events_received":1,"messages":[],"fbtrace_id":"AWkmbHWD-VnwMHENcVl-NPB"}
Успешный ответ: {"events_received":1,"messages":[],"fbtrace_id":"A7lh3bzmc04S7LWezaeDUNx"}
Успешный ответ: {"events_received":1,"messages":[],"fbtrace_id":"AplXQkDAJssNVFNHjGC57u_"}
Успешный ответ: {"events_received":1,"messages":[],"fbtrace_id":"AP9Zlg_ey4gMS7NaTjrfvVw"}
Успешный ответ: {"events_received":1,"messages":[],"fbtrace_id":"A2tY2y6gP1QYDEeF64l2_RW"}
Успешный ответ: {"events_received":1,"messages":[],"fbtrace_id":"AC6OjxD0eSmyrLsq_OjRvA_"}
Успешный ответ: {"events_received":1,"messages":[],"fbtrace_id":"A7BxzoAcTMrrK1dMMgUk1_s"}
Успешный ответ: {"events_received":1,"messages":[],"fbtrace_id":"AWbFXe-wRC7eCrKXIn3ucqx"}
Успешный ответ: {"events_received":1,"messages":[],"fbtrace_id":"AFBxWVgANSWLKBUB-NScqul"}
Успешный ответ: {"events_received":1,"messages":[],"fbtrace_id":"Ahjyhs39LHwH3PlVr6QLLP0"}
Успешный ответ: {"events_received":1,"messages":[],"fbtrace_id":"ARCUMIr2TD-IqSUmdf938v1"}
Успешный ответ: {"events_received":1,"messages":[],"fbtrace_id":"ArLjdFEuwLKOe1FVu8V-WmC"}
Успешный ответ: {"events_received":1,"messages":[],"fbtrace_id":"AUTdn0UBfgA03-WktkSULZz"}
Успешный ответ: {"events_received":1,"messages":[],"fbtrace_id":"AcP3Qkx6xUERSb0ps7jKcez"}
Успешный ответ: {"events_received":1,"messages":[],"fbtrace_id":"ASwSqoCYBvt1sgJSrHVF8tp"}
Успешный ответ: {"events_received":1,"messages":[],"fbtrace_id":"ArsjvO2C1tohQfLmBnhNIDB"}
Успешный ответ: {"events_received":1,"messages":[],"fbtrace_id":"AEEoml24cJ37YSnpRHKUhXZ"}
Успешный ответ: {"events_received":1,"messages":[],"fbtrace_id":"AS6SVbYIk-FLc-1mcNVpQtt"}
Успешный ответ: {"events_received":1,"messages":[],"fbtrace_id":"Auy7YGNsgX_dcKWH3fw6rw6"}
Успешный ответ: {"events_received":1,"messages":[],"fbtrace_id":"AxyBnchOUZXhBz0GjU3uXnO"}
Успешный ответ: {"events_received":1,"messages":[],"fbtrace_id":"ARdJCBA_754R6q_Q87yS91_"}
Успешный ответ: {"events_received":1,"messages":[],"fbtrace_id":"AbKTK6xRkxTu1odogMjl8xu"}
Успешный ответ: {"events_received":1,"messages":[],"fbtrace_id":"ABtGpZbrm6EB3-jVlipy7sb"}
Успешный ответ: {"events_received":1,"messages":[],"fbtrace_id":"AaPK7cyTsI5AAQooL9z7KxE"}
Успешный ответ: {"events_received":1,"messages":[],"fbtrace_id":"AHykOwwBvx78P76ErkkoJ16"}
Успешный ответ: {"events_received":1,"messages":[],"fbtrace_id":"ASqpgY1lEgBMqcHXEaQ6KUy"}
Успешный ответ: {"events_received":1,"messages":[],"fbtrace_id":"Au0HV1OMTAPXILOJSUMbSCD"}
Успешный ответ: {"events_received":1,"messages":[],"fbtrace_id":"ArD7EIYCUhkzXoCvwWnRNUY"}
Успешный ответ: {"events_received":1,"messages":[],"fbtrace_id":"AiJPrYJmEoSbWByWVvBvAPG"}
Успешный ответ: {"events_received":1,"messages":[],"fbtrace_id":"ADaeGjL8Jwdrdhb89jhWlt5"}
Успешный ответ: {"events_received":1,"messages":[],"fbtrace_id":"AwUBLEznljvxDcHlAqHe5PW"}
Успешный ответ: {"events_received":1,"messages":[],"fbtrace_id":"AaKcH75zqEftRl_Qm5ezS7h"}
Успешный ответ: {"events_received":1,"messages":[],"fbtrace_id":"A-F5HBs9S4eB3yYp6rscDnC"}
Успешный ответ: {"events_received":1,"messages":[],"fbtrace_id":"As3PfJFSZnfU_L3ui4j8Qda"}
Успешный ответ: {"events_received":1,"messages":[],"fbtrace_id":"AeeskoxnglYqVtaW-UVztcA"}
Успешный ответ: {"events_received":1,"messages":[],"fbtrace_id":"Ah0PXV3QBzrRVI7hJFtmjzj"}
Успешный ответ: {"events_received":1,"messages":[],"fbtrace_id":"AeXToh0zgrJqSEyefU1-Cze"}
Успешный ответ: {"events_received":1,"messages":[],"fbtrace_id":"AXy-dtV_2ZEqiux2ZZkFoiQ"}
Успешный ответ: {"events_received":1,"messages":[],"fbtrace_id":"A-5aL4t6s897vJEywpzTLjh"}
Успешный ответ: {"events_received":1,"messages":[],"fbtrace_id":"A4KLBN2vdLXCMiZc10qFZcl"}
Успешный ответ: {"events_received":1,"messages":[],"fbtrace_id":"ATRpkRNynp31O58RaVSreEz"}
Успешный ответ: {"events_received":1,"messages":[],"fbtrace_id":"A41Sl9ym6TMJQNsZPelHIVC"}
Успешный ответ: {"events_received":1,"messages":[],"fbtrace_id":"AOrfsqrGlsMx7bM_hge-NZR"}
Успешный ответ: {"events_received":1,"messages":[],"fbtrace_id":"AieBHVG3BusmW11Ugbzq3CY"}
Успешный ответ: {"events_received":1,"messages":[],"fbtrace_id":"AFF8ZCfiouCgeKRip7hb6xv"}
Успешный ответ: {"events_received":1,"messages":[],"fbtrace_id":"AKU-djgV9NMKJp4R5O63ZKq"}
Успешный ответ: {"events_received":1,"messages":[],"fbtrace_id":"AEcvyZIOSMxPiqzaycCbykk"}
Успешный ответ: {"events_received":1,"messages":[],"fbtrace_id":"A7rAX9Lna-A2rZRNYZlpmGR"}
Успешный ответ: {"events_received":1,"messages":[],"fbtrace_id":"APfT_wt16smyfsmJ_oKlBKl"}
Успешный ответ: {"events_received":1,"messages":[],"fbtrace_id":"AvVYcc54WeOAlLrI5r-KMAK"}
Успешный ответ: {"events_received":1,"messages":[],"fbtrace_id":"AY1CLoodEo90Ww8Ay39J-WM"}
Успешный ответ: {"events_received":1,"messages":[],"fbtrace_id":"AHOXfvSVdIX0fwULLY0bsFn"}
Успешный ответ: {"events_received":1,"messages":[],"fbtrace_id":"AtjcXHrL9teeypYtTY6ww4g"}
Успешный ответ: {"events_received":1,"messages":[],"fbtrace_id":"ARqRQ9jsXnk1c4-BxVJTChU"}
Успешный ответ: {"events_received":1,"messages":[],"fbtrace_id":"AMS3FiPd3QEf37QwVguZxnq"}
Успешный ответ: {"events_received":1,"messages":[],"fbtrace_id":"AYKNXKYUqCtpT7A4MQEGeg3"}
Успешный ответ: {"events_received":1,"messages":[],"fbtrace_id":"Am4cFpKNYJBdOtIU3X7qt4c"}
Успешный ответ: {"events_received":1,"messages":[],"fbtrace_id":"ASPSqeUEn-DkatTQLqqNFc4"}
Успешный ответ: {"events_received":1,"messages":[],"fbtrace_id":"ASgwPU_x1XWRfQQB-WZtN8W"}
Успешный ответ: {"events_received":1,"messages":[],"fbtrace_id":"AVDGt_z8LvvVZz7CDTKYd4p"}
Успешный ответ: {"events_received":1,"messages":[],"fbtrace_id":"Ap2Ak3N5tQOng5bOtKPiuq6"}
Успешный ответ: {"events_received":1,"messages":[],"fbtrace_id":"AOsijZNUA_6N50PjrfDwgCd"}
Успешный ответ: {"events_received":1,"messages":[],"fbtrace_id":"A0HMfM75JF5Zf8EktWyLOYn"}
Успешный ответ: {"events_received":1,"messages":[],"fbtrace_id":"Anzc7hGMCU9AEmYv--rbY79"}
Успешный ответ: {"events_received":1,"messages":[],"fbtrace_id":"AADvAJpvKHj09yri7OdRK9f"}
Успешный ответ: {"events_received":1,"messages":[],"fbtrace_id":"ArMxswvDzPoGiIFx3pqI7GR"}
Ошибка cURL: Connection timed out after 10002 milliseconds | Код: 28 | HTTP Code: 0 - 2026-01-01 13:56:47
Успешный ответ: {"events_received":1,"messages":[],"fbtrace_id":"AVWfyl32HM0vI50r982NyDD"}
Успешный ответ: {"events_received":1,"messages":[],"fbtrace_id":"AZgqQaCX1VlszlYtPzUIGMQ"}
Успешный ответ: {"events_received":1,"messages":[],"fbtrace_id":"AFCg302C_ZGZ8kzvuKV8isg"}
Успешный ответ: {"events_received":1,"messages":[],"fbtrace_id":"ANzlAsjCTuZa6AcDkVdZdbq"}
Успешный ответ: {"events_received":1,"messages":[],"fbtrace_id":"AFNM2IrSPWaoRYEv6cHG2or"}
Успешный ответ: {"events_received":1,"messages":[],"fbtrace_id":"A8D7bT9WKOdvEYBKjBhHLyN"}
Успешный ответ: {"events_received":1,"messages":[],"fbtrace_id":"ActHtziKKL2wgcPg7U-G7k4"}
Успешный ответ: {"events_received":1,"messages":[],"fbtrace_id":"AAv5zSlkFIgK_TOAkGDw1Sd"}
Успешный ответ: {"events_received":1,"messages":[],"fbtrace_id":"AOb44i13k0uahF1MeHyq_Zb"}
Успешный ответ: {"events_received":1,"messages":[],"fbtrace_id":"AgZF_VDxZOxnSgLYz88DhFN"}
Успешный ответ: {"events_received":1,"messages":[],"fbtrace_id":"AoWfihmal3oxXBu_sbep5q3"}
Успешный ответ: {"events_received":1,"messages":[],"fbtrace_id":"Ary-pMPDAuHvLwudq7wsR0F"}
Успешный ответ: {"events_received":1,"messages":[],"fbtrace_id":"A_5L381ZS0NXw8vGIGxyTV9"}
Успешный ответ: {"events_received":1,"messages":[],"fbtrace_id":"A10A8ku0EJ7TOXFZJa0qwp1"}
Успешный ответ: {"events_received":1,"messages":[],"fbtrace_id":"ASZDPv5WVKZhtrHQtuwCG5e"}
Успешный ответ: {"events_received":1,"messages":[],"fbtrace_id":"AlfGrq7OjmZGB3DxB5QDHLk"}
Успешный ответ: {"events_received":1,"messages":[],"fbtrace_id":"AUrh-QeKDudnQkJfXvBtWLk"}
Успешный ответ: {"events_received":1,"messages":[],"fbtrace_id":"AxTNj-7U5JYbiWDKFF1BVII"}
Успешный ответ: {"events_received":1,"messages":[],"fbtrace_id":"AM6dY9LJ_5Ll2eRRXdwY9ZS"}
Успешный ответ: {"events_received":1,"messages":[],"fbtrace_id":"A3WxbHe8_5uBigCWrVXCSkj"}
Успешный ответ: {"events_received":1,"messages":[],"fbtrace_id":"A2jwvkSAiI0oCOr1HXB4zUb"}
Успешный ответ: {"events_received":1,"messages":[],"fbtrace_id":"AOUzigm9s780uEK9Qlu7Lna"}
Успешный ответ: {"events_received":1,"messages":[],"fbtrace_id":"AErPjhwZUUCHq226QhUjgA_"}
Успешный ответ: {"events_received":1,"messages":[],"fbtrace_id":"Akuu9fakJMq5go3ZsPRKDqO"}
Успешный ответ: {"events_received":1,"messages":[],"fbtrace_id":"AYuotjsFN_NCDRB01WJnPCI"}
Успешный ответ: {"events_received":1,"messages":[],"fbtrace_id":"A3Fg8HJudTrAOklERoiOakE"}
Успешный ответ: {"events_received":1,"messages":[],"fbtrace_id":"A4QoWB9kVDKTkNr4NYCVP6o"}
Успешный ответ: {"events_received":1,"messages":[],"fbtrace_id":"A2TUqmjhosJUGyizNjefZb3"}
Успешный ответ: {"events_received":1,"messages":[],"fbtrace_id":"ACMyTygt_SoTkRVgCDXqOCq"}
Успешный ответ: {"events_received":1,"messages":[],"fbtrace_id":"AO2-8fwl_qtl-_iswbr4RkJ"}
Успешный ответ: {"events_received":1,"messages":[],"fbtrace_id":"AAr5MzWLmhV_lwk70NHdcm4"}
Успешный ответ: {"events_received":1,"messages":[],"fbtrace_id":"AhOlmDSs4ZKoyQhHZGZciJL"}
Успешный ответ: {"events_received":1,"messages":[],"fbtrace_id":"ArNHDYv_ew3e6ZaaysGdTdv"}
Успешный ответ: {"events_received":1,"messages":[],"fbtrace_id":"AZ4kHKT3ddXKvmwnRJGWhTJ"}
Успешный ответ: {"events_received":1,"messages":[],"fbtrace_id":"AwSzMCurDZbkosu9iCFVa7m"}
Успешный ответ: {"events_received":1,"messages":[],"fbtrace_id":"AIfnmNWxmLpuQ4lNEuKC0ov"}
Успешный ответ: {"events_received":1,"messages":[],"fbtrace_id":"AG-qkaoIEQqiASiYV0GmiaK"}
Успешный ответ: {"events_received":1,"messages":[],"fbtrace_id":"AmGm1yFsHK0sXokoVHrea1i"}
Успешный ответ: {"events_received":1,"messages":[],"fbtrace_id":"APNfPo3CVkm8kNQhK9s4bzY"}
Успешный ответ: {"events_received":1,"messages":[],"fbtrace_id":"ANYjMQEble7dx8yxdQPK4hE"}
Успешный ответ: {"events_received":1,"messages":[],"fbtrace_id":"ANAWVi2aovY76uaQ2_CxJaC"}
Успешный ответ: {"events_received":1,"messages":[],"fbtrace_id":"A5Fw5Guc72xwxl1qFzRZdt8"}
Успешный ответ: {"events_received":1,"messages":[],"fbtrace_id":"APCBEhhT_UVSW2tcQJ4yp-i"}
Успешный ответ: {"events_received":1,"messages":[],"fbtrace_id":"AG7-9EyeLTt6vEucc2B_LQc"}
Успешный ответ: {"events_received":1,"messages":[],"fbtrace_id":"AkZcalJ6zTYFTVGQF_W1VVg"}
Успешный ответ: {"events_received":1,"messages":[],"fbtrace_id":"AKtIBjkd3sHO7rzx1rn9WKb"}
Успешный ответ: {"events_received":1,"messages":[],"fbtrace_id":"A8YHE0ElkmQkut1qRu9EHsO"}
Успешный ответ: {"events_received":1,"messages":[],"fbtrace_id":"A_JIJs9suFJFp21Zg4I3eKw"}
Успешный ответ: {"events_received":1,"messages":[],"fbtrace_id":"AYRuvkiP5xm1ksm9jzqR6-T"}
Успешный ответ: {"events_received":1,"messages":[],"fbtrace_id":"AApNYE2XZHmJVrylps7qtcx"}
Успешный ответ: {"events_received":1,"messages":[],"fbtrace_id":"ArC0R503I-gDOz15nCaj8JZ"}
Успешный ответ: {"events_received":1,"messages":[],"fbtrace_id":"Aa54QycgVJriZZt3Jarw1Ou"}
Успешный ответ: {"events_received":1,"messages":[],"fbtrace_id":"AxcYrPzW-x6zbycn2usmIwC"}
Успешный ответ: {"events_received":1,"messages":[],"fbtrace_id":"AQhkc62fpsJSPLI4zhP53-j"}
Успешный ответ: {"events_received":1,"messages":[],"fbtrace_id":"AKjQp5PMeu63xy2dOiC_vM_"}
Успешный ответ: {"events_received":1,"messages":[],"fbtrace_id":"AUWvJ10Hs11IdnlJMrgB-sY"}
Успешный ответ: {"events_received":1,"messages":[],"fbtrace_id":"An7yh0vpl9kSUbPDcU1bTQc"}
Успешный ответ: {"events_received":1,"messages":[],"fbtrace_id":"AV1c4BiRWi90PsNsHpNlz-D"}
Успешный ответ: {"events_received":1,"messages":[],"fbtrace_id":"A1zbBxcxCjhwLDaxVeJS6aT"}
Успешный ответ: {"events_received":1,"messages":[],"fbtrace_id":"AMcZZEkcL9ImhkRUicnU-qL"}
Успешный ответ: {"events_received":1,"messages":[],"fbtrace_id":"AHcxbsXjdWS-55Yba_j40cN"}
Успешный ответ: {"events_received":1,"messages":[],"fbtrace_id":"Aod9kDsYVgWp5GnW66mEOa8"}
Успешный ответ: {"events_received":1,"messages":[],"fbtrace_id":"A36dO9D38qcIePLq8wLylXN"}
Успешный ответ: {"events_received":1,"messages":[],"fbtrace_id":"AAdNHpyDYMhI-eUs1Zk7Y9z"}
Успешный ответ: {"events_received":1,"messages":[],"fbtrace_id":"A_rwqTmk9h10kv4iDmoxnj7"}
Успешный ответ: {"events_received":1,"messages":[],"fbtrace_id":"A4oBsZZ6eV9EuDxHbyBjpaS"}
Успешный ответ: {"events_received":1,"messages":[],"fbtrace_id":"ACqSy6cveixijIGW8fBNt6O"}
Успешный ответ: {"events_received":1,"messages":[],"fbtrace_id":"ACahXnJHDokCL8zgbtiluqV"}
Успешный ответ: {"events_received":1,"messages":[],"fbtrace_id":"Ar7KKN3vGp-ivDKDLJu68ED"}
Успешный ответ: {"events_received":1,"messages":[],"fbtrace_id":"A1TSFQbVe97CBWHrp52K4QB"}
Успешный ответ: {"events_received":1,"messages":[],"fbtrace_id":"A6EH3W3LC-dBjxNuwEXyvJd"}
Успешный ответ: {"events_received":1,"messages":[],"fbtrace_id":"AQuRzanU4ZviWHwHah-8f-B"}
Успешный ответ: {"events_received":1,"messages":[],"fbtrace_id":"AX0HZfEiRIgJBxX63Df1l6Y"}
Успешный ответ: {"events_received":1,"messages":[],"fbtrace_id":"A07Mu7FWe4M_D-a6kF9Lb6_"}
Успешный ответ: {"events_received":1,"messages":[],"fbtrace_id":"AYetABRFFE6vCIJmDph5hVx"}
Успешный ответ: {"events_received":1,"messages":[],"fbtrace_id":"ANyCKSfvGObQFuCo4hfzxgq"}
Успешный ответ: {"events_received":1,"messages":[],"fbtrace_id":"AOW-BO1UKPVEKgyuh5uG2Oo"}
Успешный ответ: {"events_received":1,"messages":[],"fbtrace_id":"AQRxzowuJCEtMj_LWZTSfOv"}
Успешный ответ: {"events_received":1,"messages":[],"fbtrace_id":"A1eeuA8DOKKsspmFL4lHJSy"}
Успешный ответ: {"events_received":1,"messages":[],"fbtrace_id":"ApXqyuSbFd07zqAaGWIQzEQ"}
Успешный ответ: {"events_received":1,"messages":[],"fbtrace_id":"Ad6_1W11FECr21OfmPUDjZr"}
Успешный ответ: {"events_received":1,"messages":[],"fbtrace_id":"Ai5V5aDh4V-tDwMctBWTWzw"}
Успешный ответ: {"events_received":1,"messages":[],"fbtrace_id":"AtrGu-ccZflXVfHhXkINIsW"}
Успешный ответ: {"events_received":1,"messages":[],"fbtrace_id":"ANK0-EiNPnWqqOpqpPvlBrB"}
Успешный ответ: {"events_received":1,"messages":[],"fbtrace_id":"AP-S8EHVgPqI3WNmek8NF3v"}
Успешный ответ: {"events_received":1,"messages":[],"fbtrace_id":"AnLDKww7SheZWwUgjBELSU8"}
Успешный ответ: {"events_received":1,"messages":[],"fbtrace_id":"AWbDr6IK6fSTSVVqna5leUr"}
Успешный ответ: {"events_received":1,"messages":[],"fbtrace_id":"AoFwJQfMm23q4uQPotHudL_"}
Успешный ответ: {"events_received":1,"messages":[],"fbtrace_id":"AdLNjxGStPDz2Zo7P_Xlajl"}
Успешный ответ: {"events_received":1,"messages":[],"fbtrace_id":"AkS-DTl2R95odgCKRMgfDeg"}
Успешный ответ: {"events_received":1,"messages":[],"fbtrace_id":"ADlVrkOCnUpwRd44AnnbaMH"}
Успешный ответ: {"events_received":1,"messages":[],"fbtrace_id":"AM0P5ovLyHUs3MdOGckEdJl"}
Успешный ответ: {"events_received":1,"messages":[],"fbtrace_id":"AqBZUWinOq_ziDglVHg_vLq"}
Успешный ответ: {"events_received":1,"messages":[],"fbtrace_id":"Ah1ygYExf_MiaXd3zw8H9Pm"}
Успешный ответ: {"events_received":1,"messages":[],"fbtrace_id":"AY_dIDvZp4WzovRzjuDAqsI"}
Успешный ответ: {"events_received":1,"messages":[],"fbtrace_id":"A7d_OBSy8zQnS7bqM8dDQgY"}
Успешный ответ: {"events_received":1,"messages":[],"fbtrace_id":"ARAD93GrYbTsRpn3Ee-LV6N"}
Успешный ответ: {"events_received":1,"messages":[],"fbtrace_id":"ATTb94Z1ZAKSk0J6Qhnyl0N"}
Успешный ответ: {"events_received":1,"messages":[],"fbtrace_id":"ANgcnnRqWBv3eKjfam-vVRe"}
Успешный ответ: {"events_received":1,"messages":[],"fbtrace_id":"Af8EsgU_m6xgzL2DFY-NGAq"}
Успешный ответ: {"events_received":1,"messages":[],"fbtrace_id":"Aj5uUfaXDUikyA4jtdrWaNf"}
Успешный ответ: {"events_received":1,"messages":[],"fbtrace_id":"Al3YzqFl6ZIOma17pSuDrRN"}
Успешный ответ: {"events_received":1,"messages":[],"fbtrace_id":"Aw6U6Nzo051EDW8HHyhoN-S"}
Успешный ответ: {"events_received":1,"messages":[],"fbtrace_id":"A9VbKhJU11vFgxEL4kyusbq"}
Успешный ответ: {"events_received":1,"messages":[],"fbtrace_id":"ARj_loPPps0OIAqOtn5w_X2"}
Успешный ответ: {"events_received":1,"messages":[],"fbtrace_id":"ADL9nuU5dpZcL1dxFYWt6EP"}
Успешный ответ: {"events_received":1,"messages":[],"fbtrace_id":"AAWkVLOK5l8IXY2NMp4MpxK"}
Успешный ответ: {"events_received":1,"messages":[],"fbtrace_id":"Ar6Lp5ZaaavTDryVI7v51-j"}
Успешный ответ: {"events_received":1,"messages":[],"fbtrace_id":"AG5KBIl7Bni_CGZIlkCI1rj"}
Успешный ответ: {"events_received":1,"messages":[],"fbtrace_id":"AOoYIqPnGSlz86dAWBzMtn5"}
Успешный ответ: {"events_received":1,"messages":[],"fbtrace_id":"AlFo1fv2Hjyxmx4t5dskCfQ"}
Успешный ответ: {"events_received":1,"messages":[],"fbtrace_id":"AyFuuYjOpqadT6SSaLtk1E2"}
Успешный ответ: {"events_received":1,"messages":[],"fbtrace_id":"Aw4ajoW5695pCQQu2CD0xT3"}
Успешный ответ: {"events_received":1,"messages":[],"fbtrace_id":"Aw9xlMESW-DyJukmgpfNrDZ"}
Успешный ответ: {"events_received":1,"messages":[],"fbtrace_id":"A3gL1vv-uZzsX0LUKFrrnX0"}
Успешный ответ: {"events_received":1,"messages":[],"fbtrace_id":"AU_AXq3MPMZ3yMVf0dzfYYM"}
Успешный ответ: {"events_received":1,"messages":[],"fbtrace_id":"Au3XiqxRx5Es2581acD_Gso"}
Успешный ответ: {"events_received":1,"messages":[],"fbtrace_id":"AngQCfPdSRgr3sWV40Qx900"}
Успешный ответ: {"events_received":1,"messages":[],"fbtrace_id":"AWzuKsebIdASJADObfbD1c5"}
Успешный ответ: {"events_received":1,"messages":[],"fbtrace_id":"A7N2diX7Y-Tgs8q9qscxg2O"}
Успешный ответ: {"events_received":1,"messages":[],"fbtrace_id":"AqFxxnZCpWGHl4cceg2NjQU"}
Успешный ответ: {"events_received":1,"messages":[],"fbtrace_id":"AP2SR5rYOm0dZPDEyzt6WjI"}
Успешный ответ: {"events_received":1,"messages":[],"fbtrace_id":"AwliFrICIpkyjvfhudBDIB9"}
Успешный ответ: {"events_received":1,"messages":[],"fbtrace_id":"Aina-O-JCtBnJclnuVSnkeW"}
Успешный ответ: {"events_received":1,"messages":[],"fbtrace_id":"ATSNwa39ZDjSmkBGGoNEtiC"}
Успешный ответ: {"events_received":1,"messages":[],"fbtrace_id":"AD6EjFVSRJmptfCFGdr-eko"}
Успешный ответ: {"events_received":1,"messages":[],"fbtrace_id":"A6TbVbMEibztRYC_jNYhh4y"}
Успешный ответ: {"events_received":1,"messages":[],"fbtrace_id":"AgOl8lK3ps06kvw4ckbpKp4"}
Успешный ответ: {"events_received":1,"messages":[],"fbtrace_id":"AGyHk8Njj__pLpC4ucDduP1"}
Успешный ответ: {"events_received":1,"messages":[],"fbtrace_id":"AhysfaoVHuKSGFZWx-uTkKy"}
Успешный ответ: {"events_received":1,"messages":[],"fbtrace_id":"ACPo1ACHKhUJ94tbJP8Pebi"}
Успешный ответ: {"events_received":1,"messages":[],"fbtrace_id":"AuqbiosWelP4ohcRzRzC14i"}
Успешный ответ: {"events_received":1,"messages":[],"fbtrace_id":"AsVekXmB1610vamP3jyrO7N"}
Успешный ответ: {"events_received":1,"messages":[],"fbtrace_id":"AK1iZwoeJbz6zrI9ypgitt7"}
Успешный ответ: {"events_received":1,"messages":[],"fbtrace_id":"AN9OhkptXgU55fYCcVjmYjF"}
Успешный ответ: {"events_received":1,"messages":[],"fbtrace_id":"AvMwk_CuEIr61xRllKoHQic"}
Успешный ответ: {"events_received":1,"messages":[],"fbtrace_id":"Aq3hniy4dwzGVsqyKgf5Z9y"}
Успешный ответ: {"events_received":1,"messages":[],"fbtrace_id":"AstthlScJRfCFyaa6Fv4mzC"}
Успешный ответ: {"events_received":1,"messages":[],"fbtrace_id":"AQa-LX0ZdQlk2AXYZhZIav3"}
Успешный ответ: {"events_received":1,"messages":[],"fbtrace_id":"Aks_OYHNoC5U0TEYnv5XhZu"}
Успешный ответ: {"events_received":1,"messages":[],"fbtrace_id":"A-D0AZJBjO6_fQQ1QW6ono6"}
Успешный ответ: {"events_received":1,"messages":[],"fbtrace_id":"A8OhpAsxXZ_Ivp4fD5RGUzf"}
Успешный ответ: {"events_received":1,"messages":[],"fbtrace_id":"Am-SsnGSDxi9NRQ0uhHbuks"}
Успешный ответ: {"events_received":1,"messages":[],"fbtrace_id":"ANiCF7d-89wd3csZD3VHSEh"}
Успешный ответ: {"events_received":1,"messages":[],"fbtrace_id":"AniuC0FW5XzUQXUc2P8Oxip"}
Успешный ответ: {"events_received":1,"messages":[],"fbtrace_id":"AMY12aWU1uaz8a34oSqAFze"}
Успешный ответ: {"events_received":1,"messages":[],"fbtrace_id":"ArvCgmzNI5iiy81C7qGnjK2"}
Успешный ответ: {"events_received":1,"messages":[],"fbtrace_id":"AvMADXIMbEgWGgxWowcPADu"}
Успешный ответ: {"events_received":1,"messages":[],"fbtrace_id":"A_sx-JoLAsa0VW0PpSuSA63"}
Успешный ответ: {"events_received":1,"messages":[],"fbtrace_id":"A1PjmtYz595evGK6I00DOYa"}
Успешный ответ: {"events_received":1,"messages":[],"fbtrace_id":"AtnVa2qeua3-XrZrl6iAqOo"}
Успешный ответ: {"events_received":1,"messages":[],"fbtrace_id":"AI6x8f0wXnUNbGoYoAOXhUk"}
Успешный ответ: {"events_received":1,"messages":[],"fbtrace_id":"Ar6EGb1C2izZ-jHbZaVulc9"}
Успешный ответ: {"events_received":1,"messages":[],"fbtrace_id":"ADEJIUPniWZp-WK0WNsBJ87"}
Успешный ответ: {"events_received":1,"messages":[],"fbtrace_id":"AOC8D7BIMJ0I2Nvo07QKN6q"}
Успешный ответ: {"events_received":1,"messages":[],"fbtrace_id":"AapeBL-FwQxdWH181cDuvbK"}
Успешный ответ: {"events_received":1,"messages":[],"fbtrace_id":"AFJzkJY9RtXBek1PM3M-F6N"}
Успешный ответ: {"events_received":1,"messages":[],"fbtrace_id":"AfS_nDrBI64PiiCNUVWlw22"}
Успешный ответ: {"events_received":1,"messages":[],"fbtrace_id":"Aj_h63aK1wjqBeQf4NtYbuN"}
Успешный ответ: {"events_received":1,"messages":[],"fbtrace_id":"ADJYetHELAYbGs6TGK2XTJq"}
Успешный ответ: {"events_received":1,"messages":[],"fbtrace_id":"Ae8-9_WGm-uBwBCaBteEAo6"}
Успешный ответ: {"events_received":1,"messages":[],"fbtrace_id":"AA1Ryusci4Sbjfh-KWULtgO"}
Успешный ответ: {"events_received":1,"messages":[],"fbtrace_id":"AhaI5DAo1jmSHdvcV_8KvN3"}
Успешный ответ: {"events_received":1,"messages":[],"fbtrace_id":"AlEYB_5eo7NRuQFFLQxHhgl"}
Успешный ответ: {"events_received":1,"messages":[],"fbtrace_id":"Acb9t7klPy_MwNQFmDrSkpA"}
Успешный ответ: {"events_received":1,"messages":[],"fbtrace_id":"A_OMgLznFsgrkEKsSRy9U5h"}
Успешный ответ: {"events_received":1,"messages":[],"fbtrace_id":"AyLERLY3QjoJd3e_vYoB6CV"}
Успешный ответ: {"events_received":1,"messages":[],"fbtrace_id":"ACZG7pR7JO4_TmO7bKHs3qO"}
Успешный ответ: {"events_received":1,"messages":[],"fbtrace_id":"Ao1H2wyQWAy6m_kTtfT5Oyp"}
Успешный ответ: {"events_received":1,"messages":[],"fbtrace_id":"ABb5cHJZPjqGa2y9hF5dzXU"}
Успешный ответ: {"events_received":1,"messages":[],"fbtrace_id":"AyCxDEz1wHm3B1Z7IcHMsZ4"}
Успешный ответ: {"events_received":1,"messages":[],"fbtrace_id":"AdaZt64-taUH3dTGcPgAa8Z"}
Успешный ответ: {"events_received":1,"messages":[],"fbtrace_id":"AtZ5h5xI0aa3YeIVwmDt6KH"}
Успешный ответ: {"events_received":1,"messages":[],"fbtrace_id":"AFWMD2vKUarNvfmdm31shbC"}
Успешный ответ: {"events_received":1,"messages":[],"fbtrace_id":"A7zL-YNxsOAxSrRr4cIVr53"}
Успешный ответ: {"events_received":1,"messages":[],"fbtrace_id":"Ar7ktXMdlJ3SkRw0JXe51-h"}
Успешный ответ: {"events_received":1,"messages":[],"fbtrace_id":"AJ05lsqpbAVWek7G7OyCjkD"}
Успешный ответ: {"events_received":1,"messages":[],"fbtrace_id":"ARwZSCnzQzTsGkWIgtqqzIe"}
Успешный ответ: {"events_received":1,"messages":[],"fbtrace_id":"ANny8Rnn8pUEmkAQRP0FR_n"}
Успешный ответ: {"events_received":1,"messages":[],"fbtrace_id":"AVKu_PWhLQCxoKy2NdEMYhj"}
Успешный ответ: {"events_received":1,"messages":[],"fbtrace_id":"A-isJYRbx6IwtPc797xmt0w"}
Успешный ответ: {"events_received":1,"messages":[],"fbtrace_id":"AL64rcUiQKgNhmlmvLTKKPY"}
Успешный ответ: {"events_received":1,"messages":[],"fbtrace_id":"AHaCy7Z7sWoSDMuiBi3pY5s"}
Успешный ответ: {"events_received":1,"messages":[],"fbtrace_id":"AciuFwYBiBzHhRfGo_qcG6C"}
Успешный ответ: {"events_received":1,"messages":[],"fbtrace_id":"AMiNtOfzNzuRVwbYi4jMztk"}
Успешный ответ: {"events_received":1,"messages":[],"fbtrace_id":"AL3DShGquG9vLCLFGRL29q2"}
Успешный ответ: {"events_received":1,"messages":[],"fbtrace_id":"AYNQkVysU930HCiWDFi_hm5"}
Успешный ответ: {"events_received":1,"messages":[],"fbtrace_id":"ATxMjvO9ZLbCasK3dsQsJVT"}
Успешный ответ: {"events_received":1,"messages":[],"fbtrace_id":"A9LgnB87YoRxluYX8aWiL4y"}
Успешный ответ: {"events_received":1,"messages":[],"fbtrace_id":"AOgc4PUtlGAAT6s8wUbEVFa"}
Успешный ответ: {"events_received":1,"messages":[],"fbtrace_id":"AX1zn7SrF4lRvL6kbbDTW-Q"}
Успешный ответ: {"events_received":1,"messages":[],"fbtrace_id":"A38yl45d0OEUwCXtY5QN2M-"}
Успешный ответ: {"events_received":1,"messages":[],"fbtrace_id":"AAQrDCx9WgQSUGrFIYS9xOn"}
Успешный ответ: {"events_received":1,"messages":[],"fbtrace_id":"AizmtYHBIaiVd0dxW_vwTxE"}
Успешный ответ: {"events_received":1,"messages":[],"fbtrace_id":"AKslAJI06ktiskKuIsb2UNP"}
Успешный ответ: {"events_received":1,"messages":[],"fbtrace_id":"An0Ia57BUBS3xoK4eZ_hmdx"}
Успешный ответ: {"events_received":1,"messages":[],"fbtrace_id":"AMZdGS6q8kLq-GzuT9iA6yL"}
Успешный ответ: {"events_received":1,"messages":[],"fbtrace_id":"AtM714EJQybW-bEnvs1vYYL"}
Успешный ответ: {"events_received":1,"messages":[],"fbtrace_id":"A1bqjE1E-btcnUAKW8nL9rL"}
Успешный ответ: {"events_received":1,"messages":[],"fbtrace_id":"AE5QDd0I22pk3JFtiSaPi8q"}
Успешный ответ: {"events_received":1,"messages":[],"fbtrace_id":"AcRSbYgfnoBUYnMYX4lYIyz"}
Успешный ответ: {"events_received":1,"messages":[],"fbtrace_id":"AugoDPRUNGxmOTFSgQB0Ha0"}
Успешный ответ: {"events_received":1,"messages":[],"fbtrace_id":"Ab8TXm3qWh9Mve6Sxllh6MP"}
Успешный ответ: {"events_received":1,"messages":[],"fbtrace_id":"A3q3bMcxaASzmwZ7SN5ZLUi"}
Успешный ответ: {"events_received":1,"messages":[],"fbtrace_id":"AA2OCnOZ81M19fuRiN6RJKd"}
Успешный ответ: {"events_received":1,"messages":[],"fbtrace_id":"ARbQAnIcgLJ0Jk3qAWI1WYj"}
Успешный ответ: {"events_received":1,"messages":[],"fbtrace_id":"AhvScSL5amUX4ilcl0gbBSd"}
Успешный ответ: {"events_received":1,"messages":[],"fbtrace_id":"AKWgRDC5dKceQSKkc26p505"}
Успешный ответ: {"events_received":1,"messages":[],"fbtrace_id":"ABdrd-cQxgAKlOf0byPp0wh"}
Успешный ответ: {"events_received":1,"messages":[],"fbtrace_id":"ARlkkLL5TeqYQlYdqHJO4O7"}
Успешный ответ: {"events_received":1,"messages":[],"fbtrace_id":"Aemt6hR3xv4hPTAgWnTTMsF"}
Успешный ответ: {"events_received":1,"messages":[],"fbtrace_id":"Am2bmPK3Rnr-cWq0fzDEGwW"}
Успешный ответ: {"events_received":1,"messages":[],"fbtrace_id":"AMO296TWuT2g5IzF1kITKTN"}
Успешный ответ: {"events_received":1,"messages":[],"fbtrace_id":"AENyRfOLkNcNqzbyCwts7eb"}
Успешный ответ: {"events_received":1,"messages":[],"fbtrace_id":"AfVdgQ8uIgXjMZ-uP5lKAp2"}
Успешный ответ: {"events_received":1,"messages":[],"fbtrace_id":"Ak6Rs7dEQ39HdQBlOse4suK"}
Успешный ответ: {"events_received":1,"messages":[],"fbtrace_id":"A_lKawUZSGXkYdReiL72Amt"}
Успешный ответ: {"events_received":1,"messages":[],"fbtrace_id":"AhyhiWbHswkWqDOBWT2BwHV"}
Успешный ответ: {"events_received":1,"messages":[],"fbtrace_id":"AIznaIWAYn8uvczr10sjPDv"}
Успешный ответ: {"events_received":1,"messages":[],"fbtrace_id":"AClunH6RmrLdpxSfVVKe3ol"}
Успешный ответ: {"events_received":1,"messages":[],"fbtrace_id":"ARY2g-rjXqMEZDBhiLeEdGQ"}
Успешный ответ: {"events_received":1,"messages":[],"fbtrace_id":"ALfh9ID7eom7dCbEfVgKdyE"}
Успешный ответ: {"events_received":1,"messages":[],"fbtrace_id":"AHGShJ0XfKXHngmOWRtWz6m"}
Успешный ответ: {"events_received":1,"messages":[],"fbtrace_id":"ALa_QKN_21WFXEnJKOF7TB3"}
Успешный ответ: {"events_received":1,"messages":[],"fbtrace_id":"AOjqUZSNKz8ot4vv6EYjxF-"}
Успешный ответ: {"events_received":1,"messages":[],"fbtrace_id":"A6dDISjFNQLw-yMsz1oesxr"}
Успешный ответ: {"events_received":1,"messages":[],"fbtrace_id":"AcdkhB0QRJDV6rgEKWNYSBx"}
Успешный ответ: {"events_received":1,"messages":[],"fbtrace_id":"AU_ajGm8jLD3K8U10X_BFet"}
Успешный ответ: {"events_received":1,"messages":[],"fbtrace_id":"ADHAflYdpAs6tyl3KqOhO9b"}
Успешный ответ: {"events_received":1,"messages":[],"fbtrace_id":"Ac778uJJ0Lc3h8O-go8Uudm"}
Успешный ответ: {"events_received":1,"messages":[],"fbtrace_id":"AN3n_f91JqFYwMbLX5356jC"}
Успешный ответ: {"events_received":1,"messages":[],"fbtrace_id":"AlPtKxFXJd8N4-s1-UKFQuq"}
Успешный ответ: {"events_received":1,"messages":[],"fbtrace_id":"AnFzt97AO0E3vZ0pzJqXcgf"}
Успешный ответ: {"events_received":1,"messages":[],"fbtrace_id":"AXorhPD-5Z2nmH1me-A3AW_"}
Успешный ответ: {"events_received":1,"messages":[],"fbtrace_id":"AAdmy_zzrjRuOgI6ppjtDow"}
Успешный ответ: {"events_received":1,"messages":[],"fbtrace_id":"AkluNjlaTdO7_v8AYhh0XLZ"}
Успешный ответ: {"events_received":1,"messages":[],"fbtrace_id":"AuLDn51yaGB_4Rv6cG0ja7h"}
Успешный ответ: {"events_received":1,"messages":[],"fbtrace_id":"ARI_UkKuvE-3Wn7lJK6-Ujl"}
Успешный ответ: {"events_received":1,"messages":[],"fbtrace_id":"AVKdT4u3aWTonWFFOE7pKam"}
Успешный ответ: {"events_received":1,"messages":[],"fbtrace_id":"A9t5WQoi0Pv3MmvqjUuNdHH"}
Успешный ответ: {"events_received":1,"messages":[],"fbtrace_id":"AOF9Kd2SXm-bheNrR__j9Tn"}
Успешный ответ: {"events_received":1,"messages":[],"fbtrace_id":"A_-_J37uKO1nsbFJnzfMwQn"}
Успешный ответ: {"events_received":1,"messages":[],"fbtrace_id":"AtU96FL55uD1s3BaVDkctF-"}
Успешный ответ: {"events_received":1,"messages":[],"fbtrace_id":"Ah9l2Mf7OVU7PhEtIJM3f3r"}
Успешный ответ: {"events_received":1,"messages":[],"fbtrace_id":"AzAEFPuUPwjZ2derZLoazV4"}
Успешный ответ: {"events_received":1,"messages":[],"fbtrace_id":"AGy-9dHGl1IE5FCtJM8s3qX"}
Успешный ответ: {"events_received":1,"messages":[],"fbtrace_id":"AxTSGwjoRUFkLz8r0h1VeY4"}
Успешный ответ: {"events_received":1,"messages":[],"fbtrace_id":"Ahdil4zhDO6LHCf6LkTMbZq"}
Успешный ответ: {"events_received":1,"messages":[],"fbtrace_id":"APnUFZZw-RZSgdA72Y9iApn"}
Успешный ответ: {"events_received":1,"messages":[],"fbtrace_id":"AbTco4acNauyOWpQLYJvPu1"}
Успешный ответ: {"events_received":1,"messages":[],"fbtrace_id":"AcVZQ0yauyAjzKzTUvMJP5g"}
Успешный ответ: {"events_received":1,"messages":[],"fbtrace_id":"Av2RkBWkMp8Qe92T_F-9_Pk"}
Успешный ответ: {"events_received":1,"messages":[],"fbtrace_id":"A4VgtizhafDdzVvWHZd1LNR"}
Успешный ответ: {"events_received":1,"messages":[],"fbtrace_id":"AbI2qq6Ygd7UcluFZOEVmRC"}
Успешный ответ: {"events_received":1,"messages":[],"fbtrace_id":"Awfg4p5poGSauV7ONHz2cMb"}
Успешный ответ: {"events_received":1,"messages":[],"fbtrace_id":"AbhYGpjsZ-2av45YUB23jAh"}
Успешный ответ: {"events_received":1,"messages":[],"fbtrace_id":"AVcYiTCBuiL2N1nnbE4SVeU"}
Успешный ответ: {"events_received":1,"messages":[],"fbtrace_id":"AwOYrwWXsKiXmoQ8qQFQHP5"}
Успешный ответ: {"events_received":1,"messages":[],"fbtrace_id":"AMwe4TVpPPpwZPVhw_CXK5z"}
Успешный ответ: {"events_received":1,"messages":[],"fbtrace_id":"AaDRFyT3lSA5cJKNzAzu2DM"}
Успешный ответ: {"events_received":1,"messages":[],"fbtrace_id":"AFADaQswNFCHme1S7XYfL5j"}
Успешный ответ: {"events_received":1,"messages":[],"fbtrace_id":"AZHzttRNJWSF5z2d428ZKkG"}
Успешный ответ: {"events_received":1,"messages":[],"fbtrace_id":"AoXBP-uxT0IPr1--cil_WV8"}
Успешный ответ: {"events_received":1,"messages":[],"fbtrace_id":"AqYVB0wEAG-84dZRjPFUKeF"}
Успешный ответ: {"events_received":1,"messages":[],"fbtrace_id":"ASjQecbq0XJEsFg5Ek9K5Vq"}
Успешный ответ: {"events_received":1,"messages":[],"fbtrace_id":"A3RojxgXXHcQmJ0Eg_f1tbC"}
Успешный ответ: {"events_received":1,"messages":[],"fbtrace_id":"ANXbWckDYskPiD0WLVd1plB"}
Успешный ответ: {"events_received":1,"messages":[],"fbtrace_id":"AuZkmAf4WRYXeI0ImzYp4O3"}
Успешный ответ: {"events_received":1,"messages":[],"fbtrace_id":"AeMSLf0kskSTObVYz8_S4DR"}
Успешный ответ: {"events_received":1,"messages":[],"fbtrace_id":"A_m6cWUJ6ujFww-0XrgFdMX"}
Успешный ответ: {"events_received":1,"messages":[],"fbtrace_id":"AnzMr30ALoKT_3iclATUFcL"}
Успешный ответ: {"events_received":1,"messages":[],"fbtrace_id":"AxHl1Z5JGTFRrNtNg5kMCcv"}
Успешный ответ: {"events_received":1,"messages":[],"fbtrace_id":"AIslgTdm71h9KU9EQ379ADl"}
Успешный ответ: {"events_received":1,"messages":[],"fbtrace_id":"AozUn0atte2C6VKHKoThTFO"}
Успешный ответ: {"events_received":1,"messages":[],"fbtrace_id":"A1CyZX5gypnXmYTcl-SiSNQ"}
Успешный ответ: {"events_received":1,"messages":[],"fbtrace_id":"AmKPi1H7fEnt3ZWU7k8pa0_"}
Успешный ответ: {"events_received":1,"messages":[],"fbtrace_id":"AcGK_V3_2ycJ8ui3gTaqVZm"}
Успешный ответ: {"events_received":1,"messages":[],"fbtrace_id":"Ai8HCjXxTJuoCtqARPPCT6t"}
Успешный ответ: {"events_received":1,"messages":[],"fbtrace_id":"Agc4KjJVEGPLUDgV5Y1EDP7"}
Успешный ответ: {"events_received":1,"messages":[],"fbtrace_id":"AEr2udEYookAtL5y9vH-WOb"}
Успешный ответ: {"events_received":1,"messages":[],"fbtrace_id":"A4PiGPj7OgDUrEHpLiHzhEi"}
Успешный ответ: {"events_received":1,"messages":[],"fbtrace_id":"Aj-PR83fVdzZ0iLORcKwwnr"}
Успешный ответ: {"events_received":1,"messages":[],"fbtrace_id":"APyLhRI5qddwnfqY2tCfwwG"}
Успешный ответ: {"events_received":1,"messages":[],"fbtrace_id":"A7DaAYNeT8Di77Mj_pTyu34"}
Успешный ответ: {"events_received":1,"messages":[],"fbtrace_id":"AIhJDrXEJAeq0I_H9OOo31-"}
Успешный ответ: {"events_received":1,"messages":[],"fbtrace_id":"A3NnyIxOICcvx6I53DbLpPa"}
Успешный ответ: {"events_received":1,"messages":[],"fbtrace_id":"AxWx5crM5DNoiUcAOU5hvoM"}
Успешный ответ: {"events_received":1,"messages":[],"fbtrace_id":"AzIrvfx47ppBlN53zfmemEI"}
Успешный ответ: {"events_received":1,"messages":[],"fbtrace_id":"AjdtJD1rP3Oj5SFDc6bUtmI"}
Успешный ответ: {"events_received":1,"messages":[],"fbtrace_id":"AHCa51D2SXbB2VeJAw1WdgC"}
Успешный ответ: {"events_received":1,"messages":[],"fbtrace_id":"AS4sH_1irqNbeyswL_I0UI5"}
Успешный ответ: {"events_received":1,"messages":[],"fbtrace_id":"A1uaCS8R3l63edcLlP0aXq-"}
Успешный ответ: {"events_received":1,"messages":[],"fbtrace_id":"Ai2CpKlfiTOEhHG8ByWIW7d"}
Успешный ответ: {"events_received":1,"messages":[],"fbtrace_id":"AaiEL-VxqdjhoZVR7UKX8Qr"}
Успешный ответ: {"events_received":1,"messages":[],"fbtrace_id":"AYtNxJUAdE4YMub9_IEzfoa"}
Успешный ответ: {"events_received":1,"messages":[],"fbtrace_id":"Ae5X24A_sJUht_gF7Pmcirv"}
Успешный ответ: {"events_received":1,"messages":[],"fbtrace_id":"AZNd2DNMMKtd-QMz7WYLo4S"}
Успешный ответ: {"events_received":1,"messages":[],"fbtrace_id":"Ag1DaoVmJXUmSRiKx2fVDNb"}
Успешный ответ: {"events_received":1,"messages":[],"fbtrace_id":"AdIFEo73bs3VohftLll6HME"}
Успешный ответ: {"events_received":1,"messages":[],"fbtrace_id":"A_-9fe27V7TWpTxkOsgi9Fi"}
Успешный ответ: {"events_received":1,"messages":[],"fbtrace_id":"Av8Sc2YNmdpzNhp44tqD5ZF"}
Успешный ответ: {"events_received":1,"messages":[],"fbtrace_id":"A7AS1Us5LuFIwx3OLe-iEF4"}
Успешный ответ: {"events_received":1,"messages":[],"fbtrace_id":"AK2UEMBONLqh-7sopiQ9g5o"}
Успешный ответ: {"events_received":1,"messages":[],"fbtrace_id":"Ak9zEF4FfrUtVcZ3TyFxk6I"}
Успешный ответ: {"events_received":1,"messages":[],"fbtrace_id":"AfdegO57eJmhryI0JniSWy_"}
Успешный ответ: {"events_received":1,"messages":[],"fbtrace_id":"Ak3_ofHIqdlQmKFX8gXC6Ur"}
Успешный ответ: {"events_received":1,"messages":[],"fbtrace_id":"A0-QUWVnoZdoVtmtInDYWNP"}
Успешный ответ: {"events_received":1,"messages":[],"fbtrace_id":"AzHU96ZI7o9U3BHVCyfjFaW"}
Успешный ответ: {"events_received":1,"messages":[],"fbtrace_id":"AYsH-feITpI51YhrHjVuAsj"}
Успешный ответ: {"events_received":1,"messages":[],"fbtrace_id":"AWLJ173jKPOdusWkAHr5U_A"}
Успешный ответ: {"events_received":1,"messages":[],"fbtrace_id":"A_vNGgZO3YxFMrg9fIOWXm_"}
Успешный ответ: {"events_received":1,"messages":[],"fbtrace_id":"ACd993mTPrMN09pd4gSA3tH"}
Успешный ответ: {"events_received":1,"messages":[],"fbtrace_id":"AaCJ_EqZ9GqQHuqhsx2orWa"}
Успешный ответ: {"events_received":1,"messages":[],"fbtrace_id":"Atos7Kis7YBWd2b3ahPaKFV"}
Успешный ответ: {"events_received":1,"messages":[],"fbtrace_id":"ACZYOA1ZkNJ8j9ghEsdMEgk"}
Успешный ответ: {"events_received":1,"messages":[],"fbtrace_id":"ADTNedoOyzU84AEk6o9i1lA"}
Успешный ответ: {"events_received":1,"messages":[],"fbtrace_id":"Asfsg1uKqBzZ1GjhW4wd2Qd"}
Успешный ответ: {"events_received":1,"messages":[],"fbtrace_id":"A76Yc5t6nk9S9CeaAqGco4A"}
Успешный ответ: {"events_received":1,"messages":[],"fbtrace_id":"AMQfs8L1RCH3D4lkU8PFw3V"}
Успешный ответ: {"events_received":1,"messages":[],"fbtrace_id":"AxBcDLy5dwkKLgTAaNTdlol"}
Успешный ответ: {"events_received":1,"messages":[],"fbtrace_id":"AwU0H4TKccrsMiBWcHrifM4"}
Успешный ответ: {"events_received":1,"messages":[],"fbtrace_id":"Ak09P5luJ9GK0FxfKvUW8jk"}
Успешный ответ: {"events_received":1,"messages":[],"fbtrace_id":"AZv2L9HIcCmlEAwtzdXTSM4"}
Успешный ответ: {"events_received":1,"messages":[],"fbtrace_id":"ANbCidutq60RftYvbYnaCPx"}
Успешный ответ: {"events_received":1,"messages":[],"fbtrace_id":"ANtdCKHaJaiwGVxtIuDHG_T"}
Успешный ответ: {"events_received":1,"messages":[],"fbtrace_id":"ATgwm2Ua_LyEDlSrzMhciFn"}
Успешный ответ: {"events_received":1,"messages":[],"fbtrace_id":"Ai8RSa2xz9C9mvHuOQfbvbk"}
Успешный ответ: {"events_received":1,"messages":[],"fbtrace_id":"AYpyYNuIp_yVu2meTWZqRnC"}
Успешный ответ: {"events_received":1,"messages":[],"fbtrace_id":"A47q8IqxdAM8feqTDjhSq81"}
Успешный ответ: {"events_received":1,"messages":[],"fbtrace_id":"A_11MAv3J4hBfCQH2bY0v05"}
Успешный ответ: {"events_received":1,"messages":[],"fbtrace_id":"A47Iv5lui0b9yU-ortV40Sk"}
Успешный ответ: {"events_received":1,"messages":[],"fbtrace_id":"AdLd9EyNIWBP80GuLgpbxru"}
Успешный ответ: {"events_received":1,"messages":[],"fbtrace_id":"A_yvS1WQ0CF7PFfS4A9Ir_v"}
Успешный ответ: {"events_received":1,"messages":[],"fbtrace_id":"AIQsQKsYwm3w0LPMwvTPJpJ"}
Успешный ответ: {"events_received":1,"messages":[],"fbtrace_id":"AgzajCTXmSV6sYSpayR7naU"}
Успешный ответ: {"events_received":1,"messages":[],"fbtrace_id":"Ak6Di0bIApIk2eNOGM9LSvr"}
Успешный ответ: {"events_received":1,"messages":[],"fbtrace_id":"AExfynEhuEXU7TUDKtbPq1K"}
Успешный ответ: {"events_received":1,"messages":[],"fbtrace_id":"AKdI0Y_HhfeG1n-usjvEXr5"}
Успешный ответ: {"events_received":1,"messages":[],"fbtrace_id":"AUCBnfyVIYHtGulCBY5dKmD"}
Успешный ответ: {"events_received":1,"messages":[],"fbtrace_id":"AuSrkzLielebQeyGzSQcs5E"}
Успешный ответ: {"events_received":1,"messages":[],"fbtrace_id":"Ax1X9gO3GhcSBr0uEu1lXax"}
Успешный ответ: {"events_received":1,"messages":[],"fbtrace_id":"AskAaFfoVcXewfQkm8JsLsG"}
Успешный ответ: {"events_received":1,"messages":[],"fbtrace_id":"ABPEag9lZ8hefSDp8_z5VT7"}
Успешный ответ: {"events_received":1,"messages":[],"fbtrace_id":"AvP4N3IQjvRcDE3rWIBob4w"}
Успешный ответ: {"events_received":1,"messages":[],"fbtrace_id":"ANYh73nsTeW0Vhh2NM_kjiZ"}
Успешный ответ: {"events_received":1,"messages":[],"fbtrace_id":"AVc7Rb0JjRerGApgHT8M67v"}
Успешный ответ: {"events_received":1,"messages":[],"fbtrace_id":"AjAGAg4_TR_ixuvAqb0OjB7"}
Успешный ответ: {"events_received":1,"messages":[],"fbtrace_id":"AuVhfP3NE1nNdRg3u9Jh-Ag"}
Успешный ответ: {"events_received":1,"messages":[],"fbtrace_id":"AmaHZkJAGPtAxloc1lNpYA2"}
Успешный ответ: {"events_received":1,"messages":[],"fbtrace_id":"AfhlD2oraKF4ReXGEKXoYB_"}
Успешный ответ: {"events_received":1,"messages":[],"fbtrace_id":"AeBfaJQa8CswokW1TROkTy4"}
Успешный ответ: {"events_received":1,"messages":[],"fbtrace_id":"AqcbcWYzH2ALABuhiEv1l2m"}
Успешный ответ: {"events_received":1,"messages":[],"fbtrace_id":"ArzkEtuIG1-5nnIHqzzuKIN"}
Успешный ответ: {"events_received":1,"messages":[],"fbtrace_id":"AS42pG0A4driLj9Cbz1VjnN"}
Успешный ответ: {"events_received":1,"messages":[],"fbtrace_id":"AHXLSe9kttmnqIla4NX6lKL"}
Успешный ответ: {"events_received":1,"messages":[],"fbtrace_id":"AruQk0muGSTkBCCN1_bGsWB"}
Успешный ответ: {"events_received":1,"messages":[],"fbtrace_id":"Avp87VRznB1ipwnn0wH020I"}
Успешный ответ: {"events_received":1,"messages":[],"fbtrace_id":"AvMiu2lh10346Pg5apJfZCW"}
Успешный ответ: {"events_received":1,"messages":[],"fbtrace_id":"AfuQBn-13u_A_tP6snE4ebR"}
Успешный ответ: {"events_received":1,"messages":[],"fbtrace_id":"A4I2-rsEAT0cCq6PL6tPFsd"}
Успешный ответ: {"events_received":1,"messages":[],"fbtrace_id":"AuyEbV0zJyG5S1JaeSPFLJf"}
Успешный ответ: {"events_received":1,"messages":[],"fbtrace_id":"AZCC08RAG6VFTotEPwJ8ewj"}
Успешный ответ: {"events_received":1,"messages":[],"fbtrace_id":"AzypBofYUZs9rOezF-59G5H"}
Успешный ответ: {"events_received":1,"messages":[],"fbtrace_id":"A6LirYlKX5Ef03uRy4erAXB"}
Успешный ответ: {"events_received":1,"messages":[],"fbtrace_id":"ATBldtHr9RZwdqDz5RZTR5z"}
Успешный ответ: {"events_received":1,"messages":[],"fbtrace_id":"A4v1-W0NjD3j1psuKjeFiHP"}
Успешный ответ: {"events_received":1,"messages":[],"fbtrace_id":"ARtu4hLbztZGHJX7c10KVgX"}
Успешный ответ: {"events_received":1,"messages":[],"fbtrace_id":"AvcIWzHxf7cz72F0zb4q1kv"}
Успешный ответ: {"events_received":1,"messages":[],"fbtrace_id":"AEmkwF2xYz1h2uyIsePHK4T"}
Успешный ответ: {"events_received":1,"messages":[],"fbtrace_id":"AJRTrShVoTL45CLYaUqFIm2"}
Успешный ответ: {"events_received":1,"messages":[],"fbtrace_id":"A_pMKq4qUjivanXyhtDIZev"}
Успешный ответ: {"events_received":1,"messages":[],"fbtrace_id":"AWfLsZkZrcO4wcMmFzxCFrB"}
Успешный ответ: {"events_received":1,"messages":[],"fbtrace_id":"AfsxXi3EPD_k7Y8x7bTvI05"}
Успешный ответ: {"events_received":1,"messages":[],"fbtrace_id":"Aj1jcHtmxWnIF9E_T0xjMxA"}
Успешный ответ: {"events_received":1,"messages":[],"fbtrace_id":"Ay3wVhfILcIVXlFBTcOR-84"}
Успешный ответ: {"events_received":1,"messages":[],"fbtrace_id":"A27N5SiIxWEwS8zV8Es53db"}
Успешный ответ: {"events_received":1,"messages":[],"fbtrace_id":"AQcFwq0RiMdSUO_FSWt6t0C"}
Успешный ответ: {"events_received":1,"messages":[],"fbtrace_id":"A5jtsrVbmM2bnsw_STD-mDf"}
Успешный ответ: {"events_received":1,"messages":[],"fbtrace_id":"AjRp-XkuAAW7YMgGfdu8KM8"}
Успешный ответ: {"events_received":1,"messages":[],"fbtrace_id":"AU5mH5_MoJ87IfCeGJIYuvu"}
Успешный ответ: {"events_received":1,"messages":[],"fbtrace_id":"A71Bx1BaexJ9npVbUkM4AZj"}
Успешный ответ: {"events_received":1,"messages":[],"fbtrace_id":"AN3rvUqDDvnRUcY2bwtlwk7"}
Успешный ответ: {"events_received":1,"messages":[],"fbtrace_id":"AhgmG8IU7rKAuMRy0hWN7Kz"}
Успешный ответ: {"events_received":1,"messages":[],"fbtrace_id":"Al7TgQtMaMT8gq2V7vHJ6Ur"}
Успешный ответ: {"events_received":1,"messages":[],"fbtrace_id":"APNxYvgWth9UEwUFX_H7Seb"}
Успешный ответ: {"events_received":1,"messages":[],"fbtrace_id":"AuZFB4MESeFjnCBOThR-xqe"}
Успешный ответ: {"events_received":1,"messages":[],"fbtrace_id":"ALFEk6AwqjpX3RMAKC1n8IE"}
Успешный ответ: {"events_received":1,"messages":[],"fbtrace_id":"ASbLkbjRuoWDn_d7kwxS_Hn"}
Успешный ответ: {"events_received":1,"messages":[],"fbtrace_id":"A7bv9x6pIxbzj86jxy2hRfh"}
Успешный ответ: {"events_received":1,"messages":[],"fbtrace_id":"AyEMSZJ32JokkPkjmbHjrCa"}
Успешный ответ: {"events_received":1,"messages":[],"fbtrace_id":"A3q8JoDWOj2RNWcyJ3Lbajr"}
Успешный ответ: {"events_received":1,"messages":[],"fbtrace_id":"AQPnpDxpImXw0EdQ4iv3zCe"}
Успешный ответ: {"events_received":1,"messages":[],"fbtrace_id":"AxtWfFJKO1TeAxrtwbEx5fJ"}
Успешный ответ: {"events_received":1,"messages":[],"fbtrace_id":"AYgljlrZXleI6HOr-GDnkwl"}
Успешный ответ: {"events_received":1,"messages":[],"fbtrace_id":"AwEZ3x8olF7rKBxklzZ8rSn"}
Успешный ответ: {"events_received":1,"messages":[],"fbtrace_id":"AyW2PXpc7HkkydKMJAT5VlX"}
Успешный ответ: {"events_received":1,"messages":[],"fbtrace_id":"AAn8HO5-ChQOqrwvNRlfDxo"}
Успешный ответ: {"events_received":1,"messages":[],"fbtrace_id":"AjJyBzzxTizR4ETZeGEmGXp"}
Успешный ответ: {"events_received":1,"messages":[],"fbtrace_id":"A0BLPTvYyg7b6Pr-HZRQV3C"}
Успешный ответ: {"events_received":1,"messages":[],"fbtrace_id":"AUUY8c_u68S8nNiV1jx-jq4"}
Успешный ответ: {"events_received":1,"messages":[],"fbtrace_id":"AsAGDT1eN3NlMzGN23WN9xA"}
Успешный ответ: {"events_received":1,"messages":[],"fbtrace_id":"AFltquCG9QNgb87JEKO9p2S"}
Успешный ответ: {"events_received":1,"messages":[],"fbtrace_id":"AlmW238gzpJx5ZmuI5SvpZ7"}
Успешный ответ: {"events_received":1,"messages":[],"fbtrace_id":"Af_2TW51uWCcvEWW3Dcu2bL"}
Успешный ответ: {"events_received":1,"messages":[],"fbtrace_id":"AQnEOONCCy9-HzYdpvTjeTT"}
Успешный ответ: {"events_received":1,"messages":[],"fbtrace_id":"AHVffA4Or9s3yZ9vwtUOly-"}
Успешный ответ: {"events_received":1,"messages":[],"fbtrace_id":"A27XWi1ko05jjcH0EOtIlnv"}
Успешный ответ: {"events_received":1,"messages":[],"fbtrace_id":"Ar1VNa1o3HpixJGPGXSXnNd"}
Успешный ответ: {"events_received":1,"messages":[],"fbtrace_id":"A-S1Pfxh50iOAi9NzQ5ug2b"}
Успешный ответ: {"events_received":1,"messages":[],"fbtrace_id":"A24bIYsRQ4CkhI0XPso_96r"}
Успешный ответ: {"events_received":1,"messages":[],"fbtrace_id":"AOr_wRFBVMQgS9YjcxxTfl7"}
Успешный ответ: {"events_received":1,"messages":[],"fbtrace_id":"Ax08-fcagvdRpl32BN7rTBJ"}
Успешный ответ: {"events_received":1,"messages":[],"fbtrace_id":"AkZPFzp7PuM7JhwG1YFZpIw"}
Успешный ответ: {"events_received":1,"messages":[],"fbtrace_id":"AM9dec61vsuHa27wK9xYV44"}
Успешный ответ: {"events_received":1,"messages":[],"fbtrace_id":"AXXaotSRXs0561OL1d2nY0g"}
Успешный ответ: {"events_received":1,"messages":[],"fbtrace_id":"AlDzjT2M6XC6mJ2_BqS-zai"}
Успешный ответ: {"events_received":1,"messages":[],"fbtrace_id":"AsyLRA6kdr8i2bSbDr99phS"}
Успешный ответ: {"events_received":1,"messages":[],"fbtrace_id":"Aqm7Zre3NyfFCk8E7ehHw_J"}
Успешный ответ: {"events_received":1,"messages":[],"fbtrace_id":"A7xU2VvZG4lo4X7qIF216hx"}
Успешный ответ: {"events_received":1,"messages":[],"fbtrace_id":"ANO40RVDOHPodQoNPM_bQaY"}
Успешный ответ: {"events_received":1,"messages":[],"fbtrace_id":"AkjUpOlk18JEQ0_GwmDZIR1"}
Успешный ответ: {"events_received":1,"messages":[],"fbtrace_id":"A-7OBoOO_Z-zoj112WGHG7H"}
Успешный ответ: {"events_received":1,"messages":[],"fbtrace_id":"AuFuOApCYG3qY8sNI4lrJfL"}
Успешный ответ: {"events_received":1,"messages":[],"fbtrace_id":"AoeSsNYJmMsFH_XleiWMK9l"}
Успешный ответ: {"events_received":1,"messages":[],"fbtrace_id":"A-TqMiWmn633yeLhlK2LRDY"}
Успешный ответ: {"events_received":1,"messages":[],"fbtrace_id":"A14tMb4rqsABu9KPw7cKQH2"}
Успешный ответ: {"events_received":1,"messages":[],"fbtrace_id":"A9wBvQSbYfF1E-_hnm9xm3e"}
Успешный ответ: {"events_received":1,"messages":[],"fbtrace_id":"AtVcVEbJH0wxat-mA7LbV52"}
Успешный ответ: {"events_received":1,"messages":[],"fbtrace_id":"AwlLCaR9nLkGU59cpW8voH7"}
Успешный ответ: {"events_received":1,"messages":[],"fbtrace_id":"Ard9NY8eAskezWU8d6t_TTa"}
Успешный ответ: {"events_received":1,"messages":[],"fbtrace_id":"AgYk_3EOwZjwk5mHMZhCacn"}
Успешный ответ: {"events_received":1,"messages":[],"fbtrace_id":"AWLdgyerRop0DftNH-_9r81"}
Успешный ответ: {"events_received":1,"messages":[],"fbtrace_id":"AAuiC1g4S5t22VXsKk-1O0X"}
Успешный ответ: {"events_received":1,"messages":[],"fbtrace_id":"AFxI2Z7mR-3rFSRYcRpQu6l"}
Успешный ответ: {"events_received":1,"messages":[],"fbtrace_id":"AruLjAHMc7Y7JOnYnFXPRjC"}
Успешный ответ: {"events_received":1,"messages":[],"fbtrace_id":"AG4YrRDhZ_0_iU0DiORqrJd"}
Успешный ответ: {"events_received":1,"messages":[],"fbtrace_id":"Agdqi9Jww8LU-7dOfEvkM0F"}
Успешный ответ: {"events_received":1,"messages":[],"fbtrace_id":"AO5DXfi9AE6_TOzzj159oX1"}
Успешный ответ: {"events_received":1,"messages":[],"fbtrace_id":"AkAcR6-B2RjJ90i3a8S7Qqw"}
Успешный ответ: {"events_received":1,"messages":[],"fbtrace_id":"AWUfHT1nOAfGWzV89kSmNDj"}
Успешный ответ: {"events_received":1,"messages":[],"fbtrace_id":"At-Whzv19WYV6h4fpAMRs6N"}
Успешный ответ: {"events_received":1,"messages":[],"fbtrace_id":"ABsazuRINl7BYPOLKZ0DVly"}
Успешный ответ: {"events_received":1,"messages":[],"fbtrace_id":"A92C4OEmf1RbcwneIHAH_lz"}
Успешный ответ: {"events_received":1,"messages":[],"fbtrace_id":"AY-cCGqGTNTUfYWOyStDqTd"}
Успешный ответ: {"events_received":1,"messages":[],"fbtrace_id":"AGty_rIIfst2ggUblGWoQxh"}
Успешный ответ: {"events_received":1,"messages":[],"fbtrace_id":"AiLx_smVdIuOMyhu-d5vbAV"}
Успешный ответ: {"events_received":1,"messages":[],"fbtrace_id":"AqRap2iGzEhhCpSXzhMACHx"}
Успешный ответ: {"events_received":1,"messages":[],"fbtrace_id":"AuhJ56yWRuSNJ75_DpFUXms"}
Успешный ответ: {"events_received":1,"messages":[],"fbtrace_id":"AEIVrN-UtF8HB1Zu_Pvw3el"}
Успешный ответ: {"events_received":1,"messages":[],"fbtrace_id":"ANz3SmkKfMi23dS-nzcUIaG"}
Успешный ответ: {"events_received":1,"messages":[],"fbtrace_id":"AultnjXZHqICQ_3pGlmQnIe"}
Успешный ответ: {"events_received":1,"messages":[],"fbtrace_id":"AIlPymJ_rnHnb5N-Yh2L17v"}
Успешный ответ: {"events_received":1,"messages":[],"fbtrace_id":"Aiv6HTKZBda2nMjq_uyQRts"}
Успешный ответ: {"events_received":1,"messages":[],"fbtrace_id":"Amjeiyyc_6jueLzM8spgOJ5"}
Успешный ответ: {"events_received":1,"messages":[],"fbtrace_id":"AR3fnw1FaK-NqGr-nMebmt9"}
Успешный ответ: {"events_received":1,"messages":[],"fbtrace_id":"AkhmIfnx85SYEKpQoDertoy"}
Успешный ответ: {"events_received":1,"messages":[],"fbtrace_id":"A3Fvwk8MhEDf6yXhqOkD23q"}
Успешный ответ: {"events_received":1,"messages":[],"fbtrace_id":"AUAvcC9HgunpZcHwOog0xSz"}
