[2025-05-18 10:12:06] Response (400):
{"code":40002,"message":"Invalid value for event_source_id: not a valid string.","request_id":"20250518101206EB03AA2FBC0F30EB1839"}

[2025-05-18 10:15:34] Response (400):
{"code":40002,"message":"Invalid value for data.0.user.ttp: value may not be null.","request_id":"20250518101534101966A5F268B2ED8309"}

[2025-05-18 10:23:16] Response (400):
{"code":40002,"message":"Invalid value for data.0.user.ttp: value may not be null.","request_id":"202505181023153CFA0813EE68EFFBC44D"}

[2025-05-18 10:29:25] Response (400):
{"code":40002,"message":"Invalid value for data.0.user.ttp: value may not be null.","request_id":"2025051810292597057848E071FD71D40E"}

[2025-05-18 10:32:39] Response (400):
{"code":40002,"message":"Invalid value for data.0.user.ttp: value may not be null.","request_id":"20250518103239CEE17AF6EF6F01022FED"}

[2025-05-18 10:32:48] Response (400):
{"code":40002,"message":"Invalid value for data.0.user.ttp: value may not be null.","request_id":"20250518103248DBCB0250E548B3EB8805"}

[2025-05-18 10:32:59] Response (400):
{"code":40002,"message":"Invalid value for data.0.user.ttp: value may not be null.","request_id":"20250518103259ED3226FB9E341D596553"}

[2025-05-18 10:44:07] Response (400):
{"code":40002,"message":"Invalid value for data.0.user.ttp: value may not be null.","request_id":"20250518104407541FC73CD7CB8C01EE90"}

[2025-05-18 11:08:10] Response (400):
{"code":40002,"message":"Invalid value for data.0.user.ttp: value may not be null.","request_id":"20250518110810EBF6787F6C9F5DE84E1F"}

[2025-05-18 11:10:57] Response (400):
{"code":40002,"message":"Invalid value for data.0.user.ttp: value may not be null.","request_id":"202505181110579CF235FD2B044DF45BFE"}

[2025-05-18 11:11:08] Response (400):
{"code":40002,"message":"Invalid value for data.0.user.ttp: value may not be null.","request_id":"202505181111081F857FA0D18351EDDC3C"}

[2025-05-18 11:12:58] Response (200):
{"code": 0, "message": "OK", "request_id": "2025051811125859E18E3D7E22CE67676E", "data": {}}

[2025-05-18 11:20:26] Response (200):
{"code": 0, "message": "OK", "request_id": "20250518112026D39A39707268AFF002F3", "data": {}}

[2025-05-18 11:23:46] Response (200):
{"code": 0, "message": "OK", "request_id": "20250518112346B6213EB54420B9F25AEE", "data": {}}

[2025-05-18 11:26:10] Response (200):
{"code": 0, "message": "OK", "request_id": "202505181126100608817DB1C8B2038DA5", "data": {}}

[2025-05-18 11:46:34] Response (200):
{"code": 0, "message": "OK", "request_id": "20250518114634F68DE9DFE04A22F8D005", "data": {}}

[2025-05-18 11:52:15] Response (200):
{"code": 0, "message": "OK", "request_id": "2025051811521475BAB101B412FEF4AFA9", "data": {}}

[2025-05-18 11:52:17] Response (200):
{"code": 0, "message": "OK", "request_id": "20250518115217082D7E0F4243E8F5037E", "data": {}}

[2025-05-18 12:10:58] Response (200):
{"code": 0, "message": "OK", "request_id": "202505181210586F3CBA5D1C325FFBFCC9", "data": {}}

[2025-05-18 12:11:19] Response (200):
{"code": 0, "message": "OK", "request_id": "2025051812111974F79F309AB3250986EE", "data": {}}

[2025-05-18 12:11:22] Response (200):
{"code": 0, "message": "OK", "request_id": "2025051812112264B73EB17E9BE0F36049", "data": {}}

[2025-05-18 12:11:46] Response (200):
{"code": 0, "message": "OK", "request_id": "20250518121146311303B787B50DF730E7", "data": {}}

[2025-05-18 12:12:25] Response (200):
{"code": 0, "message": "OK", "request_id": "202505181212251F23E26C03D44B08D9C9", "data": {}}

[2025-05-18 12:12:52] Response (200):
{"code": 0, "message": "OK", "request_id": "2025051812125266A0FD7021AFA860BBEF", "data": {}}

[2025-05-18 12:12:54] Response (200):
{"code": 0, "message": "OK", "request_id": "202505181212540B38126879B38A06EC2C", "data": {}}

[2025-05-18 12:13:12] Response (200):
{"code": 0, "message": "OK", "request_id": "2025051812131241B8795247CB2405F62B", "data": {}}

[2025-05-18 12:13:22] Response (200):
{"code": 0, "message": "OK", "request_id": "202505181213229D6D6C69EADA8BF70344", "data": {}}

[2025-05-18 12:13:39] Response (200):
{"code": 0, "message": "OK", "request_id": "2025051812133993021937CBF252F9D00F", "data": {}}

[2025-05-18 12:14:06] Response (200):
{"code": 0, "message": "OK", "request_id": "20250518121406793ECEB2D2E4E4F5FB37", "data": {}}

[2025-05-18 12:14:13] Response (200):
{"code": 0, "message": "OK", "request_id": "20250518121413D32F04C29BD8AAF16C9B", "data": {}}

[2025-05-18 12:14:15] Response (200):
{"code": 0, "message": "OK", "request_id": "2025051812141503D2294E5799ABF3C92B", "data": {}}

[2025-05-18 12:14:28] Response (200):
{"code": 0, "message": "OK", "request_id": "20250518121428D314CAF1157212EB89EE", "data": {}}

[2025-05-18 12:21:33] Response (200):
{"code": 0, "message": "OK", "request_id": "2025051812213336E7F6DB7E9EAAF9652C", "data": {}}

[2025-05-18 12:21:36] Response (200):
{"code": 0, "message": "OK", "request_id": "20250518122136F0C3F78855DA50F8A80C", "data": {}}

[2025-05-18 12:25:46] Response (200):
{"code": 0, "message": "OK", "request_id": "20250518122546F88E267A8C1F81AB6DE9", "data": {}}

[2025-05-18 12:26:08] Response (200):
{"code": 0, "message": "OK", "request_id": "20250518122608172011AF661AFAFB80CE", "data": {}}

[2025-05-18 12:26:28] Response (200):
{"code": 0, "message": "OK", "request_id": "202505181226287129F1B23D5E02011A9B", "data": {}}

[2025-05-18 12:27:47] Response (200):
{"code": 0, "message": "OK", "request_id": "20250518122747B09AEC24ECAEFE67132C", "data": {}}

[2025-05-18 12:28:45] Response (200):
{"code": 0, "message": "OK", "request_id": "20250518122845F93487F460B1DCF2D1DA", "data": {}}

[2025-05-18 12:28:47] Response (200):
{"code": 0, "message": "OK", "request_id": "20250518122847322B30A2BC9943F63133", "data": {}}

[2025-05-18 12:36:17] Response (200):
{"code": 0, "message": "OK", "request_id": "20250518123617A66720F4E18648EE543F", "data": {}}

[2025-05-18 12:36:28] Response (200):
{"code": 0, "message": "OK", "request_id": "202505181236274E50B2D20B98C6F5B63F", "data": {}}

[2025-05-18 12:37:30] Response (200):
{"code": 0, "message": "OK", "request_id": "2025051812373082F39294C8EB90F796FC", "data": {}}

[2025-05-18 12:37:35] Response (200):
{"code": 0, "message": "OK", "request_id": "202505181237354EEE7308A5ADD1F9D78B", "data": {}}

[2025-05-18 12:37:37] Response (200):
{"code": 0, "message": "OK", "request_id": "202505181237374806F44D108BEFF80AA5", "data": {}}

[2025-05-18 12:37:54] Response (200):
{"code": 0, "message": "OK", "request_id": "202505181237544DA75282851921FE6605", "data": {}}

[2025-05-18 12:38:38] Response (200):
{"code": 0, "message": "OK", "request_id": "20250518123838337827FBA2669D99FA35", "data": {}}

[2025-05-18 12:57:34] Response (200):
{"code": 0, "message": "OK", "request_id": "2025051812573454AB16FB87C7E5FAF776", "data": {}}

[2025-05-18 13:06:08] Response (200):
{"code": 0, "message": "OK", "request_id": "20250518130608A9FBE1F889CDF9977AF9", "data": {}}

[2025-05-18 13:08:28] Response (200):
{"code": 0, "message": "OK", "request_id": "202505181308285B16F21680EF2706508D", "data": {}}

[2025-05-18 13:08:50] Response (200):
{"code": 0, "message": "OK", "request_id": "202505181308503604F9B81A363C0D5471", "data": {}}

[2025-05-18 13:08:56] Response (200):
{"code": 0, "message": "OK", "request_id": "20250518130856F9F3918EE706F20B37D8", "data": {}}

[2025-05-18 13:14:54] Response (200):
{"code": 0, "message": "OK", "request_id": "202505181314540B674472084D92104256", "data": {}}

[2025-05-18 13:16:07] Response (200):
{"code": 0, "message": "OK", "request_id": "2025051813160750AD8968BD4E30F7A0B0", "data": {}}

[2025-05-18 13:19:43] Response (200):
{"code": 0, "message": "OK", "request_id": "202505181319437BB31A99327DEFF97D30", "data": {}}

[2025-05-18 13:21:08] Response (200):
{"code": 0, "message": "OK", "request_id": "2025051813210839CB63199D2D8DFFE4B0", "data": {}}

[2025-05-18 13:21:17] Response (200):
{"code": 0, "message": "OK", "request_id": "2025051813211791028B7FD170D20C9A2B", "data": {}}

[2025-05-18 13:24:43] Response (200):
{"code": 0, "message": "OK", "request_id": "20250518132443DBADB6661D0BA60C69B2", "data": {}}

[2025-05-18 13:24:50] Response (200):
{"code": 0, "message": "OK", "request_id": "202505181324500E2CC36CF6C56EF54296", "data": {}}

[2025-05-18 13:25:11] Response (200):
{"code": 0, "message": "OK", "request_id": "20250518132511778F7BBA9FA736F9260E", "data": {}}

[2025-05-18 13:27:34] Response (200):
{"code": 0, "message": "OK", "request_id": "202505181327341FDE1CF8CFFAE6FDDF11", "data": {}}

[2025-05-18 13:29:17] Response (200):
{"code": 0, "message": "OK", "request_id": "2025051813291722498A6B9DC42F115B2F", "data": {}}

[2025-05-18 13:30:03] Response (200):
{"code": 0, "message": "OK", "request_id": "20250518133003AA894B8AE3D9230451EC", "data": {}}

[2025-05-18 13:30:20] Response (200):
{"code": 0, "message": "OK", "request_id": "20250518133020DF2917343F1E960A739E", "data": {}}

[2025-05-18 13:30:44] Response (200):
{"code": 0, "message": "OK", "request_id": "2025051813304456DC3748EB39F867A081", "data": {}}

[2025-05-18 13:37:42] Response (200):
{"code": 0, "message": "OK", "request_id": "202505181337428C13DF06C32B85F94F39", "data": {}}

[2025-05-18 13:38:29] Response (200):
{"code": 0, "message": "OK", "request_id": "20250518133828881C73EE125D28F3A9A3", "data": {}}

[2025-05-18 19:47:55] Response (200):
{"code": 0, "message": "OK", "request_id": "2025051819475537E0210249BD3F14EA5C", "data": {}}

[2025-05-18 20:10:21] Response (200):
{"code": 0, "message": "OK", "request_id": "202505182010216BBBF367A39B7C17F365", "data": {}}

[2025-05-18 20:19:39] Response (200):
{"code": 0, "message": "OK", "request_id": "20250518201939AA708F22831C7813E249", "data": {}}

[2025-05-18 20:31:22] Response (200):
{"code": 0, "message": "OK", "request_id": "20250518203122016BF7BC7F609E18E1C9", "data": {}}

[2025-05-18 20:52:08] Response (200):
{"code": 0, "message": "OK", "request_id": "2025051820520780439F0A60878C2467DA", "data": {}}

[2025-05-18 20:55:57] Response (200):
{"code": 0, "message": "OK", "request_id": "202505182055569EF3E18719D98B203C53", "data": {}}

[2025-05-18 20:59:04] Response (200):
{"code": 0, "message": "OK", "request_id": "20250518205904CE47A436616B162050C7", "data": {}}

[2025-05-18 20:59:36] Response (200):
{"code": 0, "message": "OK", "request_id": "2025051820593516FDAB5D6C8EC311B436", "data": {}}

[2025-05-18 21:01:16] Response (200):
{"code": 0, "message": "OK", "request_id": "202505182101163C4FCA38F073F52AD79A", "data": {}}

[2025-05-18 21:01:44] Response (200):
{"code": 0, "message": "OK", "request_id": "20250518210144FA8B2331BFA9A11A5FED", "data": {}}

[2025-05-18 21:02:26] Response (200):
{"code": 0, "message": "OK", "request_id": "202505182102265A93B4EDAB9E8F16CB58", "data": {}}

[2025-05-18 21:03:39] Response (200):
{"code": 0, "message": "OK", "request_id": "202505182103381D95BA0A0BF90F1A5221", "data": {}}

[2025-05-18 21:06:16] Response (200):
{"code": 0, "message": "OK", "request_id": "2025051821061653B4B4817A511B16E6A1", "data": {}}

[2025-05-18 21:07:03] Response (200):
{"code": 0, "message": "OK", "request_id": "202505182107034088ACE9CB406C18D58D", "data": {}}

[2025-05-18 21:07:09] Response (200):
{"code": 0, "message": "OK", "request_id": "2025051821070919F9FF37C93E34B722EF", "data": {}}

[2025-05-18 21:07:28] Response (200):
{"code": 0, "message": "OK", "request_id": "20250518210728E1CA9AC8A4197217DC60", "data": {}}

[2025-05-18 21:08:35] Response (200):
{"code": 0, "message": "OK", "request_id": "20250518210835A47DAA7F30DEE4137FB8", "data": {}}

[2025-05-18 21:09:40] Response (200):
{"code": 0, "message": "OK", "request_id": "202505182109401312A9F19BDF9D262FEA", "data": {}}

[2025-05-18 21:10:15] Response (200):
{"code": 0, "message": "OK", "request_id": "2025051821101587360D7361EF478676D4", "data": {}}

[2025-05-18 21:10:52] Response (200):
{"code": 0, "message": "OK", "request_id": "20250518211052F6B27178EF1EA0109E42", "data": {}}

[2025-05-18 21:11:05] Response (200):
{"code": 0, "message": "OK", "request_id": "20250518211105675A65FEE97164187405", "data": {}}

[2025-05-18 21:12:20] Response (200):
{"code": 0, "message": "OK", "request_id": "20250518211220B3F16DC3D371911449A8", "data": {}}

[2025-05-18 21:28:08] Response (200):
{"code": 0, "message": "OK", "request_id": "202505182128083863EC989FCC1F1699F5", "data": {}}

[2025-05-19 08:38:24] Response (200):
{"code": 0, "message": "OK", "request_id": "202505190838244018BDB5A3F6BA00C938", "data": {}}

[2025-05-19 08:41:05] Response (200):
{"code": 0, "message": "OK", "request_id": "202505190841057CE6A3ADD622D5001D7D", "data": {}}

[2025-05-19 08:53:44] Response (200):
{"code": 0, "message": "OK", "request_id": "20250519085344CBFF0EED453EB0AE4C3D", "data": {}}

[2025-05-19 09:04:32] Response (400):
{"code":40002,"message":"Invalid value for data.0.user.ttp: value may not be null.","request_id":"20250519090432EFDD0A966F3D734F607E"}

[2025-05-19 09:04:54] Response (400):
{"code":40002,"message":"Invalid value for data.0.user.ttp: value may not be null.","request_id":"20250519090454060077BF8837B801DBC2"}

[2025-05-19 09:05:01] Response (400):
{"code":40002,"message":"Invalid value for data.0.user.ttp: value may not be null.","request_id":"20250519090501B9133EC7BEE7A43A1721"}

[2025-05-19 09:05:10] Response (400):
{"code":40002,"message":"Invalid value for data.0.user.ttp: value may not be null.","request_id":"202505190905105ADA79DA687CBE4447F8"}

[2025-05-19 09:05:42] Response (400):
{"code":40002,"message":"Invalid value for data.0.user.ttp: value may not be null.","request_id":"20250519090542E40E4D6A497AE236C568"}

[2025-05-19 09:06:10] Response (200):
{"code": 0, "message": "OK", "request_id": "20250519090610CA20C5A18019E73EAA9C", "data": {}}

[2025-05-19 09:09:03] Response (200):
{"code": 0, "message": "OK", "request_id": "20250519090903A376753323E61C573805", "data": {}}

[2025-05-19 09:09:04] Response (200):
{"code": 0, "message": "OK", "request_id": "202505190909047D8E9612A714714E618F", "data": {}}

[2025-05-19 09:09:15] Response (200):
{"code": 0, "message": "OK", "request_id": "20250519090915D678089F27DDE0D7CEAF", "data": {}}

[2025-05-19 09:09:31] Response (200):
{"code": 0, "message": "OK", "request_id": "202505190909318BB1D74DFFB1F04A6CD1", "data": {}}

[2025-05-19 09:10:10] Response (200):
{"code": 0, "message": "OK", "request_id": "2025051909100977FA752AF9842542732C", "data": {}}

[2025-05-19 09:11:57] Response (200):
{"code": 0, "message": "OK", "request_id": "20250519091157ED8083FA71538F54EA45", "data": {}}

[2025-05-19 09:17:58] Response (200):
{"code": 0, "message": "OK", "request_id": "2025051909175891BA5D86F6B3D4345BC3", "data": {}}

[2025-05-19 09:25:54] Response (400):
{"code":40002,"message":"Invalid value for data.0.user.ttp: value may not be null.","request_id":"202505190925540D2854CEE7FA3D3C5C01"}

[2025-05-19 09:26:12] Response (200):
{"code": 0, "message": "OK", "request_id": "2025051909261287C23C0B6EAC7E40C4DC", "data": {}}

[2025-05-19 09:28:08] Response (200):
{"code": 0, "message": "OK", "request_id": "20250519092808500CFCE217DB00D9D742", "data": {}}

[2025-05-19 09:28:36] Response (200):
{"code": 0, "message": "OK", "request_id": "202505190928353BDC1029952117B413F7", "data": {}}

[2025-05-19 09:29:31] Response (200):
{"code": 0, "message": "OK", "request_id": "20250519092931EC5B3E5CDD30B834C8C3", "data": {}}

[2025-05-19 09:33:19] Response (200):
{"code": 0, "message": "OK", "request_id": "2025051909331976A9113E5C1A36325D8A", "data": {}}

[2025-05-19 09:34:02] Response (200):
{"code": 0, "message": "OK", "request_id": "20250519093402F24EE82469A792404647", "data": {}}

[2025-05-19 09:35:16] Response (200):
{"code": 0, "message": "OK", "request_id": "20250519093516B0625DB26EDF6D43DB2A", "data": {}}

[2025-05-19 09:38:02] Response (200):
{"code": 0, "message": "OK", "request_id": "20250519093802C6EBC18AA3E1CE3A5140", "data": {}}

[2025-05-19 09:58:08] Response (200):
{"code": 0, "message": "OK", "request_id": "202505190958082C161CE5367DDA3D6292", "data": {}}

[2025-05-19 09:58:47] Response (400):
{"code":40002,"message":"Invalid value for data.0.user.ttp: value may not be null.","request_id":"20250519095847D7194C1B4C4FF43DCD3B"}

[2025-05-19 11:30:54] Response (200):
{"code": 0, "message": "OK", "request_id": "20250519113054E746DF526EA99548FA94", "data": {}}

[2025-05-19 11:31:52] Response (200):
{"code": 0, "message": "OK", "request_id": "20250519113152A43396068A680C4207A3", "data": {}}

[2025-05-19 11:32:27] Response (200):
{"code": 0, "message": "OK", "request_id": "20250519113227D55D335D19FFB840B782", "data": {}}

[2025-05-19 11:32:34] Response (200):
{"code": 0, "message": "OK", "request_id": "202505191132347F302817146D330A015C", "data": {}}

[2025-05-19 11:32:38] Response (200):
{"code": 0, "message": "OK", "request_id": "20250519113238015584F04FCCE8DB4644", "data": {}}

[2025-05-19 11:32:45] Response (200):
{"code": 0, "message": "OK", "request_id": "202505191132453BA7AB512163AF419456", "data": {}}

[2025-05-19 11:33:03] Response (200):
{"code": 0, "message": "OK", "request_id": "20250519113303E14A25FD691C2F49572D", "data": {}}

[2025-05-19 11:40:24] Response (200):
{"code": 0, "message": "OK", "request_id": "202505191140249265430991D0C642DFB1", "data": {}}

[2025-05-19 11:44:22] Response (200):
{"code": 0, "message": "OK", "request_id": "20250519114422827C97FD8750854A817A", "data": {}}

[2025-05-19 11:47:03] Response (200):
{"code": 0, "message": "OK", "request_id": "20250519114703A959CF5D98479F0BB68B", "data": {}}

[2025-05-19 11:47:53] Response (200):
{"code": 0, "message": "OK", "request_id": "2025051911475349E5B9CCD9DD94DC6901", "data": {}}

[2025-05-19 11:48:10] Response (200):
{"code": 0, "message": "OK", "request_id": "202505191148108B5B92817A5EF64081A8", "data": {}}

[2025-05-19 11:48:37] Response (200):
{"code": 0, "message": "OK", "request_id": "20250519114837E3354FA27C1415E1E5F1", "data": {}}

[2025-05-19 15:14:04] Response (400):
{"code":40002,"message":"Invalid value for data.0.user.ttp: value may not be null.","request_id":"2025051915140476BB15CCDE7F990B3856"}

[2025-05-19 18:26:06] Response (200):
{"code": 0, "message": "OK", "request_id": "20250519182606251B55B835B0AF179F4B", "data": {}}

[2025-05-19 19:20:06] Response (200):
{"code": 0, "message": "OK", "request_id": "20250519192005758D833F7FBD821D7CC6", "data": {}}

[2025-05-20 06:28:22] Response (200):
{"code": 0, "message": "OK", "request_id": "20250520062822611944B854B2663BE5E8", "data": {}}

[2025-05-20 06:52:24] Response (200):
{"code": 0, "message": "OK", "request_id": "202505200652246DFB2B18F5FF663D7798", "data": {}}

[2025-05-20 06:55:52] Response (200):
{"code": 0, "message": "OK", "request_id": "202505200655527493E2567F8CD63CE787", "data": {}}

[2025-05-20 07:02:44] Response (200):
{"code": 0, "message": "OK", "request_id": "2025052007024398C4727FA486783E7E28", "data": {}}

[2025-05-20 09:13:22] Response (400):
{"code":40002,"message":"Invalid value for data.0.user.ttclid: value may not be null.","request_id":"202505200913220EA736242CD4AC452C9E"}

[2025-05-20 09:18:25] Response (400):
{"code":40002,"message":"Invalid value for data.0.user.ttclid: value may not be null.","request_id":"20250520091825609A576731A26D458E04"}

[2025-05-20 09:20:21] Response (400):
{"code":40002,"message":"Invalid value for data.0.user.ttclid: value may not be null.","request_id":"202505200920203745A6B77B030A4CA4D6"}

[2025-05-20 09:20:45] Response (400):
{"code":40002,"message":"Invalid value for data.0.user.ttclid: value may not be null.","request_id":"2025052009204533D9388930062F443BF4"}

[2025-05-20 09:22:56] Response (400):
{"code":40002,"message":"Invalid value for data.0.user.ttclid: value may not be null.","request_id":"2025052009225629B1981D1F22F64566CC"}

[2025-05-20 09:25:07] Response (200):
{"code": 0, "message": "OK", "request_id": "2025052009250756AF253277DFE8457673", "data": {}}

[2025-05-20 09:27:57] Response (200):
{"code": 0, "message": "OK", "request_id": "20250520092757EDAB0C9309AC7C44ACC9", "data": {}}

[2025-05-20 09:28:05] Response (200):
{"code": 0, "message": "OK", "request_id": "202505200928056251E63132F36D45B377", "data": {}}

[2025-05-20 09:28:19] Response (200):
{"code": 0, "message": "OK", "request_id": "2025052009281919EF0956F3E2AC434760", "data": {}}

[2025-05-20 09:29:01] Response (200):
{"code": 0, "message": "OK", "request_id": "20250520092901DB57F8CC0FD6EC453DE9", "data": {}}

[2025-05-20 09:30:08] Response (200):
{"code": 0, "message": "OK", "request_id": "20250520093008B55308B138BEC5459B75", "data": {}}

[2025-05-20 09:31:22] Response (200):
{"code": 0, "message": "OK", "request_id": "2025052009312103B2A2E7EC43DB3E07BE", "data": {}}

[2025-05-20 09:31:42] Response (200):
{"code": 0, "message": "OK", "request_id": "20250520093142EF7047C00DE36544B5F0", "data": {}}

[2025-05-20 09:39:44] Response (200):
{"code": 0, "message": "OK", "request_id": "20250520093944B797AC7460DB47456A26", "data": {}}

[2025-05-20 09:40:12] Response (200):
{"code": 0, "message": "OK", "request_id": "20250520094011A6735B9CCAF4264E0BA1", "data": {}}

[2025-05-20 09:40:17] Response (200):
{"code": 0, "message": "OK", "request_id": "20250520094017AFD51D043832924CFD47", "data": {}}

[2025-05-20 09:40:22] Response (200):
{"code": 0, "message": "OK", "request_id": "2025052009402111436D3D82719A456BA5", "data": {}}

[2025-05-20 09:40:29] Response (200):
{"code": 0, "message": "OK", "request_id": "202505200940296316FD28232F62437655", "data": {}}

[2025-05-20 09:40:35] Response (200):
{"code": 0, "message": "OK", "request_id": "2025052009403575956A168958494E1998", "data": {}}

[2025-05-20 09:42:03] Response (200):
{"code": 0, "message": "OK", "request_id": "202505200942039E368496B36EFC3FA77D", "data": {}}

[2025-05-20 09:42:58] Response (200):
{"code": 0, "message": "OK", "request_id": "20250520094257DCE61853F0604E47FB5E", "data": {}}

[2025-05-20 09:43:58] Response (200):
{"code": 0, "message": "OK", "request_id": "20250520094358A0702885CA451147C284", "data": {}}

[2025-05-20 09:44:32] Response (200):
{"code": 0, "message": "OK", "request_id": "20250520094432E75C39D64910A44D6C7D", "data": {}}

[2025-05-20 09:44:49] Response (200):
{"code": 0, "message": "OK", "request_id": "2025052009444957372B41526AAF46D01B", "data": {}}

[2025-05-20 09:45:42] Response (200):
{"code": 0, "message": "OK", "request_id": "20250520094542397BE970686B654E3746", "data": {}}

[2025-05-20 09:46:14] Response (200):
{"code": 0, "message": "OK", "request_id": "2025052009461433E63CA0957F5B4684CA", "data": {}}

[2025-05-20 09:46:18] Response (200):
{"code": 0, "message": "OK", "request_id": "202505200946189B3F8738DA72AF4DAE9C", "data": {}}

[2025-05-20 09:46:29] Response (200):
{"code": 0, "message": "OK", "request_id": "20250520094629489432AE89BF0F4622BF", "data": {}}

[2025-05-20 09:46:33] Response (200):
{"code": 0, "message": "OK", "request_id": "20250520094633689EF49650CE6445BD7F", "data": {}}

[2025-05-20 09:48:41] Response (200):
{"code": 0, "message": "OK", "request_id": "2025052009484106D677401A04F946BE82", "data": {}}

[2025-05-20 09:49:01] Response (200):
{"code": 0, "message": "OK", "request_id": "202505200949011FBCFAE933B85245ACF2", "data": {}}

[2025-05-20 10:05:01] Response (400):
{"code":40002,"message":"Invalid value for data.0.user.ttp: value may not be null.","request_id":"202505201005011EE5CEB340B11746370A"}

[2025-05-20 10:05:10] Response (200):
{"code": 0, "message": "OK", "request_id": "20250520100510B231A9F25352DE4F7F7D", "data": {}}

[2025-05-20 10:08:30] Response (200):
{"code": 0, "message": "OK", "request_id": "202505201008306A4FA1E18E7E3441E25F", "data": {}}

[2025-05-20 10:08:59] Response (200):
{"code": 0, "message": "OK", "request_id": "20250520100859ED3E37A77DE42347CDF7", "data": {}}

[2025-05-20 10:09:04] Response (200):
{"code": 0, "message": "OK", "request_id": "20250520100904BABD39855C411E45ABF6", "data": {}}

[2025-05-20 10:37:30] Response (400):
{"code":40002,"message":"Invalid value for data.0.user.ttp: value may not be null.","request_id":"20250520103730D601B0825328A347B91E"}

[2025-05-20 10:37:31] Response (400):
{"code":40002,"message":"Invalid value for data.0.user.ttp: value may not be null.","request_id":"20250520103731BA728CF1D89C58485EDA"}

[2025-05-20 10:42:27] Response (200):
{"code": 0, "message": "OK", "request_id": "202505201042273CB0ADAD4C9995490E15", "data": {}}

[2025-05-20 10:43:48] Response (200):
{"code": 0, "message": "OK", "request_id": "202505201043487259018CDEF09049AD75", "data": {}}

[2025-05-20 12:14:10] Response (200):
{"code": 0, "message": "OK", "request_id": "202505201214102992D38D4C56B5561DD3", "data": {}}

[2025-05-20 12:39:48] Response (200):
{"code": 0, "message": "OK", "request_id": "20250520123948A754A539A46C9A50C779", "data": {}}

[2025-05-20 12:39:52] Response (200):
{"code": 0, "message": "OK", "request_id": "20250520123952D9468518960153516250", "data": {}}

[2025-05-20 12:39:54] Response (200):
{"code": 0, "message": "OK", "request_id": "2025052012395457969B8CA07A0A5162FE", "data": {}}

[2025-05-20 12:40:27] Response (200):
{"code": 0, "message": "OK", "request_id": "2025052012402703245C32CCB99050A014", "data": {}}

[2025-05-20 12:40:28] Response (200):
{"code": 0, "message": "OK", "request_id": "20250520124028AB694CF7158EA04F5D98", "data": {}}

[2025-05-20 12:43:03] Response (200):
{"code": 0, "message": "OK", "request_id": "20250520124303A6C1D66983751A5AF626", "data": {}}

[2025-05-20 19:40:22] Response (400):
{"code":40002,"message":"Invalid value for data.0.event_id: value may not be null.","request_id":"20250520194023830ED0ED5474DE6E973E"}

[2025-05-20 19:42:26] Response (400):
{"code":40002,"message":"Invalid value for data.0.event_id: value may not be null.","request_id":"20250520194227D826ED2364FE956E8C67"}

[2025-05-20 19:42:48] Response (400):
{"code":40002,"message":"Invalid value for data.0.event_id: value may not be null.","request_id":"20250520194249C73AB9DED3AFF2792C5D"}

[2025-05-20 19:44:05] Response (200):
{"code": 0, "message": "OK", "request_id": "20250520194405CF31CA9EF64EA07879A1", "data": {}}

[2025-05-20 19:45:33] Response (200):
{"code": 0, "message": "OK", "request_id": "202505201945345AA5B2147C56F26CF830", "data": {}}

[2025-05-20 19:50:10] Response (200):
{"code": 0, "message": "OK", "request_id": "20250520195011564048DB640F08630394", "data": {}}

[2025-05-20 19:53:55] Response (200):
{"code": 0, "message": "OK", "request_id": "20250520195356DC988F4C75337778E1B8", "data": {}}

[2025-05-20 20:06:53] Response (200):
{"code": 0, "message": "OK", "request_id": "202505202006538AE90495B266796D9A67", "data": {}}

[2025-05-20 20:11:39] Response (200):
{"code": 0, "message": "OK", "request_id": "202505202011400B51CAC40F121A6E1EBE", "data": {}}

[2025-05-20 20:12:44] Response (200):
{"code": 0, "message": "OK", "request_id": "202505202012459C67EA28FAA4006FB9B4", "data": {}}

[2025-05-20 20:13:08] Response (200):
{"code": 0, "message": "OK", "request_id": "20250520201309506A5A3B095BD07B0F80", "data": {}}

[2025-05-20 20:13:19] Response (200):
{"code": 0, "message": "OK", "request_id": "202505202013208B92BC6B9977336DF52C", "data": {}}

[2025-05-20 20:13:25] Response (200):
{"code": 0, "message": "OK", "request_id": "20250520201326394B0D8A3438D86C5256", "data": {}}

[2025-05-20 20:13:59] Response (200):
{"code": 0, "message": "OK", "request_id": "202505202014005023062D67B8AD7A9575", "data": {}}

[2025-05-20 20:14:18] Response (200):
{"code": 0, "message": "OK", "request_id": "202505202014195069BDA0F502ED6F0AA6", "data": {}}

[2025-05-20 20:14:24] Response (200):
{"code": 0, "message": "OK", "request_id": "202505202014256F10EE1498BEF57B474A", "data": {}}

[2025-05-20 20:18:57] Response (200):
{"code": 0, "message": "OK", "request_id": "202505202018589FC41456D80F8270587F", "data": {}}

[2025-05-20 20:21:15] Response (200):
{"code": 0, "message": "OK", "request_id": "202505202021169B560278FAA52270DF39", "data": {}}

[2025-05-20 20:21:53] Response (200):
{"code": 0, "message": "OK", "request_id": "20250520202154476CCF4239D4C56F9DDA", "data": {}}

[2025-05-20 20:29:35] Response (200):
{"code": 0, "message": "OK", "request_id": "2025052020293653B6933A1F2898718D75", "data": {}}

[2025-05-20 20:30:18] Response (200):
{"code": 0, "message": "OK", "request_id": "2025052020301826BAA8635236266FC177", "data": {}}

[2025-05-20 20:30:33] Response (200):
{"code": 0, "message": "OK", "request_id": "20250520203033F09B9C7365937E7BC061", "data": {}}

[2025-05-20 20:31:03] Response (200):
{"code": 0, "message": "OK", "request_id": "20250520203103EC6CC99475F9346DCC05", "data": {}}

[2025-05-20 20:31:24] Response (200):
{"code": 0, "message": "OK", "request_id": "20250520203124D00ED5CAC687BB6E8204", "data": {}}

[2025-05-20 20:31:36] Response (200):
{"code": 0, "message": "OK", "request_id": "202505202031354FEB9604F3890F717D4D", "data": {}}

[2025-05-20 20:32:29] Response (200):
{"code": 0, "message": "OK", "request_id": "202505202032298DEEB9FB5D137A70FF8A", "data": {}}

[2025-05-20 20:33:01] Response (200):
{"code": 0, "message": "OK", "request_id": "202505202033010682B8345224CD6CD022", "data": {}}

[2025-05-20 20:34:06] Response (200):
{"code": 0, "message": "OK", "request_id": "2025052020340612F437A5E94E9D70A80C", "data": {}}

[2025-05-20 20:34:53] Response (200):
{"code": 0, "message": "OK", "request_id": "202505202034538A9FAD867F860167E258", "data": {}}

[2025-05-20 20:35:06] Response (200):
{"code": 0, "message": "OK", "request_id": "20250520203506C5BEAE20D052986F7E1B", "data": {}}

[2025-05-20 20:35:14] Response (200):
{"code": 0, "message": "OK", "request_id": "20250520203514ABD13D5A84E5616F9C36", "data": {}}

[2025-05-20 20:38:08] Response (200):
{"code": 0, "message": "OK", "request_id": "202505202038089E71AF677AFE00700AE5", "data": {}}

[2025-05-20 20:38:26] Response (200):
{"code": 0, "message": "OK", "request_id": "202505202038262BFDA035018F7367EB82", "data": {}}

[2025-05-20 20:38:50] Response (200):
{"code": 0, "message": "OK", "request_id": "20250520203850E3E8349FDEB25A6FA50E", "data": {}}

[2025-05-20 20:40:02] Response (200):
{"code": 0, "message": "OK", "request_id": "202505202040017B650B1F2F3A2E714B95", "data": {}}

[2025-05-20 20:42:24] Response (200):
{"code": 0, "message": "OK", "request_id": "20250520204224F4BF30830023F57153FA", "data": {}}

[2025-05-20 20:42:32] Response (200):
{"code": 0, "message": "OK", "request_id": "20250520204232148F5CF9DD88E97C50F6", "data": {}}

[2025-05-20 20:44:30] Response (200):
{"code": 0, "message": "OK", "request_id": "20250520204430D338CFB2010AFF668035", "data": {}}

[2025-05-20 20:45:08] Response (200):
{"code": 0, "message": "OK", "request_id": "2025052020450823C929B70D80416FD459", "data": {}}

[2025-05-20 20:45:20] Response (200):
{"code": 0, "message": "OK", "request_id": "20250520204520D76B0EF75ABFEA66F5C3", "data": {}}

[2025-05-20 20:45:59] Response (200):
{"code": 0, "message": "OK", "request_id": "2025052020455991692D25B9F83E6FEEEC", "data": {}}

[2025-05-20 20:46:55] Response (200):
{"code": 0, "message": "OK", "request_id": "20250520204655765B9FBE31777E711504", "data": {}}

[2025-05-20 20:47:21] Response (200):
{"code": 0, "message": "OK", "request_id": "20250520204721FAA81A951DAB9271A7F7", "data": {}}

[2025-05-20 20:47:40] Response (200):
{"code": 0, "message": "OK", "request_id": "20250520204740628D545BA2AEE17D0D6E", "data": {}}

[2025-05-20 20:48:13] Response (200):
{"code": 0, "message": "OK", "request_id": "20250520204813252F8DE0E13BBF702699", "data": {}}

[2025-05-20 20:48:20] Response (200):
{"code": 0, "message": "OK", "request_id": "202505202048195059FD247CE4637169D4", "data": {}}

[2025-05-20 20:48:30] Response (200):
{"code": 0, "message": "OK", "request_id": "202505202048290D7845755408E56E5B5A", "data": {}}

[2025-05-20 20:48:41] Response (200):
{"code": 0, "message": "OK", "request_id": "20250520204841DE035987107B9366895F", "data": {}}

[2025-05-20 20:48:54] Response (200):
{"code": 0, "message": "OK", "request_id": "202505202048548F143CB29158077047E8", "data": {}}

[2025-05-20 20:49:00] Response (200):
{"code": 0, "message": "OK", "request_id": "20250520204900DC4DF097D94562669E5A", "data": {}}

[2025-05-20 20:50:11] Response (200):
{"code": 0, "message": "OK", "request_id": "202505202050101237B11023A89F71E065", "data": {}}

[2025-05-20 20:51:58] Response (200):
{"code": 0, "message": "OK", "request_id": "202505202051582A8ED2039BCEFB727EA2", "data": {}}

[2025-05-20 20:53:49] Response (200):
{"code": 0, "message": "OK", "request_id": "20250520205349BD891956A301FA719BE1", "data": {}}

[2025-05-20 20:54:04] Response (200):
{"code": 0, "message": "OK", "request_id": "202505202054048CA194087A6DB9652126", "data": {}}

[2025-05-20 20:55:50] Response (200):
{"code": 0, "message": "OK", "request_id": "20250520205550A7AA22E2275BF770C096", "data": {}}

[2025-05-20 20:56:33] Response (200):
{"code": 0, "message": "OK", "request_id": "20250520205633447C6A3B4A7A05703D17", "data": {}}

[2025-05-20 20:59:02] Response (400):
{"code":40002,"message":"Invalid value for data.0.user.ttp: value may not be null.","request_id":"202505202059026D0F91D448A4C87D3164"}

[2025-05-20 20:59:17] Response (400):
{"code":40002,"message":"Invalid value for data.0.user.ttp: value may not be null.","request_id":"202505202059170D4E98372955A3710486"}

[2025-05-20 20:59:35] Response (400):
{"code":40002,"message":"Invalid value for data.0.user.ttp: value may not be null.","request_id":"20250520205935027D34994532B671BFC7"}

[2025-05-20 21:00:03] Response (400):
{"code":40002,"message":"Invalid value for data.0.user.ttp: value may not be null.","request_id":"2025052021000309D72BB229DDE771386B"}

[2025-05-20 21:00:21] Response (200):
{"code": 0, "message": "OK", "request_id": "2025052021002139808BC9C73F217E7A20", "data": {}}

[2025-05-20 21:02:18] Response (200):
{"code": 0, "message": "OK", "request_id": "20250520210218CEB79696993DE67DC6B9", "data": {}}

[2025-05-20 21:04:47] Response (200):
{"code": 0, "message": "OK", "request_id": "202505202104475995C7A7F796EA722655", "data": {}}

[2025-05-20 21:06:28] Response (200):
{"code": 0, "message": "OK", "request_id": "202505202106282FEABA27C3180F6A052A", "data": {}}

[2025-05-20 21:07:04] Response (200):
{"code": 0, "message": "OK", "request_id": "202505202107042342E88BD6606C675A1A", "data": {}}

[2025-05-20 21:07:16] Response (200):
{"code": 0, "message": "OK", "request_id": "202505202107165CF50FAEF52167739039", "data": {}}

[2025-05-20 21:07:25] Response (200):
{"code": 0, "message": "OK", "request_id": "2025052021072507A23F57F292C47E0EE8", "data": {}}

[2025-05-20 21:08:03] Response (200):
{"code": 0, "message": "OK", "request_id": "202505202108030A15160F3F93AC717C37", "data": {}}

[2025-05-20 21:08:13] Response (200):
{"code": 0, "message": "OK", "request_id": "20250520210813FE0A8E3D7DCAE2729147", "data": {}}

[2025-05-20 21:08:23] Response (200):
{"code": 0, "message": "OK", "request_id": "202505202108237496AB05FC57707F399D", "data": {}}

[2025-05-20 21:10:36] Response (200):
{"code": 0, "message": "OK", "request_id": "202505202110367D536B6E90395A7CBBED", "data": {}}

[2025-05-20 21:11:41] Response (200):
{"code": 0, "message": "OK", "request_id": "2025052021114167793E9B997CC6674895", "data": {}}

[2025-05-20 21:12:34] Response (200):
{"code": 0, "message": "OK", "request_id": "2025052021123490CD37E4E20D5671CE3F", "data": {}}

[2025-05-20 21:12:38] Response (200):
{"code": 0, "message": "OK", "request_id": "202505202112389E743CF7069FF4721ED6", "data": {}}

[2025-05-20 21:12:41] Response (200):
{"code": 0, "message": "OK", "request_id": "202505202112417CCE3995BAC2B1734045", "data": {}}

[2025-05-20 21:12:45] Response (200):
{"code": 0, "message": "OK", "request_id": "2025052021124533A0AC15CB308472E752", "data": {}}

[2025-05-20 21:13:10] Response (200):
{"code": 0, "message": "OK", "request_id": "20250520211310C5859F8238C83271B6BD", "data": {}}

[2025-05-20 21:13:15] Response (200):
{"code": 0, "message": "OK", "request_id": "20250520211315C138B79C7F8F8871F3BE", "data": {}}

[2025-05-20 21:13:20] Response (200):
{"code": 0, "message": "OK", "request_id": "202505202113205BAF7E264C1D99706483", "data": {}}

[2025-05-20 21:13:24] Response (200):
{"code": 0, "message": "OK", "request_id": "2025052021132452DCB50D533F3F72CA56", "data": {}}

[2025-05-20 21:13:30] Response (200):
{"code": 0, "message": "OK", "request_id": "20250520211330003D155DBC625B72D39D", "data": {}}

[2025-05-20 21:13:34] Response (200):
{"code": 0, "message": "OK", "request_id": "2025052021133400FFC0730200B97D58E9", "data": {}}

[2025-05-20 21:13:46] Response (200):
{"code": 0, "message": "OK", "request_id": "20250520211346590A7E3AD287B967AA10", "data": {}}

[2025-05-20 21:14:12] Response (200):
{"code": 0, "message": "OK", "request_id": "202505202114123A1630E005F2476787CB", "data": {}}

[2025-05-20 21:14:21] Response (200):
{"code": 0, "message": "OK", "request_id": "202505202114210F6C52A88727AC710292", "data": {}}

[2025-05-20 21:14:25] Response (200):
{"code": 0, "message": "OK", "request_id": "2025052021142571377344BD36F172AE70", "data": {}}

[2025-05-20 21:14:28] Response (200):
{"code": 0, "message": "OK", "request_id": "20250520211428D6A2DA4AA03BB170EB4B", "data": {}}

[2025-05-20 21:14:31] Response (200):
{"code": 0, "message": "OK", "request_id": "202505202114316C2C936497A73C68D362", "data": {}}

[2025-05-20 21:14:36] Response (200):
{"code": 0, "message": "OK", "request_id": "202505202114368FDB02178824AF735671", "data": {}}

[2025-05-20 21:14:48] Response (200):
{"code": 0, "message": "OK", "request_id": "20250520211448879207E53CA87370A5CB", "data": {}}

[2025-05-20 21:14:59] Response (200):
{"code": 0, "message": "OK", "request_id": "2025052021145967D50A0D491DEF735A67", "data": {}}

[2025-05-20 21:17:58] Response (200):
{"code": 0, "message": "OK", "request_id": "20250520211758790C1FB1D493EB720237", "data": {}}

[2025-05-21 12:47:28] Response (200):
{"code": 0, "message": "OK", "request_id": "20250521124728DEE1A6B208D05104CF20", "data": {}}

[2025-05-21 12:48:05] Response (200):
{"code": 0, "message": "OK", "request_id": "202505211248053C46FEE64641EB05C274", "data": {}}

[2025-05-21 12:48:58] Response (200):
{"code": 0, "message": "OK", "request_id": "2025052112485833EED44445C4FA051A32", "data": {}}

[2025-05-21 12:49:01] Response (200):
{"code": 0, "message": "OK", "request_id": "20250521124900ACCF4AF4D532B8050855", "data": {}}

[2025-05-21 12:49:01] Response (200):
{"code": 0, "message": "OK", "request_id": "20250521124900FF07E6F9667E16050B3A", "data": {}}

[2025-05-21 12:49:17] Response (200):
{"code": 0, "message": "OK", "request_id": "202505211249166ABCD81FFDA42305448A", "data": {}}

[2025-05-21 12:49:34] Response (200):
{"code": 0, "message": "OK", "request_id": "202505211249336DAAF64A82B508053F87", "data": {}}

[2025-05-21 12:49:46] Response (400):
{"code":40002,"message":"Invalid value for data.0.user.ttp: value may not be null.","request_id":"20250521124946DAB22D6B2222AA0536E1"}

[2025-05-21 14:10:56] Response (200):
{"code": 0, "message": "OK", "request_id": "20250521141056CEB299D83C04680A52D1", "data": {}}

[2025-05-21 14:11:47] Response (200):
{"code": 0, "message": "OK", "request_id": "2025052114114649E2B09EAD068E0B1D3D", "data": {}}

[2025-05-21 14:12:56] Response (400):
{"code":40002,"message":"Invalid value for data.0.user.ttp: value may not be null.","request_id":"20250521141256AF75190C81D2C10B74EE"}

[2025-05-21 14:13:16] Response (200):
{"code": 0, "message": "OK", "request_id": "20250521141315F1CB06CA62FBE70B42E4", "data": {}}

[2025-05-21 14:13:26] Response (200):
{"code": 0, "message": "OK", "request_id": "202505211413260E71C55A15C8F80B49A6", "data": {}}

[2025-05-21 14:13:29] Response (200):
{"code": 0, "message": "OK", "request_id": "202505211413295227118754EC2A0B00E1", "data": {}}

[2025-05-21 14:14:29] Response (200):
{"code": 0, "message": "OK", "request_id": "20250521141429723ADBBE08A6DE0BAE07", "data": {}}

[2025-05-21 14:14:34] Response (200):
{"code": 0, "message": "OK", "request_id": "20250521141434098F9ADEA447B90AC7E4", "data": {}}

[2025-05-21 14:14:39] Response (200):
{"code": 0, "message": "OK", "request_id": "20250521141439183321BD2F44310B47B4", "data": {}}

[2025-05-21 14:18:14] Response (200):
{"code": 0, "message": "OK", "request_id": "202505211418145D1536C3D1B88A0C4F58", "data": {}}

[2025-05-21 14:18:31] Response (200):
{"code": 0, "message": "OK", "request_id": "20250521141831B44E1B8E5541B20D3DFF", "data": {}}

[2025-05-21 14:18:38] Response (200):
{"code": 0, "message": "OK", "request_id": "20250521141838E0CF42837F77340CEF27", "data": {}}

[2025-05-21 14:19:15] Response (200):
{"code": 0, "message": "OK", "request_id": "20250521141914FC026CD38EA4070BCCDB", "data": {}}

[2025-05-22 08:27:46] Response (200):
{"code": 0, "message": "OK", "request_id": "20250522082746E8FA3F1EF84CAC47EF95", "data": {}}

[2025-05-22 08:34:43] Response (200):
{"code": 0, "message": "OK", "request_id": "20250522083443810488DBE901FC480FE4", "data": {}}

[2025-05-22 08:37:15] Response (400):
{"code":40002,"message":"Invalid value for data.0.user.ttp: value may not be null.","request_id":"20250522083715612BD46641250E4FE511"}

[2025-05-22 08:37:16] Response (400):
{"code":40002,"message":"Invalid value for data.0.user.ttp: value may not be null.","request_id":"20250522083716A3D75087499315487135"}

[2025-05-22 09:58:49] Response (200):
{"code": 0, "message": "OK", "request_id": "202505220958497B859A8263F0284BC754", "data": {}}

[2025-05-22 12:41:01] Response (200):
{"code": 0, "message": "OK", "request_id": "2025052212410175EE0EF3AA87AE60927F", "data": {}}

[2025-05-22 12:41:16] Response (200):
{"code": 0, "message": "OK", "request_id": "20250522124116BB721DCC68BD2B572F65", "data": {}}

[2025-05-22 13:42:05] Response (200):
{"code": 0, "message": "OK", "request_id": "20250522134205995E18EF48B3C85B1F88", "data": {}}

[2025-05-22 13:44:37] Response (200):
{"code": 0, "message": "OK", "request_id": "20250522134437B5D97BF740CB5367370C", "data": {}}

[2025-05-22 13:44:41] Response (200):
{"code": 0, "message": "OK", "request_id": "202505221344416ADF18C5B79A925C0CE8", "data": {}}

[2025-05-22 13:45:11] Response (400):
{"code":40002,"message":"Invalid value for data.0.user.ttp: value may not be null.","request_id":"20250522134511DE221F6B9F101E5B98E1"}

[2025-05-22 13:45:26] Response (200):
{"code": 0, "message": "OK", "request_id": "2025052213452687AE1382A35177662673", "data": {}}

[2025-05-22 13:45:37] Response (400):
{"code":40002,"message":"Invalid value for data.0.user.ttp: value may not be null.","request_id":"202505221345376D1C202B9F7F7D5B6418"}

[2025-05-22 14:03:49] Response (200):
{"code": 0, "message": "OK", "request_id": "20250522140349CF15A2120714A367C559", "data": {}}

[2025-05-22 14:04:03] Response (400):
{"code":40002,"message":"Invalid value for data.0.user.ttp: value may not be null.","request_id":"202505221404037C63A4CEC874A366B969"}

[2025-05-22 21:53:59] Response (200):
{"code": 0, "message": "OK", "request_id": "202505222153593EDC125B75C49D8741F0", "data": {}}

[2025-05-22 21:54:42] Response (200):
{"code": 0, "message": "OK", "request_id": "2025052221544296D21C00901B317AAD23", "data": {}}

[2025-05-22 23:49:49] Response (400):
{"code":40002,"message":"Invalid value for data.0.user.ttp: value may not be null.","request_id":"20250522234949951ABB8992006A80E014"}

[2025-05-23 07:58:26] Response (200):
{"code": 0, "message": "OK", "request_id": "20250523075826D854E9EAC47C0997C2C6", "data": {}}

[2025-05-23 07:59:13] Response (200):
{"code": 0, "message": "OK", "request_id": "202505230759134F44822C7C8C8698B910", "data": {}}

[2025-05-23 08:00:53] Response (200):
{"code": 0, "message": "OK", "request_id": "20250523080053FF9777389938C0979C2B", "data": {}}

[2025-05-23 08:01:06] Response (200):
{"code": 0, "message": "OK", "request_id": "202505230801067E442F68D9A5ED97F9FB", "data": {}}

[2025-05-23 08:01:10] Response (200):
{"code": 0, "message": "OK", "request_id": "20250523080110005A8810D6F350978DE4", "data": {}}

[2025-05-23 08:04:27] Response (200):
{"code": 0, "message": "OK", "request_id": "20250523080427A767ECB173BD449888E8", "data": {}}

[2025-05-23 09:51:31] Response (200):
{"code": 0, "message": "OK", "request_id": "20250523095131D11CD62329EEE89D1E02", "data": {}}

[2025-05-23 09:52:53] Response (200):
{"code": 0, "message": "OK", "request_id": "2025052309525388ECB79C5E1BB49E0C70", "data": {}}

[2025-05-23 09:53:35] Response (200):
{"code": 0, "message": "OK", "request_id": "20250523095335827F08523E03CE8CF00A", "data": {}}

[2025-05-23 10:00:40] Response (200):
{"code": 0, "message": "OK", "request_id": "20250523100040434025093428549D6977", "data": {}}

[2025-05-23 10:39:14] Response (200):
{"code": 0, "message": "OK", "request_id": "20250523103914412A612C0F1609A024B3", "data": {}}

[2025-05-23 10:49:29] Response (400):
{"code":40002,"message":"Invalid value for data.0.user.ttp: value may not be null.","request_id":"2025052310492901AA8A9B054EDC9E7332"}

[2025-05-23 12:14:41] Response (200):
{"code": 0, "message": "OK", "request_id": "20250523121441636C03F2C7FE5E97CF39", "data": {}}

[2025-05-23 22:10:24] Response (200):
{"code": 0, "message": "OK", "request_id": "20250523221024DF7C98082BF37ECD499D", "data": {}}

[2025-05-23 22:10:43] Response (200):
{"code": 0, "message": "OK", "request_id": "20250523221043DC893B11F67FC9CAAB1C", "data": {}}

[2025-05-23 22:10:51] Response (200):
{"code": 0, "message": "OK", "request_id": "2025052322105151AE8F1E440D3FCCC38D", "data": {}}

[2025-05-23 22:14:02] Response (200):
{"code": 0, "message": "OK", "request_id": "202505232214023CC74EBE0F7E95B9460B", "data": {}}

[2025-05-23 22:14:45] Response (400):
{"code":40002,"message":"Invalid value for data.0.user.ttp: value may not be null.","request_id":"20250523221445FF709AF1A662FEBA3752"}

[2025-05-23 22:15:31] Response (200):
{"code": 0, "message": "OK", "request_id": "20250523221531D628A7B431EBB3CB0B73", "data": {}}

[2025-05-23 22:15:41] Response (200):
{"code": 0, "message": "OK", "request_id": "20250523221541CB3F06CED92DE5CD780C", "data": {}}

[2025-05-23 22:36:35] Response (200):
{"code": 0, "message": "OK", "request_id": "20250523223635379B38F870CCA8CB9387", "data": {}}

[2025-05-23 22:36:48] Response (200):
{"code": 0, "message": "OK", "request_id": "202505232236487EABCC272F6582B9A538", "data": {}}

[2025-05-23 22:39:38] Response (400):
{"code":40002,"message":"Invalid value for data.0.user.ttp: value may not be null.","request_id":"20250523223938B40F2CEFB01EF1E26FC4"}

[2025-05-23 22:39:40] Response (200):
{"code": 0, "message": "OK", "request_id": "2025052322394001E1B246576151E8A4A7", "data": {}}

[2025-05-23 22:40:42] Response (400):
{"code":40002,"message":"Invalid value for data.0.user.ttp: value may not be null.","request_id":"202505232240423D4EEBDA32BD00CCB3F8"}

[2025-05-23 22:41:22] Response (400):
{"code":40002,"message":"Invalid value for data.0.user.ttp: value may not be null.","request_id":"2025052322412227389788E723CACDB830"}

[2025-05-23 22:44:37] Response (400):
{"code":40002,"message":"Invalid value for data.0.user.ttp: value may not be null.","request_id":"2025052322443753BA2F1EC88238BB6653"}

[2025-05-23 22:47:24] Response (400):
{"code":40002,"message":"Invalid value for data.0.user.ttp: value may not be null.","request_id":"20250523224724C27C3E3ED5F960CD32BD"}

[2025-05-23 22:48:04] Response (400):
{"code":40002,"message":"Invalid value for data.0.user.ttp: value may not be null.","request_id":"2025052322480305D73361423A90CCFE7C"}

[2025-05-23 22:49:26] Response (400):
{"code":40002,"message":"Invalid value for data.0.user.ttp: value may not be null.","request_id":"2025052322492646473D90760FACBB8A2C"}

[2025-05-24 08:09:36] Response (200):
{"code": 0, "message": "OK", "request_id": "20250524080936484C52E07C9C7DEE5A51", "data": {}}

[2025-05-24 08:11:22] Response (200):
{"code": 0, "message": "OK", "request_id": "202505240811220333E629362838E959A2", "data": {}}

[2025-05-24 08:16:26] Response (200):
{"code": 0, "message": "OK", "request_id": "2025052408162617F92BD2E5DFDDEA5DC9", "data": {}}

[2025-05-24 17:07:11] Response (400):
{"code":40002,"message":"Invalid value for data.0.user.ttp: value may not be null.","request_id":"2025052417071187E6D6F4B60CBEF4ECCE"}

[2025-05-24 20:13:53] Response (200):
{"code": 0, "message": "OK", "request_id": "2025052420135309FBDEF0348A0515649D", "data": {}}

[2025-05-24 23:49:07] Response (200):
{"code": 0, "message": "OK", "request_id": "20250524234907F3732DD2B95D832175D9", "data": {}}

[2025-05-25 19:12:59] Response (400):
{"code":40002,"message":"Invalid value for data.0.user.ttp: value may not be null.","request_id":"20250525191259EE88C744FB592B62EF73"}

[2025-05-25 19:17:33] Response (400):
{"code":40002,"message":"Invalid value for data.0.user.ttp: value may not be null.","request_id":"202505251917323DA093708EC8C7642997"}

[2025-05-25 19:17:39] Response (400):
{"code":40002,"message":"Invalid value for data.0.user.ttp: value may not be null.","request_id":"20250525191739D03B97DD8BE74566CA23"}

[2025-05-25 19:17:41] Response (400):
{"code":40002,"message":"Invalid value for data.0.user.ttp: value may not be null.","request_id":"20250525191741FD18838341820E677B85"}

[2025-05-25 19:18:45] Response (400):
{"code":40002,"message":"Invalid value for data.0.user.ttp: value may not be null.","request_id":"20250525191845A508851C595A6A641659"}

[2025-05-25 19:21:21] Response (400):
{"code":40002,"message":"Invalid value for data.0.user.ttp: value may not be null.","request_id":"20250525192121E5ADAEAEC33FEF910A0C"}

[2025-05-26 07:08:20] Response (400):
{"code":40002,"message":"Invalid value for data.0.user.ttp: value may not be null.","request_id":"20250526070820FDED11D4C19C038ABFF8"}

[2025-05-27 19:42:46] Response (400):
{"code":40002,"message":"Invalid value for data.0.user.ttp: value may not be null.","request_id":"2025052719424647AFFE402A42770A8F73"}

[2025-05-27 20:10:15] Response (400):
{"code":40002,"message":"Invalid value for data.0.user.ttp: value may not be null.","request_id":"2025052720101568FF673B8CBCF90C2EEC"}

[2025-05-27 20:21:36] Response (400):
{"code":40002,"message":"Invalid value for data.0.user.ttp: value may not be null.","request_id":"20250527202136D8B231346B4E320F77B3"}

[2025-05-27 20:21:42] Response (400):
{"code":40002,"message":"Invalid value for data.0.user.ttp: value may not be null.","request_id":"20250527202142544019B840CAAA0E40CB"}

[2025-05-27 20:41:04] Response (400):
{"code":40002,"message":"Invalid value for data.0.user.ttp: value may not be null.","request_id":"20250527204103334F6C1E39A760134FE6"}

[2025-05-27 20:42:16] Response (400):
{"code":40002,"message":"Invalid value for data.0.user.ttp: value may not be null.","request_id":"2025052720421602E8F1F11F65140F945C"}

[2025-05-27 20:42:25] Response (400):
{"code":40002,"message":"Invalid value for data.0.user.ttp: value may not be null.","request_id":"202505272042251B71EEE5CFECEE10CF5A"}

[2025-05-27 20:45:24] Response (400):
{"code":40002,"message":"Invalid value for data.0.user.ttp: value may not be null.","request_id":"202505272045247555648DFCCCAE11352D"}

[2025-05-28 12:18:27] Response (400):
{"code":40002,"message":"Invalid value for data.0.user.ttp: value may not be null.","request_id":"202505281218277CB893084D455F41293A"}

[2025-05-28 19:00:28] Response (400):
{"code":40002,"message":"Invalid value for data.0.user.ttp: value may not be null.","request_id":"20250528190028D6C0AC19FA032B58C830"}

[2025-05-28 19:15:48] Response (200):
{"code": 0, "message": "OK", "request_id": "20250528191548646E33528EBDED5BD726", "data": {}}

[2025-05-29 10:47:20] Response (400):
{"code":40002,"message":"Invalid value for data.0.user.ttp: value may not be null.","request_id":"2025052910472089C990A0D2E3C78B2024"}

[2025-05-29 10:47:24] Response (400):
{"code":40002,"message":"Invalid value for data.0.user.ttp: value may not be null.","request_id":"202505291047244C9850DFD04DBBCF5C70"}

[2025-05-29 10:47:37] Response (400):
{"code":40002,"message":"Invalid value for data.0.user.ttp: value may not be null.","request_id":"20250529104737A06429C448C7348BCDE8"}

[2025-05-29 10:47:41] Response (400):
{"code":40002,"message":"Invalid value for data.0.user.ttp: value may not be null.","request_id":"202505291047406542CB78FC6EC18E0529"}

[2025-05-29 10:47:45] Response (400):
{"code":40002,"message":"Invalid value for data.0.user.ttp: value may not be null.","request_id":"20250529104745618674FD85EC7A894706"}

[2025-05-29 10:48:03] Response (400):
{"code":40002,"message":"Invalid value for data.0.user.ttp: value may not be null.","request_id":"20250529104803CC05EFF88840378F0D67"}

[2025-05-29 10:49:14] Response (400):
{"code":40002,"message":"Invalid value for data.0.user.ttp: value may not be null.","request_id":"20250529104914029BE7F4F5B24E8B8838"}

[2025-05-29 10:51:08] Response (400):
{"code":40002,"message":"Invalid value for data.0.user.ttp: value may not be null.","request_id":"20250529105108F01C3C9F526B858A3D62"}

[2025-05-29 10:51:34] Response (400):
{"code":40002,"message":"Invalid value for data.0.user.ttp: value may not be null.","request_id":"20250529105134C5657CC642AEF48F72D2"}

[2025-05-29 10:51:44] Response (400):
{"code":40002,"message":"Invalid value for data.0.user.ttp: value may not be null.","request_id":"202505291051444302101B48492691ACCC"}

[2025-05-29 11:37:55] Response (400):
{"code":40002,"message":"Invalid value for data.0.user.ttp: value may not be null.","request_id":"20250529113755B787D32F59DE1C8FE081"}

[2025-05-29 11:38:05] Response (400):
{"code":40002,"message":"Invalid value for data.0.user.ttp: value may not be null.","request_id":"20250529113805AC6685D7BCE0879354FD"}

[2025-05-29 11:38:09] Response (400):
{"code":40002,"message":"Invalid value for data.0.user.ttp: value may not be null.","request_id":"202505291138091851D466B8837CDA1862"}

[2025-05-29 11:38:09] Response (400):
{"code":40002,"message":"Invalid value for data.0.user.ttp: value may not be null.","request_id":"20250529113809CF8D54FB2F115E901C2E"}

[2025-05-29 11:38:40] Response (400):
{"code":40002,"message":"Invalid value for data.0.user.ttp: value may not be null.","request_id":"2025052911384015571F26B9E56A8E59B4"}

[2025-05-29 21:27:29] Response (400):
{"code":40002,"message":"Invalid value for data.0.user.ttp: value may not be null.","request_id":"202505292127292C55096EDB9443BF9B51"}

[2025-05-29 22:49:49] Response (400):
{"code":40002,"message":"Invalid value for data.0.user.ttp: value may not be null.","request_id":"202505292249498B84561882D124BA3FD1"}

[2025-06-02 08:39:04] Response (400):
{"code":40002,"message":"Invalid value for data.0.user.ttp: value may not be null.","request_id":"20250602083904C5F9BF9360A722E8389D"}

[2025-06-02 09:20:59] Response (400):
{"code":40002,"message":"Invalid value for data.0.user.ttp: value may not be null.","request_id":"202506020920587093054048BB7F66075B"}

[2025-06-02 09:21:04] Response (400):
{"code":40002,"message":"Invalid value for data.0.user.ttp: value may not be null.","request_id":"202506020921046CBF53B111F39DF2021C"}

[2025-06-02 09:21:17] Response (400):
{"code":40002,"message":"Invalid value for data.0.user.ttp: value may not be null.","request_id":"20250602092117F10A8F6AF48A93F0C037"}

[2025-06-02 09:21:38] Response (400):
{"code":40002,"message":"Invalid value for data.0.user.ttp: value may not be null.","request_id":"20250602092138D6204E776F004BFFE9E2"}

[2025-06-02 09:21:59] Response (0):


[2025-06-02 09:22:19] Response (400):
{"code":40002,"message":"Invalid value for data.0.user.ttp: value may not be null.","request_id":"20250602092219BFFF39C36CCFF80E6501"}

[2025-06-02 09:22:51] Response (0):


[2025-06-02 09:23:39] Response (400):
{"code":40002,"message":"Invalid value for data.0.user.ttp: value may not be null.","request_id":"202506020923390585937825F35A25279E"}

[2025-06-02 10:09:03] Response (400):
{"code":40002,"message":"Invalid value for data.0.user.ttp: value may not be null.","request_id":"2025060210090258799E08AD00D3FAC0FC"}

[2025-06-02 10:09:09] Response (400):
{"code":40002,"message":"Invalid value for data.0.user.ttp: value may not be null.","request_id":"202506021009096DE9B0F59E0DC4FEAEA7"}

[2025-06-02 10:09:15] Response (400):
{"code":40002,"message":"Invalid value for data.0.user.ttp: value may not be null.","request_id":"20250602100915D295296B2D45B10D7BB2"}

[2025-06-02 10:09:42] Response (400):
{"code":40002,"message":"Invalid value for data.0.user.ttp: value may not be null.","request_id":"202506021009420F6A45E7AC4C382791AB"}

[2025-06-02 10:09:59] Response (400):
{"code":40002,"message":"Invalid value for data.0.user.ttp: value may not be null.","request_id":"2025060210095938245A3FE48426FA126A"}

[2025-06-02 10:10:57] Response (400):
{"code":40002,"message":"Invalid value for data.0.user.ttp: value may not be null.","request_id":"20250602101057010E47EC24DA13F60BC8"}

[2025-06-02 10:11:09] Response (400):
{"code":40002,"message":"Invalid value for data.0.user.ttp: value may not be null.","request_id":"2025060210110961C245C9751350F85C91"}

[2025-06-02 10:11:19] Response (400):
{"code":40002,"message":"Invalid value for data.0.user.ttp: value may not be null.","request_id":"202506021011198C2F9B84FAE54D08D713"}

[2025-06-02 10:12:27] Response (400):
{"code":40002,"message":"Invalid value for data.0.user.ttp: value may not be null.","request_id":"202506021012276F177368BBFBC810D187"}

[2025-06-02 10:15:30] Response (400):
{"code":40002,"message":"Invalid value for data.0.user.ttp: value may not be null.","request_id":"20250602101530EBEB9BD0AEE79DF2FEDF"}

[2025-06-02 10:16:44] Response (400):
{"code":40002,"message":"Invalid value for data.0.user.ttp: value may not be null.","request_id":"202506021016446DC9B13C3092590ACC1E"}

[2025-06-02 10:17:04] Response (400):
{"code":40002,"message":"Invalid value for data.0.user.ttp: value may not be null.","request_id":"202506021017045CBC0C3A6C574D0A16EF"}

[2025-06-02 10:17:50] Response (400):
{"code":40002,"message":"Invalid value for data.0.user.ttp: value may not be null.","request_id":"20250602101750AEB0B710FB12B3F774BD"}

[2025-06-02 10:18:04] Response (400):
{"code":40002,"message":"Invalid value for data.0.user.ttp: value may not be null.","request_id":"20250602101804EDE301138BAC8F0F1119"}

[2025-06-02 10:18:38] Response (400):
{"code":40002,"message":"Invalid value for data.0.user.ttp: value may not be null.","request_id":"20250602101838A2117986FB3FF4F96181"}

[2025-06-02 15:55:49] Response (400):
{"code":40002,"message":"Invalid value for data.0.user.ttp: value may not be null.","request_id":"202506021555498DE4FD1561B5912A33E3"}

[2025-06-02 16:04:34] Response (400):
{"code":40002,"message":"Invalid value for data.0.user.ttp: value may not be null.","request_id":"20250602160434775E3895DAD59A05E1A5"}

[2025-06-02 16:04:56] Response (400):
{"code":40002,"message":"Invalid value for data.0.user.ttp: value may not be null.","request_id":"20250602160456688C6650D4AA6E2527F6"}

[2025-06-02 18:02:08] Response (200):
{"code": 0, "message": "OK", "request_id": "20250602180208B2C073F72116CDC3B7DB", "data": {}}

[2025-06-02 22:36:32] Response (400):
{"code":40002,"message":"Invalid value for data.0.user.ttp: value may not be null.","request_id":"20250602223632686FF3D177349839E736"}

[2025-06-02 22:36:37] Response (400):
{"code":40002,"message":"Invalid value for data.0.user.ttp: value may not be null.","request_id":"20250602223637C0CE9B004158AC393393"}

[2025-06-03 03:38:47] Response (400):
{"code":40002,"message":"Invalid value for data.0.user.ttp: value may not be null.","request_id":"2025060303384694396DC5160DC1227874"}

[2025-06-03 08:19:54] Response (400):
{"code":40002,"message":"Invalid value for data.0.user.ttp: value may not be null.","request_id":"2025060308195458664FE16CCCC95FBD86"}

[2025-06-03 08:55:53] Response (400):
{"code":40002,"message":"Invalid value for data.0.user.ttp: value may not be null.","request_id":"202506030855533F0299C1962B94536061"}

[2025-06-03 08:56:15] Response (400):
{"code":40002,"message":"Invalid value for data.0.user.ttp: value may not be null.","request_id":"202506030856145BCDD3A8E693A259FD6D"}

[2025-06-03 09:00:28] Response (400):
{"code":40002,"message":"Invalid value for data.0.user.ttp: value may not be null.","request_id":"20250603090028C215C56599D524584C85"}

[2025-06-03 09:00:33] Response (400):
{"code":40002,"message":"Invalid value for data.0.user.ttp: value may not be null.","request_id":"20250603090032DBE16A33A6A0C661E4E2"}

[2025-06-03 09:00:39] Response (400):
{"code":40002,"message":"Invalid value for data.0.user.ttp: value may not be null.","request_id":"202506030900398F0E9B2C7734B110F165"}

[2025-06-03 09:00:44] Response (400):
{"code":40002,"message":"Invalid value for data.0.user.ttp: value may not be null.","request_id":"2025060309004437A13CAAEE61C2407DE9"}

[2025-06-03 09:00:48] Response (400):
{"code":40002,"message":"Invalid value for data.0.user.ttp: value may not be null.","request_id":"20250603090048B4E9753234B5DC3E8008"}

[2025-06-03 09:00:52] Response (400):
{"code":40002,"message":"Invalid value for data.0.user.ttp: value may not be null.","request_id":"202506030900522C8686EEE8F60A60F347"}

[2025-06-03 09:01:00] Response (400):
{"code":40002,"message":"Invalid value for data.0.user.ttp: value may not be null.","request_id":"20250603090100F56C034A90176963AA48"}

[2025-06-03 09:01:08] Response (400):
{"code":40002,"message":"Invalid value for data.0.user.ttp: value may not be null.","request_id":"20250603090108D72E00191B9B0A3EDE33"}

[2025-06-03 09:01:15] Response (400):
{"code":40002,"message":"Invalid value for data.0.user.ttp: value may not be null.","request_id":"20250603090115BF1C274E29EF54387699"}

[2025-06-03 09:01:22] Response (400):
{"code":40002,"message":"Invalid value for data.0.user.ttp: value may not be null.","request_id":"20250603090122DBE0DEB2EA4D0D5AF7E5"}

[2025-06-03 09:01:40] Response (400):
{"code":40002,"message":"Invalid value for data.0.user.ttp: value may not be null.","request_id":"2025060309014060DFBE4E9346D35E565E"}

[2025-06-03 09:01:46] Response (400):
{"code":40002,"message":"Invalid value for data.0.user.ttp: value may not be null.","request_id":"20250603090146E30B4CD94600314DDD2A"}

[2025-06-03 09:01:55] Response (400):
{"code":40002,"message":"Invalid value for data.0.user.ttp: value may not be null.","request_id":"202506030901556FFAB2FD228923599389"}

[2025-06-03 09:02:05] Response (400):
{"code":40002,"message":"Invalid value for data.0.user.ttp: value may not be null.","request_id":"202506030902054A1D9B4FE4854848E448"}

[2025-06-03 09:02:12] Response (400):
{"code":40002,"message":"Invalid value for data.0.user.ttp: value may not be null.","request_id":"20250603090212C555097445962C52B310"}

[2025-06-03 09:02:20] Response (400):
{"code":40002,"message":"Invalid value for data.0.user.ttp: value may not be null.","request_id":"20250603090220CE851607790C476413C5"}

[2025-06-03 09:02:27] Response (400):
{"code":40002,"message":"Invalid value for data.0.user.ttp: value may not be null.","request_id":"202506030902270DFA88E6AA383A52A065"}

[2025-06-03 09:03:23] Response (400):
{"code":40002,"message":"Invalid value for data.0.user.ttp: value may not be null.","request_id":"20250603090323B4546BAB3A518E3D7212"}

[2025-06-03 09:03:34] Response (400):
{"code":40002,"message":"Invalid value for data.0.user.ttp: value may not be null.","request_id":"202506030903347B2F08D882EDB3577833"}

[2025-06-03 09:21:30] Response (400):
{"code":40002,"message":"Invalid value for data.0.user.ttp: value may not be null.","request_id":"2025060309213067168D499CADF2604342"}

[2025-06-03 09:21:51] Response (400):
{"code":40002,"message":"Invalid value for data.0.user.ttp: value may not be null.","request_id":"20250603092151DA7CD74C9005ACD0A694"}

[2025-06-03 09:22:19] Response (400):
{"code":40002,"message":"Invalid value for data.0.user.ttp: value may not be null.","request_id":"202506030922195AFE718D8E25AB5D3946"}

[2025-06-03 09:23:16] Response (400):
{"code":40002,"message":"Invalid value for data.0.user.ttp: value may not be null.","request_id":"202506030923160B1C62A1E09655607DD6"}

[2025-06-03 09:23:24] Response (400):
{"code":40002,"message":"Invalid value for data.0.user.ttp: value may not be null.","request_id":"202506030923246017F6766E2C835332C1"}

[2025-06-03 09:23:29] Response (400):
{"code":40002,"message":"Invalid value for data.0.user.ttp: value may not be null.","request_id":"202506030923295B20FEC4DBB4824207CC"}

[2025-06-03 09:23:34] Response (400):
{"code":40002,"message":"Invalid value for data.0.user.ttp: value may not be null.","request_id":"20250603092334775495E78BC27217D235"}

[2025-06-03 09:23:38] Response (400):
{"code":40002,"message":"Invalid value for data.0.user.ttp: value may not be null.","request_id":"20250603092338FA44A9FD78F23E43718F"}

[2025-06-03 09:23:44] Response (400):
{"code":40002,"message":"Invalid value for data.0.user.ttp: value may not be null.","request_id":"202506030923449D816F033E96FC5A37DD"}

[2025-06-03 09:23:59] Response (400):
{"code":40002,"message":"Invalid value for data.0.user.ttp: value may not be null.","request_id":"202506030923598E88DAD9A8F90E43D2C3"}

[2025-06-03 09:24:13] Response (400):
{"code":40002,"message":"Invalid value for data.0.user.ttp: value may not be null.","request_id":"202506030924135AFE718D8E25AB5D510E"}

[2025-06-03 09:25:58] Response (400):
{"code":40002,"message":"Invalid value for data.0.user.ttp: value may not be null.","request_id":"20250603092558DAD3D1D8A7FD11400E75"}

[2025-06-03 18:23:23] Response (400):
{"code":40002,"message":"Invalid value for data.0.user.ttp: value may not be null.","request_id":"202506031823231BC4B1506BAFD9613D9A"}

[2025-06-03 18:27:13] Response (400):
{"code":40002,"message":"Invalid value for data.0.user.ttp: value may not be null.","request_id":"2025060318271395AAE97F2076F285C333"}

[2025-06-03 18:32:24] Response (400):
{"code":40002,"message":"Invalid value for data.0.user.ttp: value may not be null.","request_id":"20250603183224204B96D59AE28474F43A"}

[2025-06-03 18:32:29] Response (400):
{"code":40002,"message":"Invalid value for data.0.user.ttp: value may not be null.","request_id":"20250603183229EFBFD269D968CE814279"}

[2025-06-03 18:32:38] Response (400):
{"code":40002,"message":"Invalid value for data.0.user.ttp: value may not be null.","request_id":"20250603183238CC3C9C07A17DAC030120"}

[2025-06-03 19:15:15] Response (400):
{"code":40002,"message":"Invalid value for data.0.user.ttp: value may not be null.","request_id":"202506031915142FC44567061879843416"}

[2025-06-03 19:15:41] Response (400):
{"code":40002,"message":"Invalid value for data.0.user.ttp: value may not be null.","request_id":"20250603191541CCBCA5FDD308CE8ED1D7"}

[2025-06-03 19:43:45] Response (400):
{"code":40002,"message":"Invalid value for data.0.user.ttp: value may not be null.","request_id":"202506031943453DEF8658759744785B39"}

[2025-06-03 19:44:13] Response (400):
{"code":40002,"message":"Invalid value for data.0.user.ttp: value may not be null.","request_id":"20250603194413FDDD0DF44725985AAC8E"}

[2025-06-03 19:44:18] Response (400):
{"code":40002,"message":"Invalid value for data.0.user.ttp: value may not be null.","request_id":"20250603194418EC5C3168ABF07D62F089"}

[2025-06-03 19:44:26] Response (400):
{"code":40002,"message":"Invalid value for data.0.user.ttp: value may not be null.","request_id":"202506031944264C588C9E97384B57AD8F"}

[2025-06-03 19:51:26] Response (400):
{"code":40002,"message":"Invalid value for data.0.user.ttp: value may not be null.","request_id":"20250603195125BD722C865BF77B816486"}

[2025-06-03 19:51:33] Response (400):
{"code":40002,"message":"Invalid value for data.0.user.ttp: value may not be null.","request_id":"20250603195133D1D0428AEA0D4086CA80"}

[2025-06-03 19:51:54] Response (400):
{"code":40002,"message":"Invalid value for data.0.user.ttp: value may not be null.","request_id":"20250603195154010D241841044A560015"}

[2025-06-03 19:55:54] Response (400):
{"code":40002,"message":"Invalid value for data.0.user.ttp: value may not be null.","request_id":"20250603195554CE2D573870E3B461FE47"}

[2025-06-03 19:56:02] Response (400):
{"code":40002,"message":"Invalid value for data.0.user.ttp: value may not be null.","request_id":"20250603195602750E7843EE1C6B81A9B2"}

[2025-06-03 19:56:22] Response (400):
{"code":40002,"message":"Invalid value for data.0.user.ttp: value may not be null.","request_id":"2025060319562236E75A43F88757C9C2A2"}

[2025-06-03 19:56:29] Response (400):
{"code":40002,"message":"Invalid value for data.0.user.ttp: value may not be null.","request_id":"20250603195629173838A76B2B5996CD2F"}

[2025-06-03 19:56:37] Response (400):
{"code":40002,"message":"Invalid value for data.0.user.ttp: value may not be null.","request_id":"20250603195637CDBDC35BDDF0636725B8"}

[2025-06-03 19:56:47] Response (400):
{"code":40002,"message":"Invalid value for data.0.user.ttp: value may not be null.","request_id":"20250603195647C0D4B772208C4D68313D"}

[2025-06-03 19:56:56] Response (400):
{"code":40002,"message":"Invalid value for data.0.user.ttp: value may not be null.","request_id":"2025060319565670C39000EAAC5697907F"}

[2025-06-03 19:57:47] Response (400):
{"code":40002,"message":"Invalid value for data.0.user.ttp: value may not be null.","request_id":"20250603195747B7FF7E93C5103D623E5B"}

[2025-06-03 19:58:09] Response (400):
{"code":40002,"message":"Invalid value for data.0.user.ttp: value may not be null.","request_id":"202506031958095B1A5BB9C996816EEF61"}

[2025-06-03 19:58:20] Response (400):
{"code":40002,"message":"Invalid value for data.0.user.ttp: value may not be null.","request_id":"202506031958204D2D78EEB9E8608DF432"}

[2025-06-03 19:58:33] Response (400):
{"code":40002,"message":"Invalid value for data.0.user.ttp: value may not be null.","request_id":"20250603195833B07696A8117C4222F954"}

[2025-06-03 19:58:57] Response (400):
{"code":40002,"message":"Invalid value for data.0.user.ttp: value may not be null.","request_id":"202506031958575104AF7FA2A6116D3E77"}

[2025-06-03 20:00:07] Response (400):
{"code":40002,"message":"Invalid value for data.0.user.ttp: value may not be null.","request_id":"202506032000070A3A7846790CD58AEC47"}

[2025-06-03 20:01:01] Response (400):
{"code":40002,"message":"Invalid value for data.0.user.ttp: value may not be null.","request_id":"20250603200101134923228C170B87D5BE"}

[2025-06-03 20:01:09] Response (400):
{"code":40002,"message":"Invalid value for data.0.user.ttp: value may not be null.","request_id":"20250603200109F5A1764A8933C27EFDE7"}

[2025-06-03 20:01:32] Response (400):
{"code":40002,"message":"Invalid value for data.0.user.ttp: value may not be null.","request_id":"20250603200132628A056C0802D885CC31"}

[2025-06-03 20:02:16] Response (400):
{"code":40002,"message":"Invalid value for data.0.user.ttp: value may not be null.","request_id":"20250603200216D825A77332A28F7D9066"}

[2025-06-03 20:02:24] Response (400):
{"code":40002,"message":"Invalid value for data.0.user.ttp: value may not be null.","request_id":"202506032002247EA32FDD770DDE7E07E3"}

[2025-06-03 20:02:31] Response (400):
{"code":40002,"message":"Invalid value for data.0.user.ttp: value may not be null.","request_id":"2025060320023182997F8B0B8F0D7D54D7"}

[2025-06-03 20:02:37] Response (400):
{"code":40002,"message":"Invalid value for data.0.user.ttp: value may not be null.","request_id":"202506032002377F758073A14FA9880566"}

[2025-06-03 20:02:46] Response (400):
{"code":40002,"message":"Invalid value for data.0.user.ttp: value may not be null.","request_id":"2025060320024668D67A87685E448D1577"}

[2025-06-03 20:02:51] Response (400):
{"code":40002,"message":"Invalid value for data.0.user.ttp: value may not be null.","request_id":"20250603200251835D4976C2029E630CB3"}

[2025-06-03 20:02:57] Response (400):
{"code":40002,"message":"Invalid value for data.0.user.ttp: value may not be null.","request_id":"20250603200257B942F18860EB4F8CF81B"}

[2025-06-03 20:07:20] Response (400):
{"code":40002,"message":"Invalid value for data.0.user.ttp: value may not be null.","request_id":"2025060320071939B67D6A256CDF953272"}

[2025-06-03 20:07:40] Response (400):
{"code":40002,"message":"Invalid value for data.0.user.ttp: value may not be null.","request_id":"202506032007405908ED3F99F3366DE498"}

[2025-06-03 20:22:08] Response (400):
{"code":40002,"message":"Invalid value for data.0.user.ttp: value may not be null.","request_id":"202506032022085271B127A7D09995FF67"}

[2025-06-03 20:22:39] Response (400):
{"code":40002,"message":"Invalid value for data.0.user.ttp: value may not be null.","request_id":"2025060320223890F1DA59C7C77D6D004A"}

[2025-06-03 20:22:43] Response (400):
{"code":40002,"message":"Invalid value for data.0.user.ttp: value may not be null.","request_id":"202506032022437E9F24487CC6DB8FE79C"}

[2025-06-03 20:22:46] Response (400):
{"code":40002,"message":"Invalid value for data.0.user.ttp: value may not be null.","request_id":"202506032022453812E97640CCA666452B"}

[2025-06-03 20:22:50] Response (400):
{"code":40002,"message":"Invalid value for data.0.user.ttp: value may not be null.","request_id":"20250603202250543CB752F638C985A37C"}

[2025-06-03 20:22:59] Response (400):
{"code":40002,"message":"Invalid value for data.0.user.ttp: value may not be null.","request_id":"20250603202259624C7B7EA14AE58AA677"}

[2025-06-03 20:23:47] Response (400):
{"code":40002,"message":"Invalid value for data.0.user.ttp: value may not be null.","request_id":"20250603202347CA22BBA226F44E6F8867"}

[2025-06-03 20:23:51] Response (400):
{"code":40002,"message":"Invalid value for data.0.user.ttp: value may not be null.","request_id":"20250603202351CB11F4009346BB68235B"}

[2025-06-03 20:24:45] Response (400):
{"code":40002,"message":"Invalid value for data.0.user.ttp: value may not be null.","request_id":"202506032024457A82DBD9E667475A7037"}

[2025-06-03 20:30:02] Response (400):
{"code":40002,"message":"Invalid value for data.0.user.ttp: value may not be null.","request_id":"2025060320300297F8D9DD890ED17AFFC3"}

[2025-06-03 20:30:24] Response (400):
{"code":40002,"message":"Invalid value for data.0.user.ttp: value may not be null.","request_id":"20250603203024E011B98E81CE55929574"}

[2025-06-03 20:31:41] Response (400):
{"code":40002,"message":"Invalid value for data.0.user.ttp: value may not be null.","request_id":"202506032031413A6879FBA6E3E871B560"}

[2025-06-03 20:34:27] Response (400):
{"code":40002,"message":"Invalid value for data.0.user.ttp: value may not be null.","request_id":"202506032034270B4C9EBC9703A9650ED4"}

[2025-06-03 20:34:32] Response (400):
{"code":40002,"message":"Invalid value for data.0.user.ttp: value may not be null.","request_id":"20250603203432529B9AEA97ECBC6CA890"}

[2025-06-03 20:34:40] Response (400):
{"code":40002,"message":"Invalid value for data.0.user.ttp: value may not be null.","request_id":"202506032034404B43B4B2B934E58C3EF7"}

[2025-06-03 20:34:48] Response (400):
{"code":40002,"message":"Invalid value for data.0.user.ttp: value may not be null.","request_id":"202506032034474B43B4B2B934E58C4043"}

[2025-06-05 03:47:31] Response (400):
{"code":40002,"message":"Invalid value for data.0.user.ttp: value may not be null.","request_id":"20250605034730BD87C769F49270F0A006"}

[2025-06-09 16:21:01] Response (400):
{"code":40002,"message":"Invalid value for data.0.user.ttp: value may not be null.","request_id":"20250609162100671A031CD146F87B3224"}

[2025-06-09 21:07:53] Response (200):
{"code": 0, "message": "OK", "request_id": "20250609210753828D893D0DF7BB3B7396", "data": {}}

[2025-06-09 21:08:03] Response (200):
{"code": 0, "message": "OK", "request_id": "20250609210803D23B4F5AD37BDE4ABEF3", "data": {}}

[2025-06-09 21:35:55] Response (400):
{"code":40002,"message":"Invalid value for data.0.user.ttp: value may not be null.","request_id":"20250609213555ABF1AD799520CF91754A"}

[2025-06-09 21:35:57] Response (400):
{"code":40002,"message":"Invalid value for data.0.user.ttp: value may not be null.","request_id":"202506092135579EE7E6C4D8B04A45643F"}

[2025-06-09 21:36:00] Response (400):
{"code":40002,"message":"Invalid value for data.0.user.ttp: value may not be null.","request_id":"20250609213559B071D339556AEF95BDA7"}

[2025-06-10 04:30:37] Response (400):
{"code":40002,"message":"Invalid value for data.0.user.ttp: value may not be null.","request_id":"2025061004303708E7BE9CFEC7D7A8B8BC"}

[2025-06-10 08:04:42] Response (400):
{"code":40002,"message":"Invalid value for data.0.user.ttp: value may not be null.","request_id":"20250610080442217C59479AD0B863F546"}

[2025-06-10 08:04:45] Response (400):
{"code":40002,"message":"Invalid value for data.0.user.ttp: value may not be null.","request_id":"20250610080445769CCC8A112670B5ED47"}

[2025-06-10 08:04:48] Response (400):
{"code":40002,"message":"Invalid value for data.0.user.ttp: value may not be null.","request_id":"20250610080447E0D8A7367E7EB9AFD929"}

[2025-06-11 18:58:46] Response (400):
{"code":40002,"message":"Invalid value for data.0.user.ttp: value may not be null.","request_id":"20250611185845CB0BF534F93704CEDD28"}

[2025-06-11 18:59:16] Response (400):
{"code":40002,"message":"Invalid value for data.0.user.ttp: value may not be null.","request_id":"2025061118591633948DEBC85663E4C751"}

[2025-06-11 18:59:22] Response (400):
{"code":40002,"message":"Invalid value for data.0.user.ttp: value may not be null.","request_id":"202506111859222E6F4E420AD60A3528FD"}

[2025-06-11 18:59:29] Response (400):
{"code":40002,"message":"Invalid value for data.0.user.ttp: value may not be null.","request_id":"202506111859281209021847B6D24596CC"}

[2025-06-11 18:59:36] Response (400):
{"code":40002,"message":"Invalid value for data.0.user.ttp: value may not be null.","request_id":"202506111859369B516E2205627FE2EBE5"}

[2025-06-11 22:55:42] Response (400):
{"code":40002,"message":"Invalid value for data.0.user.ttp: value may not be null.","request_id":"20250611225542DD444E0D98D536EBD35E"}

[2025-06-12 18:49:10] Response (400):
{"code":40002,"message":"Invalid value for data.0.user.ttp: value may not be null.","request_id":"202506121849108381B0F92564ED2E0C83"}

[2025-06-12 21:30:07] Response (400):
{"code":40002,"message":"Invalid value for data.0.user.ttp: value may not be null.","request_id":"20250612213006D26C62ED0774A5343091"}

[2025-06-13 10:23:43] Response (200):
{"code": 0, "message": "OK", "request_id": "202506131023432CD93618D53C7353B19B", "data": {}}

[2025-06-13 10:23:48] Response (200):
{"code": 0, "message": "OK", "request_id": "20250613102348B3B3703DAFB6597981A4", "data": {}}

[2025-06-13 18:05:09] Response (200):
{"code": 0, "message": "OK", "request_id": "20250613180508724D664D2A0C2F03CF6E", "data": {}}

[2025-06-13 21:31:35] Response (200):
{"code": 0, "message": "OK", "request_id": "20250613213135E5C4E57FB7924C103B77", "data": {}}

[2025-06-13 21:31:38] Response (200):
{"code": 0, "message": "OK", "request_id": "2025061321313870D0E283A824D21C172B", "data": {}}

[2025-06-14 00:03:01] Response (400):
{"code":40002,"message":"Invalid value for data.0.user.ttp: value may not be null.","request_id":"20250614000301289D289C55D1F118C1EF"}

[2025-06-15 04:02:07] Response (400):
{"code":40002,"message":"Invalid value for data.0.user.ttp: value may not be null.","request_id":"20250615040207CCD3C8835862F7808048"}

[2025-06-16 08:53:02] Response (400):
{"code":40002,"message":"Invalid value for data.0.user.ttp: value may not be null.","request_id":"20250616085302F8F90AF95DA649E7D7C9"}

[2025-06-16 10:33:35] Response (200):
{"code": 0, "message": "OK", "request_id": "20250616103335F7E6CB7CA8BC71EE52B8", "data": {}}

[2025-06-17 09:00:37] Response (400):
{"code":40002,"message":"Invalid value for data.0.user.ttp: value may not be null.","request_id":"20250617090037CAF672AF8E92F82800BE"}

[2025-06-17 09:00:39] Response (400):
{"code":40002,"message":"Invalid value for data.0.user.ttp: value may not be null.","request_id":"2025061709003921F58AF29D2BD11529B0"}

[2025-06-17 09:00:52] Response (400):
{"code":40002,"message":"Invalid value for data.0.user.ttp: value may not be null.","request_id":"20250617090052958941B6749D2D26C1DC"}

[2025-06-17 09:18:24] Response (400):
{"code":40002,"message":"Invalid value for data.0.user.ttp: value may not be null.","request_id":"20250617091824AB7EBDEC612E42436B0C"}

[2025-06-17 09:31:48] Response (400):
{"code":40002,"message":"Invalid value for data.0.user.ttp: value may not be null.","request_id":"20250617093148F074B40627A94A43303C"}

[2025-06-17 23:46:13] Response (400):
{"code":40002,"message":"Invalid value for data.0.user.ttp: value may not be null.","request_id":"202506172346135033647B7F632D7AB4FB"}

[2025-06-18 18:49:44] Response (400):
{"code":40002,"message":"Invalid value for data.0.user.ttp: value may not be null.","request_id":"20250618184944DAE36245FFE056C3499A"}

[2025-06-24 15:15:40] Response (400):
{"code":40002,"message":"Invalid value for data.0.user.ttp: value may not be null.","request_id":"20250624151540798E09F8419497AC2969"}

[2025-06-24 15:16:39] Response (400):
{"code":40002,"message":"Invalid value for data.0.user.ttp: value may not be null.","request_id":"20250624151639E02F6E62E745AA6E7803"}

[2025-06-24 15:16:52] Response (400):
{"code":40002,"message":"Invalid value for data.0.user.ttp: value may not be null.","request_id":"202506241516521692BD4AB7CD1ECE2C80"}

[2025-06-24 19:15:38] Response (400):
{"code":40002,"message":"Invalid value for data.0.user.ttp: value may not be null.","request_id":"202506241915381D68096FD8CFDA8CEA7F"}

[2025-06-24 19:37:52] Response (400):
{"code":40002,"message":"Invalid value for data.0.user.ttp: value may not be null.","request_id":"20250624193752E4B387A88A701EDD64DF"}

[2025-06-24 19:38:02] Response (400):
{"code":40002,"message":"Invalid value for data.0.user.ttp: value may not be null.","request_id":"20250624193802C1315EF9E37EEE86DDD8"}

[2025-06-24 19:38:37] Response (400):
{"code":40002,"message":"Invalid value for data.0.user.ttp: value may not be null.","request_id":"20250624193837C1315EF9E37EEE86E54E"}

[2025-06-24 19:38:47] Response (400):
{"code":40002,"message":"Invalid value for data.0.user.ttp: value may not be null.","request_id":"2025062419384789EB98E678E5F9E219DA"}

[2025-06-24 19:55:22] Response (400):
{"code":40002,"message":"Invalid value for data.0.user.ttp: value may not be null.","request_id":"202506241955220FC71C3D4E543DD296BF"}

[2025-06-24 19:56:33] Response (400):
{"code":40002,"message":"Invalid value for data.0.user.ttp: value may not be null.","request_id":"20250624195633EF30EBF200EF45DEC6A5"}

[2025-06-24 19:56:42] Response (400):
{"code":40002,"message":"Invalid value for data.0.user.ttp: value may not be null.","request_id":"20250624195642CACCA2BF0DF0988F7BC5"}

[2025-06-24 19:56:56] Response (400):
{"code":40002,"message":"Invalid value for data.0.user.ttp: value may not be null.","request_id":"20250624195656EA8E2B95D5003EE96FDD"}

[2025-06-24 19:57:05] Response (400):
{"code":40002,"message":"Invalid value for data.0.user.ttp: value may not be null.","request_id":"202506241957050252AC249FD3AE85269B"}

[2025-06-24 19:57:14] Response (400):
{"code":40002,"message":"Invalid value for data.0.user.ttp: value may not be null.","request_id":"20250624195714CACCA2BF0DF0988F80BF"}

[2025-06-24 19:57:23] Response (400):
{"code":40002,"message":"Invalid value for data.0.user.ttp: value may not be null.","request_id":"20250624195723EF30EBF200EF45DED4DA"}

[2025-06-24 19:58:15] Response (400):
{"code":40002,"message":"Invalid value for data.0.user.ttp: value may not be null.","request_id":"2025062419581543CB3A7B1E49F0E77EC9"}

[2025-06-24 20:01:37] Response (400):
{"code":40002,"message":"Invalid value for data.0.user.ttp: value may not be null.","request_id":"202506242001378D59191424EDCEE4C2A9"}

[2025-06-24 20:04:39] Response (400):
{"code":40002,"message":"Invalid value for data.0.user.ttp: value may not be null.","request_id":"20250624200439ACB85DDC9D7839E09D58"}

[2025-06-24 20:15:18] Response (400):
{"code":40002,"message":"Invalid value for data.0.user.ttp: value may not be null.","request_id":"2025062420151811EC8D7BB1C08BD764E2"}

[2025-06-24 20:16:40] Response (400):
{"code":40002,"message":"Invalid value for data.0.user.ttp: value may not be null.","request_id":"2025062420164010F0E2172BBF33E37A54"}

[2025-06-24 20:16:50] Response (400):
{"code":40002,"message":"Invalid value for data.0.user.ttp: value may not be null.","request_id":"2025062420165076AD4F727F3B478AF5D3"}

[2025-06-24 20:17:00] Response (400):
{"code":40002,"message":"Invalid value for data.0.user.ttp: value may not be null.","request_id":"2025062420170010F0E2172BBF33E37DCF"}

[2025-06-24 20:38:31] Response (400):
{"code":40002,"message":"Invalid value for data.0.user.ttp: value may not be null.","request_id":"20250624203831822DF13967348EE76A0C"}

[2025-06-24 20:39:50] Response (400):
{"code":40002,"message":"Invalid value for data.0.user.ttp: value may not be null.","request_id":"20250624203949662A275B7F6921E5BE02"}

[2025-06-24 20:39:58] Response (400):
{"code":40002,"message":"Invalid value for data.0.user.ttp: value may not be null.","request_id":"20250624203958A9E20318169FE0857FB2"}

[2025-06-24 20:40:07] Response (400):
{"code":40002,"message":"Invalid value for data.0.user.ttp: value may not be null.","request_id":"2025062420400750E57590A5D850DF0CF2"}

[2025-06-24 20:40:16] Response (400):
{"code":40002,"message":"Invalid value for data.0.user.ttp: value may not be null.","request_id":"2025062420401622C2F7B1C9B513EE550F"}

[2025-06-24 20:40:28] Response (400):
{"code":40002,"message":"Invalid value for data.0.user.ttp: value may not be null.","request_id":"202506242040282C4A2DFB3D63F5E4620D"}

[2025-06-24 20:40:38] Response (400):
{"code":40002,"message":"Invalid value for data.0.user.ttp: value may not be null.","request_id":"2025062420403830E5FF239DE1D98C3165"}

[2025-06-24 20:51:33] Response (400):
{"code":40002,"message":"Invalid value for data.0.user.ttp: value may not be null.","request_id":"2025062420513314176D32FD367AC5916A"}

[2025-06-24 21:01:55] Response (400):
{"code":40002,"message":"Invalid value for data.0.user.ttp: value may not be null.","request_id":"20250624210155E212BE54A3C4A3E77EBF"}

[2025-06-24 21:02:43] Response (400):
{"code":40002,"message":"Invalid value for data.0.user.ttp: value may not be null.","request_id":"20250624210243CD99D6449EDAB8E0332E"}

[2025-06-24 21:02:44] Response (400):
{"code":40002,"message":"Invalid value for data.0.user.ttp: value may not be null.","request_id":"2025062421024411D8E8498267F4E07F3F"}

[2025-06-24 21:02:45] Response (400):
{"code":40002,"message":"Invalid value for data.0.user.ttp: value may not be null.","request_id":"20250624210245C543DD3F383D48DFC698"}

[2025-06-24 21:02:51] Response (400):
{"code":40002,"message":"Invalid value for data.0.user.ttp: value may not be null.","request_id":"2025062421025131207690DE3219883991"}

[2025-06-24 21:03:29] Response (400):
{"code":40002,"message":"Invalid value for data.0.user.ttp: value may not be null.","request_id":"20250624210329DAC324D5D2A142AC5DD5"}

[2025-06-24 21:03:54] Response (400):
{"code":40002,"message":"Invalid value for data.0.user.ttp: value may not be null.","request_id":"20250624210354A92B682EB39F9AE28C7C"}

[2025-06-24 21:06:59] Response (400):
{"code":40002,"message":"Invalid value for data.0.user.ttp: value may not be null.","request_id":"20250624210659B01219A6B8728A4E5055"}

[2025-06-24 21:23:59] Response (400):
{"code":40002,"message":"Invalid value for data.0.user.ttp: value may not be null.","request_id":"202506242123596C7653A26EC9ACE6983F"}

[2025-06-24 21:26:35] Response (400):
{"code":40002,"message":"Invalid value for data.0.user.ttp: value may not be null.","request_id":"20250624212635A8E7BE0D2048098C70B3"}

[2025-06-24 21:26:44] Response (400):
{"code":40002,"message":"Invalid value for data.0.user.ttp: value may not be null.","request_id":"2025062421264408BEE3295BED1BED5F22"}

[2025-06-24 21:30:27] Response (400):
{"code":40002,"message":"Invalid value for data.0.user.ttp: value may not be null.","request_id":"20250624213027A80E75D7316114DD899C"}

[2025-06-24 21:30:35] Response (400):
{"code":40002,"message":"Invalid value for data.0.user.ttp: value may not be null.","request_id":"20250624213034FCB1AD2663A5E0CFFCAB"}

[2025-06-24 21:36:30] Response (400):
{"code":40002,"message":"Invalid value for data.0.user.ttp: value may not be null.","request_id":"202506242136308E2898525B70E290842F"}

[2025-06-24 21:36:36] Response (400):
{"code":40002,"message":"Invalid value for data.0.user.ttp: value may not be null.","request_id":"202506242136363B86EF47C25DFEE591C8"}

[2025-06-24 21:36:45] Response (400):
{"code":40002,"message":"Invalid value for data.0.user.ttp: value may not be null.","request_id":"2025062421364552A2D8ED277C0AE33CC9"}

[2025-06-24 21:36:54] Response (400):
{"code":40002,"message":"Invalid value for data.0.user.ttp: value may not be null.","request_id":"2025062421365307090C9C459BD586F38C"}

[2025-06-24 21:37:52] Response (400):
{"code":40002,"message":"Invalid value for data.0.user.ttp: value may not be null.","request_id":"202506242137514CDF268FCD137CCAF919"}

[2025-06-24 21:38:02] Response (400):
{"code":40002,"message":"Invalid value for data.0.user.ttp: value may not be null.","request_id":"20250624213802CBB34147C23B1889A149"}

[2025-06-24 21:46:14] Response (400):
{"code":40002,"message":"Invalid value for data.0.user.ttp: value may not be null.","request_id":"202506242146141917FD232A705EE918A2"}

[2025-06-24 21:46:19] Response (400):
{"code":40002,"message":"Invalid value for data.0.user.ttp: value may not be null.","request_id":"202506242146196ED33AB17B12A0EB24E8"}

[2025-06-24 21:46:31] Response (400):
{"code":40002,"message":"Invalid value for data.0.user.ttp: value may not be null.","request_id":"20250624214631A4D78308D8C150EC8A8F"}

[2025-06-24 22:14:06] Response (400):
{"code":40002,"message":"Invalid value for data.0.user.ttp: value may not be null.","request_id":"202506242214066095A11BDE93B7EAEFA2"}

[2025-06-24 22:18:46] Response (400):
{"code":40002,"message":"Invalid value for data.0.user.ttp: value may not be null.","request_id":"20250624221846361580C9CAE423EDCFA1"}

[2025-06-24 22:22:33] Response (400):
{"code":40002,"message":"Invalid value for data.0.user.ttp: value may not be null.","request_id":"20250624222233B78AA704ACF9BCEE6CDA"}

[2025-06-25 08:11:10] Response (400):
{"code":40002,"message":"Invalid value for data.0.user.ttp: value may not be null.","request_id":"202506250811106E2DDC674C6B3A040B59"}

[2025-06-25 08:14:50] Response (400):
{"code":40002,"message":"Invalid value for data.0.user.ttp: value may not be null.","request_id":"20250625081450FF1E6B71C144670982F6"}

[2025-06-25 08:30:42] Response (400):
{"code":40002,"message":"Invalid value for data.0.user.ttp: value may not be null.","request_id":"20250625083042F17A9629AD12411D31E2"}

[2025-06-25 08:37:08] Response (400):
{"code":40002,"message":"Invalid value for data.0.user.ttp: value may not be null.","request_id":"202506250837088238E0F19F9F57AB74EB"}

[2025-06-25 08:40:08] Response (400):
{"code":40002,"message":"Invalid value for data.0.user.ttp: value may not be null.","request_id":"20250625084008B06259320FEFCEB011E0"}

[2025-06-25 08:45:51] Response (400):
{"code":40002,"message":"Invalid value for data.0.user.ttp: value may not be null.","request_id":"2025062508455178D3C2D83F74F0104784"}

[2025-06-25 08:48:08] Response (400):
{"code":40002,"message":"Invalid value for data.0.user.ttp: value may not be null.","request_id":"202506250848089FAB73848D256BB2240C"}

[2025-06-25 08:53:06] Response (400):
{"code":40002,"message":"Invalid value for data.0.user.ttp: value may not be null.","request_id":"20250625085305BAED5B3D21E04316FEB0"}

[2025-06-25 08:59:25] Response (400):
{"code":40002,"message":"Invalid value for data.0.user.ttp: value may not be null.","request_id":"20250625085925CD3EA7A2723E5B0A8663"}

[2025-06-25 09:00:41] Response (400):
{"code":40002,"message":"Invalid value for data.0.user.ttp: value may not be null.","request_id":"20250625090041C9F78E72BC15A90E041B"}

[2025-06-25 09:01:01] Response (400):
{"code":40002,"message":"Invalid value for data.0.user.ttp: value may not be null.","request_id":"20250625090101D7C52DE56D25B40FDBA9"}

[2025-06-25 09:02:56] Response (400):
{"code":40002,"message":"Invalid value for data.0.user.ttp: value may not be null.","request_id":"20250625090256AC79E9C71D81A511094A"}

[2025-06-25 09:04:15] Response (400):
{"code":40002,"message":"Invalid value for data.0.user.ttp: value may not be null.","request_id":"20250625090415F7FA64B52689F3AEB432"}

[2025-06-25 09:06:04] Response (400):
{"code":40002,"message":"Invalid value for data.0.user.ttp: value may not be null.","request_id":"20250625090604024C98D7366D0E0AE8B7"}

[2025-06-25 09:07:54] Response (400):
{"code":40002,"message":"Invalid value for data.0.user.ttp: value may not be null.","request_id":"20250625090754F87F194737B7A4D63C2A"}

[2025-06-25 19:14:31] Response (400):
{"code":40002,"message":"Invalid value for data.0.user.ttp: value may not be null.","request_id":"20250625191430C69EBADD3792953EA468"}

[2025-06-26 05:20:02] Response (400):
{"code":40002,"message":"Invalid value for data.0.user.ttp: value may not be null.","request_id":"2025062605200173BA7C4938E40F7AB4C5"}

[2025-06-26 16:19:38] Response (400):
{"code":40002,"message":"Invalid value for data.0.user.ttp: value may not be null.","request_id":"20250626161938CB23CBD2F6AE939C364D"}

[2025-06-27 03:21:43] Response (400):
{"code":40002,"message":"Invalid value for data.0.user.ttp: value may not be null.","request_id":"2025062703214374A1BE3E15F4E9CB02FD"}

[2025-06-27 14:12:29] Response (400):
{"code":40002,"message":"Invalid value for data.0.user.ttp: value may not be null.","request_id":"202506271412283EBC65AAC1F144F4C05E"}

[2025-06-28 00:19:23] Response (400):
{"code":40002,"message":"Invalid value for data.0.user.ttp: value may not be null.","request_id":"20250628001922F07960477360F31B4D97"}

[2025-06-28 10:27:53] Response (400):
{"code":40002,"message":"Invalid value for data.0.user.ttp: value may not be null.","request_id":"20250628102753FC37B621E410353E498E"}

[2025-06-28 21:21:45] Response (400):
{"code":40002,"message":"Invalid value for data.0.user.ttp: value may not be null.","request_id":"2025062821214586F6AF831F80AE6DADFF"}

[2025-06-29 08:23:49] Response (400):
{"code":40002,"message":"Invalid value for data.0.user.ttp: value may not be null.","request_id":"20250629082349E97CBB1A2E5A5E054051"}

[2025-06-29 18:30:26] Response (400):
{"code":40002,"message":"Invalid value for data.0.user.ttp: value may not be null.","request_id":"2025062918302672EA4F474BF658A494BC"}

[2025-06-30 05:14:11] Response (400):
{"code":40002,"message":"Invalid value for data.0.user.ttp: value may not be null.","request_id":"20250630051411B96D2FB7EC7ADD4E3AFC"}

[2025-06-30 15:30:04] Response (0):


[2025-07-01 02:22:31] Response (400):
{"code":40002,"message":"Invalid value for data.0.user.ttp: value may not be null.","request_id":"20250701022231EEE9A8DCC8132F1D9225"}

[2025-07-01 13:17:16] Response (400):
{"code":40002,"message":"Invalid value for data.0.user.ttp: value may not be null.","request_id":"2025070113171615D8889B578AF53F5EE7"}

[2025-07-02 00:15:34] Response (400):
{"code":40002,"message":"Invalid value for data.0.user.ttp: value may not be null.","request_id":"20250702001534615F56105B75D766B0D9"}

[2025-07-02 11:13:20] Response (400):
{"code":40002,"message":"Invalid value for data.0.user.ttp: value may not be null.","request_id":"202507021113191D4613434525E68B9EE3"}

[2025-07-02 12:49:14] Response (400):
{"code":40002,"message":"Invalid value for data.0.user.ttp: value may not be null.","request_id":"202507021249143DD978D696E6BC8E57CE"}

[2025-07-02 14:44:09] Response (400):
{"code":40002,"message":"Invalid value for data.0.user.ttp: value may not be null.","request_id":"202507021444095DB03A39264FDB9CEC00"}

[2025-07-02 21:18:36] Response (400):
{"code":40002,"message":"Invalid value for data.0.user.ttp: value may not be null.","request_id":"20250702211836652549A0713828B2723E"}

[2025-07-03 00:21:10] Response (400):
{"code":40002,"message":"Invalid value for data.0.user.ttp: value may not be null.","request_id":"2025070300211082235E7D533F68C0DA75"}

[2025-07-03 08:16:04] Response (400):
{"code":40002,"message":"Invalid value for data.0.user.ttp: value may not be null.","request_id":"20250703081604FECEA2BD6CD80CD70703"}

[2025-07-03 18:18:32] Response (400):
{"code":40002,"message":"Invalid value for data.0.user.ttp: value may not be null.","request_id":"202507031818327E99C6A262B91E621334"}

[2025-07-03 22:36:36] Response (400):
{"code":40002,"message":"Invalid value for data.0.user.ttp: value may not be null.","request_id":"2025070322363635C1EA2DAEF559053321"}

[2025-07-03 22:56:35] Response (400):
{"code":40002,"message":"Invalid value for data.0.user.ttp: value may not be null.","request_id":"202507032256353E91E97831E63C05AE7C"}

[2025-07-03 23:01:30] Response (400):
{"code":40002,"message":"Invalid value for data.0.user.ttp: value may not be null.","request_id":"202507032301305D5B382187F82B077CCB"}

[2025-07-04 08:54:09] Response (400):
{"code":40002,"message":"Invalid value for data.0.user.ttp: value may not be null.","request_id":"202507040854092ADA31F806E1762250E0"}

[2025-07-04 10:13:26] Response (400):
{"code":40002,"message":"Invalid value for data.0.user.ttp: value may not be null.","request_id":"20250704101326FDD8EA557F73CE078531"}

[2025-07-04 10:18:19] Response (400):
{"code":40002,"message":"Invalid value for data.0.user.ttp: value may not be null.","request_id":"20250704101819B97BE03E1DDBFA351583"}

[2025-07-04 10:22:05] Response (400):
{"code":40002,"message":"Invalid value for data.0.user.ttp: value may not be null.","request_id":"20250704102205CD4525F78149FD3C047D"}

[2025-07-04 11:02:37] Response (400):
{"code":40002,"message":"Invalid value for data.0.user.ttp: value may not be null.","request_id":"202507041102370447761EBB64928B2E01"}

[2025-07-04 11:31:35] Response (400):
{"code":40002,"message":"Invalid value for data.0.user.ttp: value may not be null.","request_id":"2025070411313588C407AC428DBE92C63B"}

[2025-07-04 11:43:06] Response (400):
{"code":40002,"message":"Invalid value for data.0.user.ttp: value may not be null.","request_id":"202507041143062F91BCEDA479ED2DDD34"}

[2025-07-04 12:01:54] Response (400):
{"code":40002,"message":"Invalid value for data.0.user.ttp: value may not be null.","request_id":"202507041201531C5B2773D8B5DD8F725B"}

[2025-07-04 21:39:43] Response (400):
{"code":40002,"message":"Invalid value for data.0.user.ttp: value may not be null.","request_id":"202507042139420A2210022C57AA616AED"}

[2025-07-04 22:17:31] Response (400):
{"code":40002,"message":"Invalid value for data.0.user.ttp: value may not be null.","request_id":"202507042217316EA7E12A45A26CC2C075"}

[2025-07-05 09:18:48] Response (400):
{"code":40002,"message":"Invalid value for data.0.user.ttp: value may not be null.","request_id":"202507050918487F289BB1C94F437F5C1E"}

[2025-07-05 20:20:31] Response (400):
{"code":40002,"message":"Invalid value for data.0.user.ttp: value may not be null.","request_id":"202507052020316B214761785C27A718DC"}

[2025-07-06 07:15:48] Response (400):
{"code":40002,"message":"Invalid value for data.0.user.ttp: value may not be null.","request_id":"20250706071547A361204D7E3FED1B2632"}

[2025-07-06 18:16:36] Response (400):
{"code":40002,"message":"Invalid value for data.0.user.ttp: value may not be null.","request_id":"20250706181636865FAB782A6BDE376A2A"}

[2025-07-07 00:49:46] Response (400):
{"code":40002,"message":"Invalid value for data.0.user.ttp: value may not be null.","request_id":"20250707004946B78AA704ACF9BC174E79"}

[2025-07-07 04:18:54] Response (400):
{"code":40002,"message":"Invalid value for data.0.user.ttp: value may not be null.","request_id":"20250707041854364937EC42BAB1467D8C"}

[2025-07-07 14:26:29] Response (400):
{"code":40002,"message":"Invalid value for data.0.user.ttp: value may not be null.","request_id":"20250707142629D2DE6079FA9D8E3EBE28"}

[2025-07-08 01:15:14] Response (400):
{"code":40002,"message":"Invalid value for data.0.user.ttp: value may not be null.","request_id":"20250708011514299E3BAD33FAFB57050E"}

[2025-07-08 06:54:45] Response (400):
{"code":40002,"message":"Invalid value for data.0.user.ttp: value may not be null.","request_id":"20250708065445F7B8CF979D0D09B216E7"}

[2025-07-08 12:14:26] Response (400):
{"code":40002,"message":"Invalid value for data.0.user.ttp: value may not be null.","request_id":"20250708121426A0716E13676D759510C0"}

[2025-07-08 23:35:26] Response (400):
{"code":40002,"message":"Invalid value for data.0.user.ttp: value may not be null.","request_id":"20250708233526B0D39BECE95F2C477582"}

[2025-07-09 09:54:08] Response (400):
{"code":40002,"message":"Invalid value for data.0.user.ttp: value may not be null.","request_id":"202507090954075DE323512714C20494D0"}

[2025-07-09 10:14:46] Response (400):
{"code":40002,"message":"Invalid value for data.0.user.ttp: value may not be null.","request_id":"20250709101446C946577E6C4ABFCF05A8"}

[2025-07-09 20:16:05] Response (400):
{"code":40002,"message":"Invalid value for data.0.user.ttp: value may not be null.","request_id":"20250709201605DDCF955886373426B695"}

[2025-07-09 20:18:14] Response (400):
{"code":40002,"message":"Invalid value for data.0.user.ttp: value may not be null.","request_id":"202507092018137E8179D561342C2C7464"}

[2025-07-10 07:14:36] Response (400):
{"code":40002,"message":"Invalid value for data.0.user.ttp: value may not be null.","request_id":"20250710071436BAD189099BCAC927D648"}

[2025-07-10 18:15:39] Response (400):
{"code":40002,"message":"Invalid value for data.0.user.ttp: value may not be null.","request_id":"20250710181539C8D5BA26F4147E7C5FF6"}

[2025-07-10 23:34:54] Response (400):
{"code":40002,"message":"Invalid value for data.0.user.ttp: value may not be null.","request_id":"202507102334546671215E7CF27E831C2D"}

[2025-07-11 05:15:59] Response (400):
{"code":40002,"message":"Invalid value for data.0.user.ttp: value may not be null.","request_id":"20250711051559F36820BC4C76D9616166"}

[2025-07-11 16:15:30] Response (400):
{"code":40002,"message":"Invalid value for data.0.user.ttp: value may not be null.","request_id":"20250711161530DD7B2DD7249CBBC15CD7"}

[2025-07-12 03:13:44] Response (400):
{"code":40002,"message":"Invalid value for data.0.user.ttp: value may not be null.","request_id":"20250712031344FBFB28A3831BEF51167B"}

[2025-07-12 14:15:08] Response (400):
{"code":40002,"message":"Invalid value for data.0.user.ttp: value may not be null.","request_id":"20250712141508EBF57D85362E30F19A5A"}

[2025-07-13 01:14:47] Response (400):
{"code":40002,"message":"Invalid value for data.0.user.ttp: value may not be null.","request_id":"20250713011447A052B8D6F5D36AEEF048"}

[2025-07-13 12:20:55] Response (400):
{"code":40002,"message":"Invalid value for data.0.user.ttp: value may not be null.","request_id":"20250713122055E040F953FB47DD259094"}

[2025-07-13 23:24:52] Response (400):
{"code":40002,"message":"Invalid value for data.0.user.ttp: value may not be null.","request_id":"20250713232452DF207564F5E2B86F145D"}

[2025-07-13 23:45:29] Response (400):
{"code":40002,"message":"Invalid value for data.0.user.ttp: value may not be null.","request_id":"202507132345295B2AE658AA82B855B023"}

[2025-07-14 10:13:47] Response (400):
{"code":40002,"message":"Invalid value for data.0.user.ttp: value may not be null.","request_id":"2025071410134711C8F9A2FB57236CD8AC"}

[2025-07-14 11:21:09] Response (400):
{"code":40002,"message":"Invalid value for data.0.user.ttp: value may not be null.","request_id":"202507141121090E5FE1C67B0FAF8E0395"}

[2025-07-14 21:16:22] Response (400):
{"code":40002,"message":"Invalid value for data.0.user.ttp: value may not be null.","request_id":"20250714211621BED288329B5D4D5534C7"}

[2025-07-15 07:24:27] Response (400):
{"code":40002,"message":"Invalid value for data.0.user.ttp: value may not be null.","request_id":"20250715072427860BAF74EA4F62773350"}

[2025-07-15 17:08:57] Response (400):
{"code":40002,"message":"Invalid value for data.0.user.ttp: value may not be null.","request_id":"202507151708567599D514D0F75FF4B275"}

[2025-07-15 17:30:03] Response (400):
{"code":40002,"message":"Invalid value for data.0.user.ttp: value may not be null.","request_id":"20250715173002844A26CB80FE0BE45CBB"}

[2025-07-16 03:16:46] Response (400):
{"code":40002,"message":"Invalid value for data.0.user.ttp: value may not be null.","request_id":"20250716031646C0B4DC7E6A9ECA09B57B"}

[2025-07-16 14:14:17] Response (400):
{"code":40002,"message":"Invalid value for data.0.user.ttp: value may not be null.","request_id":"20250716141417ADA2DB1455732C28BEC5"}

[2025-07-17 00:23:49] Response (400):
{"code":40002,"message":"Invalid value for data.0.user.ttp: value may not be null.","request_id":"20250717002349272A650700F4C645F1AE"}

[2025-07-17 11:13:52] Response (400):
{"code":40002,"message":"Invalid value for data.0.user.ttp: value may not be null.","request_id":"2025071711135288072B217756E675CF84"}

[2025-07-17 22:15:45] Response (400):
{"code":40002,"message":"Invalid value for data.0.user.ttp: value may not be null.","request_id":"20250717221545625B6568D580B891D0F0"}

[2025-07-18 08:24:48] Response (400):
{"code":40002,"message":"Invalid value for data.0.user.ttp: value may not be null.","request_id":"20250718082448C814F91E2A8DD0075FEC"}

[2025-07-18 19:23:56] Response (400):
{"code":40002,"message":"Invalid value for data.0.user.ttp: value may not be null.","request_id":"20250718192356243D1BFB4DCA50E68034"}

[2025-07-19 06:13:45] Response (400):
{"code":40002,"message":"Invalid value for data.0.user.ttp: value may not be null.","request_id":"202507190613458A9BF208F240B20D5F27"}

[2025-07-19 13:13:37] Response (400):
{"code":40002,"message":"Invalid value for data.0.user.ttp: value may not be null.","request_id":"20250719131337BF0354FCA4768A02515B"}

[2025-07-19 17:15:38] Response (400):
{"code":40002,"message":"Invalid value for data.0.user.ttp: value may not be null.","request_id":"20250719171538529C1D176232D3405A90"}

[2025-07-20 01:24:50] Response (400):
{"code":40002,"message":"Invalid value for data.0.user.ttp: value may not be null.","request_id":"20250720012450B9B92764D1AA273FB550"}

[2025-07-20 04:15:59] Response (400):
{"code":40002,"message":"Invalid value for data.0.user.ttp: value may not be null.","request_id":"202507200415594742E619C9EC63319D3C"}

[2025-07-20 15:13:49] Response (400):
{"code":40002,"message":"Invalid value for data.0.user.ttp: value may not be null.","request_id":"20250720151349CF85EABBB5673B88D885"}

[2025-07-21 01:24:45] Response (400):
{"code":40002,"message":"Invalid value for data.0.user.ttp: value may not be null.","request_id":"20250721012445ADE82FCAFC3F59A49D59"}

[2025-07-21 12:21:16] Response (400):
{"code":40002,"message":"Invalid value for data.0.user.ttp: value may not be null.","request_id":"20250721122116A42A00B244DD6EA3F732"}

[2025-07-21 23:23:37] Response (400):
{"code":40002,"message":"Invalid value for data.0.user.ttp: value may not be null.","request_id":"20250721232337691A9721DC4664FC7E59"}

[2025-07-22 10:14:14] Response (400):
{"code":40002,"message":"Invalid value for data.0.user.ttp: value may not be null.","request_id":"20250722101414D7595359620D4BE36398"}

[2025-07-22 20:00:34] Response (200):
{"code": 0, "message": "OK", "request_id": "20250722200034222BE478E50D3DFF1184", "data": {}}

[2025-07-22 20:00:46] Response (200):
{"code": 0, "message": "OK", "request_id": "20250722200046335DF8FBD3D8D7418ADA", "data": {}}

[2025-07-22 20:00:51] Response (200):
{"code": 0, "message": "OK", "request_id": "202507222000512F42F81703C7F3F8F4AD", "data": {}}

[2025-07-22 20:01:34] Response (200):
{"code": 0, "message": "OK", "request_id": "20250722200133A9CDB5E208C326B87E77", "data": {}}

[2025-07-22 20:03:25] Response (200):
{"code": 0, "message": "OK", "request_id": "20250722200325BC2B16DF8A5AB943A1D3", "data": {}}

[2025-07-22 20:18:18] Response (200):
{"code": 0, "message": "OK", "request_id": "202507222018188D92C2B7D9B685BFC2C5", "data": {}}

[2025-07-23 07:20:55] Response (400):
{"code":40002,"message":"Invalid value for data.0.user.ttp: value may not be null.","request_id":"202507230720551BA31EFD6651FC768E11"}

[2025-07-23 18:16:29] Response (400):
{"code":40002,"message":"Invalid value for data.0.user.ttp: value may not be null.","request_id":"202507231816290FABA14C5D3FAC951B81"}

[2025-07-24 05:30:47] Response (400):
{"code":40002,"message":"Invalid value for data.0.user.ttp: value may not be null.","request_id":"20250724053047E63DA36257C3E877B255"}

[2025-07-24 18:44:59] Response (200):
{"code": 0, "message": "OK", "request_id": "20250724184459DBB45E62634CC8D1A9D8", "data": {}}

[2025-07-24 18:45:30] Response (400):
{"code":40002,"message":"Invalid value for data.0.user.ttp: value may not be null.","request_id":"202507241845308FF5747F13EE0F6B0B30"}

[2025-07-24 18:45:42] Response (400):
{"code":40002,"message":"Invalid value for data.0.user.ttp: value may not be null.","request_id":"202507241845422E779E47D26467A87366"}

[2025-07-24 18:46:00] Response (200):
{"code": 0, "message": "OK", "request_id": "20250724184600BADAED617F07F0DFA3C1", "data": {}}

[2025-07-24 18:46:35] Response (200):
{"code": 0, "message": "OK", "request_id": "20250724184635EDFBC0BE86CA839A6DAA", "data": {}}

[2025-07-24 18:46:58] Response (200):
{"code": 0, "message": "OK", "request_id": "20250724184658E994CBE5B0FC2291FB1D", "data": {}}

[2025-07-24 18:49:10] Response (400):
{"code":40002,"message":"Invalid value for data.0.user.ttp: value may not be null.","request_id":"20250724184910B3226C857A4BACE3435C"}

[2025-07-24 18:54:26] Response (200):
{"code": 0, "message": "OK", "request_id": "20250724185426A2B059FA1AB2990061B9", "data": {}}

[2025-07-24 18:58:08] Response (200):
{"code": 0, "message": "OK", "request_id": "202507241858089DBFA3DD53CFEDEBCA29", "data": {}}

[2025-07-24 18:58:23] Response (200):
{"code": 0, "message": "OK", "request_id": "202507241858224A4139CF3BDA75ED6105", "data": {}}

[2025-07-24 18:58:44] Response (200):
{"code": 0, "message": "OK", "request_id": "20250724185843A9308CAFEF9FCAEC3661", "data": {}}

[2025-07-24 19:01:28] Response (200):
{"code": 0, "message": "OK", "request_id": "20250724190128B01219A6B8728ADFBFF5", "data": {}}

[2025-07-24 19:01:35] Response (200):
{"code": 0, "message": "OK", "request_id": "202507241901340CD0F0B566E9C8E3A05C", "data": {}}

[2025-07-24 19:02:17] Response (400):
{"code":40002,"message":"Invalid value for data.0.user.ttp: value may not be null.","request_id":"202507241902171D58D5D51DF7FCA4AFA2"}

[2025-07-24 19:02:23] Response (400):
{"code":40002,"message":"Invalid value for data.0.user.ttp: value may not be null.","request_id":"20250724190223DC1730FC57C893EA4679"}

[2025-07-24 19:05:30] Response (200):
{"code": 0, "message": "OK", "request_id": "2025072419053049D9C0FF5C1251EF4FF0", "data": {}}

[2025-07-24 19:10:13] Response (400):
{"code":40002,"message":"Invalid value for data.0.user.ttp: value may not be null.","request_id":"2025072419101348406DB4902F11ECEAF3"}

[2025-07-24 19:11:47] Response (400):
{"code":40002,"message":"Invalid value for data.0.user.ttp: value may not be null.","request_id":"20250724191147400DDC7BA3332DF4EAB5"}

[2025-07-24 19:11:53] Response (400):
{"code":40002,"message":"Invalid value for data.0.user.ttp: value may not be null.","request_id":"202507241911534D87CF64DDFF53F00D43"}

[2025-07-24 19:12:41] Response (400):
{"code":40002,"message":"Invalid value for data.0.user.ttp: value may not be null.","request_id":"20250724191241FC21C7E3E052A4EE28B3"}

[2025-07-24 19:12:55] Response (400):
{"code":40002,"message":"Invalid value for data.0.user.ttp: value may not be null.","request_id":"20250724191255602C84C6AFF939B0E517"}

[2025-07-24 19:17:12] Response (400):
{"code":40002,"message":"Invalid value for data.0.user.ttp: value may not be null.","request_id":"20250724191712A5E33E10441FC7F9CC3D"}

[2025-07-24 19:17:18] Response (400):
{"code":40002,"message":"Invalid value for data.0.user.ttp: value may not be null.","request_id":"2025072419171820268D77087109E59B3D"}

[2025-07-24 19:17:21] Response (400):
{"code":40002,"message":"Invalid value for data.0.user.ttp: value may not be null.","request_id":"20250724191721DBAB4B62C2D028F163CB"}

[2025-07-24 19:17:47] Response (400):
{"code":40002,"message":"Invalid value for data.0.user.ttp: value may not be null.","request_id":"20250724191747F706719A81188AA5CB94"}

[2025-07-24 19:18:55] Response (400):
{"code":40002,"message":"Invalid value for data.0.user.ttp: value may not be null.","request_id":"2025072419185442FB832EA381BD9667C4"}

[2025-07-24 19:19:13] Response (400):
{"code":40002,"message":"Invalid value for data.0.user.ttp: value may not be null.","request_id":"20250724191913E4D0D8B1C157B6F24066"}

[2025-07-24 19:19:27] Response (400):
{"code":40002,"message":"Invalid value for data.0.user.ttp: value may not be null.","request_id":"2025072419192731C56153C611FDF9A760"}

[2025-07-24 19:19:33] Response (400):
{"code":40002,"message":"Invalid value for data.0.user.ttp: value may not be null.","request_id":"20250724191933F3D113376B1338ECAC86"}

[2025-07-24 19:19:40] Response (400):
{"code":40002,"message":"Invalid value for data.0.user.ttp: value may not be null.","request_id":"2025072419194088C17E5923C172AE880F"}

[2025-07-24 19:19:43] Response (400):
{"code":40002,"message":"Invalid value for data.0.user.ttp: value may not be null.","request_id":"202507241919438B2B059725F27F9D7117"}

[2025-07-24 19:20:36] Response (200):
{"code": 0, "message": "OK", "request_id": "20250724192036FFF3B393178533EB60CA", "data": {}}

[2025-07-24 19:20:40] Response (200):
{"code": 0, "message": "OK", "request_id": "202507241920407BC5928AED7F7BF3C073", "data": {}}

[2025-07-25 05:41:56] Response (400):
{"code":40002,"message":"Invalid value for data.0.user.ttp: value may not be null.","request_id":"202507250541561522ED178AF0362BF85B"}

[2025-07-25 15:47:38] Response (400):
{"code":40002,"message":"Invalid value for data.0.user.ttp: value may not be null.","request_id":"202507251547382047C5AD85261A332A3D"}

[2025-07-25 17:08:37] Response (200):
{"code": 0, "message": "OK", "request_id": "202507251708374AD59871357F60E87E81", "data": {}}

[2025-07-25 23:19:57] Response (400):
{"code":40002,"message":"Invalid value for data.0.user.ttp: value may not be null.","request_id":"202507252319575D80EE7A474D96675C29"}

[2025-07-26 02:41:37] Response (400):
{"code":40002,"message":"Invalid value for data.0.user.ttp: value may not be null.","request_id":"202507260241379616A419F074E11A1B7B"}

[2025-07-26 07:52:24] Response (400):
{"code":40002,"message":"Invalid value for data.0.user.ttp: value may not be null.","request_id":"20250726075224A62BDCD18ADADA86DF3A"}

[2025-07-26 13:38:57] Response (400):
{"code":40002,"message":"Invalid value for data.0.user.ttp: value may not be null.","request_id":"20250726133857116AF920E6DAF1BD1BF7"}

[2025-07-26 13:48:48] Response (400):
{"code":40002,"message":"Invalid value for data.0.user.ttp: value may not be null.","request_id":"20250726134848C2C2D72D1DC2803AC1F6"}

[2025-07-26 13:48:51] Response (400):
{"code":40002,"message":"Invalid value for data.0.user.ttp: value may not be null.","request_id":"202507261348512B006F2A852095545871"}

[2025-07-26 13:57:13] Response (200):
{"code": 0, "message": "OK", "request_id": "20250726135712421FF56CE8E13698D04E", "data": {}}

[2025-07-27 00:39:47] Response (400):
{"code":40002,"message":"Invalid value for data.0.user.ttp: value may not be null.","request_id":"20250727003947BC4FB0F728F92FD95CF9"}

[2025-07-27 06:34:24] Response (400):
{"code":40002,"message":"Invalid value for data.0.user.ttp: value may not be null.","request_id":"202507270634248240B52DB4AD5B5E1EDC"}

[2025-07-27 09:51:01] Response (400):
{"code":40002,"message":"Invalid value for data.0.user.ttp: value may not be null.","request_id":"2025072709510137402822F24A0CE0B9AF"}

[2025-07-27 16:41:33] Response (400):
{"code":40002,"message":"Invalid value for data.0.user.ttp: value may not be null.","request_id":"20250727164133A0582B19A496CBEB5D26"}

[2025-07-27 22:31:44] Response (400):
{"code":40002,"message":"Invalid value for data.0.user.ttp: value may not be null.","request_id":"202507272231444F5B1837ADD1430261E5"}

[2025-07-27 22:31:46] Response (400):
{"code":40002,"message":"Invalid value for data.0.user.ttp: value may not be null.","request_id":"20250727223146C71BF92E4D5EA64CF56B"}

[2025-07-27 22:31:46] Response (400):
{"code":40002,"message":"Invalid value for data.0.user.ttp: value may not be null.","request_id":"20250727223146536F973F14E973B1F3EB"}

[2025-07-28 02:57:45] Response (400):
{"code":40002,"message":"Invalid value for data.0.user.ttp: value may not be null.","request_id":"20250728025745409264D6D35BA9AE4BDC"}

[2025-07-28 08:39:12] Response (400):
{"code":40002,"message":"Invalid value for data.0.user.ttp: value may not be null.","request_id":"20250728083912CBBEF4DE0AB6E0C54FB8"}

[2025-07-28 08:39:13] Response (400):
{"code":40002,"message":"Invalid value for data.0.user.ttp: value may not be null.","request_id":"2025072808391388DEAE698B8F0F1BDD5B"}

[2025-07-28 08:39:14] Response (400):
{"code":40002,"message":"Invalid value for data.0.user.ttp: value may not be null.","request_id":"202507280839144D32A3C15BF1C22F84BB"}

[2025-07-28 09:39:43] Response (400):
{"code":40002,"message":"Invalid value for data.0.user.ttp: value may not be null.","request_id":"20250728093943C09554C1B9D7DED50C4A"}

[2025-07-28 12:39:24] Response (400):
{"code":40002,"message":"Invalid value for data.0.user.ttp: value may not be null.","request_id":"20250728123924C88B72F9EC2434D17FCF"}

[2025-07-28 17:38:59] Response (400):
{"code":40002,"message":"Invalid value for data.0.user.ttp: value may not be null.","request_id":"2025072817385935DC621B06936104E886"}

[2025-07-28 20:39:09] Response (400):
{"code":40002,"message":"Invalid value for data.0.user.ttp: value may not be null.","request_id":"202507282039097DDBED9F35610956885F"}

[2025-07-29 00:44:43] Response (400):
{"code":40002,"message":"Invalid value for data.0.user.ttp: value may not be null.","request_id":"2025072900444302E66304DE7E5AF3DA40"}

[2025-07-29 06:42:45] Response (400):
{"code":40002,"message":"Invalid value for data.0.user.ttp: value may not be null.","request_id":"20250729064245B83D5E0BF243DFBDA1BF"}

[2025-07-29 17:39:01] Response (400):
{"code":40002,"message":"Invalid value for data.0.user.ttp: value may not be null.","request_id":"20250729173901ABAFE095E7DA65BDE436"}

[2025-07-30 03:51:36] Response (400):
{"code":40002,"message":"Invalid value for data.0.user.ttp: value may not be null.","request_id":"2025073003513668CC5795C192C8CDF54E"}

[2025-07-30 14:41:21] Response (400):
{"code":40002,"message":"Invalid value for data.0.user.ttp: value may not be null.","request_id":"202507301441214B69FAEF115A10047D01"}

[2025-07-30 15:46:25] Response (400):
{"code":40002,"message":"Invalid value for data.0.user.ttp: value may not be null.","request_id":"20250730154625DAA4AE8604BE3064D7D6"}

[2025-07-31 01:41:38] Response (400):
{"code":40002,"message":"Invalid value for data.0.user.ttp: value may not be null.","request_id":"20250731014138BC1711B9109064AB3D6E"}

[2025-07-31 09:43:15] Response (400):
{"code":40002,"message":"Invalid value for data.0.user.ttp: value may not be null.","request_id":"202507310943155C6F559F9DA4FAE4701E"}

[2025-07-31 12:39:09] Response (400):
{"code":40002,"message":"Invalid value for data.0.user.ttp: value may not be null.","request_id":"202507311239096263BA1E2BC13CEEC0DD"}

[2025-07-31 17:28:26] Response (400):
{"code":40002,"message":"Invalid value for data.0.user.ttp: value may not be null.","request_id":"2025073117282643876FC8B87EB47BA450"}

[2025-07-31 17:38:45] Response (400):
{"code":40002,"message":"Invalid value for data.0.user.ttp: value may not be null.","request_id":"202507311738456BEFF118E03359DBA1DA"}

[2025-07-31 17:48:35] Response (400):
{"code":40002,"message":"Invalid value for data.0.user.ttp: value may not be null.","request_id":"202507311748352B6593BF8603067764A4"}

[2025-07-31 19:44:47] Response (200):
{"code": 0, "message": "OK", "request_id": "202507311944476B76D899BDC7B2A756D1", "data": {}}

[2025-07-31 19:50:29] Response (200):
{"code": 0, "message": "OK", "request_id": "20250731195029AE51F379E3F1958077D1", "data": {}}

[2025-07-31 19:51:25] Response (200):
{"code": 0, "message": "OK", "request_id": "2025073119512552ADAE350106348C0849", "data": {}}

[2025-08-01 02:50:47] Response (400):
{"code":40002,"message":"Invalid value for data.0.user.ttp: value may not be null.","request_id":"20250801025047B3CE7ED080BE508C6F47"}

[2025-08-01 19:07:35] Response (400):
{"code":40002,"message":"Invalid value for data.0.user.ttp: value may not be null.","request_id":"20250801190735E5A6FE962DCA2AD32191"}

[2025-08-02 05:35:24] Response (400):
{"code":40002,"message":"Invalid value for data.0.user.ttp: value may not be null.","request_id":"20250802053524E8C3AF9D8E22900DB62A"}

[2025-08-02 05:41:31] Response (400):
{"code":40002,"message":"Invalid value for data.0.user.ttp: value may not be null.","request_id":"20250802054131C127091C1927C701D373"}

[2025-08-02 16:47:04] Response (400):
{"code":40002,"message":"Invalid value for data.0.user.ttp: value may not be null.","request_id":"202508021647046BA9D4BF699AC84DA7FD"}

[2025-08-02 21:46:38] Response (400):
{"code":40002,"message":"Invalid value for data.0.user.ttp: value may not be null.","request_id":"20250802214638A5228D1323A760C220B1"}

[2025-08-02 22:55:31] Response (400):
{"code":40002,"message":"Invalid value for data.0.user.ttp: value may not be null.","request_id":"20250802225531701AD692D1B2E37A786E"}

[2025-08-02 22:55:31] Response (400):
{"code":40002,"message":"Invalid value for data.0.user.ttp: value may not be null.","request_id":"202508022255313C7A016B5AF050F362D0"}

[2025-08-02 22:55:34] Response (400):
{"code":40002,"message":"Invalid value for data.0.user.ttp: value may not be null.","request_id":"2025080222553492D6ED1969D5034DE42A"}

[2025-08-02 22:56:20] Response (400):
{"code":40002,"message":"Invalid value for data.0.user.ttp: value may not be null.","request_id":"202508022256205FF7D771BBFE9C6B7809"}

[2025-08-02 23:06:36] Response (400):
{"code":40002,"message":"Invalid value for data.0.user.ttp: value may not be null.","request_id":"20250802230636E125034F7FCA556267EF"}

[2025-08-02 23:12:42] Response (400):
{"code":40002,"message":"Invalid value for data.0.user.ttp: value may not be null.","request_id":"202508022312426E0CC523D39DA7D8C215"}

[2025-08-02 23:42:59] Response (200):
{"code": 0, "message": "OK", "request_id": "202508022342598DA1730587104C5167FC", "data": {}}

[2025-08-03 02:57:08] Response (400):
{"code":40002,"message":"Invalid value for data.0.user.ttp: value may not be null.","request_id":"20250803025708BAABE9739A9B6EDD76EA"}

[2025-08-03 07:51:30] Response (200):
{"code": 0, "message": "OK", "request_id": "20250803075130FB294CD7662F4282116D", "data": {}}

[2025-08-03 10:59:11] Response (200):
{"code": 0, "message": "OK", "request_id": "20250803105911E74842D60A6ABB8FBAAA", "data": {}}

[2025-08-03 10:59:14] Response (400):
{"code":40002,"message":"Invalid value for data.0.user.ttp: value may not be null.","request_id":"202508031059147000EEA8E4BAB6BD1A88"}

[2025-08-03 11:14:35] Response (400):
{"code":40002,"message":"Invalid value for data.0.user.ttp: value may not be null.","request_id":"20250803111435991D8BC535FD34AFBD5A"}

[2025-08-03 11:14:41] Response (400):
{"code":40002,"message":"Invalid value for data.0.user.ttp: value may not be null.","request_id":"20250803111440F925DF7E2D902092E2F2"}

[2025-08-03 11:17:35] Response (400):
{"code":40002,"message":"Invalid value for data.0.user.ttp: value may not be null.","request_id":"20250803111735D158FB012C4413F186AD"}

[2025-08-03 11:17:40] Response (400):
{"code":40002,"message":"Invalid value for data.0.user.ttp: value may not be null.","request_id":"20250803111740504562D93DB39C8EABC5"}

[2025-08-03 13:43:17] Response (400):
{"code":40002,"message":"Invalid value for data.0.user.ttp: value may not be null.","request_id":"20250803134316113D2FE514F08023F8DC"}

[2025-08-03 15:14:23] Response (400):
{"code":40002,"message":"Invalid value for data.0.user.ttp: value may not be null.","request_id":"20250803151423E36A554220F66A9B6A8A"}

[2025-08-03 15:14:29] Response (400):
{"code":40002,"message":"Invalid value for data.0.user.ttp: value may not be null.","request_id":"20250803151429C5D01BD28AEC0E18005A"}

[2025-08-03 15:15:41] Response (400):
{"code":40002,"message":"Invalid value for data.0.user.ttp: value may not be null.","request_id":"202508031515416606805A5F877B19D6BA"}

[2025-08-03 15:16:16] Response (400):
{"code":40002,"message":"Invalid value for data.0.user.ttp: value may not be null.","request_id":"2025080315161650D10E86E4CF7692D79B"}

[2025-08-03 15:16:17] Response (400):
{"code":40002,"message":"Invalid value for data.0.user.ttp: value may not be null.","request_id":"202508031516177E1AB8DB554259C2FC34"}

[2025-08-03 15:16:17] Response (400):
{"code":40002,"message":"Invalid value for data.0.user.ttp: value may not be null.","request_id":"202508031516171FDFCFA23CF1CABA76B8"}

[2025-08-03 15:16:21] Response (400):
{"code":40002,"message":"Invalid value for data.0.user.ttp: value may not be null.","request_id":"20250803151621F680CAB47BFA0B1B58F1"}

[2025-08-03 15:16:22] Response (400):
{"code":40002,"message":"Invalid value for data.0.user.ttp: value may not be null.","request_id":"20250803151621C12A1741DB349BA93367"}

[2025-08-03 15:16:26] Response (400):
{"code":40002,"message":"Invalid value for data.0.user.ttp: value may not be null.","request_id":"20250803151626CD81423B205A231ABBC4"}

[2025-08-03 15:17:32] Response (400):
{"code":40002,"message":"Invalid value for data.0.user.ttp: value may not be null.","request_id":"202508031517314437A6075DA1569C141B"}

[2025-08-03 15:18:21] Response (400):
{"code":40002,"message":"Invalid value for data.0.user.ttp: value may not be null.","request_id":"20250803151821249C0C85B0AC57FC3FFD"}

[2025-08-03 15:18:21] Response (400):
{"code":40002,"message":"Invalid value for data.0.user.ttp: value may not be null.","request_id":"20250803151821430756D997ED22A31C25"}

[2025-08-03 15:18:22] Response (400):
{"code":40002,"message":"Invalid value for data.0.user.ttp: value may not be null.","request_id":"202508031518227303BD2DC43169A8E616"}

[2025-08-03 15:18:24] Response (400):
{"code":40002,"message":"Invalid value for data.0.user.ttp: value may not be null.","request_id":"202508031518246E3616087F8DEEBC9DB5"}

[2025-08-03 15:18:45] Response (400):
{"code":40002,"message":"Invalid value for data.0.user.ttp: value may not be null.","request_id":"202508031518451F5741D29DBA1DA1142F"}

[2025-08-03 15:19:42] Response (400):
{"code":40002,"message":"Invalid value for data.0.user.ttp: value may not be null.","request_id":"202508031519422EE48090E52D9FFFF659"}

[2025-08-04 01:41:02] Response (400):
{"code":40002,"message":"Invalid value for data.0.user.ttp: value may not be null.","request_id":"20250804014102D1326AE0C2ED9B4A2532"}

[2025-08-04 11:56:54] Response (400):
{"code":40002,"message":"Invalid value for data.0.user.ttp: value may not be null.","request_id":"20250804115654E125034F7FCA55FE5D80"}

[2025-08-04 12:39:54] Response (400):
{"code":40002,"message":"Invalid value for data.0.user.ttp: value may not be null.","request_id":"20250804123954934D51414498EEF50858"}

[2025-08-04 14:52:50] Response (400):
{"code":40002,"message":"Invalid value for data.0.user.ttp: value may not be null.","request_id":"202508041452500B490DF92ECA07939CA4"}

[2025-08-04 23:39:04] Response (400):
{"code":40002,"message":"Invalid value for data.0.user.ttp: value may not be null.","request_id":"20250804233904E9BA557E0C0E37955266"}

[2025-08-05 09:39:16] Response (400):
{"code":40002,"message":"Invalid value for data.0.user.ttp: value may not be null.","request_id":"202508050939164EC7E0B54A4A8B97098B"}

[2025-08-05 18:56:14] Response (400):
{"code":40002,"message":"Invalid value for data.0.user.ttp: value may not be null.","request_id":"20250805185613C263469EB7CC05D724AC"}

[2025-08-05 18:59:51] Response (400):
{"code":40002,"message":"Invalid value for data.0.user.ttp: value may not be null.","request_id":"2025080518595021DC56FA6375167373F1"}

[2025-08-05 19:41:53] Response (400):
{"code":40002,"message":"Invalid value for data.0.user.ttp: value may not be null.","request_id":"2025080519415306413AE3C59ECA7DAF7E"}

[2025-08-05 20:13:18] Response (400):
{"code":40002,"message":"Invalid value for data.0.user.ttp: value may not be null.","request_id":"20250805201318DB706CE1496FBAE29F92"}

[2025-08-05 21:05:24] Response (400):
{"code":40002,"message":"Invalid value for data.0.user.ttp: value may not be null.","request_id":"20250805210523181C460DB5520F9477E2"}

[2025-08-05 21:18:22] Response (400):
{"code":40002,"message":"Invalid value for data.0.user.ttp: value may not be null.","request_id":"202508052118220CDAE7D97C5454AEC92B"}

[2025-08-05 21:47:08] Response (400):
{"code":40002,"message":"Invalid value for data.0.user.ttp: value may not be null.","request_id":"20250805214708C46E86B0566C9A8B9593"}

[2025-08-05 21:50:48] Response (400):
{"code":40002,"message":"Invalid value for data.0.user.ttp: value may not be null.","request_id":"202508052150484180B60F7B22B8A06E9D"}

[2025-08-05 22:10:50] Response (400):
{"code":40002,"message":"Invalid value for data.0.user.ttp: value may not be null.","request_id":"20250805221050C9CE8BAE7AD10411DC1F"}

[2025-08-06 07:37:39] Response (400):
{"code":40002,"message":"Invalid value for data.0.user.ttp: value may not be null.","request_id":"20250806073739789E843BD66DB40BBD30"}

[2025-08-06 07:39:56] Response (400):
{"code":40002,"message":"Invalid value for data.0.user.ttp: value may not be null.","request_id":"20250806073956A43239A033127DEF318F"}

[2025-08-06 07:42:39] Response (400):
{"code":40002,"message":"Invalid value for data.0.user.ttp: value may not be null.","request_id":"20250806074239CBA3A948C713B7019EC8"}

[2025-08-06 07:49:07] Response (400):
{"code":40002,"message":"Invalid value for data.0.user.ttp: value may not be null.","request_id":"202508060749068B2D63C1CE0ACDBFCC3B"}

[2025-08-06 07:50:24] Response (400):
{"code":40002,"message":"Invalid value for data.0.user.ttp: value may not be null.","request_id":"20250806075024F34B1F1D831FACFC59DD"}

[2025-08-06 07:55:33] Response (400):
{"code":40002,"message":"Invalid value for data.0.user.ttp: value may not be null.","request_id":"20250806075533B4B75EA1D25F2AAF8727"}

[2025-08-06 08:34:30] Response (400):
{"code":40002,"message":"Invalid value for data.0.user.ttp: value may not be null.","request_id":"20250806083430033B08082B8F42AC36C3"}

[2025-08-06 09:30:56] Response (400):
{"code":40002,"message":"Invalid value for data.0.user.ttp: value may not be null.","request_id":"202508060930562879BE0D99C8E0B721AC"}

[2025-08-06 09:36:32] Response (400):
{"code":40002,"message":"Invalid value for data.0.user.ttp: value may not be null.","request_id":"202508060936326B214761785C27C6298A"}

[2025-08-06 09:48:47] Response (400):
{"code":40002,"message":"Invalid value for data.0.user.ttp: value may not be null.","request_id":"20250806094847C3707E8EB2B1C6168BB3"}

[2025-08-06 10:26:33] Response (400):
{"code":40002,"message":"Invalid value for data.0.user.ttp: value may not be null.","request_id":"202508061026335815ADEB38D025C119E9"}

[2025-08-06 10:27:47] Response (400):
{"code":40002,"message":"Invalid value for data.0.user.ttp: value may not be null.","request_id":"2025080610274734BCB9E515927AE08BF7"}

[2025-08-06 10:58:23] Response (400):
{"code":40002,"message":"Invalid value for data.0.user.ttp: value may not be null.","request_id":"2025080610582306156876F5141E16FE5F"}

[2025-08-06 10:59:44] Response (400):
{"code":40002,"message":"Invalid value for data.0.user.ttp: value may not be null.","request_id":"20250806105944116336C76F320C62E38F"}

[2025-08-06 13:23:32] Response (400):
{"code":40002,"message":"Invalid value for data.0.user.ttp: value may not be null.","request_id":"2025080613233228EB829DDC69D5CA7D23"}

[2025-08-07 00:51:52] Response (200):
{"code": 0, "message": "OK", "request_id": "2025080700515279D2EE8CB7AE7F4AEBE2", "data": {}}

[2025-08-07 08:18:07] Response (400):
{"code":40002,"message":"Invalid value for data.0.user.ttp: value may not be null.","request_id":"20250807081806A38B1397FBD778154574"}

[2025-08-07 18:39:19] Response (400):
{"code":40002,"message":"Invalid value for data.0.user.ttp: value may not be null.","request_id":"20250807183919EA3D26F355B8420D7B20"}

[2025-08-08 04:43:12] Response (400):
{"code":40002,"message":"Invalid value for data.0.user.ttp: value may not be null.","request_id":"20250808044312FA471D7CD49EA589660C"}

[2025-08-08 12:24:33] Response (400):
{"code":40002,"message":"Invalid value for data.0.user.ttp: value may not be null.","request_id":"202508081224328660AF0671E1D595A2CA"}

[2025-08-08 22:38:48] Response (400):
{"code":40002,"message":"Invalid value for data.0.user.ttp: value may not be null.","request_id":"20250808223848A8D700EDA00CD2E21ADD"}

[2025-08-09 03:19:23] Response (400):
{"code":40002,"message":"Invalid value for data.0.user.ttp: value may not be null.","request_id":"20250809031923EC692293B0C284C92FD6"}

[2025-08-09 03:35:52] Response (400):
{"code":40002,"message":"Invalid value for data.0.user.ttp: value may not be null.","request_id":"2025080903355224B234C4900352D960BC"}

[2025-08-09 09:46:04] Response (400):
{"code":40002,"message":"Invalid value for data.0.user.ttp: value may not be null.","request_id":"202508090946047B46F3D0184C16324AD8"}

[2025-08-09 18:18:23] Response (200):
{"code": 0, "message": "OK", "request_id": "20250809181823262435A11273005FFAE4", "data": {}}

[2025-08-09 20:39:32] Response (400):
{"code":40002,"message":"Invalid value for data.0.user.ttp: value may not be null.","request_id":"20250809203932244972145F89763C37B4"}

[2025-08-10 06:41:47] Response (400):
{"code":40002,"message":"Invalid value for data.0.user.ttp: value may not be null.","request_id":"20250810064147BA46CE686D1256F3D55E"}

[2025-08-10 15:18:50] Response (400):
{"code":40002,"message":"Invalid value for data.0.user.ttp: value may not be null.","request_id":"20250810151849C536E6CC7B266B85DE79"}

[2025-08-10 16:47:50] Response (400):
{"code":40002,"message":"Invalid value for data.0.user.ttp: value may not be null.","request_id":"20250810164750F252686545FF929BB7C1"}

[2025-08-11 03:38:57] Response (400):
{"code":40002,"message":"Invalid value for data.0.user.ttp: value may not be null.","request_id":"202508110338572A4E0F4E55CCB0D4B9EA"}

[2025-08-11 14:48:58] Response (400):
{"code":40002,"message":"Invalid value for data.0.user.ttp: value may not be null.","request_id":"20250811144858B8487F40F21B5FFCD546"}

[2025-08-11 21:25:42] Response (200):
{"code": 0, "message": "OK", "request_id": "20250811212542DF0EF6BD29ADC61198B8", "data": {}}

[2025-08-11 21:25:49] Response (400):
{"code":40002,"message":"Invalid value for data.0.user.ttp: value may not be null.","request_id":"20250811212549C74C2E0EC84ADC0CE8ED"}

[2025-08-11 21:25:51] Response (400):
{"code":40002,"message":"Invalid value for data.0.user.ttp: value may not be null.","request_id":"20250811212551DDFEC4B4639CE505387B"}

[2025-08-11 21:25:51] Response (400):
{"code":40002,"message":"Invalid value for data.0.user.ttp: value may not be null.","request_id":"20250811212551A037B01116A6E435F4D9"}

[2025-08-12 01:46:34] Response (400):
{"code":40002,"message":"Invalid value for data.0.user.ttp: value may not be null.","request_id":"20250812014634110BD779E63B581A11E4"}

[2025-08-12 12:38:34] Response (400):
{"code":40002,"message":"Invalid value for data.0.user.ttp: value may not be null.","request_id":"202508121238342010BF4C87EB9D195A92"}

[2025-08-12 23:38:58] Response (400):
{"code":40002,"message":"Invalid value for data.0.user.ttp: value may not be null.","request_id":"20250812233857000E7AF2BDECD874B2C4"}

[2025-08-13 10:47:01] Response (400):
{"code":40002,"message":"Invalid value for data.0.user.ttp: value may not be null.","request_id":"202508131047013CA5D5B4AE1EA3993AAE"}

[2025-08-13 21:38:51] Response (400):
{"code":40002,"message":"Invalid value for data.0.user.ttp: value may not be null.","request_id":"202508132138519CAD2A189AAADCBC9363"}

[2025-08-14 07:41:00] Response (400):
{"code":40002,"message":"Invalid value for data.0.user.ttp: value may not be null.","request_id":"20250814074100E7EEEFFC4EFFCEFE64F4"}

[2025-08-14 07:57:10] Response (200):
{"code": 0, "message": "OK", "request_id": "2025081407571040A0013D0A5D370CE9A9", "data": {}}

[2025-08-14 18:46:38] Response (400):
{"code":40002,"message":"Invalid value for data.0.user.ttp: value may not be null.","request_id":"20250814184638A8367880E229AB2ABD46"}

[2025-08-15 05:41:06] Response (400):
{"code":40002,"message":"Invalid value for data.0.user.ttp: value may not be null.","request_id":"20250815054106A90C4BE866BCB76187A1"}

[2025-08-15 08:48:03] Response (400):
{"code":40002,"message":"Invalid value for data.0.user.ttp: value may not be null.","request_id":"202508150848034A9C5D5621002357FD33"}

[2025-08-15 09:14:48] Response (400):
{"code":40002,"message":"Invalid value for data.0.user.ttp: value may not be null.","request_id":"20250815091448DCC647A972501E4FFE0C"}

[2025-08-15 09:33:45] Response (400):
{"code":40002,"message":"Invalid value for data.0.user.ttp: value may not be null.","request_id":"20250815093345C6C4411B0B08D66DFEE0"}

[2025-08-15 10:51:43] Response (400):
{"code":40002,"message":"Invalid value for data.0.user.ttp: value may not be null.","request_id":"20250815105143674BBBC778D4B979BCE6"}

[2025-08-15 11:29:18] Response (400):
{"code":40002,"message":"Invalid value for data.0.user.ttp: value may not be null.","request_id":"20250815112918C036C48770B38488AF49"}

[2025-08-15 14:30:42] Response (200):
{"code": 0, "message": "OK", "request_id": "20250815143042709FBAA4BFA308A14EDD", "data": {}}

[2025-08-15 16:59:01] Response (200):
{"code": 0, "message": "OK", "request_id": "2025081516590111BA5D4E978E35A008EE", "data": {}}

[2025-08-15 19:32:41] Response (200):
{"code": 0, "message": "OK", "request_id": "20250815193240C635FF6BA2C3AB89BD1C", "data": {}}

[2025-08-15 19:33:45] Response (200):
{"code": 0, "message": "OK", "request_id": "2025081519334580CA70E68FD7299BFB82", "data": {}}

[2025-08-15 19:34:00] Response (200):
{"code": 0, "message": "OK", "request_id": "202508151934007E29E392068A6191A591", "data": {}}

[2025-08-16 08:10:43] Response (400):
{"code":40002,"message":"Invalid value for data.0.user.ttp: value may not be null.","request_id":"202508160810430825671E339D96B2E0D0"}

[2025-08-16 08:11:08] Response (400):
{"code":40002,"message":"Invalid value for data.0.user.ttp: value may not be null.","request_id":"20250816081108469DB2E29FD892A0EBEA"}

[2025-08-16 08:24:35] Response (400):
{"code":40002,"message":"Invalid value for data.0.user.ttp: value may not be null.","request_id":"20250816082435DF07CA263E1ED6D01D76"}

[2025-08-16 08:25:05] Response (400):
{"code":40002,"message":"Invalid value for data.0.user.ttp: value may not be null.","request_id":"20250816082505227B9F91509ED2C8B36D"}

[2025-08-16 08:25:23] Response (400):
{"code":40002,"message":"Invalid value for data.0.user.ttp: value may not be null.","request_id":"20250816082523A88EF251FA4C18ABF655"}

[2025-08-16 08:25:45] Response (400):
{"code":40002,"message":"Invalid value for data.0.user.ttp: value may not be null.","request_id":"2025081608254581F0BE9ED34CC7EA44F4"}

[2025-08-16 08:26:00] Response (400):
{"code":40002,"message":"Invalid value for data.0.user.ttp: value may not be null.","request_id":"2025081608260012BF94DCCCB471D58F6B"}

[2025-08-16 08:26:08] Response (400):
{"code":40002,"message":"Invalid value for data.0.user.ttp: value may not be null.","request_id":"20250816082608DF07CA263E1ED6D03CA3"}

[2025-08-16 08:26:16] Response (400):
{"code":40002,"message":"Invalid value for data.0.user.ttp: value may not be null.","request_id":"20250816082616C83CF361799E76DB1FEB"}

[2025-08-16 08:31:33] Response (400):
{"code":40002,"message":"Invalid value for data.0.user.ttp: value may not be null.","request_id":"20250816083133633654FB84CFF3C3E719"}

[2025-08-16 09:43:03] Response (200):
{"code": 0, "message": "OK", "request_id": "20250816094303D3FC852D3E5F6CE011B5", "data": {}}

[2025-08-16 16:48:35] Response (200):
{"code": 0, "message": "OK", "request_id": "20250816164835DB488D0E64C460D752BF", "data": {}}

[2025-08-16 16:48:38] Response (200):
{"code": 0, "message": "OK", "request_id": "202508161648383FBDB8AE05B7691D21F6", "data": {}}

[2025-08-16 19:29:36] Response (200):
{"code": 0, "message": "OK", "request_id": "20250816192935976FD46C453CF10DBA17", "data": {}}

[2025-08-16 19:32:10] Response (200):
{"code": 0, "message": "OK", "request_id": "2025081619321000E9E6BA3BDD7608FEED", "data": {}}

[2025-08-17 01:19:46] Response (400):
{"code":40002,"message":"Invalid value for data.0.user.ttp: value may not be null.","request_id":"202508170119462824015B374E1E1872ED"}

[2025-08-17 04:05:42] Response (400):
{"code":40002,"message":"Invalid value for data.0.user.ttp: value may not be null.","request_id":"20250817040542355B85DF42CA9FF5F676"}

[2025-08-17 04:15:22] Response (400):
{"code":40002,"message":"Invalid value for data.0.user.ttp: value may not be null.","request_id":"20250817041521D3E9E84619EB3D2E3577"}

[2025-08-17 04:15:30] Response (400):
{"code":40002,"message":"Invalid value for data.0.user.ttp: value may not be null.","request_id":"20250817041530424414293ED1C4073258"}

[2025-08-17 04:16:00] Response (400):
{"code":40002,"message":"Invalid value for data.0.user.ttp: value may not be null.","request_id":"20250817041600E002E545C7924E00F8E3"}

[2025-08-17 04:17:22] Response (400):
{"code":40002,"message":"Invalid value for data.0.user.ttp: value may not be null.","request_id":"20250817041722B0A5E3DE5B65102982E2"}

[2025-08-17 04:18:53] Response (400):
{"code":40002,"message":"Invalid value for data.0.user.ttp: value may not be null.","request_id":"202508170418530C7CB5067DBB1BFED7E5"}

[2025-08-17 04:21:13] Response (400):
{"code":40002,"message":"Invalid value for data.0.user.ttp: value may not be null.","request_id":"202508170421130037DA1A870102147773"}

[2025-08-17 04:22:07] Response (400):
{"code":40002,"message":"Invalid value for data.0.user.ttp: value may not be null.","request_id":"2025081704220730A99A4785221A23FBE0"}

[2025-08-17 11:38:41] Response (400):
{"code":40002,"message":"Invalid value for data.0.user.ttp: value may not be null.","request_id":"20250817113841F9102F72D9516D5B944C"}

[2025-08-17 14:20:05] Response (400):
{"code":40002,"message":"Invalid value for data.0.user.ttp: value may not be null.","request_id":"20250817142005F1CB7439EA302E2C2102"}

[2025-08-17 14:43:32] Response (400):
{"code":40002,"message":"Invalid value for data.0.user.ttp: value may not be null.","request_id":"20250817144332DD11B5176141644DF3CC"}

[2025-08-17 14:44:03] Response (400):
{"code":40002,"message":"Invalid value for data.0.user.ttp: value may not be null.","request_id":"20250817144403BB41B990FAC39136B833"}

[2025-08-17 14:44:05] Response (400):
{"code":40002,"message":"Invalid value for data.0.user.ttp: value may not be null.","request_id":"202508171444056E95C50196768C37A32E"}

[2025-08-17 14:44:06] Response (400):
{"code":40002,"message":"Invalid value for data.0.user.ttp: value may not be null.","request_id":"2025081714440675AB31DADC98CC4F0638"}

[2025-08-17 14:44:08] Response (400):
{"code":40002,"message":"Invalid value for data.0.user.ttp: value may not be null.","request_id":"20250817144408EC74390B3B9D4F4876D8"}

[2025-08-17 14:44:09] Response (400):
{"code":40002,"message":"Invalid value for data.0.user.ttp: value may not be null.","request_id":"2025081714440975AB31DADC98CC4F06F7"}

[2025-08-17 14:44:11] Response (400):
{"code":40002,"message":"Invalid value for data.0.user.ttp: value may not be null.","request_id":"202508171444118D82DC18E2C20F430F1C"}

[2025-08-17 14:44:13] Response (400):
{"code":40002,"message":"Invalid value for data.0.user.ttp: value may not be null.","request_id":"20250817144413B9B021F6D415A547A274"}

[2025-08-17 15:34:29] Response (400):
{"code":40002,"message":"Invalid value for data.0.user.ttp: value may not be null.","request_id":"202508171534295115617369177A5480D9"}

[2025-08-17 16:10:35] Response (400):
{"code":40002,"message":"Invalid value for data.0.user.ttp: value may not be null.","request_id":"20250817161035C2CE90883F5ABC417368"}

[2025-08-17 16:21:13] Response (400):
{"code":40002,"message":"Invalid value for data.0.user.ttp: value may not be null.","request_id":"2025081716211326736499F139443C6974"}

[2025-08-17 18:25:50] Response (400):
{"code":40002,"message":"Invalid value for data.0.user.ttp: value may not be null.","request_id":"2025081718255052FE116BA8D75365C4BF"}

[2025-08-17 19:39:43] Response (400):
{"code":40002,"message":"Invalid value for data.0.user.ttp: value may not be null.","request_id":"202508171939431EA8631708AAB65240E9"}

[2025-08-17 21:42:32] Response (400):
{"code":40002,"message":"Invalid value for data.0.user.ttp: value may not be null.","request_id":"202508172142326515E0582A6CAA6D114F"}

[2025-08-18 01:52:45] Response (400):
{"code":40002,"message":"Invalid value for data.0.user.ttp: value may not be null.","request_id":"2025081801524423AD4BBF0D46E98321CD"}

[2025-08-18 01:52:46] Response (400):
{"code":40002,"message":"Invalid value for data.0.user.ttp: value may not be null.","request_id":"202508180152466EE03F6C3FE0C7B733F7"}

[2025-08-18 01:52:47] Response (400):
{"code":40002,"message":"Invalid value for data.0.user.ttp: value may not be null.","request_id":"202508180152478FEBD260F6BA4D19A2D1"}

[2025-08-18 02:44:45] Response (400):
{"code":40002,"message":"Invalid value for data.0.user.ttp: value may not be null.","request_id":"20250818024445E0191CF5E80569814B2A"}

[2025-08-18 02:44:47] Response (400):
{"code":40002,"message":"Invalid value for data.0.user.ttp: value may not be null.","request_id":"2025081802444768F7772A57F321636A95"}

[2025-08-18 04:39:05] Response (400):
{"code":40002,"message":"Invalid value for data.0.user.ttp: value may not be null.","request_id":"20250818043905E5B15D2CCEA7E8AFD4DE"}

[2025-08-18 07:13:23] Response (400):
{"code":40002,"message":"Invalid value for data.0.user.ttp: value may not be null.","request_id":"20250818071323A7C72CAB9F386D69B135"}

[2025-08-18 08:38:50] Response (400):
{"code":40002,"message":"Invalid value for data.0.user.ttp: value may not be null.","request_id":"2025081808385031A7B1FE5443A67E89B5"}

[2025-08-18 08:51:52] Response (200):
{"code": 0, "message": "OK", "request_id": "2025081808515249B37DE50ED6C374C4FE", "data": {}}

[2025-08-18 12:39:03] Response (400):
{"code":40002,"message":"Invalid value for data.0.user.ttp: value may not be null.","request_id":"20250818123903FB77D08CC86F647BA017"}

[2025-08-18 12:39:06] Response (400):
{"code":40002,"message":"Invalid value for data.0.user.ttp: value may not be null.","request_id":"20250818123906DCC28668330E12A4B686"}

[2025-08-18 13:40:16] Response (400):
{"code":40002,"message":"Invalid value for data.0.user.ttp: value may not be null.","request_id":"20250818134016AAE3E9ACFDECEBB844CA"}

[2025-08-18 19:40:13] Response (400):
{"code":40002,"message":"Invalid value for data.0.user.ttp: value may not be null.","request_id":"20250818194013A8632725C6811D8F7B18"}

[2025-08-18 23:40:40] Response (400):
{"code":40002,"message":"Invalid value for data.0.user.ttp: value may not be null.","request_id":"20250818234040F0AAAC3A909EE7D47ED5"}

[2025-08-18 23:40:44] Response (400):
{"code":40002,"message":"Invalid value for data.0.user.ttp: value may not be null.","request_id":"20250818234044DD4A635AE627B8E97470"}

[2025-08-19 00:46:34] Response (400):
{"code":40002,"message":"Invalid value for data.0.user.ttp: value may not be null.","request_id":"20250819004634125BCBEE42D72EB5F0C2"}

[2025-08-19 03:18:38] Response (400):
{"code":40002,"message":"Invalid value for data.0.user.ttp: value may not be null.","request_id":"20250819031838260BA036A2DFA52E4094"}

[2025-08-19 03:36:13] Response (400):
{"code":40002,"message":"Invalid value for data.0.user.ttp: value may not be null.","request_id":"202508190336132934634F2D3DF421E151"}

[2025-08-19 03:39:24] Response (400):
{"code":40002,"message":"Invalid value for data.0.user.ttp: value may not be null.","request_id":"20250819033923F276F2752CA4AFE6E011"}

[2025-08-19 04:00:29] Response (400):
{"code":40002,"message":"Invalid value for data.0.user.ttp: value may not be null.","request_id":"202508190400297DE8BD17D0909CE6A9C4"}

[2025-08-19 04:45:28] Response (400):
{"code":40002,"message":"Invalid value for data.0.user.ttp: value may not be null.","request_id":"2025081904452742456762C73AD3EB4B43"}

[2025-08-19 05:13:35] Response (400):
{"code":40002,"message":"Invalid value for data.0.user.ttp: value may not be null.","request_id":"20250819051335C245696AC011BC1419C6"}

[2025-08-19 06:40:34] Response (400):
{"code":40002,"message":"Invalid value for data.0.user.ttp: value may not be null.","request_id":"20250819064034EBAD3B8150DE1CDE61C1"}

[2025-08-19 10:44:52] Response (400):
{"code":40002,"message":"Invalid value for data.0.user.ttp: value may not be null.","request_id":"2025081910445252032E7FF70850CA5649"}

[2025-08-19 10:44:54] Response (400):
{"code":40002,"message":"Invalid value for data.0.user.ttp: value may not be null.","request_id":"20250819104454F3CD8AC17040080B870A"}

[2025-08-19 11:49:35] Response (400):
{"code":40002,"message":"Invalid value for data.0.user.ttp: value may not be null.","request_id":"202508191149352C27EB5E74507111FF64"}

[2025-08-19 12:06:27] Response (400):
{"code":40002,"message":"Invalid value for data.0.user.ttp: value may not be null.","request_id":"20250819120627A81D91C550525D4ED7A4"}

[2025-08-19 12:57:22] Response (200):
{"code": 0, "message": "OK", "request_id": "202508191257227308276335A18316DC87", "data": {}}

[2025-08-19 13:19:36] Response (400):
{"code":40002,"message":"Invalid value for data.0.user.ttp: value may not be null.","request_id":"202508191319360B873C7ED18B3FF8297B"}

[2025-08-19 13:19:42] Response (400):
{"code":40002,"message":"Invalid value for data.0.user.ttp: value may not be null.","request_id":"20250819131942CB20BFE09868525669C5"}

[2025-08-19 13:46:44] Response (400):
{"code":40002,"message":"Invalid value for data.0.user.ttp: value may not be null.","request_id":"202508191346443D6F579DCFFAD118FC73"}

[2025-08-19 15:51:54] Response (400):
{"code":40002,"message":"Invalid value for data.0.user.ttp: value may not be null.","request_id":"2025081915515496FB2FBABF0BC5382925"}

[2025-08-19 22:40:13] Response (400):
{"code":40002,"message":"Invalid value for data.0.user.ttp: value may not be null.","request_id":"202508192240138ED3752BF902102BC5A4"}

[2025-08-20 00:00:12] Response (400):
{"code":40002,"message":"Invalid value for data.0.user.ttp: value may not be null.","request_id":"20250820000012C2BA086F6CB2CE0AED4C"}

[2025-08-20 00:20:08] Response (400):
{"code":40002,"message":"Invalid value for data.0.user.ttp: value may not be null.","request_id":"2025082000200842FE8BC055B5F0588F5D"}

[2025-08-20 00:51:29] Response (400):
{"code":40002,"message":"Invalid value for data.0.user.ttp: value may not be null.","request_id":"202508200051290469B84186F10F06F69B"}

[2025-08-20 00:56:18] Response (400):
{"code":40002,"message":"Invalid value for data.0.user.ttp: value may not be null.","request_id":"202508200056185115617369177A4CA7F6"}

[2025-08-20 01:33:39] Response (400):
{"code":40002,"message":"Invalid value for data.0.user.ttp: value may not be null.","request_id":"2025082001333975303ED2C91D5B1ACE70"}

[2025-08-20 01:46:14] Response (400):
{"code":40002,"message":"Invalid value for data.0.user.ttp: value may not be null.","request_id":"202508200146146BE9E7CFE308552306F9"}

[2025-08-20 09:45:52] Response (400):
{"code":40002,"message":"Invalid value for data.0.user.ttp: value may not be null.","request_id":"20250820094552B06A1AD37591794A02BB"}

[2025-08-20 10:57:51] Response (400):
{"code":40002,"message":"Invalid value for data.0.user.ttp: value may not be null.","request_id":"202508201057515378C7921ADCD189A965"}

[2025-08-20 10:58:17] Response (400):
{"code":40002,"message":"Invalid value for data.0.user.ttp: value may not be null.","request_id":"202508201058177FC1BC9585F9A694FDD8"}

[2025-08-20 10:58:18] Response (400):
{"code":40002,"message":"Invalid value for data.0.user.ttp: value may not be null.","request_id":"202508201058186F41361A7596207087E6"}

[2025-08-20 11:46:02] Response (400):
{"code":40002,"message":"Invalid value for data.0.user.ttp: value may not be null.","request_id":"20250820114602C8FCD4311A56D67560FB"}

[2025-08-20 11:46:05] Response (400):
{"code":40002,"message":"Invalid value for data.0.user.ttp: value may not be null.","request_id":"202508201146059C44C6AAAD7FED843CE3"}

[2025-08-20 11:49:58] Response (400):
{"code":40002,"message":"Invalid value for data.0.user.ttp: value may not be null.","request_id":"202508201149580842BF16BCE52E819113"}

[2025-08-20 12:40:30] Response (400):
{"code":40002,"message":"Invalid value for data.0.user.ttp: value may not be null.","request_id":"20250820124030903B3B8DEF0E7B9C8B7B"}

[2025-08-20 20:39:53] Response (400):
{"code":40002,"message":"Invalid value for data.0.user.ttp: value may not be null.","request_id":"20250820203953FF8F864D8C1BE09B52AC"}

[2025-08-20 21:48:06] Response (400):
{"code":40002,"message":"Invalid value for data.0.user.ttp: value may not be null.","request_id":"20250820214806D36C559033A6AF62D846"}

[2025-08-20 21:48:10] Response (400):
{"code":40002,"message":"Invalid value for data.0.user.ttp: value may not be null.","request_id":"20250820214810BED427F35DA7EE3FC8AF"}

[2025-08-20 21:48:13] Response (400):
{"code":40002,"message":"Invalid value for data.0.user.ttp: value may not be null.","request_id":"202508202148130EDD27296A5136E9DAC0"}

[2025-08-20 22:50:36] Response (400):
{"code":40002,"message":"Invalid value for data.0.user.ttp: value may not be null.","request_id":"20250820225036D4991E62B4BB56CC6614"}

[2025-08-20 22:50:38] Response (400):
{"code":40002,"message":"Invalid value for data.0.user.ttp: value may not be null.","request_id":"20250820225037D1839BC99B0333B33722"}

[2025-08-20 23:01:26] Response (400):
{"code":40002,"message":"Invalid value for data.0.user.ttp: value may not be null.","request_id":"2025082023012658355CB47F3EEDC6688E"}

[2025-08-20 23:41:58] Response (400):
{"code":40002,"message":"Invalid value for data.0.user.ttp: value may not be null.","request_id":"20250820234158AA87E6F4258D2376AE5D"}

[2025-08-21 06:42:45] Response (400):
{"code":40002,"message":"Invalid value for data.0.user.ttp: value may not be null.","request_id":"20250821064245A151C13511F85480EF4D"}

[2025-08-21 08:40:12] Response (400):
{"code":40002,"message":"Invalid value for data.0.user.ttp: value may not be null.","request_id":"20250821084011CC22305622204AFC74AA"}

[2025-08-21 08:56:56] Response (400):
{"code":40002,"message":"Invalid value for data.0.user.ttp: value may not be null.","request_id":"202508210856567EB4F628E3BFD89002CF"}

[2025-08-21 08:56:57] Response (400):
{"code":40002,"message":"Invalid value for data.0.user.ttp: value may not be null.","request_id":"2025082108565708C05F9F4B7A93C6AA8D"}

[2025-08-21 09:47:45] Response (400):
{"code":40002,"message":"Invalid value for data.0.user.ttp: value may not be null.","request_id":"20250821094745E9CFFBBD1F2C8C2B1F44"}

[2025-08-21 09:50:36] Response (400):
{"code":40002,"message":"Invalid value for data.0.user.ttp: value may not be null.","request_id":"20250821095036592699131ECEC50B8CD2"}

[2025-08-21 09:56:20] Response (400):
{"code":40002,"message":"Invalid value for data.0.user.ttp: value may not be null.","request_id":"202508210956203A6025E4BE6763CF0581"}

[2025-08-21 10:42:31] Response (400):
{"code":40002,"message":"Invalid value for data.0.user.ttp: value may not be null.","request_id":"20250821104231844E0F2F0951778AEB6D"}

[2025-08-21 17:40:07] Response (400):
{"code":40002,"message":"Invalid value for data.0.user.ttp: value may not be null.","request_id":"20250821174007BE07FCD22BB15EB4A127"}

[2025-08-21 20:06:50] Response (400):
{"code":40002,"message":"Invalid value for data.0.user.ttp: value may not be null.","request_id":"2025082120065098C850DE4FFC70B09322"}

[2025-08-21 20:06:54] Response (400):
{"code":40002,"message":"Invalid value for data.0.user.ttp: value may not be null.","request_id":"20250821200654D3456582D8FD74308393"}

[2025-08-21 20:06:57] Response (400):
{"code":40002,"message":"Invalid value for data.0.user.ttp: value may not be null.","request_id":"202508212006571E87F97C77788D38D24F"}

[2025-08-21 20:53:59] Response (400):
{"code":40002,"message":"Invalid value for data.0.user.ttp: value may not be null.","request_id":"2025082120535929A267E3CF3168465C72"}

[2025-08-21 20:54:00] Response (400):
{"code":40002,"message":"Invalid value for data.0.user.ttp: value may not be null.","request_id":"20250821205400D51150ACFE7B80FF4361"}

[2025-08-21 21:00:46] Response (400):
{"code":40002,"message":"Invalid value for data.0.user.ttp: value may not be null.","request_id":"202508212100469FC58C350D723F22FA47"}

[2025-08-21 21:08:41] Response (400):
{"code":40002,"message":"Invalid value for data.0.user.ttp: value may not be null.","request_id":"20250821210841E607522C3DE462047C29"}

[2025-08-22 04:03:05] Response (400):
{"code":40002,"message":"Invalid value for data.0.user.ttp: value may not be null.","request_id":"2025082204030594AEFAA0B33C0149C3A6"}

[2025-08-22 06:50:07] Response (400):
{"code":40002,"message":"Invalid value for data.0.user.ttp: value may not be null.","request_id":"20250822065007B8767070887308DDB805"}

[2025-08-22 06:55:42] Response (400):
{"code":40002,"message":"Invalid value for data.0.user.ttp: value may not be null.","request_id":"20250822065542AA56420B16B9313240E4"}

[2025-08-22 06:55:45] Response (400):
{"code":40002,"message":"Invalid value for data.0.user.ttp: value may not be null.","request_id":"20250822065545B42697B9BBC9E721AF8E"}

[2025-08-22 07:42:49] Response (400):
{"code":40002,"message":"Invalid value for data.0.user.ttp: value may not be null.","request_id":"2025082207424925EC5DE6C0A4F26DEB69"}

[2025-08-22 07:42:50] Response (400):
{"code":40002,"message":"Invalid value for data.0.user.ttp: value may not be null.","request_id":"20250822074250907D9F499E8805F0F6A8"}

[2025-08-22 07:42:54] Response (400):
{"code":40002,"message":"Invalid value for data.0.user.ttp: value may not be null.","request_id":"2025082207425483C3EFB09C4CD83F841B"}

[2025-08-22 07:56:59] Response (400):
{"code":40002,"message":"Invalid value for data.0.user.ttp: value may not be null.","request_id":"20250822075659264BC15CE2084D333C8B"}

[2025-08-22 14:47:59] Response (400):
{"code":40002,"message":"Invalid value for data.0.user.ttp: value may not be null.","request_id":"20250822144759F90CEF858D283874EC75"}

[2025-08-22 17:43:05] Response (400):
{"code":40002,"message":"Invalid value for data.0.user.ttp: value may not be null.","request_id":"20250822174305961DF35EC6A2F513BCE8"}

[2025-08-22 17:44:21] Response (400):
{"code":40002,"message":"Invalid value for data.0.user.ttp: value may not be null.","request_id":"20250822174421492DD377469652703BE0"}

[2025-08-22 17:44:24] Response (400):
{"code":40002,"message":"Invalid value for data.0.user.ttp: value may not be null.","request_id":"202508221744245A16AC6E5E8E2B68231F"}

[2025-08-22 18:40:14] Response (400):
{"code":40002,"message":"Invalid value for data.0.user.ttp: value may not be null.","request_id":"2025082218401423B105F42676EF8A1494"}

[2025-08-22 18:40:17] Response (400):
{"code":40002,"message":"Invalid value for data.0.user.ttp: value may not be null.","request_id":"20250822184017624F18B1793B5D74D025"}

[2025-08-22 18:40:48] Response (400):
{"code":40002,"message":"Invalid value for data.0.user.ttp: value may not be null.","request_id":"20250822184048239D884C4A987311690C"}

[2025-08-22 18:43:03] Response (400):
{"code":40002,"message":"Invalid value for data.0.user.ttp: value may not be null.","request_id":"202508221843023838169499D51E63A906"}

[2025-08-23 01:51:57] Response (400):
{"code":40002,"message":"Invalid value for data.0.user.ttp: value may not be null.","request_id":"2025082301515705C065571A091190A2B8"}

[2025-08-23 04:49:47] Response (400):
{"code":40002,"message":"Invalid value for data.0.user.ttp: value may not be null.","request_id":"20250823044947355C917D7573DE8A992D"}

[2025-08-23 04:49:54] Response (400):
{"code":40002,"message":"Invalid value for data.0.user.ttp: value may not be null.","request_id":"2025082304495408BE63C71E76C5B48640"}

[2025-08-23 04:49:56] Response (400):
{"code":40002,"message":"Invalid value for data.0.user.ttp: value may not be null.","request_id":"20250823044956BCFE8B317C48178BD652"}

[2025-08-23 05:35:02] Response (400):
{"code":40002,"message":"Invalid value for data.0.user.ttp: value may not be null.","request_id":"2025082305350299809B6C26F291E62D8C"}

[2025-08-23 05:46:54] Response (400):
{"code":40002,"message":"Invalid value for data.0.user.ttp: value may not be null.","request_id":"2025082305465431BFA6C7CC1915BA02C7"}

[2025-08-23 05:46:56] Response (400):
{"code":40002,"message":"Invalid value for data.0.user.ttp: value may not be null.","request_id":"2025082305465650289EBFEB1EFB130213"}

[2025-08-23 05:47:01] Response (400):
{"code":40002,"message":"Invalid value for data.0.user.ttp: value may not be null.","request_id":"20250823054701D746A3782E44C8985B6B"}

[2025-08-23 05:49:26] Response (400):
{"code":40002,"message":"Invalid value for data.0.user.ttp: value may not be null.","request_id":"202508230549266539EC13A3A6D695C096"}

[2025-08-23 11:32:30] Response (200):
{"code": 0, "message": "OK", "request_id": "20250823113230AD34A18BB7CBBAA65AAE", "data": {}}

[2025-08-23 11:34:37] Response (200):
{"code": 0, "message": "OK", "request_id": "20250823113437359A1BF284ABBF39C7DE", "data": {}}

[2025-08-23 12:46:22] Response (400):
{"code":40002,"message":"Invalid value for data.0.user.ttp: value may not be null.","request_id":"20250823124622E9636E90484615A97846"}

[2025-08-23 15:48:20] Response (400):
{"code":40002,"message":"Invalid value for data.0.user.ttp: value may not be null.","request_id":"20250823154820799AB1F8D6FEEDB0F617"}

[2025-08-23 15:48:24] Response (400):
{"code":40002,"message":"Invalid value for data.0.user.ttp: value may not be null.","request_id":"202508231548249DFF0D3C4BA49BC98C7F"}

[2025-08-23 15:48:27] Response (400):
{"code":40002,"message":"Invalid value for data.0.user.ttp: value may not be null.","request_id":"202508231548276C19ADAEAA8089F4A6F1"}

[2025-08-23 16:47:35] Response (400):
{"code":40002,"message":"Invalid value for data.0.user.ttp: value may not be null.","request_id":"20250823164735EEA9E0ACE9305F2FE0AA"}

[2025-08-23 16:47:36] Response (400):
{"code":40002,"message":"Invalid value for data.0.user.ttp: value may not be null.","request_id":"202508231647369E18C025C615D5754878"}

[2025-08-23 16:47:42] Response (400):
{"code":40002,"message":"Invalid value for data.0.user.ttp: value may not be null.","request_id":"202508231647426EE81F22B0C0D3CA67B6"}

[2025-08-23 16:55:57] Response (400):
{"code":40002,"message":"Invalid value for data.0.user.ttp: value may not be null.","request_id":"20250823165557DE20AC456B35CAECA354"}

[2025-08-23 20:49:10] Response (400):
{"code":40002,"message":"Invalid value for data.0.user.ttp: value may not be null.","request_id":"20250823204910244972145F8976CD7858"}

[2025-08-23 23:50:32] Response (400):
{"code":40002,"message":"Invalid value for data.0.user.ttp: value may not be null.","request_id":"2025082323503228224C0FA7A8A60EDBE5"}

[2025-08-24 02:43:09] Response (400):
{"code":40002,"message":"Invalid value for data.0.user.ttp: value may not be null.","request_id":"202508240243094FF2221197D41EEBE09E"}

[2025-08-24 02:44:04] Response (400):
{"code":40002,"message":"Invalid value for data.0.user.ttp: value may not be null.","request_id":"202508240244046F2E4E36678C9BC5ABC9"}

[2025-08-24 02:44:08] Response (400):
{"code":40002,"message":"Invalid value for data.0.user.ttp: value may not be null.","request_id":"20250824024407250681D0F59B65998394"}

[2025-08-24 03:40:12] Response (400):
{"code":40002,"message":"Invalid value for data.0.user.ttp: value may not be null.","request_id":"20250824034012D2C544C3C4849235792B"}

[2025-08-24 03:44:23] Response (400):
{"code":40002,"message":"Invalid value for data.0.user.ttp: value may not be null.","request_id":"20250824034423ED351C8D7C61089E2A20"}

[2025-08-24 03:44:27] Response (400):
{"code":40002,"message":"Invalid value for data.0.user.ttp: value may not be null.","request_id":"202508240344271F9CB28F444F6FF3EF86"}

[2025-08-24 03:48:26] Response (400):
{"code":40002,"message":"Invalid value for data.0.user.ttp: value may not be null.","request_id":"202508240348267F4055EFD9F862A4A310"}

[2025-08-24 10:43:11] Response (400):
{"code":40002,"message":"Invalid value for data.0.user.ttp: value may not be null.","request_id":"20250824104311A2951B84BCEA930B19CE"}

[2025-08-24 13:04:35] Response (400):
{"code":40002,"message":"Invalid value for data.0.user.ttp: value may not be null.","request_id":"202508241304354E164DB8F9E2F912BC56"}

[2025-08-24 13:41:02] Response (400):
{"code":40002,"message":"Invalid value for data.0.user.ttp: value may not be null.","request_id":"202508241341024E940E9745B46B441266"}

[2025-08-24 13:41:05] Response (400):
{"code":40002,"message":"Invalid value for data.0.user.ttp: value may not be null.","request_id":"202508241341057BE262FA4418463F9775"}

[2025-08-24 14:40:25] Response (400):
{"code":40002,"message":"Invalid value for data.0.user.ttp: value may not be null.","request_id":"2025082414402546A173AF240367395979"}

[2025-08-24 14:44:51] Response (400):
{"code":40002,"message":"Invalid value for data.0.user.ttp: value may not be null.","request_id":"202508241444518E77C40BFB0C2B28A865"}

[2025-08-24 14:45:48] Response (400):
{"code":40002,"message":"Invalid value for data.0.user.ttp: value may not be null.","request_id":"202508241445483CAD19FB69B60A13371A"}

[2025-08-24 14:47:40] Response (400):
{"code":40002,"message":"Invalid value for data.0.user.ttp: value may not be null.","request_id":"2025082414474027123BDD3BE504D1E183"}

[2025-08-24 21:43:26] Response (400):
{"code":40002,"message":"Invalid value for data.0.user.ttp: value may not be null.","request_id":"2025082421432650F6194A8053D0F14473"}

[2025-08-24 23:00:29] Response (400):
{"code":40002,"message":"Invalid value for data.0.user.ttp: value may not be null.","request_id":"20250824230029B84B74795E6CEB140AA8"}

[2025-08-25 00:07:31] Response (400):
{"code":40002,"message":"Invalid value for data.0.user.ttp: value may not be null.","request_id":"202508250007312C968F08F2C7613BFFED"}

[2025-08-25 00:45:25] Response (400):
{"code":40002,"message":"Invalid value for data.0.user.ttp: value may not be null.","request_id":"202508250045250569E8F789476735C1D0"}

[2025-08-25 00:45:30] Response (400):
{"code":40002,"message":"Invalid value for data.0.user.ttp: value may not be null.","request_id":"202508250045302CA23F5F6C11A256E5EC"}

[2025-08-25 01:41:37] Response (400):
{"code":40002,"message":"Invalid value for data.0.user.ttp: value may not be null.","request_id":"20250825014137CB30D5DEF288DB386A55"}

[2025-08-25 01:41:39] Response (400):
{"code":40002,"message":"Invalid value for data.0.user.ttp: value may not be null.","request_id":"202508250141391A61730511730B605C05"}

[2025-08-25 01:41:45] Response (400):
{"code":40002,"message":"Invalid value for data.0.user.ttp: value may not be null.","request_id":"202508250141459644A375353A0EDDC130"}

[2025-08-25 01:43:59] Response (400):
{"code":40002,"message":"Invalid value for data.0.user.ttp: value may not be null.","request_id":"2025082501435981F0BE9ED34CC7A5CBC3"}

[2025-08-25 08:41:28] Response (400):
{"code":40002,"message":"Invalid value for data.0.user.ttp: value may not be null.","request_id":"20250825084128B13A8D2C78B2EA3D4009"}

[2025-08-25 11:07:06] Response (400):
{"code":40002,"message":"Invalid value for data.0.user.ttp: value may not be null.","request_id":"20250825110706F2254EBADD48D3FFBAAB"}

[2025-08-25 11:45:57] Response (400):
{"code":40002,"message":"Invalid value for data.0.user.ttp: value may not be null.","request_id":"20250825114557FCA14A9C5143FE18E8E3"}

[2025-08-25 11:46:02] Response (400):
{"code":40002,"message":"Invalid value for data.0.user.ttp: value may not be null.","request_id":"20250825114602E03B18D1CC0034917961"}

[2025-08-25 12:48:31] Response (400):
{"code":40002,"message":"Invalid value for data.0.user.ttp: value may not be null.","request_id":"202508251248313F26C17D3884DBB8E818"}

[2025-08-25 12:48:33] Response (400):
{"code":40002,"message":"Invalid value for data.0.user.ttp: value may not be null.","request_id":"202508251248337748483190DF81358DD0"}

[2025-08-25 12:48:38] Response (400):
{"code":40002,"message":"Invalid value for data.0.user.ttp: value may not be null.","request_id":"202508251248389A6CF55B96D09D70A41F"}

[2025-08-25 12:50:35] Response (400):
{"code":40002,"message":"Invalid value for data.0.user.ttp: value may not be null.","request_id":"202508251250350492C1555E41D4A6721B"}

[2025-08-25 19:49:32] Response (400):
{"code":40002,"message":"Invalid value for data.0.user.ttp: value may not be null.","request_id":"202508251949326B84A51A7F09A537C08A"}

[2025-08-25 21:55:12] Response (400):
{"code":40002,"message":"Invalid value for data.0.user.ttp: value may not be null.","request_id":"20250825215512B978FB0ACAD7D84E3651"}

[2025-08-25 23:04:54] Response (400):
{"code":40002,"message":"Invalid value for data.0.user.ttp: value may not be null.","request_id":"2025082523045493F228765E689F6C1E49"}

[2025-08-25 23:04:57] Response (400):
{"code":40002,"message":"Invalid value for data.0.user.ttp: value may not be null.","request_id":"20250825230457B26F26275195D4A9E5BF"}

[2025-08-25 23:43:59] Response (400):
{"code":40002,"message":"Invalid value for data.0.user.ttp: value may not be null.","request_id":"20250825234359088793162BA4950B0642"}

[2025-08-25 23:44:01] Response (400):
{"code":40002,"message":"Invalid value for data.0.user.ttp: value may not be null.","request_id":"202508252344018202482469D0DAC7D19D"}

[2025-08-25 23:44:05] Response (400):
{"code":40002,"message":"Invalid value for data.0.user.ttp: value may not be null.","request_id":"20250825234405E71A64D61CEE53EB1AF6"}

[2025-08-25 23:46:57] Response (400):
{"code":40002,"message":"Invalid value for data.0.user.ttp: value may not be null.","request_id":"20250825234657A0B2950E2422B128EFDC"}

[2025-08-26 06:46:10] Response (400):
{"code":40002,"message":"Invalid value for data.0.user.ttp: value may not be null.","request_id":"202508260646106F52405B45D7FF01CEFE"}

[2025-08-26 08:57:19] Response (400):
{"code":40002,"message":"Invalid value for data.0.user.ttp: value may not be null.","request_id":"20250826085719CFA36A5BF93AC7859211"}

[2025-08-26 09:43:25] Response (400):
{"code":40002,"message":"Invalid value for data.0.user.ttp: value may not be null.","request_id":"20250826094325CE18A21A62F116D92C8C"}

[2025-08-26 09:50:13] Response (400):
{"code":40002,"message":"Invalid value for data.0.user.ttp: value may not be null.","request_id":"202508260950131265A84BE2E2B28CA554"}

[2025-08-26 10:43:19] Response (400):
{"code":40002,"message":"Invalid value for data.0.user.ttp: value may not be null.","request_id":"20250826104319E3D5D5BCE50611EE9F74"}

[2025-08-26 10:43:19] Response (400):
{"code":40002,"message":"Invalid value for data.0.user.ttp: value may not be null.","request_id":"202508261043196938BEB183BD3DD955BA"}

[2025-08-26 10:43:25] Response (400):
{"code":40002,"message":"Invalid value for data.0.user.ttp: value may not be null.","request_id":"20250826104325E32F8F870D1275E905A6"}

[2025-08-26 10:45:47] Response (400):
{"code":40002,"message":"Invalid value for data.0.user.ttp: value may not be null.","request_id":"20250826104547DCA7DDAE71D3A2DFF052"}

[2025-08-26 17:25:04] Response (400):
{"code":40002,"message":"Invalid value for data.0.user.ttp: value may not be null.","request_id":"20250826172504924AAECF3319FBF3F187"}

[2025-08-26 17:46:19] Response (400):
{"code":40002,"message":"Invalid value for data.0.user.ttp: value may not be null.","request_id":"20250826174619CE523233204D6DF47C60"}

[2025-08-26 19:21:33] Response (400):
{"code":40002,"message":"Invalid value for data.0.user.ttp: value may not be null.","request_id":"20250826192133D7C05DE06152D90B744A"}

[2025-08-26 19:23:40] Response (400):
{"code":40002,"message":"Invalid value for data.0.user.ttp: value may not be null.","request_id":"20250826192340298DE484E94A3503617B"}

[2025-08-26 19:24:26] Response (400):
{"code":40002,"message":"Invalid value for data.0.user.ttp: value may not be null.","request_id":"2025082619242625688C70301CF58D7147"}

[2025-08-26 19:24:34] Response (400):
{"code":40002,"message":"Invalid value for data.0.user.ttp: value may not be null.","request_id":"2025082619243431841B275036BA2EC013"}

[2025-08-26 19:24:40] Response (400):
{"code":40002,"message":"Invalid value for data.0.user.ttp: value may not be null.","request_id":"20250826192440A494E7F9D6C309B2B3A0"}

[2025-08-26 19:27:55] Response (400):
{"code":40002,"message":"Invalid value for data.0.user.ttp: value may not be null.","request_id":"202508261927555440F00E996A5DD94DA5"}

[2025-08-26 19:28:12] Response (400):
{"code":40002,"message":"Invalid value for data.0.user.ttp: value may not be null.","request_id":"2025082619281244B7E8507E4A76023E80"}

[2025-08-26 19:29:12] Response (400):
{"code":40002,"message":"Invalid value for data.0.user.ttp: value may not be null.","request_id":"202508261929125A6EABC02855BEC0C300"}

[2025-08-26 19:29:33] Response (400):
{"code":40002,"message":"Invalid value for data.0.user.ttp: value may not be null.","request_id":"20250826192933C2B84604744C510246B8"}

[2025-08-26 20:05:02] Response (400):
{"code":40002,"message":"Invalid value for data.0.user.ttp: value may not be null.","request_id":"20250826200502A868F97BDDC2469089DD"}

[2025-08-26 20:07:02] Response (400):
{"code":40002,"message":"Invalid value for data.0.user.ttp: value may not be null.","request_id":"202508262007010D121C77F50ABD62E8B1"}

[2025-08-26 20:07:10] Response (400):
{"code":40002,"message":"Invalid value for data.0.user.ttp: value may not be null.","request_id":"202508262007107E1597E9CDFCF848B142"}

[2025-08-26 20:49:02] Response (400):
{"code":40002,"message":"Invalid value for data.0.user.ttp: value may not be null.","request_id":"20250826204902343D911606D682EC325A"}

[2025-08-26 20:49:07] Response (400):
{"code":40002,"message":"Invalid value for data.0.user.ttp: value may not be null.","request_id":"2025082620490769D6A6F0E84CCE194D05"}

[2025-08-26 20:50:24] Response (400):
{"code":40002,"message":"Invalid value for data.0.user.ttp: value may not be null.","request_id":"2025082620502466EAE035D3DFAC18E16D"}

[2025-08-26 20:52:08] Response (400):
{"code":40002,"message":"Invalid value for data.0.user.ttp: value may not be null.","request_id":"20250826205208A68021128BD4CD18D989"}

[2025-08-26 20:55:07] Response (400):
{"code":40002,"message":"Invalid value for data.0.user.ttp: value may not be null.","request_id":"20250826205507880CB7E8F3D47A635061"}

[2025-08-26 20:55:14] Response (400):
{"code":40002,"message":"Invalid value for data.0.user.ttp: value may not be null.","request_id":"20250826205514830ACC6356CA2EDEDAEE"}

[2025-08-26 21:13:21] Response (400):
{"code":40002,"message":"Invalid value for data.0.user.ttp: value may not be null.","request_id":"20250826211321928A93DE1B6C0F0F3FD7"}

[2025-08-27 07:43:04] Response (400):
{"code":40002,"message":"Invalid value for data.0.user.ttp: value may not be null.","request_id":"20250827074303F6DA3735FFEC810BCE4C"}

[2025-08-27 07:47:26] Response (400):
{"code":40002,"message":"Invalid value for data.0.user.ttp: value may not be null.","request_id":"202508270747269ACF0D60939D6D900727"}

[2025-08-27 07:49:18] Response (400):
{"code":40002,"message":"Invalid value for data.0.user.ttp: value may not be null.","request_id":"20250827074918FB3122AF514A453F245B"}

[2025-08-27 07:49:43] Response (400):
{"code":40002,"message":"Invalid value for data.0.user.ttp: value may not be null.","request_id":"202508270749432E38FD7264E6655B2997"}

[2025-08-27 07:50:20] Response (400):
{"code":40002,"message":"Invalid value for data.0.user.ttp: value may not be null.","request_id":"202508270750201BC18DBBB2320AF8A49C"}

[2025-08-27 07:50:25] Response (400):
{"code":40002,"message":"Invalid value for data.0.user.ttp: value may not be null.","request_id":"2025082707502553E46D7DDFF2553C2322"}

[2025-08-27 07:52:08] Response (400):
{"code":40002,"message":"Invalid value for data.0.user.ttp: value may not be null.","request_id":"2025082707520895AAF0B7405C92486828"}

[2025-08-27 18:42:11] Response (400):
{"code":40002,"message":"Invalid value for data.0.user.ttp: value may not be null.","request_id":"202508271842111C7D3AADBB1498E74204"}

[2025-08-27 18:46:48] Response (400):
{"code":40002,"message":"Invalid value for data.0.user.ttp: value may not be null.","request_id":"202508271846481FD058B5A9B4E7408659"}

[2025-08-27 18:50:41] Response (400):
{"code":40002,"message":"Invalid value for data.0.user.ttp: value may not be null.","request_id":"202508271850411FE9EB34FC628E13F644"}

[2025-08-27 18:50:53] Response (400):
{"code":40002,"message":"Invalid value for data.0.user.ttp: value may not be null.","request_id":"20250827185053B5A4DB4AD037A6382658"}

[2025-08-27 18:52:49] Response (400):
{"code":40002,"message":"Invalid value for data.0.user.ttp: value may not be null.","request_id":"2025082718524911524925B1BA802E41BA"}

[2025-08-27 18:52:53] Response (400):
{"code":40002,"message":"Invalid value for data.0.user.ttp: value may not be null.","request_id":"20250827185253426F6FDED530C070AD78"}

[2025-08-27 18:52:56] Response (400):
{"code":40002,"message":"Invalid value for data.0.user.ttp: value may not be null.","request_id":"20250827185256F4F6146623B389017F0B"}

[2025-08-28 05:50:02] Response (400):
{"code":40002,"message":"Invalid value for data.0.user.ttp: value may not be null.","request_id":"20250828055002F6FE66E183DF2932BCDE"}

[2025-08-28 05:51:34] Response (400):
{"code":40002,"message":"Invalid value for data.0.user.ttp: value may not be null.","request_id":"2025082805513449D3CB40CB2AD7131941"}

[2025-08-28 05:53:44] Response (400):
{"code":40002,"message":"Invalid value for data.0.user.ttp: value may not be null.","request_id":"20250828055344F86DCB1B4267893FAE5E"}

[2025-08-28 05:53:50] Response (400):
{"code":40002,"message":"Invalid value for data.0.user.ttp: value may not be null.","request_id":"202508280553502760E2E5DA1ED066FA2A"}

[2025-08-28 05:53:57] Response (400):
{"code":40002,"message":"Invalid value for data.0.user.ttp: value may not be null.","request_id":"20250828055357F67C6BEFC80F31A2A10E"}

[2025-08-28 06:03:51] Response (400):
{"code":40002,"message":"Invalid value for data.0.user.ttp: value may not be null.","request_id":"20250828060351258C810A69F704C88CB1"}

[2025-08-28 06:11:53] Response (400):
{"code":40002,"message":"Invalid value for data.0.user.ttp: value may not be null.","request_id":"20250828061153CD6A5BE4B1D79AA67339"}

[2025-08-28 10:40:22] Response (400):
{"code":40002,"message":"Invalid value for data.0.user.ttp: value may not be null.","request_id":"2025082810402291E8AC174BD4D5500DBE"}

[2025-08-28 16:44:08] Response (400):
{"code":40002,"message":"Invalid value for data.0.user.ttp: value may not be null.","request_id":"202508281644085D986648FC52F894E890"}

[2025-08-28 17:00:03] Response (400):
{"code":40002,"message":"Invalid value for data.0.user.ttp: value may not be null.","request_id":"2025082817000315663DF4B383DB6335CB"}

[2025-08-28 17:00:31] Response (400):
{"code":40002,"message":"Invalid value for data.0.user.ttp: value may not be null.","request_id":"20250828170031BE6C3F2C2217D7DE2610"}

[2025-08-28 17:00:53] Response (400):
{"code":40002,"message":"Invalid value for data.0.user.ttp: value may not be null.","request_id":"20250828170053B2E6C906DAC84B0CA6BD"}

[2025-08-28 17:03:25] Response (400):
{"code":40002,"message":"Invalid value for data.0.user.ttp: value may not be null.","request_id":"20250828170325EE40852F57EEAB6B80F3"}

[2025-08-28 17:03:31] Response (400):
{"code":40002,"message":"Invalid value for data.0.user.ttp: value may not be null.","request_id":"202508281703312068B437FF4459398A69"}

[2025-08-28 17:07:23] Response (400):
{"code":40002,"message":"Invalid value for data.0.user.ttp: value may not be null.","request_id":"2025082817072349493B4C3085742C3D37"}

[2025-08-28 17:13:08] Response (400):
{"code":40002,"message":"Invalid value for data.0.user.ttp: value may not be null.","request_id":"2025082817130882A5B9E9CFE7A712CC81"}

[2025-08-28 21:53:07] Response (400):
{"code":40002,"message":"Invalid value for data.0.user.ttp: value may not be null.","request_id":"20250828215307B10C73B258ED309BE205"}

[2025-08-29 03:45:54] Response (400):
{"code":40002,"message":"Invalid value for data.0.user.ttp: value may not be null.","request_id":"202508290345542FB27E57F813E5BAA220"}

[2025-08-29 03:54:24] Response (400):
{"code":40002,"message":"Invalid value for data.0.user.ttp: value may not be null.","request_id":"20250829035424A0B26B359CD29A17B273"}

[2025-08-29 03:54:28] Response (400):
{"code":40002,"message":"Invalid value for data.0.user.ttp: value may not be null.","request_id":"20250829035428156EA5EC2C35079B61FF"}

[2025-08-29 03:57:27] Response (400):
{"code":40002,"message":"Invalid value for data.0.user.ttp: value may not be null.","request_id":"202508290357274B7FE0D9B3898A311F00"}

[2025-08-29 03:57:30] Response (400):
{"code":40002,"message":"Invalid value for data.0.user.ttp: value may not be null.","request_id":"202508290357302707BB40E86EBC2C5DF4"}

[2025-08-29 03:58:31] Response (400):
{"code":40002,"message":"Invalid value for data.0.user.ttp: value may not be null.","request_id":"2025082903583182DCC6987EBCCB6BE358"}

[2025-08-29 04:03:44] Response (400):
{"code":40002,"message":"Invalid value for data.0.user.ttp: value may not be null.","request_id":"202508290403444264358C36E99ADFE8ED"}

[2025-08-29 04:13:56] Response (400):
{"code":40002,"message":"Invalid value for data.0.user.ttp: value may not be null.","request_id":"20250829041356C82BB5876B833B291140"}

[2025-08-29 14:45:06] Response (400):
{"code":40002,"message":"Invalid value for data.0.user.ttp: value may not be null.","request_id":"2025082914450687A96DA6E04771A8B677"}

[2025-08-29 14:49:38] Response (400):
{"code":40002,"message":"Invalid value for data.0.user.ttp: value may not be null.","request_id":"202508291449380DB4AC720815F7EDF53B"}

[2025-08-29 14:55:48] Response (400):
{"code":40002,"message":"Invalid value for data.0.user.ttp: value may not be null.","request_id":"2025082914554827FECA9CA6E3DCCFA090"}

[2025-08-29 14:59:45] Response (400):
{"code":40002,"message":"Invalid value for data.0.user.ttp: value may not be null.","request_id":"202508291459452D6806B4DAF29D46A921"}

[2025-08-29 15:00:07] Response (400):
{"code":40002,"message":"Invalid value for data.0.user.ttp: value may not be null.","request_id":"20250829150007817DC157B4E23CCC2038"}

[2025-08-29 15:00:13] Response (400):
{"code":40002,"message":"Invalid value for data.0.user.ttp: value may not be null.","request_id":"2025082915001390E55F144B20E51B9030"}

[2025-08-29 15:11:32] Response (400):
{"code":40002,"message":"Invalid value for data.0.user.ttp: value may not be null.","request_id":"2025082915113219677D9748B5FFA3A7CC"}

[2025-08-29 15:11:46] Response (400):
{"code":40002,"message":"Invalid value for data.0.user.ttp: value may not be null.","request_id":"20250829151146A75DE925A49B528B470B"}

[2025-08-30 01:59:42] Response (400):
{"code":40002,"message":"Invalid value for data.0.user.ttp: value may not be null.","request_id":"202508300159427FCE503BA6530B1B18A2"}

[2025-08-30 02:10:12] Response (400):
{"code":40002,"message":"Invalid value for data.0.user.ttp: value may not be null.","request_id":"202508300210120801CEC28FB1BB91D333"}

[2025-08-30 02:10:13] Response (400):
{"code":40002,"message":"Invalid value for data.0.user.ttp: value may not be null.","request_id":"20250830021013B5B79FDDEFC75C636AE5"}

[2025-08-30 02:12:55] Response (400):
{"code":40002,"message":"Invalid value for data.0.user.ttp: value may not be null.","request_id":"202508300212556DC42723CEA0C58D9327"}

[2025-08-30 02:13:03] Response (400):
{"code":40002,"message":"Invalid value for data.0.user.ttp: value may not be null.","request_id":"20250830021303B2C3421A844B82A58917"}

[2025-08-30 02:18:52] Response (400):
{"code":40002,"message":"Invalid value for data.0.user.ttp: value may not be null.","request_id":"20250830021851E9C24E007BF9977C8F21"}

[2025-08-30 02:27:32] Response (200):
{"code": 0, "message": "OK", "request_id": "2025083002273218AB9EB30579AC66CD43", "data": {}}

[2025-08-30 02:31:03] Response (400):
{"code":40002,"message":"Invalid value for data.0.user.ttp: value may not be null.","request_id":"20250830023103063190AC4BDF7B6C7FAB"}

[2025-08-30 02:31:27] Response (400):
{"code":40002,"message":"Invalid value for data.0.user.ttp: value may not be null.","request_id":"2025083002312798AC17436DB1D1E35E97"}

[2025-08-30 12:42:11] Response (400):
{"code":40002,"message":"Invalid value for data.0.user.ttp: value may not be null.","request_id":"202508301242116E3B6244D22B19B15A80"}

[2025-08-30 12:43:54] Response (400):
{"code":40002,"message":"Invalid value for data.0.user.ttp: value may not be null.","request_id":"20250830124354C840E289AE3CB948E2E9"}

[2025-08-30 12:47:06] Response (400):
{"code":40002,"message":"Invalid value for data.0.user.ttp: value may not be null.","request_id":"202508301247061D5CA119509260A9751B"}

[2025-08-30 12:49:59] Response (400):
{"code":40002,"message":"Invalid value for data.0.user.ttp: value may not be null.","request_id":"20250830124959A9196422D71E3166D23E"}

[2025-08-30 12:58:42] Response (400):
{"code":40002,"message":"Invalid value for data.0.user.ttp: value may not be null.","request_id":"20250830125842B72B76AC8AA537DA0C79"}

[2025-08-30 12:58:54] Response (400):
{"code":40002,"message":"Invalid value for data.0.user.ttp: value may not be null.","request_id":"202508301258546A10DC43DFFB7327B7F8"}

[2025-08-30 12:59:40] Response (400):
{"code":40002,"message":"Invalid value for data.0.user.ttp: value may not be null.","request_id":"20250830125940FF4BEE38857448A49224"}

[2025-08-30 12:59:42] Response (400):
{"code":40002,"message":"Invalid value for data.0.user.ttp: value may not be null.","request_id":"202508301259420484CD9DE1DA6422E185"}

[2025-08-30 23:47:41] Response (400):
{"code":40002,"message":"Invalid value for data.0.user.ttp: value may not be null.","request_id":"2025083023474015CF49BDFBD6374AAFC8"}

[2025-08-30 23:51:12] Response (400):
{"code":40002,"message":"Invalid value for data.0.user.ttp: value may not be null.","request_id":"2025083023511254B672418E08ADD18A1E"}

[2025-08-30 23:55:38] Response (400):
{"code":40002,"message":"Invalid value for data.0.user.ttp: value may not be null.","request_id":"202508302355385A1B7B5AD83C8E0B535D"}

[2025-08-31 00:18:34] Response (400):
{"code":40002,"message":"Invalid value for data.0.user.ttp: value may not be null.","request_id":"20250831001834F5A176573F5C3DC2B5D5"}

[2025-08-31 00:18:45] Response (400):
{"code":40002,"message":"Invalid value for data.0.user.ttp: value may not be null.","request_id":"20250831001845449CBC1C2EBEE45AD661"}

[2025-08-31 00:22:50] Response (400):
{"code":40002,"message":"Invalid value for data.0.user.ttp: value may not be null.","request_id":"202508310022502205C3FF34408E3C3D9D"}

[2025-08-31 00:22:54] Response (400):
{"code":40002,"message":"Invalid value for data.0.user.ttp: value may not be null.","request_id":"2025083100225471B33EA382762466952C"}

[2025-08-31 00:22:58] Response (400):
{"code":40002,"message":"Invalid value for data.0.user.ttp: value may not be null.","request_id":"2025083100225836883E131522BE0CAED7"}

[2025-08-31 04:31:47] Response (400):
{"code":40002,"message":"Invalid value for data.0.user.ttp: value may not be null.","request_id":"2025083104314746C70689C0D878F54EC0"}

[2025-08-31 10:44:10] Response (400):
{"code":40002,"message":"Invalid value for data.0.user.ttp: value may not be null.","request_id":"20250831104409081A984E1B95F894A509"}

[2025-08-31 10:47:14] Response (400):
{"code":40002,"message":"Invalid value for data.0.user.ttp: value may not be null.","request_id":"20250831104714CA1998D432D66C75FC8F"}

[2025-08-31 10:47:16] Response (400):
{"code":40002,"message":"Invalid value for data.0.user.ttp: value may not be null.","request_id":"202508311047162C77F379FB90260D4EB9"}

[2025-08-31 10:49:44] Response (400):
{"code":40002,"message":"Invalid value for data.0.user.ttp: value may not be null.","request_id":"202508311049443B74411BE603B22A5A0F"}

[2025-08-31 10:49:55] Response (400):
{"code":40002,"message":"Invalid value for data.0.user.ttp: value may not be null.","request_id":"20250831104955026553FB9AAE75FED58B"}

[2025-08-31 11:01:15] Response (400):
{"code":40002,"message":"Invalid value for data.0.user.ttp: value may not be null.","request_id":"202508311101158E1393E78CE65F1B6CB7"}

[2025-08-31 11:16:34] Response (400):
{"code":40002,"message":"Invalid value for data.0.user.ttp: value may not be null.","request_id":"20250831111634E33F6714BC544C7AD25E"}

[2025-08-31 11:16:47] Response (400):
{"code":40002,"message":"Invalid value for data.0.user.ttp: value may not be null.","request_id":"20250831111647E19E81261566D9AED837"}

[2025-08-31 21:40:37] Response (400):
{"code":40002,"message":"Invalid value for data.0.user.ttp: value may not be null.","request_id":"202508312140368EDAA578701220AD07D2"}

[2025-08-31 21:42:38] Response (400):
{"code":40002,"message":"Invalid value for data.0.user.ttp: value may not be null.","request_id":"20250831214238C46653FE23471EB0A927"}

[2025-08-31 22:00:47] Response (400):
{"code":40002,"message":"Invalid value for data.0.user.ttp: value may not be null.","request_id":"2025083122004741CC763E3196BEE2C4FB"}

[2025-08-31 22:00:59] Response (400):
{"code":40002,"message":"Invalid value for data.0.user.ttp: value may not be null.","request_id":"2025083122005953F256DE5B955E860562"}

[2025-08-31 22:03:02] Response (400):
{"code":40002,"message":"Invalid value for data.0.user.ttp: value may not be null.","request_id":"20250831220302B7D4667F97B2E23C9715"}

[2025-08-31 22:03:05] Response (400):
{"code":40002,"message":"Invalid value for data.0.user.ttp: value may not be null.","request_id":"2025083122030553CECF9DA24166BE8A7C"}

[2025-08-31 22:03:11] Response (400):
{"code":40002,"message":"Invalid value for data.0.user.ttp: value may not be null.","request_id":"2025083122031105E4C833693A57E128BE"}

[2025-08-31 22:13:34] Response (400):
{"code":40002,"message":"Invalid value for data.0.user.ttp: value may not be null.","request_id":"2025083122133474EE9FF04BF4BA8E6CD2"}

[2025-09-01 00:41:57] Response (400):
{"code":40002,"message":"Invalid value for data.0.user.ttp: value may not be null.","request_id":"2025090100415793ED93CC8BFDF9A3527E"}

[2025-09-01 04:53:20] Response (400):
{"code":40002,"message":"Invalid value for data.0.user.ttp: value may not be null.","request_id":"20250901045320BFA1F6AF0B658963714B"}

[2025-09-01 07:42:46] Response (400):
{"code":40002,"message":"Invalid value for data.0.user.ttp: value may not be null.","request_id":"202509010742467F948E804B76C0032ACF"}

[2025-09-01 08:43:02] Response (400):
{"code":40002,"message":"Invalid value for data.0.user.ttp: value may not be null.","request_id":"20250901084302079714EAC8218D6421B6"}

[2025-09-01 08:45:46] Response (400):
{"code":40002,"message":"Invalid value for data.0.user.ttp: value may not be null.","request_id":"202509010845468562C439D9AD7AF66DA3"}

[2025-09-01 08:52:38] Response (400):
{"code":40002,"message":"Invalid value for data.0.user.ttp: value may not be null.","request_id":"2025090108523830317A23750503BD9A71"}

[2025-09-01 08:52:51] Response (400):
{"code":40002,"message":"Invalid value for data.0.user.ttp: value may not be null.","request_id":"20250901085250FCA685A9A07FC8DD7B24"}

[2025-09-01 08:54:34] Response (400):
{"code":40002,"message":"Invalid value for data.0.user.ttp: value may not be null.","request_id":"20250901085433D62202EB70D6515D13BE"}

[2025-09-01 08:54:36] Response (400):
{"code":40002,"message":"Invalid value for data.0.user.ttp: value may not be null.","request_id":"20250901085435491ECBA2A4C2AAA478AF"}

[2025-09-01 08:54:40] Response (400):
{"code":40002,"message":"Invalid value for data.0.user.ttp: value may not be null.","request_id":"2025090108544097969B18ECDC446D31B5"}

[2025-09-01 18:41:48] Response (400):
{"code":40002,"message":"Invalid value for data.0.user.ttp: value may not be null.","request_id":"20250901184148EBFFA16FFC04EF007CD4"}

[2025-09-01 19:47:55] Response (400):
{"code":40002,"message":"Invalid value for data.0.user.ttp: value may not be null.","request_id":"20250901194755137B341B5D054006C374"}

[2025-09-01 19:48:16] Response (400):
{"code":40002,"message":"Invalid value for data.0.user.ttp: value may not be null.","request_id":"20250901194816B1FA71CD58934368FFBB"}

[2025-09-01 19:48:38] Response (400):
{"code":40002,"message":"Invalid value for data.0.user.ttp: value may not be null.","request_id":"202509011948388FEC7B8643D142FB4E8E"}

[2025-09-01 19:48:55] Response (400):
{"code":40002,"message":"Invalid value for data.0.user.ttp: value may not be null.","request_id":"20250901194855496963EE61F4161B0B4D"}

[2025-09-01 19:49:00] Response (400):
{"code":40002,"message":"Invalid value for data.0.user.ttp: value may not be null.","request_id":"20250901194900347A5964280FF18C0E9D"}

[2025-09-01 19:54:38] Response (400):
{"code":40002,"message":"Invalid value for data.0.user.ttp: value may not be null.","request_id":"2025090119543819EC789BBA0DE90FC144"}

[2025-09-01 20:00:21] Response (400):
{"code":40002,"message":"Invalid value for data.0.user.ttp: value may not be null.","request_id":"20250901200021F54FFE1B87B7ABA1DE8A"}

[2025-09-02 05:41:20] Response (400):
{"code":40002,"message":"Invalid value for data.0.user.ttp: value may not be null.","request_id":"20250902054120ACDAFEE80FE802B5BD42"}

[2025-09-02 06:46:51] Response (400):
{"code":40002,"message":"Invalid value for data.0.user.ttp: value may not be null.","request_id":"20250902064651BE64F28BA820F84DEF70"}

[2025-09-02 06:46:55] Response (400):
{"code":40002,"message":"Invalid value for data.0.user.ttp: value may not be null.","request_id":"2025090206465531B1E2D2FCCA6C0DB9A9"}

[2025-09-02 06:47:06] Response (400):
{"code":40002,"message":"Invalid value for data.0.user.ttp: value may not be null.","request_id":"202509020647060215EAB0FFC74D04B1D8"}

[2025-09-02 06:48:23] Response (400):
{"code":40002,"message":"Invalid value for data.0.user.ttp: value may not be null.","request_id":"20250902064823D6E7F42B952C6A8C29E8"}

[2025-09-02 06:49:36] Response (400):
{"code":40002,"message":"Invalid value for data.0.user.ttp: value may not be null.","request_id":"202509020649364F5C3036F2D35DB26CB0"}

[2025-09-02 06:49:42] Response (400):
{"code":40002,"message":"Invalid value for data.0.user.ttp: value may not be null.","request_id":"20250902064942BC72E6378D4156B76304"}

[2025-09-02 06:55:29] Response (400):
{"code":40002,"message":"Invalid value for data.0.user.ttp: value may not be null.","request_id":"20250902065529EE8BC337D5179B4FD367"}

[2025-09-02 15:03:50] Response (400):
{"code":40002,"message":"Invalid value for data.0.user.ttp: value may not be null.","request_id":"20250902150350E4AE06A7EECC385CF3C3"}

[2025-09-02 16:40:05] Response (400):
{"code":40002,"message":"Invalid value for data.0.user.ttp: value may not be null.","request_id":"202509021640053A692733BEBAEA03319E"}

[2025-09-02 17:42:53] Response (400):
{"code":40002,"message":"Invalid value for data.0.user.ttp: value may not be null.","request_id":"202509021742536FB2FA3CB86214FF42AF"}

[2025-09-02 17:43:56] Response (400):
{"code":40002,"message":"Invalid value for data.0.user.ttp: value may not be null.","request_id":"202509021743569E9AF078580942A86488"}

[2025-09-02 17:47:00] Response (400):
{"code":40002,"message":"Invalid value for data.0.user.ttp: value may not be null.","request_id":"2025090217470054C2AA91B183E646765A"}

[2025-09-02 17:55:15] Response (400):
{"code":40002,"message":"Invalid value for data.0.user.ttp: value may not be null.","request_id":"20250902175515BA6550A5079195D23E98"}

[2025-09-02 17:56:16] Response (400):
{"code":40002,"message":"Invalid value for data.0.user.ttp: value may not be null.","request_id":"2025090217561682B52992B4A748FD1AEB"}

[2025-09-02 17:56:26] Response (400):
{"code":40002,"message":"Invalid value for data.0.user.ttp: value may not be null.","request_id":"20250902175626363089C2744B687C41E4"}

[2025-09-02 17:56:28] Response (400):
{"code":40002,"message":"Invalid value for data.0.user.ttp: value may not be null.","request_id":"20250902175628770125C4DF4D8B462092"}

[2025-09-03 03:52:30] Response (400):
{"code":40002,"message":"Invalid value for data.0.user.ttp: value may not be null.","request_id":"20250903035230AC6FA3ADD590F8883C91"}

[2025-09-03 04:53:45] Response (400):
{"code":40002,"message":"Invalid value for data.0.user.ttp: value may not be null.","request_id":"2025090304534490778436CCE1102C81CB"}

[2025-09-03 04:53:46] Response (400):
{"code":40002,"message":"Invalid value for data.0.user.ttp: value may not be null.","request_id":"20250903045346F5E36931837F5BD7C464"}

[2025-09-03 04:53:56] Response (400):
{"code":40002,"message":"Invalid value for data.0.user.ttp: value may not be null.","request_id":"20250903045356307A7376BF33DA2708F3"}

[2025-09-03 04:57:31] Response (400):
{"code":40002,"message":"Invalid value for data.0.user.ttp: value may not be null.","request_id":"202509030457312220CA46B2FB3C303399"}

[2025-09-03 04:57:34] Response (400):
{"code":40002,"message":"Invalid value for data.0.user.ttp: value may not be null.","request_id":"2025090304573404A98D3441921E8DB76D"}

[2025-09-03 04:57:39] Response (400):
{"code":40002,"message":"Invalid value for data.0.user.ttp: value may not be null.","request_id":"202509030457392C77F379FB902634536D"}

[2025-09-03 05:11:10] Response (400):
{"code":40002,"message":"Invalid value for data.0.user.ttp: value may not be null.","request_id":"20250903051110C5FE277AB244BB28F200"}

[2025-09-03 11:56:25] Response (400):
{"code":40002,"message":"Invalid value for data.0.user.ttp: value may not be null.","request_id":"20250903115625D58F119FB47838F0AB19"}

[2025-09-03 14:57:37] Response (400):
{"code":40002,"message":"Invalid value for data.0.user.ttp: value may not be null.","request_id":"2025090314573776D08E76CAB6604CF384"}

[2025-09-03 15:14:48] Response (400):
{"code":40002,"message":"Invalid value for data.0.user.ttp: value may not be null.","request_id":"2025090315144859BFA3BEFBA2CC5B1293"}

[2025-09-03 15:14:50] Response (400):
{"code":40002,"message":"Invalid value for data.0.user.ttp: value may not be null.","request_id":"202509031514502278BB2BB36EFE5DAE11"}

[2025-09-03 15:23:43] Response (400):
{"code":40002,"message":"Invalid value for data.0.user.ttp: value may not be null.","request_id":"202509031523432ADF2D88E9CF88A8582B"}

[2025-09-03 15:40:07] Response (400):
{"code":40002,"message":"Invalid value for data.0.user.ttp: value may not be null.","request_id":"202509031540078DA49F2A248C3EB40034"}

[2025-09-03 15:40:07] Response (400):
{"code":40002,"message":"Invalid value for data.0.user.ttp: value may not be null.","request_id":"20250903154007B479852DDF0882F09D2D"}

[2025-09-03 15:40:40] Response (400):
{"code":40002,"message":"Invalid value for data.0.user.ttp: value may not be null.","request_id":"20250903154040258B0AB34B5694751818"}

[2025-09-03 15:43:59] Response (400):
{"code":40002,"message":"Invalid value for data.0.user.ttp: value may not be null.","request_id":"202509031543596E3D5981DD1EB64C20FD"}

[2025-09-03 22:42:21] Response (400):
{"code":40002,"message":"Invalid value for data.0.user.ttp: value may not be null.","request_id":"20250903224221B51529F2F51DFA18A311"}

[2025-09-04 01:57:03] Response (400):
{"code":40002,"message":"Invalid value for data.0.user.ttp: value may not be null.","request_id":"202509040157024D08B15715AD8DE5F923"}

[2025-09-04 02:04:17] Response (400):
{"code":40002,"message":"Invalid value for data.0.user.ttp: value may not be null.","request_id":"20250904020417401B97041F738B938178"}

[2025-09-04 02:04:27] Response (400):
{"code":40002,"message":"Invalid value for data.0.user.ttp: value may not be null.","request_id":"2025090402042775EC4264F6348BE85173"}

[2025-09-04 02:06:33] Response (400):
{"code":40002,"message":"Invalid value for data.0.user.ttp: value may not be null.","request_id":"20250904020632988E5FFEAAB097D7915B"}

[2025-09-04 02:06:38] Response (400):
{"code":40002,"message":"Invalid value for data.0.user.ttp: value may not be null.","request_id":"20250904020638DF011C52615849E6EA9E"}

[2025-09-04 02:11:28] Response (400):
{"code":40002,"message":"Invalid value for data.0.user.ttp: value may not be null.","request_id":"20250904021128E403C5C7DE0D660FF3CD"}

[2025-09-04 02:49:40] Response (400):
{"code":40002,"message":"Invalid value for data.0.user.ttp: value may not be null.","request_id":"202509040249403EF7453476C052935C1B"}

[2025-09-04 02:49:53] Response (400):
{"code":40002,"message":"Invalid value for data.0.user.ttp: value may not be null.","request_id":"20250904024953500669AB579D190437F8"}

[2025-09-04 07:08:36] Response (400):
{"code":40002,"message":"Invalid value for data.0.user.ttp: value may not be null.","request_id":"202509040708360A6C56B0993C0D422C0E"}

[2025-09-04 09:42:11] Response (400):
{"code":40002,"message":"Invalid value for data.0.user.ttp: value may not be null.","request_id":"202509040942119DC0CBBB73856E2758B5"}

[2025-09-04 12:39:42] Response (400):
{"code":40002,"message":"Invalid value for data.0.user.ttp: value may not be null.","request_id":"2025090412394247F86A1CB4EA113E5F2E"}

[2025-09-04 12:43:17] Response (400):
{"code":40002,"message":"Invalid value for data.0.user.ttp: value may not be null.","request_id":"20250904124317E40E28097F1BF4254032"}

[2025-09-04 12:46:48] Response (400):
{"code":40002,"message":"Invalid value for data.0.user.ttp: value may not be null.","request_id":"20250904124648A235A72B7D1B34E9E65C"}

[2025-09-04 12:55:01] Response (400):
{"code":40002,"message":"Invalid value for data.0.user.ttp: value may not be null.","request_id":"202509041255018115A3B3D8A72B05CC45"}

[2025-09-04 12:55:23] Response (400):
{"code":40002,"message":"Invalid value for data.0.user.ttp: value may not be null.","request_id":"202509041255234F8F314E046D50570687"}

[2025-09-04 12:58:20] Response (400):
{"code":40002,"message":"Invalid value for data.0.user.ttp: value may not be null.","request_id":"20250904125820AB59ACFAF18E214FA01F"}

[2025-09-04 13:53:09] Response (400):
{"code":40002,"message":"Invalid value for data.0.user.ttp: value may not be null.","request_id":"20250904135309547A6D4DED6295437C11"}

[2025-09-04 14:00:39] Response (400):
{"code":40002,"message":"Invalid value for data.0.user.ttp: value may not be null.","request_id":"202509041400397928AB6E195CE562F177"}

[2025-09-04 17:45:54] Response (400):
{"code":40002,"message":"Invalid value for data.0.user.ttp: value may not be null.","request_id":"202509041745549913F4E13C2D8FF821A1"}

[2025-09-04 20:40:01] Response (400):
{"code":40002,"message":"Invalid value for data.0.user.ttp: value may not be null.","request_id":"20250904204001ADA2E69658F08008363C"}

[2025-09-04 22:46:45] Response (400):
{"code":40002,"message":"Invalid value for data.0.user.ttp: value may not be null.","request_id":"20250904224644EA0EBB403A38A384BDCA"}

[2025-09-04 22:54:17] Response (400):
{"code":40002,"message":"Invalid value for data.0.user.ttp: value may not be null.","request_id":"202509042254179254FC9B54C1C74E1D8D"}

[2025-09-04 23:51:43] Response (400):
{"code":40002,"message":"Invalid value for data.0.user.ttp: value may not be null.","request_id":"2025090423514349238FF948F04134E3C1"}

[2025-09-04 23:51:48] Response (400):
{"code":40002,"message":"Invalid value for data.0.user.ttp: value may not be null.","request_id":"20250904235148E5724429779A31568ED1"}

[2025-09-04 23:51:50] Response (400):
{"code":40002,"message":"Invalid value for data.0.user.ttp: value may not be null.","request_id":"20250904235150C230B605875800597A84"}

[2025-09-04 23:55:47] Response (400):
{"code":40002,"message":"Invalid value for data.0.user.ttp: value may not be null.","request_id":"20250904235547E05295CCAF56ED095D39"}

[2025-09-05 00:41:48] Response (400):
{"code":40002,"message":"Invalid value for data.0.user.ttp: value may not be null.","request_id":"20250905004148B9DFAB0DF4528F224C37"}

[2025-09-05 00:47:14] Response (400):
{"code":40002,"message":"Invalid value for data.0.user.ttp: value may not be null.","request_id":"202509050047146B33C023E9F2D25D0B90"}

[2025-09-05 05:00:28] Response (400):
{"code":40002,"message":"Invalid value for data.0.user.ttp: value may not be null.","request_id":"20250905050028BBB4A81CC658BD80E58D"}

[2025-09-05 06:44:08] Response (400):
{"code":40002,"message":"Invalid value for data.0.user.ttp: value may not be null.","request_id":"20250905064408C440A013F7CF1D856AA5"}

[2025-09-05 08:57:54] Response (400):
{"code":40002,"message":"Invalid value for data.0.user.ttp: value may not be null.","request_id":"20250905085754D7C1951FB8E703145FCE"}

[2025-09-05 09:49:28] Response (400):
{"code":40002,"message":"Invalid value for data.0.user.ttp: value may not be null.","request_id":"2025090509492818EC5A7C2AB24013FF19"}

[2025-09-05 10:57:03] Response (400):
{"code":40002,"message":"Invalid value for data.0.user.ttp: value may not be null.","request_id":"202509051057022048609DBB19552FE14A"}

[2025-09-05 10:57:09] Response (400):
{"code":40002,"message":"Invalid value for data.0.user.ttp: value may not be null.","request_id":"20250905105709427085580A51C4486369"}

[2025-09-05 10:57:11] Response (400):
{"code":40002,"message":"Invalid value for data.0.user.ttp: value may not be null.","request_id":"2025090510571190778436CCE1101C922C"}

[2025-09-05 10:57:12] Response (400):
{"code":40002,"message":"Invalid value for data.0.user.ttp: value may not be null.","request_id":"20250905105712FE7685997152C60E4945"}

[2025-09-05 10:58:24] Response (400):
{"code":40002,"message":"Invalid value for data.0.user.ttp: value may not be null.","request_id":"202509051058249C4DA72B77EB188C4002"}

[2025-09-05 11:41:58] Response (400):
{"code":40002,"message":"Invalid value for data.0.user.ttp: value may not be null.","request_id":"202509051141581DD2A0E2C88CA211C317"}

[2025-09-05 16:04:08] Response (400):
{"code":40002,"message":"Invalid value for data.0.user.ttp: value may not be null.","request_id":"20250905160408F648959234BE46A0E5A8"}

[2025-09-05 17:40:04] Response (400):
{"code":40002,"message":"Invalid value for data.0.user.ttp: value may not be null.","request_id":"20250905174004E47931D56BEC4CB55940"}

[2025-09-05 19:39:44] Response (400):
{"code":40002,"message":"Invalid value for data.0.user.ttp: value may not be null.","request_id":"2025090519394477615B5EF77D0BA7ACC1"}

[2025-09-05 20:44:14] Response (400):
{"code":40002,"message":"Invalid value for data.0.user.ttp: value may not be null.","request_id":"202509052044140D34BC194FC667DCB5C6"}

[2025-09-05 22:01:09] Response (400):
{"code":40002,"message":"Invalid value for data.0.user.ttp: value may not be null.","request_id":"20250905220109DBC3857E46D080A2D99D"}

[2025-09-05 22:02:05] Response (400):
{"code":40002,"message":"Invalid value for data.0.user.ttp: value may not be null.","request_id":"202509052202055CC58577A490C041912B"}

[2025-09-05 22:02:07] Response (400):
{"code":40002,"message":"Invalid value for data.0.user.ttp: value may not be null.","request_id":"20250905220207DD6AA94C6C7C4C135AC6"}

[2025-09-05 22:02:08] Response (400):
{"code":40002,"message":"Invalid value for data.0.user.ttp: value may not be null.","request_id":"20250905220208156EA5EC2C3507DC144B"}

[2025-09-05 22:05:37] Response (400):
{"code":40002,"message":"Invalid value for data.0.user.ttp: value may not be null.","request_id":"20250905220537B912E488066B999F9EAB"}

[2025-09-05 22:42:59] Response (400):
{"code":40002,"message":"Invalid value for data.0.user.ttp: value may not be null.","request_id":"202509052242596A107D1DD2509702CA99"}

[2025-09-06 02:58:52] Response (400):
{"code":40002,"message":"Invalid value for data.0.user.ttp: value may not be null.","request_id":"20250906025852159C5DA1F43D5E9C16C5"}

[2025-09-06 03:45:08] Response (400):
{"code":40002,"message":"Invalid value for data.0.user.ttp: value may not be null.","request_id":"202509060345080191712FF08269BBE4CE"}

[2025-09-06 05:46:28] Response (400):
{"code":40002,"message":"Invalid value for data.0.user.ttp: value may not be null.","request_id":"20250906054628E2B9AA81BA0F2E81460B"}

[2025-09-06 07:43:19] Response (400):
{"code":40002,"message":"Invalid value for data.0.user.ttp: value may not be null.","request_id":"202509060743192496CA9EB53831D7080F"}

[2025-09-06 08:40:31] Response (400):
{"code":40002,"message":"Invalid value for data.0.user.ttp: value may not be null.","request_id":"2025090608403101A6D19D17CC36068B85"}

[2025-09-06 08:42:52] Response (400):
{"code":40002,"message":"Invalid value for data.0.user.ttp: value may not be null.","request_id":"202509060842516BECE57DDF0E3A2142A7"}

[2025-09-06 09:09:50] Response (400):
{"code":40002,"message":"Invalid value for data.0.user.ttp: value may not be null.","request_id":"20250906090950D28F944A74C66EC308F9"}

[2025-09-06 09:10:54] Response (400):
{"code":40002,"message":"Invalid value for data.0.user.ttp: value may not be null.","request_id":"20250906091054D72C9C60EE4BEE3EE221"}

[2025-09-06 09:10:55] Response (400):
{"code":40002,"message":"Invalid value for data.0.user.ttp: value may not be null.","request_id":"2025090609105542964DCFD23D74087BE0"}

[2025-09-06 10:01:48] Response (400):
{"code":40002,"message":"Invalid value for data.0.user.ttp: value may not be null.","request_id":"20250906100148793C7A469760B04E267F"}

[2025-09-06 13:44:45] Response (400):
{"code":40002,"message":"Invalid value for data.0.user.ttp: value may not be null.","request_id":"20250906134445398B24F8625F4FC9B045"}

[2025-09-06 14:46:55] Response (400):
{"code":40002,"message":"Invalid value for data.0.user.ttp: value may not be null.","request_id":"20250906144655BF7C86743F159EE7AA98"}

[2025-09-06 14:57:52] Response (400):
{"code":40002,"message":"Invalid value for data.0.user.ttp: value may not be null.","request_id":"20250906145752ADEDF32AA2316FACAE45"}

[2025-09-06 16:42:27] Response (400):
{"code":40002,"message":"Invalid value for data.0.user.ttp: value may not be null.","request_id":"202509061642276BAE2C9A00157CFDCF18"}

[2025-09-06 18:53:04] Response (400):
{"code":40002,"message":"Invalid value for data.0.user.ttp: value may not be null.","request_id":"20250906185304C27FB8C23655DADA3137"}

[2025-09-06 20:11:41] Response (400):
{"code":40002,"message":"Invalid value for data.0.user.ttp: value may not be null.","request_id":"2025090620114123FC7934A84D9CDC4AD4"}

[2025-09-06 20:12:24] Response (400):
{"code":40002,"message":"Invalid value for data.0.user.ttp: value may not be null.","request_id":"202509062012243331A79764BC689BF25D"}

[2025-09-06 20:12:27] Response (400):
{"code":40002,"message":"Invalid value for data.0.user.ttp: value may not be null.","request_id":"20250906201227E02938A2CEE2544FE6BB"}

[2025-09-06 20:12:28] Response (400):
{"code":40002,"message":"Invalid value for data.0.user.ttp: value may not be null.","request_id":"2025090620122830420DACD1D1454872E1"}

[2025-09-06 20:15:18] Response (400):
{"code":40002,"message":"Invalid value for data.0.user.ttp: value may not be null.","request_id":"202509062015187C3BCCBE346A8850E06C"}

[2025-09-06 20:49:05] Response (400):
{"code":40002,"message":"Invalid value for data.0.user.ttp: value may not be null.","request_id":"20250906204905BEEFC6ACDDDEE4F0604C"}

[2025-09-07 00:44:02] Response (400):
{"code":40002,"message":"Invalid value for data.0.user.ttp: value may not be null.","request_id":"20250907004401D120A5F9C634B8D9FE69"}

[2025-09-07 01:40:46] Response (400):
{"code":40002,"message":"Invalid value for data.0.user.ttp: value may not be null.","request_id":"2025090701404696F653D59254463B9920"}

[2025-09-07 03:42:43] Response (400):
{"code":40002,"message":"Invalid value for data.0.user.ttp: value may not be null.","request_id":"2025090703424319769A7CF7AD04C2EB94"}

[2025-09-07 05:42:31] Response (400):
{"code":40002,"message":"Invalid value for data.0.user.ttp: value may not be null.","request_id":"202509070542319D2359672D78DB72974B"}

[2025-09-07 06:41:54] Response (400):
{"code":40002,"message":"Invalid value for data.0.user.ttp: value may not be null.","request_id":"20250907064154C032C26212907C687C91"}

[2025-09-07 07:05:02] Response (400):
{"code":40002,"message":"Invalid value for data.0.user.ttp: value may not be null.","request_id":"202509070705022DDF227AE14049EFDB45"}

[2025-09-07 07:05:08] Response (400):
{"code":40002,"message":"Invalid value for data.0.user.ttp: value may not be null.","request_id":"2025090707050875730728256F0BCFCAAB"}

[2025-09-07 07:05:10] Response (400):
{"code":40002,"message":"Invalid value for data.0.user.ttp: value may not be null.","request_id":"202509070705106260E612966D1CF5215B"}

[2025-09-07 07:06:02] Response (400):
{"code":40002,"message":"Invalid value for data.0.user.ttp: value may not be null.","request_id":"202509070706029DB60047791A019481B1"}

[2025-09-07 07:43:48] Response (400):
{"code":40002,"message":"Invalid value for data.0.user.ttp: value may not be null.","request_id":"20250907074348B1C6D5646558D2D66A26"}

[2025-09-07 11:56:10] Response (400):
{"code":40002,"message":"Invalid value for data.0.user.ttp: value may not be null.","request_id":"202509071156104E974677521B728CC8D7"}

[2025-09-07 11:56:22] Response (400):
{"code":40002,"message":"Invalid value for data.0.user.ttp: value may not be null.","request_id":"20250907115622DCAFF43C58CBAF12F742"}

[2025-09-07 13:44:25] Response (400):
{"code":40002,"message":"Invalid value for data.0.user.ttp: value may not be null.","request_id":"202509071344258B44DFBE9B639E2105E3"}

[2025-09-07 16:48:32] Response (400):
{"code":40002,"message":"Invalid value for data.0.user.ttp: value may not be null.","request_id":"20250907164832F9DA2D3304D1090D63A7"}

[2025-09-07 16:55:13] Response (400):
{"code":40002,"message":"Invalid value for data.0.user.ttp: value may not be null.","request_id":"20250907165513C9EF629364CEDB9AEF77"}

[2025-09-07 18:01:41] Response (400):
{"code":40002,"message":"Invalid value for data.0.user.ttp: value may not be null.","request_id":"20250907180141C5642E429B3418022361"}

[2025-09-07 18:03:07] Response (400):
{"code":40002,"message":"Invalid value for data.0.user.ttp: value may not be null.","request_id":"202509071803072C7032E5C29CA7F70046"}

[2025-09-07 18:03:08] Response (400):
{"code":40002,"message":"Invalid value for data.0.user.ttp: value may not be null.","request_id":"202509071803087EF9C55979093687B4F4"}

[2025-09-07 18:03:11] Response (400):
{"code":40002,"message":"Invalid value for data.0.user.ttp: value may not be null.","request_id":"202509071803102C424760EFA2E0445AC1"}

[2025-09-07 18:46:48] Response (400):
{"code":40002,"message":"Invalid value for data.0.user.ttp: value may not be null.","request_id":"20250907184648CEACE93523AFB204E5DF"}

[2025-09-07 20:50:48] Response (400):
{"code":40002,"message":"Invalid value for data.0.user.ttp: value may not be null.","request_id":"20250907205048E9ABD4D4CF7B28A3B206"}

[2025-09-07 22:52:11] Response (400):
{"code":40002,"message":"Invalid value for data.0.user.ttp: value may not be null.","request_id":"2025090722521187F76E1F50D83C7375FE"}

[2025-09-07 22:53:50] Response (400):
{"code":40002,"message":"Invalid value for data.0.user.ttp: value may not be null.","request_id":"202509072253501202746827EB5EDBF97E"}

[2025-09-08 00:46:10] Response (400):
{"code":40002,"message":"Invalid value for data.0.user.ttp: value may not be null.","request_id":"20250908004610FB38DB2238AA201DB676"}

[2025-09-08 03:43:19] Response (400):
{"code":40002,"message":"Invalid value for data.0.user.ttp: value may not be null.","request_id":"20250908034319E2434699F9D9885E2255"}

[2025-09-08 03:46:17] Response (400):
{"code":40002,"message":"Invalid value for data.0.user.ttp: value may not be null.","request_id":"20250908034617CBCF4365548BB81432A9"}

[2025-09-08 04:54:25] Response (400):
{"code":40002,"message":"Invalid value for data.0.user.ttp: value may not be null.","request_id":"20250908045425455A0ADE5992AE69E180"}

[2025-09-08 04:54:33] Response (400):
{"code":40002,"message":"Invalid value for data.0.user.ttp: value may not be null.","request_id":"20250908045432AC4DBDD68646C84A35C2"}

[2025-09-08 04:54:34] Response (400):
{"code":40002,"message":"Invalid value for data.0.user.ttp: value may not be null.","request_id":"20250908045434CF48E2615312601F0E03"}

[2025-09-08 04:54:36] Response (400):
{"code":40002,"message":"Invalid value for data.0.user.ttp: value may not be null.","request_id":"20250908045436F8497B515F53FC2FDAA8"}

[2025-09-08 05:47:29] Response (400):
{"code":40002,"message":"Invalid value for data.0.user.ttp: value may not be null.","request_id":"2025090805472995204C3F90DEB58B5741"}

[2025-09-08 09:49:13] Response (400):
{"code":40002,"message":"Invalid value for data.0.user.ttp: value may not be null.","request_id":"202509080949135DEE04FFD06011B000DD"}

[2025-09-08 09:49:23] Response (400):
{"code":40002,"message":"Invalid value for data.0.user.ttp: value may not be null.","request_id":"20250908094923C86207F6F444C0FA8525"}

[2025-09-08 11:42:55] Response (400):
{"code":40002,"message":"Invalid value for data.0.user.ttp: value may not be null.","request_id":"202509081142558E1393E78CE65F77C06F"}

[2025-09-08 15:00:24] Response (400):
{"code":40002,"message":"Invalid value for data.0.user.ttp: value may not be null.","request_id":"2025090815002422E2B26B7FD932E0893F"}

[2025-09-08 15:16:35] Response (400):
{"code":40002,"message":"Invalid value for data.0.user.ttp: value may not be null.","request_id":"202509081516351E45D43573D635982C10"}

[2025-09-08 15:53:19] Response (400):
{"code":40002,"message":"Invalid value for data.0.user.ttp: value may not be null.","request_id":"202509081553187F948E804B76C017CC66"}

[2025-09-08 15:53:28] Response (400):
{"code":40002,"message":"Invalid value for data.0.user.ttp: value may not be null.","request_id":"20250908155328BDFF329B290A0A62EA62"}

[2025-09-08 15:53:30] Response (400):
{"code":40002,"message":"Invalid value for data.0.user.ttp: value may not be null.","request_id":"20250908155330DDEC1C102EC96DFDCAF9"}

[2025-09-08 15:53:33] Response (400):
{"code":40002,"message":"Invalid value for data.0.user.ttp: value may not be null.","request_id":"20250908155333081858C71B5A1776277B"}

[2025-09-08 16:50:47] Response (400):
{"code":40002,"message":"Invalid value for data.0.user.ttp: value may not be null.","request_id":"20250908165047416DD40B1900B060A9E6"}

[2025-09-08 20:57:37] Response (400):
{"code":40002,"message":"Invalid value for data.0.user.ttp: value may not be null.","request_id":"202509082057377E6D7F9701FF4915546A"}

[2025-09-08 20:57:49] Response (400):
{"code":40002,"message":"Invalid value for data.0.user.ttp: value may not be null.","request_id":"20250908205749289AB9E4BE786919D350"}

[2025-09-08 22:40:13] Response (400):
{"code":40002,"message":"Invalid value for data.0.user.ttp: value may not be null.","request_id":"202509082240125A6980822A4A7C5D48DE"}

[2025-09-09 01:42:37] Response (400):
{"code":40002,"message":"Invalid value for data.0.user.ttp: value may not be null.","request_id":"202509090142372C1C480C97E9E32845DD"}

[2025-09-09 01:45:55] Response (400):
{"code":40002,"message":"Invalid value for data.0.user.ttp: value may not be null.","request_id":"202509090145556385078C37A502E67F23"}

[2025-09-09 02:59:16] Response (400):
{"code":40002,"message":"Invalid value for data.0.user.ttp: value may not be null.","request_id":"20250909025916ADA4628CF02AAB0F612A"}

[2025-09-09 02:59:27] Response (400):
{"code":40002,"message":"Invalid value for data.0.user.ttp: value may not be null.","request_id":"20250909025927159E6EB71111A5BF039D"}

[2025-09-09 02:59:28] Response (400):
{"code":40002,"message":"Invalid value for data.0.user.ttp: value may not be null.","request_id":"20250909025928C846054CAD2DC07DC832"}

[2025-09-09 02:59:33] Response (400):
{"code":40002,"message":"Invalid value for data.0.user.ttp: value may not be null.","request_id":"20250909025933110E83F82E7343A29308"}

[2025-09-09 03:50:52] Response (400):
{"code":40002,"message":"Invalid value for data.0.user.ttp: value may not be null.","request_id":"202509090350520EDF8E8402638BF565DC"}

[2025-09-09 07:43:29] Response (400):
{"code":40002,"message":"Invalid value for data.0.user.ttp: value may not be null.","request_id":"2025090907432994603F8DB4B5D451CDB2"}

[2025-09-09 07:43:40] Response (400):
{"code":40002,"message":"Invalid value for data.0.user.ttp: value may not be null.","request_id":"20250909074340396D1A297F8A703CDC9A"}

[2025-09-09 08:41:48] Response (400):
{"code":40002,"message":"Invalid value for data.0.user.ttp: value may not be null.","request_id":"202509090841485D79E96176421BB47D5F"}

[2025-09-09 12:44:35] Response (400):
{"code":40002,"message":"Invalid value for data.0.user.ttp: value may not be null.","request_id":"202509091244358DDA7D24CA3E8ED5A18B"}

[2025-09-09 12:48:52] Response (400):
{"code":40002,"message":"Invalid value for data.0.user.ttp: value may not be null.","request_id":"2025090912485292816310B8C1E5C405E0"}

[2025-09-09 14:12:36] Response (400):
{"code":40002,"message":"Invalid value for data.0.user.ttp: value may not be null.","request_id":"2025090914123602479EA770F4C005F8CC"}

[2025-09-09 14:12:49] Response (400):
{"code":40002,"message":"Invalid value for data.0.user.ttp: value may not be null.","request_id":"2025090914124922F381E792C9DB60A16C"}

[2025-09-09 14:12:52] Response (400):
{"code":40002,"message":"Invalid value for data.0.user.ttp: value may not be null.","request_id":"20250909141252A72CD9D3C694EED35D4E"}

[2025-09-09 14:12:54] Response (400):
{"code":40002,"message":"Invalid value for data.0.user.ttp: value may not be null.","request_id":"20250909141254AAA9E41A5B4FC32775CD"}

[2025-09-09 14:44:57] Response (400):
{"code":40002,"message":"Invalid value for data.0.user.ttp: value may not be null.","request_id":"20250909144457865CC254FB7A2088BB6E"}

[2025-09-09 17:43:25] Response (200):
{"code": 0, "message": "OK", "request_id": "20250909174325AA7208A8ED356C60025D", "data": {}}

[2025-09-09 18:45:42] Response (400):
{"code":40002,"message":"Invalid value for data.0.user.ttp: value may not be null.","request_id":"20250909184542557B5E18BC34334E5E69"}

[2025-09-09 18:45:49] Response (400):
{"code":40002,"message":"Invalid value for data.0.user.ttp: value may not be null.","request_id":"20250909184549D6556E06DE5E0FA59F13"}

[2025-09-09 19:45:47] Response (400):
{"code":40002,"message":"Invalid value for data.0.user.ttp: value may not be null.","request_id":"20250909194547D800D412F5344A73EA51"}

[2025-09-09 23:43:00] Response (400):
{"code":40002,"message":"Invalid value for data.0.user.ttp: value may not be null.","request_id":"20250909234300F3962A94695E6D2570A4"}

[2025-09-09 23:49:19] Response (400):
{"code":40002,"message":"Invalid value for data.0.user.ttp: value may not be null.","request_id":"2025090923491910680AB3A80BEC03112F"}

[2025-09-10 00:15:35] Response (200):
{"code": 0, "message": "OK", "request_id": "2025091000153515310DBB687C531BA67D", "data": {}}

[2025-09-10 00:56:13] Response (400):
{"code":40002,"message":"Invalid value for data.0.user.ttp: value may not be null.","request_id":"2025091000561331A8D2B2019A351852A3"}

[2025-09-10 00:57:55] Response (400):
{"code":40002,"message":"Invalid value for data.0.user.ttp: value may not be null.","request_id":"2025091000575591191B68ECC7302DBABC"}

[2025-09-10 00:57:57] Response (400):
{"code":40002,"message":"Invalid value for data.0.user.ttp: value may not be null.","request_id":"202509100057571E865F03E9139A26BD08"}

[2025-09-10 00:57:58] Response (400):
{"code":40002,"message":"Invalid value for data.0.user.ttp: value may not be null.","request_id":"20250910005758BDE490772A6D1882EA83"}

[2025-09-10 01:45:07] Response (400):
{"code":40002,"message":"Invalid value for data.0.user.ttp: value may not be null.","request_id":"202509100145076CD641A4FD6B3139FBB3"}

[2025-09-10 05:42:39] Response (400):
{"code":40002,"message":"Invalid value for data.0.user.ttp: value may not be null.","request_id":"20250910054239951462E4FFB36D7512D6"}

[2025-09-10 05:42:46] Response (400):
{"code":40002,"message":"Invalid value for data.0.user.ttp: value may not be null.","request_id":"202509100542461CA48F0D46AE9A0C4204"}

[2025-09-10 05:51:47] Response (200):
{"code": 0, "message": "OK", "request_id": "20250910055147D9EF3E3E857063D03DA4", "data": {}}

[2025-09-10 06:49:53] Response (400):
{"code":40002,"message":"Invalid value for data.0.user.ttp: value may not be null.","request_id":"2025091006495332A8BC60904A6E0C1509"}

[2025-09-10 10:44:49] Response (400):
{"code":40002,"message":"Invalid value for data.0.user.ttp: value may not be null.","request_id":"20250910104449ACF1975994CDD625C7C2"}

[2025-09-10 10:49:20] Response (400):
{"code":40002,"message":"Invalid value for data.0.user.ttp: value may not be null.","request_id":"20250910104920E5135C3495B58CB407E1"}

[2025-09-10 11:42:47] Response (400):
{"code":40002,"message":"Invalid value for data.0.user.ttp: value may not be null.","request_id":"202509101142477BC9432797234F99612A"}

[2025-09-10 12:01:49] Response (400):
{"code":40002,"message":"Invalid value for data.0.user.ttp: value may not be null.","request_id":"20250910120149D35C2DD01F4DD4696DC9"}

[2025-09-10 12:02:01] Response (400):
{"code":40002,"message":"Invalid value for data.0.user.ttp: value may not be null.","request_id":"202509101202012D7698A79A132B1A599C"}

[2025-09-10 12:02:04] Response (400):
{"code":40002,"message":"Invalid value for data.0.user.ttp: value may not be null.","request_id":"202509101202041416B3EA65457048FC2C"}

[2025-09-10 12:53:27] Response (400):
{"code":40002,"message":"Invalid value for data.0.user.ttp: value may not be null.","request_id":"20250910125327658E077F467A9C608EB1"}

[2025-09-10 16:40:57] Response (400):
{"code":40002,"message":"Invalid value for data.0.user.ttp: value may not be null.","request_id":"20250910164057FD0E4EC3C1F6BEB8B62A"}

[2025-09-10 16:41:52] Response (400):
{"code":40002,"message":"Invalid value for data.0.user.ttp: value may not be null.","request_id":"202509101641527094364D8497BC5DB4E7"}

[2025-09-10 17:42:39] Response (400):
{"code":40002,"message":"Invalid value for data.0.user.ttp: value may not be null.","request_id":"20250910174239D43F03074A5BE1B6AB23"}

[2025-09-10 20:47:29] Response (400):
{"code":40002,"message":"Invalid value for data.0.user.ttp: value may not be null.","request_id":"20250910204729F95428812966A608237B"}

[2025-09-10 20:47:32] Response (400):
{"code":40002,"message":"Invalid value for data.0.user.ttp: value may not be null.","request_id":"20250910204732FC57FD94CFF219316E84"}

[2025-09-10 20:47:39] Response (400):
{"code":40002,"message":"Invalid value for data.0.user.ttp: value may not be null.","request_id":"2025091020473912DCBA78C1BAF876E706"}

[2025-09-10 20:47:39] Response (400):
{"code":40002,"message":"Invalid value for data.0.user.ttp: value may not be null.","request_id":"20250910204739F534F5DCC1FA9DD8454E"}

[2025-09-10 20:47:45] Response (400):
{"code":40002,"message":"Invalid value for data.0.user.ttp: value may not be null.","request_id":"20250910204745BFE67F8D2AABC0576008"}

[2025-09-10 21:43:12] Response (400):
{"code":40002,"message":"Invalid value for data.0.user.ttp: value may not be null.","request_id":"202509102143122CEC4E2ED6847F744253"}

[2025-09-10 22:48:25] Response (400):
{"code":40002,"message":"Invalid value for data.0.user.ttp: value may not be null.","request_id":"20250910224825AB53A4790FF3F1E3BC18"}

[2025-09-10 22:48:32] Response (400):
{"code":40002,"message":"Invalid value for data.0.user.ttp: value may not be null.","request_id":"2025091022483165B0695A8D0192EB2FBE"}

[2025-09-10 22:48:39] Response (400):
{"code":40002,"message":"Invalid value for data.0.user.ttp: value may not be null.","request_id":"2025091022483987F76E1F50D83CB621D3"}

[2025-09-10 23:14:02] Response (400):
{"code":40002,"message":"Invalid value for data.0.user.ttp: value may not be null.","request_id":"202509102314023F49DEB0A8F2EAB16CC3"}

[2025-09-10 23:47:45] Response (400):
{"code":40002,"message":"Invalid value for data.0.user.ttp: value may not be null.","request_id":"202509102347457B95F23CCC83A70869C8"}

[2025-09-11 03:44:52] Response (400):
{"code":40002,"message":"Invalid value for data.0.user.ttp: value may not be null.","request_id":"202509110344526F8FE275ABD7598FC1E0"}

[2025-09-11 03:45:05] Response (400):
{"code":40002,"message":"Invalid value for data.0.user.ttp: value may not be null.","request_id":"20250911034505290FE911452AF9ABA9EA"}

[2025-09-11 04:40:28] Response (400):
{"code":40002,"message":"Invalid value for data.0.user.ttp: value may not be null.","request_id":"20250911044028C110B0718470328841B8"}

[2025-09-11 06:42:39] Response (400):
{"code":40002,"message":"Invalid value for data.0.user.ttp: value may not be null.","request_id":"20250911064239CD760A03926566093510"}

[2025-09-11 08:40:17] Response (400):
{"code":40002,"message":"Invalid value for data.0.user.ttp: value may not be null.","request_id":"202509110840177BB4B8BCDE2DC89C927C"}

[2025-09-11 09:56:06] Response (400):
{"code":40002,"message":"Invalid value for data.0.user.ttp: value may not be null.","request_id":"2025091109560637FA6AE09124B81717BA"}

[2025-09-11 10:29:40] Response (400):
{"code":40002,"message":"Invalid value for data.0.user.ttp: value may not be null.","request_id":"2025091110294098DDD315BF127B961F1C"}

[2025-09-11 10:30:10] Response (400):
{"code":40002,"message":"Invalid value for data.0.user.ttp: value may not be null.","request_id":"2025091110301003F57722FD5C04DFC286"}

[2025-09-11 10:31:34] Response (400):
{"code":40002,"message":"Invalid value for data.0.user.ttp: value may not be null.","request_id":"20250911103134C940955962A315E91B9B"}

[2025-09-11 11:05:16] Response (400):
{"code":40002,"message":"Invalid value for data.0.user.ttp: value may not be null.","request_id":"20250911110516A7063C0AF9DAB20EA335"}

[2025-09-11 11:05:22] Response (400):
{"code":40002,"message":"Invalid value for data.0.user.ttp: value may not be null.","request_id":"202509111105224FCAB227428FED32E0C4"}

[2025-09-11 11:06:51] Response (400):
{"code":40002,"message":"Invalid value for data.0.user.ttp: value may not be null.","request_id":"20250911110651F904C617AFF66C811B4F"}

[2025-09-11 11:10:42] Response (400):
{"code":40002,"message":"Invalid value for data.0.user.ttp: value may not be null.","request_id":"202509111110427CF530DEF73D6501D01B"}

[2025-09-11 11:10:48] Response (400):
{"code":40002,"message":"Invalid value for data.0.user.ttp: value may not be null.","request_id":"20250911111048D3C72E3C8390827D04F8"}

[2025-09-11 11:10:53] Response (400):
{"code":40002,"message":"Invalid value for data.0.user.ttp: value may not be null.","request_id":"20250911111053AC396F60067D66D0ABB7"}

[2025-09-11 11:21:54] Response (400):
{"code":40002,"message":"Invalid value for data.0.user.ttp: value may not be null.","request_id":"20250911112154ECA7C9E857D4DC2F6651"}

[2025-09-11 19:29:04] Response (200):
{"code": 0, "message": "OK", "request_id": "202509111929047F797E00E095E16BDD75", "data": {}}

[2025-09-11 20:39:32] Response (400):
{"code":40002,"message":"Invalid value for data.0.user.ttp: value may not be null.","request_id":"20250911203932A496EA5165479C7F06D7"}

[2025-09-11 20:40:41] Response (400):
{"code":40002,"message":"Invalid value for data.0.user.ttp: value may not be null.","request_id":"20250911204041BF670D53ECF9AB0ABAD1"}

[2025-09-11 20:41:14] Response (400):
{"code":40002,"message":"Invalid value for data.0.user.ttp: value may not be null.","request_id":"202509112041140FA85709955937391CCD"}

[2025-09-11 21:43:10] Response (400):
{"code":40002,"message":"Invalid value for data.0.user.ttp: value may not be null.","request_id":"20250911214310B676CC774BF932D2860B"}

[2025-09-11 22:01:50] Response (400):
{"code":40002,"message":"Invalid value for data.0.user.ttp: value may not be null.","request_id":"20250911220150C96027FF71CB36BCDC97"}

[2025-09-11 22:03:23] Response (400):
{"code":40002,"message":"Invalid value for data.0.user.ttp: value may not be null.","request_id":"202509112203233E707C777EC9164F1D2C"}

[2025-09-11 22:29:17] Response (400):
{"code":40002,"message":"Invalid value for data.0.user.ttp: value may not be null.","request_id":"2025091122291791FAE276FBE757CFF2D1"}

[2025-09-11 22:38:48] Response (400):
{"code":40002,"message":"Invalid value for data.0.user.ttp: value may not be null.","request_id":"20250911223848B930CC40FA484B40EBAB"}

[2025-09-11 22:38:49] Response (400):
{"code":40002,"message":"Invalid value for data.0.user.ttp: value may not be null.","request_id":"20250911223849B707511B17CFC0BE5538"}

[2025-09-11 22:55:07] Response (400):
{"code":40002,"message":"Invalid value for data.0.user.ttp: value may not be null.","request_id":"202509112255079BD8F74D143EB929D7A2"}

[2025-09-12 05:50:19] Response (400):
{"code":40002,"message":"Invalid value for data.0.user.ttp: value may not be null.","request_id":"202509120550199BA3BFFD11F4339DB13C"}

[2025-09-12 07:41:42] Response (400):
{"code":40002,"message":"Invalid value for data.0.user.ttp: value may not be null.","request_id":"202509120741427CF530DEF73D655CE621"}

[2025-09-12 07:45:56] Response (400):
{"code":40002,"message":"Invalid value for data.0.user.ttp: value may not be null.","request_id":"2025091207455678920934E937533BBC6F"}

[2025-09-12 07:46:44] Response (400):
{"code":40002,"message":"Invalid value for data.0.user.ttp: value may not be null.","request_id":"202509120746446144384357DBACD77973"}

[2025-09-12 08:04:55] Response (200):
{"code": 0, "message": "OK", "request_id": "2025091208045555358BB60D05CC035E15", "data": {}}

[2025-09-12 08:50:48] Response (400):
{"code":40002,"message":"Invalid value for data.0.user.ttp: value may not be null.","request_id":"20250912085048D8787A6DF067BFD412D2"}

[2025-09-12 08:50:52] Response (400):
{"code":40002,"message":"Invalid value for data.0.user.ttp: value may not be null.","request_id":"20250912085052E53CA5BE00CB2B406971"}

[2025-09-12 08:53:13] Response (400):
{"code":40002,"message":"Invalid value for data.0.user.ttp: value may not be null.","request_id":"202509120853138A093F7284F616A6D25D"}

[2025-09-12 08:53:17] Response (400):
{"code":40002,"message":"Invalid value for data.0.user.ttp: value may not be null.","request_id":"20250912085317592BB8CCA507B05D2ABF"}

[2025-09-12 08:56:18] Response (400):
{"code":40002,"message":"Invalid value for data.0.user.ttp: value may not be null.","request_id":"20250912085618D3C64685B6076AE5D5AD"}

[2025-09-12 09:09:29] Response (400):
{"code":40002,"message":"Invalid value for data.0.user.ttp: value may not be null.","request_id":"202509120909292C9A228674F68779D993"}

[2025-09-12 09:45:56] Response (400):
{"code":40002,"message":"Invalid value for data.0.user.ttp: value may not be null.","request_id":"202509120945569DF0C2663754070A1AB4"}

[2025-09-12 10:33:50] Response (200):
{"code": 0, "message": "OK", "request_id": "20250912103350527B37D772E2D51D585B", "data": {}}

[2025-09-12 18:39:32] Response (400):
{"code":40002,"message":"Invalid value for data.0.user.ttp: value may not be null.","request_id":"20250912183932A9E7D63BCBEC3944C928"}

[2025-09-12 18:42:10] Response (400):
{"code":40002,"message":"Invalid value for data.0.user.ttp: value may not be null.","request_id":"2025091218421039BCBBDAD15E834C7B46"}

[2025-09-12 18:44:28] Response (400):
{"code":40002,"message":"Invalid value for data.0.user.ttp: value may not be null.","request_id":"202509121844287710255E262AF0D5F0C1"}

[2025-09-12 19:41:41] Response (400):
{"code":40002,"message":"Invalid value for data.0.user.ttp: value may not be null.","request_id":"20250912194141BD3879F135AEA954DEEE"}

[2025-09-12 19:43:51] Response (400):
{"code":40002,"message":"Invalid value for data.0.user.ttp: value may not be null.","request_id":"20250912194351C18A91331B0CFDB4CE5D"}

[2025-09-12 19:51:41] Response (400):
{"code":40002,"message":"Invalid value for data.0.user.ttp: value may not be null.","request_id":"2025091219514125B9EB69915FC77A8CF7"}

[2025-09-12 20:09:52] Response (400):
{"code":40002,"message":"Invalid value for data.0.user.ttp: value may not be null.","request_id":"20250912200952D9404A86E845BF0C4FC3"}

[2025-09-12 20:10:11] Response (400):
{"code":40002,"message":"Invalid value for data.0.user.ttp: value may not be null.","request_id":"20250912201011068B679E8EAFA22F8022"}

[2025-09-12 20:10:13] Response (400):
{"code":40002,"message":"Invalid value for data.0.user.ttp: value may not be null.","request_id":"202509122010131CDF282FC67892814223"}

[2025-09-12 20:54:14] Response (400):
{"code":40002,"message":"Invalid value for data.0.user.ttp: value may not be null.","request_id":"202509122054144DA100EC6A150F839AD9"}

[2025-09-12 22:57:39] Response (400):
{"code":40002,"message":"Invalid value for data.0.user.ttp: value may not be null.","request_id":"20250912225739560527EF100AA91ECC62"}

[2025-09-13 05:42:15] Response (400):
{"code":40002,"message":"Invalid value for data.0.user.ttp: value may not be null.","request_id":"20250913054215DC2849FF36D4C43266BB"}

[2025-09-13 05:47:32] Response (400):
{"code":40002,"message":"Invalid value for data.0.user.ttp: value may not be null.","request_id":"202509130547321D1870895711114080AE"}

[2025-09-13 05:47:46] Response (400):
{"code":40002,"message":"Invalid value for data.0.user.ttp: value may not be null.","request_id":"202509130547465899F38C40E4A1B763F0"}

[2025-09-13 07:01:03] Response (400):
{"code":40002,"message":"Invalid value for data.0.user.ttp: value may not be null.","request_id":"2025091307010340C27A538E0272789328"}

[2025-09-13 07:01:07] Response (400):
{"code":40002,"message":"Invalid value for data.0.user.ttp: value may not be null.","request_id":"2025091307010704A98D3441921EBDC1FB"}

[2025-09-13 07:07:32] Response (400):
{"code":40002,"message":"Invalid value for data.0.user.ttp: value may not be null.","request_id":"20250913070732C840E289AE3CB903FD2D"}

[2025-09-13 07:17:09] Response (400):
{"code":40002,"message":"Invalid value for data.0.user.ttp: value may not be null.","request_id":"20250913071709D09FBB67AA4547E1FD78"}

[2025-09-13 07:17:12] Response (400):
{"code":40002,"message":"Invalid value for data.0.user.ttp: value may not be null.","request_id":"20250913071712886AC4DCC92500E29C30"}

[2025-09-13 07:29:18] Response (400):
{"code":40002,"message":"Invalid value for data.0.user.ttp: value may not be null.","request_id":"20250913072918A3B642A53803805D143B"}

[2025-09-13 08:09:08] Response (400):
{"code":40002,"message":"Invalid value for data.0.user.ttp: value may not be null.","request_id":"202509130809086370148530896AF96153"}

[2025-09-13 13:46:44] Response (400):
{"code":40002,"message":"Invalid value for data.0.user.ttp: value may not be null.","request_id":"20250913134644BA9BAC2D3080B35E9CB2"}

[2025-09-13 14:53:19] Response (400):
{"code":40002,"message":"Invalid value for data.0.user.ttp: value may not be null.","request_id":"202509131453196A9B6BCC3C184883A309"}

[2025-09-13 15:28:31] Response (400):
{"code":40002,"message":"Invalid value for data.0.user.ttp: value may not be null.","request_id":"202509131528318EA3921FE0ABA48CD4D3"}

[2025-09-13 16:39:28] Response (400):
{"code":40002,"message":"Invalid value for data.0.user.ttp: value may not be null.","request_id":"202509131639285723C46B06670F12BF4A"}

[2025-09-13 16:45:40] Response (400):
{"code":40002,"message":"Invalid value for data.0.user.ttp: value may not be null.","request_id":"202509131645409EBAA344A0444697F898"}

[2025-09-13 16:45:48] Response (400):
{"code":40002,"message":"Invalid value for data.0.user.ttp: value may not be null.","request_id":"20250913164548E8CD184CE01AA400AF8B"}

[2025-09-13 17:41:36] Response (400):
{"code":40002,"message":"Invalid value for data.0.user.ttp: value may not be null.","request_id":"20250913174136BB1F1D0D6D3A46FDD2F6"}

[2025-09-13 17:43:50] Response (400):
{"code":40002,"message":"Invalid value for data.0.user.ttp: value may not be null.","request_id":"20250913174350226F4675D6F6E721D268"}

[2025-09-13 17:52:05] Response (400):
{"code":40002,"message":"Invalid value for data.0.user.ttp: value may not be null.","request_id":"20250913175205B0F16062B4A5348C89BD"}

[2025-09-13 17:52:41] Response (400):
{"code":40002,"message":"Invalid value for data.0.user.ttp: value may not be null.","request_id":"202509131752418C8DF304EBFE2F4FEF5A"}

[2025-09-13 17:52:44] Response (400):
{"code":40002,"message":"Invalid value for data.0.user.ttp: value may not be null.","request_id":"20250913175244793C109A41C2E77A5EF5"}

[2025-09-13 17:52:46] Response (400):
{"code":40002,"message":"Invalid value for data.0.user.ttp: value may not be null.","request_id":"20250913175246D0867ED719D91E944514"}

[2025-09-13 18:56:02] Response (400):
{"code":40002,"message":"Invalid value for data.0.user.ttp: value may not be null.","request_id":"20250913185602CC227544699B2CA9C37C"}

[2025-09-14 03:40:45] Response (400):
{"code":40002,"message":"Invalid value for data.0.user.ttp: value may not be null.","request_id":"20250914034045C48A736F59372A468BD0"}

[2025-09-14 03:42:38] Response (400):
{"code":40002,"message":"Invalid value for data.0.user.ttp: value may not be null.","request_id":"2025091403423888A3AE47FA63A128DB06"}

[2025-09-14 03:42:51] Response (400):
{"code":40002,"message":"Invalid value for data.0.user.ttp: value may not be null.","request_id":"20250914034251AB7C9FD9E57A8DD00F49"}

[2025-09-14 04:40:41] Response (400):
{"code":40002,"message":"Invalid value for data.0.user.ttp: value may not be null.","request_id":"2025091404404143C2380670E6761ACE4B"}

[2025-09-14 04:58:35] Response (400):
{"code":40002,"message":"Invalid value for data.0.user.ttp: value may not be null.","request_id":"20250914045835D27DAE71F885C105C724"}

[2025-09-14 04:58:35] Response (400):
{"code":40002,"message":"Invalid value for data.0.user.ttp: value may not be null.","request_id":"20250914045835000E7E063437F4C38671"}

[2025-09-14 05:01:56] Response (400):
{"code":40002,"message":"Invalid value for data.0.user.ttp: value may not be null.","request_id":"2025091405015661BCE62BACC70C0971DD"}

[2025-09-14 05:12:30] Response (400):
{"code":40002,"message":"Invalid value for data.0.user.ttp: value may not be null.","request_id":"202509140512302B72269BF824EE0F6CF1"}

[2025-09-14 05:14:02] Response (400):
{"code":40002,"message":"Invalid value for data.0.user.ttp: value may not be null.","request_id":"20250914051402D58F119FB47838675B50"}

[2025-09-14 05:58:45] Response (400):
{"code":40002,"message":"Invalid value for data.0.user.ttp: value may not be null.","request_id":"202509140558454CAD38F0B1615392778B"}

[2025-09-14 14:39:43] Response (400):
{"code":40002,"message":"Invalid value for data.0.user.ttp: value may not be null.","request_id":"202509141439431235ADB05604E9E013AC"}

[2025-09-14 14:42:12] Response (400):
{"code":40002,"message":"Invalid value for data.0.user.ttp: value may not be null.","request_id":"202509141442123F80649F848F074C1CEA"}

[2025-09-14 14:42:29] Response (400):
{"code":40002,"message":"Invalid value for data.0.user.ttp: value may not be null.","request_id":"20250914144229F1071D54C0E4CB47B44F"}

[2025-09-14 15:51:29] Response (400):
{"code":40002,"message":"Invalid value for data.0.user.ttp: value may not be null.","request_id":"20250914155129C503F0606FC7A45F8C8A"}

[2025-09-14 15:51:33] Response (400):
{"code":40002,"message":"Invalid value for data.0.user.ttp: value may not be null.","request_id":"20250914155133453B26273BECDE0BABE3"}

[2025-09-14 15:55:00] Response (400):
{"code":40002,"message":"Invalid value for data.0.user.ttp: value may not be null.","request_id":"20250914155500B4A2E9E651C519D1AC57"}

[2025-09-14 15:55:02] Response (400):
{"code":40002,"message":"Invalid value for data.0.user.ttp: value may not be null.","request_id":"20250914155502993B490C9F89C5D309B0"}

[2025-09-14 15:55:03] Response (400):
{"code":40002,"message":"Invalid value for data.0.user.ttp: value may not be null.","request_id":"202509141555034D1D77DBEF4819884A6C"}

[2025-09-14 15:59:39] Response (400):
{"code":40002,"message":"Invalid value for data.0.user.ttp: value may not be null.","request_id":"20250914155939315539DEC36E2557DA8E"}

[2025-09-14 17:06:13] Response (400):
{"code":40002,"message":"Invalid value for data.0.user.ttp: value may not be null.","request_id":"20250914170613F28ED329A504DD0BD5E0"}

[2025-09-14 20:22:37] Response (200):
{"code": 0, "message": "OK", "request_id": "20250914202237419F65020DC8241CEC75", "data": {}}

[2025-09-14 23:00:12] Response (400):
{"code":40002,"message":"Invalid value for data.0.user.ttp: value may not be null.","request_id":"20250914230011906746F727158AD3FD16"}

[2025-09-15 01:44:19] Response (400):
{"code":40002,"message":"Invalid value for data.0.user.ttp: value may not be null.","request_id":"20250915014419C0F92F0ACA6BB5BFF72A"}

[2025-09-15 01:50:43] Response (400):
{"code":40002,"message":"Invalid value for data.0.user.ttp: value may not be null.","request_id":"20250915015043DC411EB09E231D268FE0"}

[2025-09-15 01:50:59] Response (400):
{"code":40002,"message":"Invalid value for data.0.user.ttp: value may not be null.","request_id":"202509150150597DCA1188D646FF30CB93"}

[2025-09-15 02:50:35] Response (400):
{"code":40002,"message":"Invalid value for data.0.user.ttp: value may not be null.","request_id":"2025091502503566F4EEBF5472C5D5BDD3"}

[2025-09-15 02:50:37] Response (400):
{"code":40002,"message":"Invalid value for data.0.user.ttp: value may not be null.","request_id":"202509150250374DCE35097BC62B0AC732"}

[2025-09-15 02:54:26] Response (400):
{"code":40002,"message":"Invalid value for data.0.user.ttp: value may not be null.","request_id":"202509150254265728EAA35873CF239496"}

[2025-09-15 02:57:55] Response (400):
{"code":40002,"message":"Invalid value for data.0.user.ttp: value may not be null.","request_id":"202509150257551F1444451C16010DEDDB"}

[2025-09-15 03:19:19] Response (400):
{"code":40002,"message":"Invalid value for data.0.user.ttp: value may not be null.","request_id":"202509150319194E6E25AD15EF40A1AFA3"}

[2025-09-15 03:19:22] Response (400):
{"code":40002,"message":"Invalid value for data.0.user.ttp: value may not be null.","request_id":"20250915031920C7FE9466B67B2E152642"}

[2025-09-15 03:56:09] Response (400):
{"code":40002,"message":"Invalid value for data.0.user.ttp: value may not be null.","request_id":"20250915035609BD3BF16962C63610AA62"}

[2025-09-15 09:44:41] Response (400):
{"code":40002,"message":"Invalid value for data.0.user.ttp: value may not be null.","request_id":"202509150944413C928962AF53A3EEAB23"}

[2025-09-15 11:24:04] Response (200):
{"code": 0, "message": "OK", "request_id": "20250915112403E8A2A02C6E1AA760004A", "data": {}}

[2025-09-15 12:40:08] Response (400):
{"code":40002,"message":"Invalid value for data.0.user.ttp: value may not be null.","request_id":"202509151240080505407C7294E1AED386"}

[2025-09-15 12:41:30] Response (400):
{"code":40002,"message":"Invalid value for data.0.user.ttp: value may not be null.","request_id":"2025091512413062B90D8F1372FFDE1049"}

[2025-09-15 12:41:50] Response (400):
{"code":40002,"message":"Invalid value for data.0.user.ttp: value may not be null.","request_id":"20250915124150B38DF3ADD7647A355DE0"}

[2025-09-15 13:52:03] Response (400):
{"code":40002,"message":"Invalid value for data.0.user.ttp: value may not be null.","request_id":"202509151352035B604511945A854191C6"}

[2025-09-15 13:52:06] Response (400):
{"code":40002,"message":"Invalid value for data.0.user.ttp: value may not be null.","request_id":"20250915135206C01F77F0247DA822FD02"}

[2025-09-15 13:55:54] Response (400):
{"code":40002,"message":"Invalid value for data.0.user.ttp: value may not be null.","request_id":"2025091513555493BA9E4236416987A490"}

[2025-09-15 13:55:55] Response (400):
{"code":40002,"message":"Invalid value for data.0.user.ttp: value may not be null.","request_id":"20250915135555B33B3E38F7B589502CA5"}

[2025-09-15 14:02:04] Response (0):


[2025-09-15 14:09:44] Response (400):
{"code":40002,"message":"Invalid value for data.0.user.ttp: value may not be null.","request_id":"20250915140944C50340ED859301620F15"}

[2025-09-15 14:49:47] Response (400):
{"code":40002,"message":"Invalid value for data.0.user.ttp: value may not be null.","request_id":"20250915144947AB90233B066C278D666C"}

[2025-09-15 17:31:40] Response (400):
{"code":40002,"message":"Invalid value for data.0.user.ttp: value may not be null.","request_id":"2025091517314048AAC1B168F2731C5CFD"}

[2025-09-15 20:56:08] Response (400):
{"code":40002,"message":"Invalid value for data.0.user.ttp: value may not be null.","request_id":"202509152056086DA254CD2C627C2B90F9"}

[2025-09-15 22:42:03] Response (400):
{"code":40002,"message":"Invalid value for data.0.user.ttp: value may not be null.","request_id":"202509152242034C4758E8A3AD2BC53823"}

[2025-09-15 23:43:23] Response (400):
{"code":40002,"message":"Invalid value for data.0.user.ttp: value may not be null.","request_id":"20250915234323BC8B833B6D7FA9EEF3F0"}

[2025-09-15 23:48:45] Response (400):
{"code":40002,"message":"Invalid value for data.0.user.ttp: value may not be null.","request_id":"20250915234845918EE649CAA20337C1BC"}

[2025-09-16 00:40:34] Response (400):
{"code":40002,"message":"Invalid value for data.0.user.ttp: value may not be null.","request_id":"202509160040340060EE9C871FDB88A9AA"}

[2025-09-16 00:40:55] Response (400):
{"code":40002,"message":"Invalid value for data.0.user.ttp: value may not be null.","request_id":"202509160040551BC76BD1EA06C4D4953B"}

[2025-09-16 00:42:07] Response (400):
{"code":40002,"message":"Invalid value for data.0.user.ttp: value may not be null.","request_id":"20250916004207253C761FEB1CCED52513"}

[2025-09-16 00:45:34] Response (400):
{"code":40002,"message":"Invalid value for data.0.user.ttp: value may not be null.","request_id":"20250916004534BBA66B4286DFCA9AAAC9"}

[2025-09-16 00:45:36] Response (400):
{"code":40002,"message":"Invalid value for data.0.user.ttp: value may not be null.","request_id":"20250916004535DA4BA2FF898BA3553409"}

[2025-09-16 00:48:49] Response (400):
{"code":40002,"message":"Invalid value for data.0.user.ttp: value may not be null.","request_id":"202509160048498E336371803AE5035DD7"}

[2025-09-16 01:56:40] Response (400):
{"code":40002,"message":"Invalid value for data.0.user.ttp: value may not be null.","request_id":"2025091601564031C8694FC5D4AAE5C63F"}

[2025-09-16 03:04:07] Response (400):
{"code":40002,"message":"Invalid value for data.0.user.ttp: value may not be null.","request_id":"20250916030407A6AE1D8FC48B16F54DD8"}

[2025-09-16 03:13:39] Response (400):
{"code":40002,"message":"Invalid value for data.0.user.ttp: value may not be null.","request_id":"202509160313399DB19DE6710F34DF0D30"}

[2025-09-16 07:41:52] Response (400):
{"code":40002,"message":"Invalid value for data.0.user.ttp: value may not be null.","request_id":"202509160741525371770B9AE30563DCEC"}

[2025-09-16 09:44:48] Response (400):
{"code":40002,"message":"Invalid value for data.0.user.ttp: value may not be null.","request_id":"20250916094447254B4332E3BE7A986AF6"}

[2025-09-16 10:48:05] Response (400):
{"code":40002,"message":"Invalid value for data.0.user.ttp: value may not be null.","request_id":"20250916104805AE892F1A2E4457A091F4"}

[2025-09-16 10:56:08] Response (400):
{"code":40002,"message":"Invalid value for data.0.user.ttp: value may not be null.","request_id":"202509161056089B7AE48609C3B09B9ED7"}

[2025-09-16 11:03:18] Response (400):
{"code":40002,"message":"Invalid value for data.0.user.ttp: value may not be null.","request_id":"202509161103186C406CC6586DE1A42D5E"}

[2025-09-16 11:03:29] Response (400):
{"code":40002,"message":"Invalid value for data.0.user.ttp: value may not be null.","request_id":"20250916110329A770BDF979D2F52A2E06"}

[2025-09-16 11:09:42] Response (400):
{"code":40002,"message":"Invalid value for data.0.user.ttp: value may not be null.","request_id":"2025091611094221A7F225EB55B7D04E83"}

[2025-09-16 11:45:31] Response (400):
{"code":40002,"message":"Invalid value for data.0.user.ttp: value may not be null.","request_id":"20250916114531F2DAD26FBF83CF507709"}

[2025-09-16 11:45:31] Response (400):
{"code":40002,"message":"Invalid value for data.0.user.ttp: value may not be null.","request_id":"20250916114531FF8BF80CEE2D1B8F29CA"}

[2025-09-16 11:47:09] Response (400):
{"code":40002,"message":"Invalid value for data.0.user.ttp: value may not be null.","request_id":"20250916114708C113C73C9972C09EED5D"}

[2025-09-16 12:47:08] Response (400):
{"code":40002,"message":"Invalid value for data.0.user.ttp: value may not be null.","request_id":"202509161247082C5F9FB14DB8202060AC"}

[2025-09-16 19:11:23] Response (400):
{"code":40002,"message":"Invalid value for data.0.user.ttp: value may not be null.","request_id":"202509161911225F2E8EE858F8E4D141B8"}

[2025-09-16 20:50:09] Response (400):
{"code":40002,"message":"Invalid value for data.0.user.ttp: value may not be null.","request_id":"20250916205009ADB101D48978A40BB148"}

[2025-09-16 21:42:37] Response (400):
{"code":40002,"message":"Invalid value for data.0.user.ttp: value may not be null.","request_id":"20250916214237E70B7FE0A92F3822A686"}

[2025-09-16 21:42:45] Response (400):
{"code":40002,"message":"Invalid value for data.0.user.ttp: value may not be null.","request_id":"2025091621424514B9E6A80079C8D7818B"}

[2025-09-16 21:46:11] Response (400):
{"code":40002,"message":"Invalid value for data.0.user.ttp: value may not be null.","request_id":"20250916214611FCE20FE858946F8BC37F"}

[2025-09-16 21:50:51] Response (400):
{"code":40002,"message":"Invalid value for data.0.user.ttp: value may not be null.","request_id":"20250916215050DB7CE19B9D5F7D37FB1D"}

[2025-09-16 21:50:55] Response (400):
{"code":40002,"message":"Invalid value for data.0.user.ttp: value may not be null.","request_id":"20250916215055B2B40D1356B31464F666"}

[2025-09-16 23:05:58] Response (400):
{"code":40002,"message":"Invalid value for data.0.user.ttp: value may not be null.","request_id":"20250916230558499078BA48971DE98C47"}

[2025-09-16 23:06:07] Response (400):
{"code":40002,"message":"Invalid value for data.0.user.ttp: value may not be null.","request_id":"20250916230607409E781ACC09AC0E2FF6"}

[2025-09-16 23:06:11] Response (400):
{"code":40002,"message":"Invalid value for data.0.user.ttp: value may not be null.","request_id":"2025091623061058F05F5C298D3554A6A1"}

[2025-09-16 23:49:01] Response (400):
{"code":40002,"message":"Invalid value for data.0.user.ttp: value may not be null.","request_id":"2025091623490177D300CD45C18D8E192C"}

[2025-09-17 05:47:15] Response (400):
{"code":40002,"message":"Invalid value for data.0.user.ttp: value may not be null.","request_id":"20250917054715F78E2C5069E83E564EE4"}

[2025-09-17 07:46:52] Response (400):
{"code":40002,"message":"Invalid value for data.0.user.ttp: value may not be null.","request_id":"202509170746528058F01D169FB786D751"}

[2025-09-17 08:41:54] Response (400):
{"code":40002,"message":"Invalid value for data.0.user.ttp: value may not be null.","request_id":"20250917084154205DC02126E9151C3BBB"}

[2025-09-17 08:45:56] Response (400):
{"code":40002,"message":"Invalid value for data.0.user.ttp: value may not be null.","request_id":"20250917084556311761D9C7837E99CF2F"}

[2025-09-17 08:47:55] Response (400):
{"code":40002,"message":"Invalid value for data.0.user.ttp: value may not be null.","request_id":"20250917084755B0079085DA3F4DF3A848"}

[2025-09-17 08:52:23] Response (400):
{"code":40002,"message":"Invalid value for data.0.user.ttp: value may not be null.","request_id":"20250917085223802E3B205CE6F35A29D8"}

[2025-09-17 08:53:25] Response (400):
{"code":40002,"message":"Invalid value for data.0.user.ttp: value may not be null.","request_id":"20250917085325F78DD180375E0C3F1E42"}

[2025-09-17 09:44:53] Response (400):
{"code":40002,"message":"Invalid value for data.0.user.ttp: value may not be null.","request_id":"202509170944535F7707BA587541059174"}

[2025-09-17 09:44:59] Response (400):
{"code":40002,"message":"Invalid value for data.0.user.ttp: value may not be null.","request_id":"202509170944593D271045FDE360069DDB"}

[2025-09-17 09:45:02] Response (400):
{"code":40002,"message":"Invalid value for data.0.user.ttp: value may not be null.","request_id":"20250917094502228D8CEB3348510EE41D"}

[2025-09-17 10:42:10] Response (400):
{"code":40002,"message":"Invalid value for data.0.user.ttp: value may not be null.","request_id":"20250917104210AF12F3EBA9A9AEACA1A8"}

[2025-09-17 16:51:04] Response (400):
{"code":40002,"message":"Invalid value for data.0.user.ttp: value may not be null.","request_id":"20250917165104F2345F7F088CDC2D1ED5"}

[2025-09-17 18:40:20] Response (400):
{"code":40002,"message":"Invalid value for data.0.user.ttp: value may not be null.","request_id":"20250917184020FFFD294191B18EE7650B"}

[2025-09-17 19:42:28] Response (400):
{"code":40002,"message":"Invalid value for data.0.user.ttp: value may not be null.","request_id":"20250917194228E02EE7D6C502BEA7643C"}

[2025-09-17 19:42:39] Response (400):
{"code":40002,"message":"Invalid value for data.0.user.ttp: value may not be null.","request_id":"20250917194239D1D0839315329B8A971F"}

[2025-09-17 19:43:43] Response (400):
{"code":40002,"message":"Invalid value for data.0.user.ttp: value may not be null.","request_id":"202509171943435BD83F19B9CB4C3E085F"}

[2025-09-17 19:44:44] Response (400):
{"code":40002,"message":"Invalid value for data.0.user.ttp: value may not be null.","request_id":"20250917194443E9B3C8DACCEC0C5AAC58"}

[2025-09-17 19:44:57] Response (400):
{"code":40002,"message":"Invalid value for data.0.user.ttp: value may not be null.","request_id":"202509171944562140E7EA64BAEE42F208"}

[2025-09-17 19:50:16] Response (400):
{"code":40002,"message":"Invalid value for data.0.user.ttp: value may not be null.","request_id":"20250917195016FCF83B1AA8D6DA35CCD6"}

[2025-09-17 20:53:49] Response (400):
{"code":40002,"message":"Invalid value for data.0.user.ttp: value may not be null.","request_id":"20250917205349EC6912F49D9FCDF982C5"}

[2025-09-17 20:54:00] Response (400):
{"code":40002,"message":"Invalid value for data.0.user.ttp: value may not be null.","request_id":"202509172054009CBEDE7DCD94AF3A5BB9"}

[2025-09-17 20:54:04] Response (400):
{"code":40002,"message":"Invalid value for data.0.user.ttp: value may not be null.","request_id":"20250917205404C7E1B33BFA8ECD579126"}

[2025-09-17 21:41:03] Response (400):
{"code":40002,"message":"Invalid value for data.0.user.ttp: value may not be null.","request_id":"202509172141037B0D9AB021D9FC8AA2DE"}

[2025-09-18 01:06:55] Response (400):
{"code":40002,"message":"Invalid value for data.0.user.ttp: value may not be null.","request_id":"20250918010655983803DB775664A0DF1F"}

[2025-09-18 03:46:03] Response (400):
{"code":40002,"message":"Invalid value for data.0.user.ttp: value may not be null.","request_id":"20250918034603D49FD28597F05A4C639C"}

[2025-09-18 05:41:26] Response (400):
{"code":40002,"message":"Invalid value for data.0.user.ttp: value may not be null.","request_id":"202509180541262BB960E2ED31F24B8C72"}

[2025-09-18 06:42:40] Response (400):
{"code":40002,"message":"Invalid value for data.0.user.ttp: value may not be null.","request_id":"20250918064240A73E1AAFDF73C8EFAB41"}

[2025-09-18 06:44:36] Response (400):
{"code":40002,"message":"Invalid value for data.0.user.ttp: value may not be null.","request_id":"20250918064436E37E71762F1304CD831A"}

[2025-09-18 06:52:55] Response (400):
{"code":40002,"message":"Invalid value for data.0.user.ttp: value may not be null.","request_id":"2025091806525584B5AD46347C7BA9E87C"}

[2025-09-18 06:53:04] Response (400):
{"code":40002,"message":"Invalid value for data.0.user.ttp: value may not be null.","request_id":"20250918065304136F719E588612B05F82"}

[2025-09-18 06:58:42] Response (400):
{"code":40002,"message":"Invalid value for data.0.user.ttp: value may not be null.","request_id":"20250918065842E833CF3019FFF478504E"}

[2025-09-18 07:48:49] Response (400):
{"code":40002,"message":"Invalid value for data.0.user.ttp: value may not be null.","request_id":"2025091807484979A64C8EC1091A7EBDCA"}

[2025-09-18 07:48:52] Response (400):
{"code":40002,"message":"Invalid value for data.0.user.ttp: value may not be null.","request_id":"20250918074852E4E7771AF01CE7CDA1A4"}

[2025-09-18 07:49:47] Response (400):
{"code":40002,"message":"Invalid value for data.0.user.ttp: value may not be null.","request_id":"2025091807494716726227CD96E94DCE9F"}

[2025-09-18 08:41:51] Response (400):
{"code":40002,"message":"Invalid value for data.0.user.ttp: value may not be null.","request_id":"20250918084151AD8318FBF8336C40C94E"}

[2025-09-18 11:44:56] Response (400):
{"code":40002,"message":"Invalid value for data.0.user.ttp: value may not be null.","request_id":"20250918114456D00EB60EFC7238892CD9"}

[2025-09-18 14:42:24] Response (400):
{"code":40002,"message":"Invalid value for data.0.user.ttp: value may not be null.","request_id":"20250918144224252D8A1957B64C98E8DF"}

[2025-09-18 15:48:43] Response (400):
{"code":40002,"message":"Invalid value for data.0.user.ttp: value may not be null.","request_id":"20250918154843C44BB912DC1B6765005F"}

[2025-09-18 17:44:23] Response (400):
{"code":40002,"message":"Invalid value for data.0.user.ttp: value may not be null.","request_id":"2025091817442321B9D35448744DDD6666"}

[2025-09-18 17:44:36] Response (400):
{"code":40002,"message":"Invalid value for data.0.user.ttp: value may not be null.","request_id":"20250918174436F3903276C7D8B3533AED"}

[2025-09-18 17:51:57] Response (400):
{"code":40002,"message":"Invalid value for data.0.user.ttp: value may not be null.","request_id":"2025091817515755376EB366C3669E19F6"}

[2025-09-18 17:52:54] Response (400):
{"code":40002,"message":"Invalid value for data.0.user.ttp: value may not be null.","request_id":"2025091817525465B46B598879DE1CFD61"}

[2025-09-18 17:53:16] Response (400):
{"code":40002,"message":"Invalid value for data.0.user.ttp: value may not be null.","request_id":"20250918175316F49F4DB4E09BD5D65659"}

[2025-09-18 18:59:52] Response (400):
{"code":40002,"message":"Invalid value for data.0.user.ttp: value may not be null.","request_id":"202509181859522A70F99DB83959A36B90"}

[2025-09-18 19:00:06] Response (400):
{"code":40002,"message":"Invalid value for data.0.user.ttp: value may not be null.","request_id":"202509181900063DED8DAE7F17322D5C2B"}

[2025-09-18 19:00:08] Response (400):
{"code":40002,"message":"Invalid value for data.0.user.ttp: value may not be null.","request_id":"20250918190008D8CB1120FF5773D320BE"}

[2025-09-18 19:54:36] Response (400):
{"code":40002,"message":"Invalid value for data.0.user.ttp: value may not be null.","request_id":"2025091819543675ADBAD9AB61AAC80A32"}

[2025-09-18 22:19:57] Response (400):
{"code":40002,"message":"Invalid value for data.0.user.ttp: value may not be null.","request_id":"202509182219572E06F1626FE0D9197C82"}

[2025-09-19 01:54:56] Response (400):
{"code":40002,"message":"Invalid value for data.0.user.ttp: value may not be null.","request_id":"20250919015456EDF2F9B7E0652BDB4E13"}

[2025-09-19 02:43:34] Response (400):
{"code":40002,"message":"Invalid value for data.0.user.ttp: value may not be null.","request_id":"202509190243344A72B0A74D835D1FD9EA"}

[2025-09-19 04:41:00] Response (400):
{"code":40002,"message":"Invalid value for data.0.user.ttp: value may not be null.","request_id":"20250919044100DF3FAD7D83B3F2FDCFC5"}

[2025-09-19 04:43:34] Response (400):
{"code":40002,"message":"Invalid value for data.0.user.ttp: value may not be null.","request_id":"20250919044334706955DCE7BE9E4ACE54"}

[2025-09-19 04:43:37] Response (400):
{"code":40002,"message":"Invalid value for data.0.user.ttp: value may not be null.","request_id":"20250919044337CF5F23C80EDEB0196D64"}

[2025-09-19 04:45:41] Response (400):
{"code":40002,"message":"Invalid value for data.0.user.ttp: value may not be null.","request_id":"202509190445419E737CE8A73FED73E105"}

[2025-09-19 04:57:04] Response (400):
{"code":40002,"message":"Invalid value for data.0.user.ttp: value may not be null.","request_id":"20250919045704A4FF22694C24C21D6DD6"}

[2025-09-19 05:48:05] Response (400):
{"code":40002,"message":"Invalid value for data.0.user.ttp: value may not be null.","request_id":"20250919054805174C0EF8770DB1AF319C"}

[2025-09-19 05:48:07] Response (400):
{"code":40002,"message":"Invalid value for data.0.user.ttp: value may not be null.","request_id":"202509190548079045CCF55CDD86C548B1"}

[2025-09-19 05:49:59] Response (400):
{"code":40002,"message":"Invalid value for data.0.user.ttp: value may not be null.","request_id":"202509190549594ADD619D4086CCC82667"}

[2025-09-19 06:49:51] Response (400):
{"code":40002,"message":"Invalid value for data.0.user.ttp: value may not be null.","request_id":"20250919064951324869F88AC76583B5F9"}

[2025-09-19 08:47:28] Response (400):
{"code":40002,"message":"Invalid value for data.0.user.ttp: value may not be null.","request_id":"20250919084728AE121FA5D4EFB90B396F"}

[2025-09-19 12:43:00] Response (400):
{"code":40002,"message":"Invalid value for data.0.user.ttp: value may not be null.","request_id":"20250919124259C93FE0AB3EBECBF9BE5D"}

[2025-09-19 13:46:30] Response (400):
{"code":40002,"message":"Invalid value for data.0.user.ttp: value may not be null.","request_id":"2025091913463063ADEDE7B2745AEB5641"}

[2025-09-19 14:10:55] Response (400):
{"code":40002,"message":"Invalid value for data.0.user.ttp: value may not be null.","request_id":"20250919141055217135346CEA5375C808"}

[2025-09-19 15:55:32] Response (400):
{"code":40002,"message":"Invalid value for data.0.user.ttp: value may not be null.","request_id":"202509191555327C91410AA563ED4E10E6"}

[2025-09-19 15:55:36] Response (400):
{"code":40002,"message":"Invalid value for data.0.user.ttp: value may not be null.","request_id":"202509191555361375DA2B9CB3D94EF3B7"}

[2025-09-19 15:55:49] Response (400):
{"code":40002,"message":"Invalid value for data.0.user.ttp: value may not be null.","request_id":"20250919155549D034958CA129184F8489"}

[2025-09-19 16:00:46] Response (400):
{"code":40002,"message":"Invalid value for data.0.user.ttp: value may not be null.","request_id":"202509191600463B74411BE603B2D9E4B4"}

[2025-09-19 16:00:54] Response (400):
{"code":40002,"message":"Invalid value for data.0.user.ttp: value may not be null.","request_id":"20250919160054C6392DDDA653701F5991"}

[2025-09-19 16:53:39] Response (400):
{"code":40002,"message":"Invalid value for data.0.user.ttp: value may not be null.","request_id":"2025091916533923D3C896E9A31A4E9496"}

[2025-09-19 16:53:43] Response (400):
{"code":40002,"message":"Invalid value for data.0.user.ttp: value may not be null.","request_id":"20250919165343C6E318F7DC7FD5FA180D"}

[2025-09-19 17:17:26] Response (400):
{"code":40002,"message":"Invalid value for data.0.user.ttp: value may not be null.","request_id":"2025091917172665F43B95D9A97D31F69F"}

[2025-09-19 17:44:46] Response (400):
{"code":40002,"message":"Invalid value for data.0.user.ttp: value may not be null.","request_id":"20250919174446611A45F2D75D315A1021"}

[2025-09-19 19:43:07] Response (400):
{"code":40002,"message":"Invalid value for data.0.user.ttp: value may not be null.","request_id":"20250919194307F621BBDC2562FDFEBEC6"}

[2025-09-19 23:43:51] Response (400):
{"code":40002,"message":"Invalid value for data.0.user.ttp: value may not be null.","request_id":"202509192343513C97126329B0791F6EA4"}

[2025-09-20 00:39:56] Response (400):
{"code":40002,"message":"Invalid value for data.0.user.ttp: value may not be null.","request_id":"2025092000395629F10BC5325E6E2D5236"}

[2025-09-20 02:42:26] Response (400):
{"code":40002,"message":"Invalid value for data.0.user.ttp: value may not be null.","request_id":"202509200242266C13D25B573D6D1976C2"}

[2025-09-20 02:42:42] Response (400):
{"code":40002,"message":"Invalid value for data.0.user.ttp: value may not be null.","request_id":"20250920024242A3BBD558C5F5182F97D3"}

[2025-09-20 02:45:49] Response (400):
{"code":40002,"message":"Invalid value for data.0.user.ttp: value may not be null.","request_id":"202509200245497A766BE3D12FA8272259"}

[2025-09-20 02:45:55] Response (400):
{"code":40002,"message":"Invalid value for data.0.user.ttp: value may not be null.","request_id":"202509200245555363EE9F28680ADB6980"}

[2025-09-20 02:46:43] Response (400):
{"code":40002,"message":"Invalid value for data.0.user.ttp: value may not be null.","request_id":"2025092002464358F89743687CDC2E3C05"}

[2025-09-20 03:55:51] Response (400):
{"code":40002,"message":"Invalid value for data.0.user.ttp: value may not be null.","request_id":"202509200355510D0D01136E106B172BDE"}

[2025-09-20 03:57:48] Response (400):
{"code":40002,"message":"Invalid value for data.0.user.ttp: value may not be null.","request_id":"202509200357483C812C67E1F2662018F1"}

[2025-09-20 03:57:49] Response (400):
{"code":40002,"message":"Invalid value for data.0.user.ttp: value may not be null.","request_id":"202509200357499A92635517CA4E4AECFB"}

[2025-09-20 05:01:35] Response (400):
{"code":40002,"message":"Invalid value for data.0.user.ttp: value may not be null.","request_id":"202509200501354E1E38709B1548314B04"}

[2025-09-20 06:56:41] Response (400):
{"code":40002,"message":"Invalid value for data.0.user.ttp: value may not be null.","request_id":"20250920065641549F109F8E412D3940CE"}

[2025-09-20 10:40:52] Response (400):
{"code":40002,"message":"Invalid value for data.0.user.ttp: value may not be null.","request_id":"202509201040526690DD043FA8B18C6CDA"}

[2025-09-20 11:52:39] Response (400):
{"code":40002,"message":"Invalid value for data.0.user.ttp: value may not be null.","request_id":"202509201152391C6531191DADD234AB58"}

[2025-09-20 13:01:27] Response (400):
{"code":40002,"message":"Invalid value for data.0.user.ttp: value may not be null.","request_id":"2025092013012783CFBA892194A051730B"}

[2025-09-20 13:01:42] Response (400):
{"code":40002,"message":"Invalid value for data.0.user.ttp: value may not be null.","request_id":"20250920130141E32CEA0F0098154DB43F"}

[2025-09-20 13:07:11] Response (400):
{"code":40002,"message":"Invalid value for data.0.user.ttp: value may not be null.","request_id":"2025092013071196993F9D4FA5E052F2D0"}

[2025-09-20 13:07:15] Response (400):
{"code":40002,"message":"Invalid value for data.0.user.ttp: value may not be null.","request_id":"202509201307156B4414716A0A4C5B569F"}

[2025-09-20 13:07:33] Response (400):
{"code":40002,"message":"Invalid value for data.0.user.ttp: value may not be null.","request_id":"20250920130733FE1E6B4A5899EC89DB14"}

[2025-09-20 14:48:44] Response (400):
{"code":40002,"message":"Invalid value for data.0.user.ttp: value may not be null.","request_id":"2025092014484478B3D7C0B66E6058E7DF"}

[2025-09-20 15:06:45] Response (400):
{"code":40002,"message":"Invalid value for data.0.user.ttp: value may not be null.","request_id":"20250920150645DF4CFFEF9A2F2745DE6B"}

[2025-09-20 15:07:41] Response (400):
{"code":40002,"message":"Invalid value for data.0.user.ttp: value may not be null.","request_id":"2025092015074146FF28C8DB8568625B77"}

[2025-09-20 15:07:43] Response (400):
{"code":40002,"message":"Invalid value for data.0.user.ttp: value may not be null.","request_id":"20250920150743BAD255B7E9DE9E45514F"}

[2025-09-20 15:53:45] Response (400):
{"code":40002,"message":"Invalid value for data.0.user.ttp: value may not be null.","request_id":"20250920155345D89767F054DAC8406147"}

[2025-09-20 18:05:13] Response (400):
{"code":40002,"message":"Invalid value for data.0.user.ttp: value may not be null.","request_id":"20250920180513C73A252B6C4CA96187B2"}

[2025-09-20 21:52:23] Response (400):
{"code":40002,"message":"Invalid value for data.0.user.ttp: value may not be null.","request_id":"2025092021522372C5A914B642877B2B09"}

[2025-09-20 22:43:58] Response (400):
{"code":40002,"message":"Invalid value for data.0.user.ttp: value may not be null.","request_id":"202509202243585F92B4D521CC97911981"}

[2025-09-20 23:40:31] Response (400):
{"code":40002,"message":"Invalid value for data.0.user.ttp: value may not be null.","request_id":"2025092023403106813E6BC4A4B3CE3BE8"}

[2025-09-20 23:40:31] Response (400):
{"code":40002,"message":"Invalid value for data.0.user.ttp: value may not be null.","request_id":"20250920234031CF9148E225BE97A16610"}

[2025-09-20 23:54:33] Response (400):
{"code":40002,"message":"Invalid value for data.0.user.ttp: value may not be null.","request_id":"20250920235433F54FFE1B87B7AB9E942D"}

[2025-09-20 23:57:34] Response (400):
{"code":40002,"message":"Invalid value for data.0.user.ttp: value may not be null.","request_id":"2025092023573456DAD58C37CEE4A39DBA"}

[2025-09-20 23:59:54] Response (400):
{"code":40002,"message":"Invalid value for data.0.user.ttp: value may not be null.","request_id":"2025092023595401D7F5A49479B1BB2D95"}

[2025-09-21 01:48:41] Response (400):
{"code":40002,"message":"Invalid value for data.0.user.ttp: value may not be null.","request_id":"20250921014841A59F189D0AFBD89AA801"}

[2025-09-21 01:49:27] Response (400):
{"code":40002,"message":"Invalid value for data.0.user.ttp: value may not be null.","request_id":"202509210149271CD01739A76ED9EEDF10"}

[2025-09-21 01:49:29] Response (400):
{"code":40002,"message":"Invalid value for data.0.user.ttp: value may not be null.","request_id":"202509210149290C4CDAADBCC2309919E9"}

[2025-09-21 02:59:54] Response (400):
{"code":40002,"message":"Invalid value for data.0.user.ttp: value may not be null.","request_id":"202509210259540962DE7AADA7C1E8F979"}

[2025-09-21 04:56:05] Response (400):
{"code":40002,"message":"Invalid value for data.0.user.ttp: value may not be null.","request_id":"202509210456052B06993C3A797ABE51F5"}

[2025-09-21 08:42:28] Response (400):
{"code":40002,"message":"Invalid value for data.0.user.ttp: value may not be null.","request_id":"20250921084228BF091EC37E1D5BD50BDE"}

[2025-09-21 09:42:00] Response (400):
{"code":40002,"message":"Invalid value for data.0.user.ttp: value may not be null.","request_id":"202509210942009C82B808D148F2731641"}

[2025-09-21 10:44:07] Response (400):
{"code":40002,"message":"Invalid value for data.0.user.ttp: value may not be null.","request_id":"20250921104407AF294E17974582C61F20"}

[2025-09-21 10:51:15] Response (400):
{"code":40002,"message":"Invalid value for data.0.user.ttp: value may not be null.","request_id":"20250921105115C49B234FF40134010DB8"}

[2025-09-21 10:51:18] Response (400):
{"code":40002,"message":"Invalid value for data.0.user.ttp: value may not be null.","request_id":"20250921105117B6E25B892A282FCC0C30"}

[2025-09-21 10:51:39] Response (400):
{"code":40002,"message":"Invalid value for data.0.user.ttp: value may not be null.","request_id":"20250921105139AD88F28F0B215EBC7866"}

[2025-09-21 10:58:01] Response (400):
{"code":40002,"message":"Invalid value for data.0.user.ttp: value may not be null.","request_id":"20250921105801680ACC68839500646585"}

[2025-09-21 12:43:39] Response (400):
{"code":40002,"message":"Invalid value for data.0.user.ttp: value may not be null.","request_id":"202509211243363B3FA2A1B988EFF1ADFB"}

[2025-09-21 12:43:47] Response (400):
{"code":40002,"message":"Invalid value for data.0.user.ttp: value may not be null.","request_id":"20250921124347C3538AE5FA461B7838E7"}

[2025-09-21 12:43:49] Response (400):
{"code":40002,"message":"Invalid value for data.0.user.ttp: value may not be null.","request_id":"2025092112434974BA1769C96025E857BD"}

[2025-09-21 13:57:54] Response (400):
{"code":40002,"message":"Invalid value for data.0.user.ttp: value may not be null.","request_id":"202509211357544B0F1787601D6EAE6D34"}

[2025-09-21 15:53:18] Response (400):
{"code":40002,"message":"Invalid value for data.0.user.ttp: value may not be null.","request_id":"20250921155317C0D1B00677037902641D"}

[2025-09-21 19:49:22] Response (400):
{"code":40002,"message":"Invalid value for data.0.user.ttp: value may not be null.","request_id":"202509211949226DE28731E18270EDB73E"}

[2025-09-21 20:00:33] Response (400):
{"code":40002,"message":"Invalid value for data.0.user.ttp: value may not be null.","request_id":"202509212000338989E56CE9E933C85F99"}

[2025-09-21 21:47:46] Response (400):
{"code":40002,"message":"Invalid value for data.0.user.ttp: value may not be null.","request_id":"20250921214746A5F92DFDD39349F0A062"}

[2025-09-21 21:47:49] Response (400):
{"code":40002,"message":"Invalid value for data.0.user.ttp: value may not be null.","request_id":"202509212147495E2E4171E91F25310DDF"}

[2025-09-21 21:57:00] Response (400):
{"code":40002,"message":"Invalid value for data.0.user.ttp: value may not be null.","request_id":"20250921215700CC199229F5B52DED633B"}

[2025-09-21 22:02:11] Response (400):
{"code":40002,"message":"Invalid value for data.0.user.ttp: value may not be null.","request_id":"202509212202116825D30F5040CACBC712"}

[2025-09-21 22:10:53] Response (400):
{"code":40002,"message":"Invalid value for data.0.user.ttp: value may not be null.","request_id":"20250921221053429E74C5EFB974E03B62"}

[2025-09-21 23:43:48] Response (400):
{"code":40002,"message":"Invalid value for data.0.user.ttp: value may not be null.","request_id":"202509212343483D8412C6AABF52D73E46"}

[2025-09-21 23:44:53] Response (400):
{"code":40002,"message":"Invalid value for data.0.user.ttp: value may not be null.","request_id":"2025092123445385424D88BE78D7507C3E"}

[2025-09-21 23:44:55] Response (400):
{"code":40002,"message":"Invalid value for data.0.user.ttp: value may not be null.","request_id":"20250921234455A495C583C91068346FA8"}

[2025-09-22 00:57:36] Response (400):
{"code":40002,"message":"Invalid value for data.0.user.ttp: value may not be null.","request_id":"2025092200573643DD202CC7904ECEBC78"}

[2025-09-22 03:02:50] Response (400):
{"code":40002,"message":"Invalid value for data.0.user.ttp: value may not be null.","request_id":"202509220302502A43F23C2873D331C73F"}

[2025-09-22 06:43:38] Response (400):
{"code":40002,"message":"Invalid value for data.0.user.ttp: value may not be null.","request_id":"20250922064338D2CB318434B9A4000B7B"}

[2025-09-22 06:47:02] Response (400):
{"code":40002,"message":"Invalid value for data.0.user.ttp: value may not be null.","request_id":"202509220646590444447F546C6A078AB5"}

[2025-09-22 08:50:38] Response (400):
{"code":40002,"message":"Invalid value for data.0.user.ttp: value may not be null.","request_id":"202509220850385EA72E054CE78107246D"}

[2025-09-22 08:53:37] Response (400):
{"code":40002,"message":"Invalid value for data.0.user.ttp: value may not be null.","request_id":"20250922085337CBDE649506088D077079"}

[2025-09-22 09:05:57] Response (400):
{"code":40002,"message":"Invalid value for data.0.user.ttp: value may not be null.","request_id":"20250922090557AC7E86D6DD7164FF64BE"}

[2025-09-22 09:18:09] Response (400):
{"code":40002,"message":"Invalid value for data.0.user.ttp: value may not be null.","request_id":"20250922091809A49CF10D5D2A29E6937B"}

[2025-09-22 09:18:29] Response (400):
{"code":40002,"message":"Invalid value for data.0.user.ttp: value may not be null.","request_id":"20250922091829F72472E5797F11F5874E"}

[2025-09-22 10:49:19] Response (400):
{"code":40002,"message":"Invalid value for data.0.user.ttp: value may not be null.","request_id":"20250922104919C07F1ED3785B8301324C"}

[2025-09-22 10:49:38] Response (400):
{"code":40002,"message":"Invalid value for data.0.user.ttp: value may not be null.","request_id":"20250922104938165CE7AAB8A5055B0291"}

[2025-09-22 10:49:39] Response (400):
{"code":40002,"message":"Invalid value for data.0.user.ttp: value may not be null.","request_id":"2025092210493923D4B39A092D8C5F9E58"}

[2025-09-22 11:42:37] Response (400):
{"code":40002,"message":"Invalid value for data.0.user.ttp: value may not be null.","request_id":"20250922114237055C8EBA4068A1182189"}

[2025-09-22 13:47:13] Response (400):
{"code":40002,"message":"Invalid value for data.0.user.ttp: value may not be null.","request_id":"202509221347137DBB74A393EE3604999D"}

[2025-09-22 15:14:18] Response (400):
{"code":40002,"message":"Invalid value for data.0.user.ttp: value may not be null.","request_id":"202509221514187B9C887380FB08030453"}

[2025-09-22 17:44:28] Response (400):
{"code":40002,"message":"Invalid value for data.0.user.ttp: value may not be null.","request_id":"2025092217442833307113C84B7E23D050"}

[2025-09-22 17:53:23] Response (400):
{"code":40002,"message":"Invalid value for data.0.user.ttp: value may not be null.","request_id":"20250922175323AF5AA6A3B3ADCEE07224"}

[2025-09-22 19:45:24] Response (400):
{"code":40002,"message":"Invalid value for data.0.user.ttp: value may not be null.","request_id":"20250922194524DA07305065B9AE411D09"}

[2025-09-22 19:45:46] Response (400):
{"code":40002,"message":"Invalid value for data.0.user.ttp: value may not be null.","request_id":"20250922194546863BD77B8CBB840BE69A"}

[2025-09-22 19:52:35] Response (400):
{"code":40002,"message":"Invalid value for data.0.user.ttp: value may not be null.","request_id":"20250922195235A93F7CDF5DF74DAE3052"}

[2025-09-22 19:52:43] Response (400):
{"code":40002,"message":"Invalid value for data.0.user.ttp: value may not be null.","request_id":"202509221952432536F300269D4419D625"}

[2025-09-22 19:53:11] Response (400):
{"code":40002,"message":"Invalid value for data.0.user.ttp: value may not be null.","request_id":"2025092219531174DD8138ABEC45299BE7"}

[2025-09-22 21:43:39] Response (400):
{"code":40002,"message":"Invalid value for data.0.user.ttp: value may not be null.","request_id":"202509222143396457CA14281C2737AF99"}

[2025-09-22 21:43:53] Response (400):
{"code":40002,"message":"Invalid value for data.0.user.ttp: value may not be null.","request_id":"20250922214353BC7D2CF96782C24F45C2"}

[2025-09-22 21:43:55] Response (400):
{"code":40002,"message":"Invalid value for data.0.user.ttp: value may not be null.","request_id":"20250922214355A67D0985919128ABB97A"}

[2025-09-22 22:50:23] Response (400):
{"code":40002,"message":"Invalid value for data.0.user.ttp: value may not be null.","request_id":"20250922225023780D0A1A1E5AB89B5EF6"}

[2025-09-22 23:55:50] Response (400):
{"code":40002,"message":"Invalid value for data.0.user.ttp: value may not be null.","request_id":"20250922235550338E14BABE180F423FD5"}

[2025-09-23 04:45:00] Response (400):
{"code":40002,"message":"Invalid value for data.0.user.ttp: value may not be null.","request_id":"20250923044500E536B82C4EE022B4A450"}

[2025-09-23 04:50:22] Response (400):
{"code":40002,"message":"Invalid value for data.0.user.ttp: value may not be null.","request_id":"2025092304502244E935C505E05E3DC467"}

[2025-09-23 06:46:07] Response (400):
{"code":40002,"message":"Invalid value for data.0.user.ttp: value may not be null.","request_id":"20250923064607CE18D22E05CA6B534672"}

[2025-09-23 06:46:26] Response (400):
{"code":40002,"message":"Invalid value for data.0.user.ttp: value may not be null.","request_id":"20250923064626A5221E3696374F461949"}

[2025-09-23 06:52:15] Response (400):
{"code":40002,"message":"Invalid value for data.0.user.ttp: value may not be null.","request_id":"2025092306521535F33A507AB6204FADAB"}

[2025-09-23 06:52:33] Response (400):
{"code":40002,"message":"Invalid value for data.0.user.ttp: value may not be null.","request_id":"20250923065232E9D58411C253CEC34A62"}

[2025-09-23 06:53:00] Response (400):
{"code":40002,"message":"Invalid value for data.0.user.ttp: value may not be null.","request_id":"20250923065300FD0B63E2E9D8A5433E56"}

[2025-09-23 08:44:40] Response (400):
{"code":40002,"message":"Invalid value for data.0.user.ttp: value may not be null.","request_id":"202509230844408A038F4C31DFD1441EAA"}

[2025-09-23 08:44:58] Response (400):
{"code":40002,"message":"Invalid value for data.0.user.ttp: value may not be null.","request_id":"202509230844583039A6437BBD4757985D"}

[2025-09-23 08:45:03] Response (400):
{"code":40002,"message":"Invalid value for data.0.user.ttp: value may not be null.","request_id":"20250923084503C3A90D2D416DDF68E61E"}

[2025-09-23 09:53:43] Response (400):
{"code":40002,"message":"Invalid value for data.0.user.ttp: value may not be null.","request_id":"202509230953430DE0D1821C3D9169D06D"}

[2025-09-23 10:43:48] Response (400):
{"code":40002,"message":"Invalid value for data.0.user.ttp: value may not be null.","request_id":"20250923104347893315AA0A58986BF02E"}

[2025-09-23 15:40:56] Response (400):
{"code":40002,"message":"Invalid value for data.0.user.ttp: value may not be null.","request_id":"20250923154056CBC8B7E6F3B151946877"}

[2025-09-23 15:46:19] Response (400):
{"code":40002,"message":"Invalid value for data.0.user.ttp: value may not be null.","request_id":"2025092315461925CCDD57C1768A56E4BF"}

[2025-09-23 17:48:39] Response (400):
{"code":40002,"message":"Invalid value for data.0.user.ttp: value may not be null.","request_id":"2025092317483971A29E26A427B7A3E3C4"}

[2025-09-23 17:48:43] Response (400):
{"code":40002,"message":"Invalid value for data.0.user.ttp: value may not be null.","request_id":"20250923174843F90F07C94CD9358771C8"}

[2025-09-23 17:49:10] Response (400):
{"code":40002,"message":"Invalid value for data.0.user.ttp: value may not be null.","request_id":"2025092317491000E4B71515A90F89F10B"}

[2025-09-23 17:53:33] Response (400):
{"code":40002,"message":"Invalid value for data.0.user.ttp: value may not be null.","request_id":"202509231753333C49B3BB52D079778DA7"}

[2025-09-23 17:53:43] Response (400):
{"code":40002,"message":"Invalid value for data.0.user.ttp: value may not be null.","request_id":"202509231753431AA1D9F6CE779EA36AFB"}

[2025-09-23 19:53:52] Response (400):
{"code":40002,"message":"Invalid value for data.0.user.ttp: value may not be null.","request_id":"20250923195352D9B243E381EC049DD15D"}

[2025-09-23 19:53:59] Response (400):
{"code":40002,"message":"Invalid value for data.0.user.ttp: value may not be null.","request_id":"20250923195359F29B545F14178D9EB583"}

[2025-09-23 20:40:22] Response (400):
{"code":40002,"message":"Invalid value for data.0.user.ttp: value may not be null.","request_id":"2025092320402203D43FB47801738536E2"}

[2025-09-23 21:54:43] Response (400):
{"code":40002,"message":"Invalid value for data.0.user.ttp: value may not be null.","request_id":"20250923215443085BB69F396830B686E8"}

[2025-09-23 23:30:51] Response (400):
{"code":40002,"message":"Invalid value for data.0.user.ttp: value may not be null.","request_id":"202509232330514C8AFCF9B7E69925F00E"}

[2025-09-24 01:50:32] Response (400):
{"code":40002,"message":"Invalid value for data.0.user.ttp: value may not be null.","request_id":"2025092401503284972CC72F2B602143AC"}

[2025-09-24 01:58:37] Response (400):
{"code":40002,"message":"Invalid value for data.0.user.ttp: value may not be null.","request_id":"202509240158374A80A519DD2601173927"}

[2025-09-24 04:45:46] Response (400):
{"code":40002,"message":"Invalid value for data.0.user.ttp: value may not be null.","request_id":"20250924044546F396E9626CEF66B7084C"}

[2025-09-24 04:45:51] Response (400):
{"code":40002,"message":"Invalid value for data.0.user.ttp: value may not be null.","request_id":"20250924044551F829A016B35751A113BB"}

[2025-09-24 04:51:28] Response (400):
{"code":40002,"message":"Invalid value for data.0.user.ttp: value may not be null.","request_id":"202509240451289B7807D1EAFF24BC38C7"}

[2025-09-24 04:51:44] Response (400):
{"code":40002,"message":"Invalid value for data.0.user.ttp: value may not be null.","request_id":"20250924045144FB380EF76399808E5953"}

[2025-09-24 05:05:48] Response (400):
{"code":40002,"message":"Invalid value for data.0.user.ttp: value may not be null.","request_id":"20250924050548C18FE3B32D6EC2BA50FF"}

[2025-09-24 06:45:28] Response (400):
{"code":40002,"message":"Invalid value for data.0.user.ttp: value may not be null.","request_id":"202509240645286AD4C1C9688EE7B4B4BA"}

[2025-09-24 06:45:36] Response (400):
{"code":40002,"message":"Invalid value for data.0.user.ttp: value may not be null.","request_id":"20250924064535774F0801A32C38BBC075"}

[2025-09-24 07:04:45] Response (400):
{"code":40002,"message":"Invalid value for data.0.user.ttp: value may not be null.","request_id":"20250924070445ACD5FCD652B2DBC1D805"}

[2025-09-24 07:42:14] Response (400):
{"code":40002,"message":"Invalid value for data.0.user.ttp: value may not be null.","request_id":"202509240742144863A37630566AC19D87"}

[2025-09-24 08:42:39] Response (400):
{"code":40002,"message":"Invalid value for data.0.user.ttp: value may not be null.","request_id":"20250924084239225488BA9F01C49B8468"}

[2025-09-24 10:13:46] Response (400):
{"code":40002,"message":"Invalid value for data.0.user.ttp: value may not be null.","request_id":"20250924101346619D8C3C8A3773D6789E"}

[2025-09-24 12:41:15] Response (400):
{"code":40002,"message":"Invalid value for data.0.user.ttp: value may not be null.","request_id":"2025092412411510EA693E4F896EE59CFB"}

[2025-09-24 12:50:58] Response (400):
{"code":40002,"message":"Invalid value for data.0.user.ttp: value may not be null.","request_id":"202509241250588BD5D1D9273E06DB98AF"}

[2025-09-24 15:40:13] Response (400):
{"code":40002,"message":"Invalid value for data.0.user.ttp: value may not be null.","request_id":"20250924154013179A098AF48664E09E11"}

[2025-09-24 15:43:50] Response (400):
{"code":40002,"message":"Invalid value for data.0.user.ttp: value may not be null.","request_id":"20250924154350DFEA06E27365A4C66E1C"}

[2025-09-24 15:44:04] Response (400):
{"code":40002,"message":"Invalid value for data.0.user.ttp: value may not be null.","request_id":"2025092415440474768D91FDB8FDC58D34"}

[2025-09-24 15:56:38] Response (400):
{"code":40002,"message":"Invalid value for data.0.user.ttp: value may not be null.","request_id":"202509241556381D2357B858F0E7DEE9A0"}

[2025-09-24 15:57:01] Response (400):
{"code":40002,"message":"Invalid value for data.0.user.ttp: value may not be null.","request_id":"2025092415570111F616543C69C50933F4"}

[2025-09-24 17:48:39] Response (400):
{"code":40002,"message":"Invalid value for data.0.user.ttp: value may not be null.","request_id":"20250924174839AED3A66FFDDC4006F844"}

[2025-09-24 17:53:16] Response (400):
{"code":40002,"message":"Invalid value for data.0.user.ttp: value may not be null.","request_id":"20250924175315CFB4D6A33F84E25EA6D2"}

[2025-09-24 17:53:17] Response (400):
{"code":40002,"message":"Invalid value for data.0.user.ttp: value may not be null.","request_id":"202509241753171C0D066B89D694B43E53"}

[2025-09-24 18:40:50] Response (400):
{"code":40002,"message":"Invalid value for data.0.user.ttp: value may not be null.","request_id":"202509241840498E294D00B30659792E87"}

[2025-09-24 19:47:50] Response (400):
{"code":40002,"message":"Invalid value for data.0.user.ttp: value may not be null.","request_id":"202509241947503B0926CF9C9B496AD430"}

[2025-09-24 20:46:24] Response (400):
{"code":40002,"message":"Invalid value for data.0.user.ttp: value may not be null.","request_id":"20250924204624CF6504A73CBD10F25C11"}

[2025-09-24 23:42:44] Response (400):
{"code":40002,"message":"Invalid value for data.0.user.ttp: value may not be null.","request_id":"2025092423424449BB62F47859490D634D"}

[2025-09-24 23:55:01] Response (400):
{"code":40002,"message":"Invalid value for data.0.user.ttp: value may not be null.","request_id":"2025092423550194CEE77A2CC12715895C"}

[2025-09-25 01:48:00] Response (400):
{"code":40002,"message":"Invalid value for data.0.user.ttp: value may not be null.","request_id":"2025092501480035CA2275493E952C5230"}

[2025-09-25 01:49:00] Response (400):
{"code":40002,"message":"Invalid value for data.0.user.ttp: value may not be null.","request_id":"202509250149005584C712725828416996"}

[2025-09-25 01:52:14] Response (400):
{"code":40002,"message":"Invalid value for data.0.user.ttp: value may not be null.","request_id":"2025092501521466654AD18D88D850E836"}

[2025-09-25 02:16:09] Response (400):
{"code":40002,"message":"Invalid value for data.0.user.ttp: value may not be null.","request_id":"20250925021609588A2F53D836C72880E9"}

[2025-09-25 02:52:22] Response (400):
{"code":40002,"message":"Invalid value for data.0.user.ttp: value may not be null.","request_id":"202509250252223EE1EB7BFC6B092F4AA5"}

[2025-09-25 02:52:43] Response (400):
{"code":40002,"message":"Invalid value for data.0.user.ttp: value may not be null.","request_id":"2025092502524339EAFFBF85ED390EF78A"}

[2025-09-25 05:04:04] Response (400):
{"code":40002,"message":"Invalid value for data.0.user.ttp: value may not be null.","request_id":"202509250504044E4102C08216CBEE5848"}

[2025-09-25 05:04:18] Response (400):
{"code":40002,"message":"Invalid value for data.0.user.ttp: value may not be null.","request_id":"20250925050418E89C0D86408F624056C2"}

[2025-09-25 05:08:41] Response (400):
{"code":40002,"message":"Invalid value for data.0.user.ttp: value may not be null.","request_id":"20250925050841D6EBA23BE987E905C711"}

[2025-09-25 05:08:43] Response (400):
{"code":40002,"message":"Invalid value for data.0.user.ttp: value may not be null.","request_id":"20250925050843BE6A4336F1D4D7A0C49B"}

[2025-09-25 06:48:46] Response (400):
{"code":40002,"message":"Invalid value for data.0.user.ttp: value may not be null.","request_id":"20250925064846442D4AD720FB6A3092B9"}

[2025-09-25 07:49:29] Response (400):
{"code":40002,"message":"Invalid value for data.0.user.ttp: value may not be null.","request_id":"2025092507492904AF25AD7FD3910294A4"}

[2025-09-25 10:39:37] Response (400):
{"code":40002,"message":"Invalid value for data.0.user.ttp: value may not be null.","request_id":"202509251039371C589AAAB223DE5A49BE"}

[2025-09-25 10:43:18] Response (400):
{"code":40002,"message":"Invalid value for data.0.user.ttp: value may not be null.","request_id":"20250925104318E7997AD4F646042502C0"}

[2025-09-25 12:44:41] Response (400):
{"code":40002,"message":"Invalid value for data.0.user.ttp: value may not be null.","request_id":"2025092512444136A3173079E93E3F15D2"}

[2025-09-25 12:44:59] Response (400):
{"code":40002,"message":"Invalid value for data.0.user.ttp: value may not be null.","request_id":"202509251244597634B4C4B725E2508302"}

[2025-09-25 12:49:35] Response (400):
{"code":40002,"message":"Invalid value for data.0.user.ttp: value may not be null.","request_id":"2025092512493545F892B0EE2C7B4A913C"}

[2025-09-25 13:39:27] Response (400):
{"code":40002,"message":"Invalid value for data.0.user.ttp: value may not be null.","request_id":"20250925133927B4C77F049EBB1342DDFD"}

[2025-09-25 13:45:44] Response (400):
{"code":40002,"message":"Invalid value for data.0.user.ttp: value may not be null.","request_id":"20250925134544F2FBC336396953446AE0"}

[2025-09-25 15:45:23] Response (400):
{"code":40002,"message":"Invalid value for data.0.user.ttp: value may not be null.","request_id":"20250925154523550F43840C000A8FBC83"}

[2025-09-25 15:47:39] Response (400):
{"code":40002,"message":"Invalid value for data.0.user.ttp: value may not be null.","request_id":"20250925154739A3E2888CFC2C4548D4F6"}

[2025-09-25 15:47:42] Response (400):
{"code":40002,"message":"Invalid value for data.0.user.ttp: value may not be null.","request_id":"202509251547425B51706C24C0C7F5D013"}

[2025-09-25 15:47:44] Response (400):
{"code":40002,"message":"Invalid value for data.0.user.ttp: value may not be null.","request_id":"20250925154744B1621F7270DC774BCA0B"}

[2025-09-25 16:00:32] Response (400):
{"code":40002,"message":"Invalid value for data.0.user.ttp: value may not be null.","request_id":"2025092516003266EE2833671098D77692"}

[2025-09-25 17:51:13] Response (400):
{"code":40002,"message":"Invalid value for data.0.user.ttp: value may not be null.","request_id":"20250925175113675AA5B0F9638018CBD0"}

[2025-09-25 18:50:31] Response (400):
{"code":40002,"message":"Invalid value for data.0.user.ttp: value may not be null.","request_id":"202509251850313E1FE43DF289DCBCC5A0"}

[2025-09-25 19:46:23] Response (200):
{"code": 0, "message": "OK", "request_id": "20250925194623BBA247DC90AE6564523B", "data": {}}

[2025-09-25 21:39:38] Response (400):
{"code":40002,"message":"Invalid value for data.0.user.ttp: value may not be null.","request_id":"2025092521393814815F596CD4787F8972"}

[2025-09-25 21:43:52] Response (400):
{"code":40002,"message":"Invalid value for data.0.user.ttp: value may not be null.","request_id":"2025092521435212E5B6E09F200B4316C5"}

[2025-09-25 23:43:18] Response (400):
{"code":40002,"message":"Invalid value for data.0.user.ttp: value may not be null.","request_id":"202509252343185F2800C7E6984DD459CF"}

[2025-09-25 23:53:31] Response (400):
{"code":40002,"message":"Invalid value for data.0.user.ttp: value may not be null.","request_id":"20250925235331399B39345F8767AA2AB6"}

[2025-09-25 23:53:34] Response (400):
{"code":40002,"message":"Invalid value for data.0.user.ttp: value may not be null.","request_id":"2025092523533484EA65397F4FC96D7588"}

[2025-09-26 00:39:50] Response (400):
{"code":40002,"message":"Invalid value for data.0.user.ttp: value may not be null.","request_id":"20250926003950C2BCF02253CC554D7A86"}

[2025-09-26 00:43:54] Response (400):
{"code":40002,"message":"Invalid value for data.0.user.ttp: value may not be null.","request_id":"202509260043549FC6486D7EF831897362"}

[2025-09-26 02:43:08] Response (400):
{"code":40002,"message":"Invalid value for data.0.user.ttp: value may not be null.","request_id":"20250926024308CCDAA14309B33E847D36"}

[2025-09-26 02:47:16] Response (400):
{"code":40002,"message":"Invalid value for data.0.user.ttp: value may not be null.","request_id":"202509260247163BBBEFBBC890CDA38819"}

[2025-09-26 02:47:19] Response (400):
{"code":40002,"message":"Invalid value for data.0.user.ttp: value may not be null.","request_id":"20250926024719FDE629F3B1A01058B4FE"}

[2025-09-26 02:48:25] Response (400):
{"code":40002,"message":"Invalid value for data.0.user.ttp: value may not be null.","request_id":"20250926024825FD417D1239A9D7334F52"}

[2025-09-26 05:07:01] Response (400):
{"code":40002,"message":"Invalid value for data.0.user.ttp: value may not be null.","request_id":"202509260507018013633E61CED0CA0B2B"}

[2025-09-26 05:55:00] Response (400):
{"code":40002,"message":"Invalid value for data.0.user.ttp: value may not be null.","request_id":"202509260555002525DE416CE7FC79148A"}

[2025-09-26 07:41:28] Response (400):
{"code":40002,"message":"Invalid value for data.0.user.ttp: value may not be null.","request_id":"202509260741288D69D1F75C26CEAE78DF"}

[2025-09-26 08:45:34] Response (400):
{"code":40002,"message":"Invalid value for data.0.user.ttp: value may not be null.","request_id":"20250926084534A6655F5CCEA86FF234EE"}

[2025-09-26 10:40:08] Response (400):
{"code":40002,"message":"Invalid value for data.0.user.ttp: value may not be null.","request_id":"20250926104008DD11DB4C22E5E37CF665"}

[2025-09-26 10:52:19] Response (400):
{"code":40002,"message":"Invalid value for data.0.user.ttp: value may not be null.","request_id":"2025092610521806354A3BF7FDF3B62439"}

[2025-09-26 10:52:26] Response (400):
{"code":40002,"message":"Invalid value for data.0.user.ttp: value may not be null.","request_id":"20250926105226777415630957889B6077"}

[2025-09-26 11:46:54] Response (400):
{"code":40002,"message":"Invalid value for data.0.user.ttp: value may not be null.","request_id":"2025092611465453FF45162B27B2A96813"}

[2025-09-26 13:41:38] Response (400):
{"code":40002,"message":"Invalid value for data.0.user.ttp: value may not be null.","request_id":"20250926134138E6594BE9E3C1C3A59EE4"}

[2025-09-26 13:42:16] Response (400):
{"code":40002,"message":"Invalid value for data.0.user.ttp: value may not be null.","request_id":"202509261342161AB5055838E545D32486"}

[2025-09-26 13:44:22] Response (400):
{"code":40002,"message":"Invalid value for data.0.user.ttp: value may not be null.","request_id":"20250926134422DF025F153D46419C2DE9"}

[2025-09-26 13:44:24] Response (400):
{"code":40002,"message":"Invalid value for data.0.user.ttp: value may not be null.","request_id":"20250926134424E793FBFCD24ECDB477B6"}

[2025-09-26 15:43:31] Response (400):
{"code":40002,"message":"Invalid value for data.0.user.ttp: value may not be null.","request_id":"20250926154331CE87B8916B3F02A9B0E9"}

[2025-09-26 16:49:57] Response (400):
{"code":40002,"message":"Invalid value for data.0.user.ttp: value may not be null.","request_id":"202509261649575AD084E20B5DB970314B"}

[2025-09-26 18:40:10] Response (400):
{"code":40002,"message":"Invalid value for data.0.user.ttp: value may not be null.","request_id":"20250926184010DE1FF0CC52177DD3DFF1"}

[2025-09-26 19:42:01] Response (400):
{"code":40002,"message":"Invalid value for data.0.user.ttp: value may not be null.","request_id":"20250926194201F93D720DA4F2A31D1EF6"}

[2025-09-26 21:05:03] Response (400):
{"code":40002,"message":"Invalid value for data.0.user.ttp: value may not be null.","request_id":"2025092621050226755ADF75C782DB0D2C"}

[2025-09-26 21:46:29] Response (400):
{"code":40002,"message":"Invalid value for data.0.user.ttp: value may not be null.","request_id":"202509262146295BD81A7FC347D0D00C26"}

[2025-09-26 21:46:34] Response (400):
{"code":40002,"message":"Invalid value for data.0.user.ttp: value may not be null.","request_id":"20250926214634C53DAC787FB07BA59D47"}

[2025-09-26 22:44:57] Response (400):
{"code":40002,"message":"Invalid value for data.0.user.ttp: value may not be null.","request_id":"20250926224457DA1A16E055CA5ECC08F4"}

[2025-09-27 00:44:36] Response (400):
{"code":40002,"message":"Invalid value for data.0.user.ttp: value may not be null.","request_id":"20250927004436D97AEA8A00E35AEE09A2"}

[2025-09-27 00:47:02] Response (400):
{"code":40002,"message":"Invalid value for data.0.user.ttp: value may not be null.","request_id":"20250927004702BDD33508F23B75B38AC9"}

[2025-09-27 00:48:15] Response (400):
{"code":40002,"message":"Invalid value for data.0.user.ttp: value may not be null.","request_id":"20250927004815E2BE71CA101096D6052D"}

[2025-09-27 00:48:20] Response (400):
{"code":40002,"message":"Invalid value for data.0.user.ttp: value may not be null.","request_id":"202509270048204212DF5F832E54A33470"}

[2025-09-27 03:16:29] Response (400):
{"code":40002,"message":"Invalid value for data.0.user.ttp: value may not be null.","request_id":"202509270316299F283CC2D29186F48315"}

[2025-09-27 03:47:28] Response (400):
{"code":40002,"message":"Invalid value for data.0.user.ttp: value may not be null.","request_id":"202509270347285103EB1316C47C7BB6D5"}

[2025-09-27 04:45:23] Response (400):
{"code":40002,"message":"Invalid value for data.0.user.ttp: value may not be null.","request_id":"20250927044523830A73E0B4FE5A4DC71D"}

[2025-09-27 06:55:13] Response (400):
{"code":40002,"message":"Invalid value for data.0.user.ttp: value may not be null.","request_id":"202509270655139432E679B3CA28E4F443"}

[2025-09-27 06:56:42] Response (400):
{"code":40002,"message":"Invalid value for data.0.user.ttp: value may not be null.","request_id":"20250927065642520B6F6F5F71328A7F45"}

[2025-09-27 07:41:13] Response (400):
{"code":40002,"message":"Invalid value for data.0.user.ttp: value may not be null.","request_id":"202509270741136C68E19BF84F1BCF1953"}

[2025-09-27 08:39:50] Response (400):
{"code":40002,"message":"Invalid value for data.0.user.ttp: value may not be null.","request_id":"202509270839507B0CCAEEB90502D5BB84"}

[2025-09-27 08:43:50] Response (400):
{"code":40002,"message":"Invalid value for data.0.user.ttp: value may not be null.","request_id":"202509270843501179C96F12182DE82A61"}

[2025-09-27 09:40:19] Response (400):
{"code":40002,"message":"Invalid value for data.0.user.ttp: value may not be null.","request_id":"2025092709401963CD4013F55FE3C129D4"}

[2025-09-27 11:04:59] Response (400):
{"code":40002,"message":"Invalid value for data.0.user.ttp: value may not be null.","request_id":"202509271104595028D9DEBF2E6FE0E3E6"}

[2025-09-27 11:09:16] Response (400):
{"code":40002,"message":"Invalid value for data.0.user.ttp: value may not be null.","request_id":"20250927110916E8A421C70C2A5D819F74"}

[2025-09-27 11:48:21] Response (400):
{"code":40002,"message":"Invalid value for data.0.user.ttp: value may not be null.","request_id":"2025092711482181A2A3AE8786914B8C3C"}

[2025-09-27 11:51:32] Response (400):
{"code":40002,"message":"Invalid value for data.0.user.ttp: value may not be null.","request_id":"2025092711513237F7F0EBBC67B31D603E"}

[2025-09-27 11:51:34] Response (400):
{"code":40002,"message":"Invalid value for data.0.user.ttp: value may not be null.","request_id":"2025092711513435902AD43FFBFFFD6361"}

[2025-09-27 13:47:50] Response (400):
{"code":40002,"message":"Invalid value for data.0.user.ttp: value may not be null.","request_id":"2025092713475034FBE708E36A0F0F4EA0"}

[2025-09-27 14:45:43] Response (400):
{"code":40002,"message":"Invalid value for data.0.user.ttp: value may not be null.","request_id":"202509271445433431863A1E83A72C356E"}

[2025-09-27 15:41:34] Response (400):
{"code":40002,"message":"Invalid value for data.0.user.ttp: value may not be null.","request_id":"2025092715413478EC168A8A8C8D8D4ACF"}

[2025-09-27 17:44:02] Response (400):
{"code":40002,"message":"Invalid value for data.0.user.ttp: value may not be null.","request_id":"20250927174402DE66DA605B4D31C12070"}

[2025-09-27 17:48:44] Response (400):
{"code":40002,"message":"Invalid value for data.0.user.ttp: value may not be null.","request_id":"20250927174844B84BF3AF521E901B7B6A"}

[2025-09-27 17:50:10] Response (400):
{"code":40002,"message":"Invalid value for data.0.user.ttp: value may not be null.","request_id":"20250927175010A9F2C497D9E2334B6163"}

[2025-09-27 18:59:32] Response (400):
{"code":40002,"message":"Invalid value for data.0.user.ttp: value may not be null.","request_id":"2025092718593262C6B88FED5B2D1E5005"}

[2025-09-27 19:39:29] Response (400):
{"code":40002,"message":"Invalid value for data.0.user.ttp: value may not be null.","request_id":"2025092719392914255B53870746A8FCA0"}

[2025-09-27 20:32:14] Response (400):
{"code":40002,"message":"Invalid value for data.0.user.ttp: value may not be null.","request_id":"202509272032149FEAB0A94372A8430F0D"}

[2025-09-27 20:44:23] Response (400):
{"code":40002,"message":"Invalid value for data.0.user.ttp: value may not be null.","request_id":"20250927204423B98038F7C6235210C7EF"}

[2025-09-27 21:47:48] Response (400):
{"code":40002,"message":"Invalid value for data.0.user.ttp: value may not be null.","request_id":"20250927214748D4760AFB55E8BF19E297"}

[2025-09-27 22:44:24] Response (400):
{"code":40002,"message":"Invalid value for data.0.user.ttp: value may not be null.","request_id":"20250927224424CD657F099DB2E9D9C0B9"}

[2025-09-27 22:49:27] Response (400):
{"code":40002,"message":"Invalid value for data.0.user.ttp: value may not be null.","request_id":"202509272249275EAD27324A87E15069F0"}

[2025-09-27 22:49:29] Response (400):
{"code":40002,"message":"Invalid value for data.0.user.ttp: value may not be null.","request_id":"20250927224929F7BB79BE3DEC86447042"}

[2025-09-28 00:45:41] Response (400):
{"code":40002,"message":"Invalid value for data.0.user.ttp: value may not be null.","request_id":"202509280045412D2AF1CFACC5FB214B57"}

[2025-09-28 01:51:05] Response (400):
{"code":40002,"message":"Invalid value for data.0.user.ttp: value may not be null.","request_id":"202509280151055307FA541AE055649997"}

[2025-09-28 02:39:47] Response (400):
{"code":40002,"message":"Invalid value for data.0.user.ttp: value may not be null.","request_id":"20250928023947B5FEDAC30E6F282F4DB4"}

[2025-09-28 04:46:50] Response (400):
{"code":40002,"message":"Invalid value for data.0.user.ttp: value may not be null.","request_id":"20250928044650C3483E8594700919A74A"}

[2025-09-28 04:50:04] Response (400):
{"code":40002,"message":"Invalid value for data.0.user.ttp: value may not be null.","request_id":"202509280450048B5475D66CA70456FB4B"}

[2025-09-28 04:53:58] Response (400):
{"code":40002,"message":"Invalid value for data.0.user.ttp: value may not be null.","request_id":"2025092804535897A35AD6A3F20F2F3C37"}

[2025-09-28 05:53:57] Response (400):
{"code":40002,"message":"Invalid value for data.0.user.ttp: value may not be null.","request_id":"20250928055357E1127CC42C60A5200D18"}

[2025-09-28 05:55:20] Response (400):
{"code":40002,"message":"Invalid value for data.0.user.ttp: value may not be null.","request_id":"20250928055520DFCAE404364ECC3B3B0E"}

[2025-09-28 08:09:01] Response (400):
{"code":40002,"message":"Invalid value for data.0.user.ttp: value may not be null.","request_id":"2025092808090113DE2D4E1A27132E82F9"}

[2025-09-28 08:21:38] Response (400):
{"code":40002,"message":"Invalid value for data.0.user.ttp: value may not be null.","request_id":"202509280821383A96FF57D194E65B58F5"}

[2025-09-28 08:46:46] Response (400):
{"code":40002,"message":"Invalid value for data.0.user.ttp: value may not be null.","request_id":"2025092808464699E831101CE5965D82E3"}

[2025-09-28 09:44:22] Response (400):
{"code":40002,"message":"Invalid value for data.0.user.ttp: value may not be null.","request_id":"20250928094422C0C9C7423DC9D37C3F12"}

[2025-09-28 09:44:24] Response (400):
{"code":40002,"message":"Invalid value for data.0.user.ttp: value may not be null.","request_id":"20250928094424298F312A62E955C3DA9D"}

[2025-09-28 11:51:29] Response (400):
{"code":40002,"message":"Invalid value for data.0.user.ttp: value may not be null.","request_id":"20250928115129561B2940BC3EFA1D241B"}

[2025-09-28 12:42:53] Response (400):
{"code":40002,"message":"Invalid value for data.0.user.ttp: value may not be null.","request_id":"202509281242533D795B68C9991A72E812"}

[2025-09-28 13:02:16] Response (400):
{"code":40002,"message":"Invalid value for data.0.user.ttp: value may not be null.","request_id":"2025092813021607845F69D415A5FBDB81"}

[2025-09-28 15:41:40] Response (400):
{"code":40002,"message":"Invalid value for data.0.user.ttp: value may not be null.","request_id":"20250928154140179AFDF224390B966EB9"}

[2025-09-28 15:42:27] Response (400):
{"code":40002,"message":"Invalid value for data.0.user.ttp: value may not be null.","request_id":"2025092815422768EB159072D05AAA0AEC"}

[2025-09-28 15:46:11] Response (400):
{"code":40002,"message":"Invalid value for data.0.user.ttp: value may not be null.","request_id":"20250928154611EB7293A46B79D0D8472A"}

[2025-09-28 16:46:56] Response (400):
{"code":40002,"message":"Invalid value for data.0.user.ttp: value may not be null.","request_id":"20250928164656B35D92A2A880BAAAE28D"}

[2025-09-28 16:47:01] Response (400):
{"code":40002,"message":"Invalid value for data.0.user.ttp: value may not be null.","request_id":"20250928164701D35AFAB2D259C28DD647"}

[2025-09-28 17:45:38] Response (400):
{"code":40002,"message":"Invalid value for data.0.user.ttp: value may not be null.","request_id":"20250928174538D0726F02BB2AAAA4C01E"}

[2025-09-28 18:08:23] Response (400):
{"code":40002,"message":"Invalid value for data.0.user.ttp: value may not be null.","request_id":"20250928180823B751729BD6E3282FF13F"}

[2025-09-28 18:28:26] Response (400):
{"code":40002,"message":"Invalid value for data.0.user.ttp: value may not be null.","request_id":"20250928182826A4E3847235320677D11D"}

[2025-09-28 18:30:37] Response (400):
{"code":40002,"message":"Invalid value for data.0.user.ttp: value may not be null.","request_id":"2025092818303741E1FB1D90BEC79A4C13"}

[2025-09-28 18:31:33] Response (400):
{"code":40002,"message":"Invalid value for data.0.user.ttp: value may not be null.","request_id":"20250928183133CF8016E48973D59023AB"}

[2025-09-28 19:07:40] Response (400):
{"code":40002,"message":"Invalid value for data.0.user.ttp: value may not be null.","request_id":"2025092819074007F999E40B4EE177089E"}

[2025-09-28 19:19:06] Response (400):
{"code":40002,"message":"Invalid value for data.0.user.ttp: value may not be null.","request_id":"202509281919060123448BF584DA0991C4"}

[2025-09-28 19:37:46] Response (400):
{"code":40002,"message":"Invalid value for data.0.user.ttp: value may not be null.","request_id":"202509281937464A1483812088E50E8FB2"}

[2025-09-28 19:39:23] Response (400):
{"code":40002,"message":"Invalid value for data.0.user.ttp: value may not be null.","request_id":"20250928193923894E457CEA36DA50181D"}

[2025-09-28 19:50:19] Response (400):
{"code":40002,"message":"Invalid value for data.0.user.ttp: value may not be null.","request_id":"2025092819501921EB0F8927D02237DBD7"}

[2025-09-28 19:52:15] Response (400):
{"code":40002,"message":"Invalid value for data.0.user.ttp: value may not be null.","request_id":"202509281952159654EAC4DF8F609C9F40"}

[2025-09-28 19:52:22] Response (400):
{"code":40002,"message":"Invalid value for data.0.user.ttp: value may not be null.","request_id":"202509281952227940AFEA668E3B9DB609"}

[2025-09-28 20:08:11] Response (400):
{"code":40002,"message":"Invalid value for data.0.user.ttp: value may not be null.","request_id":"202509282008113EFD5F981FEB9F899355"}

[2025-09-28 22:41:11] Response (400):
{"code":40002,"message":"Invalid value for data.0.user.ttp: value may not be null.","request_id":"20250928224111B4876E60425FC2A4013A"}

[2025-09-29 04:56:27] Response (400):
{"code":40002,"message":"Invalid value for data.0.user.ttp: value may not be null.","request_id":"20250929045627279C106EBA451071375C"}

[2025-09-29 04:58:18] Response (400):
{"code":40002,"message":"Invalid value for data.0.user.ttp: value may not be null.","request_id":"20250929045818132312217C1EB3C77B1B"}

[2025-09-29 05:02:26] Response (400):
{"code":40002,"message":"Invalid value for data.0.user.ttp: value may not be null.","request_id":"202509290502263CDC37D7B0F730A569F7"}

[2025-09-29 05:25:15] Response (400):
{"code":40002,"message":"Invalid value for data.0.user.ttp: value may not be null.","request_id":"20250929052515408C83ED6E0AD8D29A1B"}

[2025-09-29 05:41:24] Response (400):
{"code":40002,"message":"Invalid value for data.0.user.ttp: value may not be null.","request_id":"20250929054124A0A91793C52ADADB65E6"}

[2025-09-29 05:46:35] Response (400):
{"code":40002,"message":"Invalid value for data.0.user.ttp: value may not be null.","request_id":"202509290546357321A4539FAC2FC55139"}

[2025-09-29 05:55:37] Response (400):
{"code":40002,"message":"Invalid value for data.0.user.ttp: value may not be null.","request_id":"2025092905553770EEEE9019742B5E0257"}

[2025-09-29 06:01:26] Response (400):
{"code":40002,"message":"Invalid value for data.0.user.ttp: value may not be null.","request_id":"20250929060126CA44AA12442962CE85D8"}

[2025-09-29 06:04:58] Response (400):
{"code":40002,"message":"Invalid value for data.0.user.ttp: value may not be null.","request_id":"202509290604589434DE0B4E2A15EB020C"}

[2025-09-29 06:53:00] Response (400):
{"code":40002,"message":"Invalid value for data.0.user.ttp: value may not be null.","request_id":"20250929065300264AF110A4F140C2A274"}

[2025-09-29 06:53:43] Response (400):
{"code":40002,"message":"Invalid value for data.0.user.ttp: value may not be null.","request_id":"20250929065343BB2CE95817ABCFBE03D3"}

[2025-09-29 06:53:46] Response (400):
{"code":40002,"message":"Invalid value for data.0.user.ttp: value may not be null.","request_id":"20250929065346E037343B5A81851674CB"}

[2025-09-29 06:57:50] Response (400):
{"code":40002,"message":"Invalid value for data.0.user.ttp: value may not be null.","request_id":"202509290657500B94A706AB0BC4BDA0C5"}

[2025-09-29 15:44:32] Response (400):
{"code":40002,"message":"Invalid value for data.0.user.ttp: value may not be null.","request_id":"202509291544327AB12ED1B9FEE7C269B2"}

[2025-09-29 15:44:53] Response (400):
{"code":40002,"message":"Invalid value for data.0.user.ttp: value may not be null.","request_id":"20250929154453BBA247DC90AE65EBEE3F"}

[2025-09-29 16:03:45] Response (400):
{"code":40002,"message":"Invalid value for data.0.user.ttp: value may not be null.","request_id":"20250929160345890DC0120387AD09FE25"}

[2025-09-29 16:04:22] Response (400):
{"code":40002,"message":"Invalid value for data.0.user.ttp: value may not be null.","request_id":"2025092916042297F93D05EA8EC35CAF2C"}

[2025-09-29 16:08:05] Response (400):
{"code":40002,"message":"Invalid value for data.0.user.ttp: value may not be null.","request_id":"20250929160805D71317A62AB229618032"}

[2025-09-29 16:53:15] Response (400):
{"code":40002,"message":"Invalid value for data.0.user.ttp: value may not be null.","request_id":"202509291653151C7E1FC1F0A3E5ECCF30"}

[2025-09-29 17:00:23] Response (400):
{"code":40002,"message":"Invalid value for data.0.user.ttp: value may not be null.","request_id":"2025092917002350577124B590D708CA88"}

[2025-09-29 17:07:03] Response (400):
{"code":40002,"message":"Invalid value for data.0.user.ttp: value may not be null.","request_id":"202509291707035CEF13877741AEF544B4"}

[2025-09-29 17:09:39] Response (400):
{"code":40002,"message":"Invalid value for data.0.user.ttp: value may not be null.","request_id":"20250929170939325CBC3D7E36F62DE6AB"}

[2025-09-29 17:48:30] Response (400):
{"code":40002,"message":"Invalid value for data.0.user.ttp: value may not be null.","request_id":"202509291748303221BBF92CFBB80ACBBB"}

[2025-09-29 17:49:52] Response (400):
{"code":40002,"message":"Invalid value for data.0.user.ttp: value may not be null.","request_id":"20250929174952E3C15813D567B2EA78E5"}

[2025-09-29 17:49:59] Response (400):
{"code":40002,"message":"Invalid value for data.0.user.ttp: value may not be null.","request_id":"2025092917495984692190E8493FF15DC3"}

[2025-09-29 17:54:28] Response (400):
{"code":40002,"message":"Invalid value for data.0.user.ttp: value may not be null.","request_id":"2025092917542884EA65397F4FC9F2005C"}

[2025-09-30 02:43:22] Response (400):
{"code":40002,"message":"Invalid value for data.0.user.ttp: value may not be null.","request_id":"202509300243220CBD132DCCFB4342F77A"}

[2025-09-30 02:45:36] Response (400):
{"code":40002,"message":"Invalid value for data.0.user.ttp: value may not be null.","request_id":"202509300245362DC20B6FF5D6E41A7A0B"}

[2025-09-30 02:47:29] Response (400):
{"code":40002,"message":"Invalid value for data.0.user.ttp: value may not be null.","request_id":"2025093002472906354A3BF7FDF334F5DD"}

[2025-09-30 03:10:06] Response (400):
{"code":40002,"message":"Invalid value for data.0.user.ttp: value may not be null.","request_id":"20250930031006B078B38431C64145D1DD"}

[2025-09-30 03:10:20] Response (400):
{"code":40002,"message":"Invalid value for data.0.user.ttp: value may not be null.","request_id":"20250930031020E991F21E8F2F10297497"}

[2025-09-30 03:44:42] Response (400):
{"code":40002,"message":"Invalid value for data.0.user.ttp: value may not be null.","request_id":"20250930034442F4E582FFD340F585C9EF"}

[2025-09-30 03:55:24] Response (400):
{"code":40002,"message":"Invalid value for data.0.user.ttp: value may not be null.","request_id":"20250930035524110C11D1FF1255074D52"}

[2025-09-30 04:06:53] Response (400):
{"code":40002,"message":"Invalid value for data.0.user.ttp: value may not be null.","request_id":"202509300406537016C609E956448D5F2A"}

[2025-09-30 04:15:41] Response (400):
{"code":40002,"message":"Invalid value for data.0.user.ttp: value may not be null.","request_id":"20250930041541880B921D72ED783D8CF5"}

[2025-09-30 04:47:49] Response (400):
{"code":40002,"message":"Invalid value for data.0.user.ttp: value may not be null.","request_id":"20250930044749D2CBC65A33D6A41F408A"}

[2025-09-30 04:48:29] Response (400):
{"code":40002,"message":"Invalid value for data.0.user.ttp: value may not be null.","request_id":"20250930044829ED1229644014614509BE"}

[2025-09-30 04:48:32] Response (400):
{"code":40002,"message":"Invalid value for data.0.user.ttp: value may not be null.","request_id":"20250930044832415C6F22FFE15BBFF797"}

[2025-09-30 04:54:48] Response (400):
{"code":40002,"message":"Invalid value for data.0.user.ttp: value may not be null.","request_id":"20250930045448F7EBD9ECD287FC2FA842"}

[2025-09-30 08:24:30] Response (400):
{"code":40002,"message":"Invalid value for data.0.user.ttp: value may not be null.","request_id":"20250930082429CB44A4AD4964FACBBEEF"}

[2025-09-30 11:30:15] Response (400):
{"code":40002,"message":"Invalid value for data.0.user.ttp: value may not be null.","request_id":"202509301130141340D5BC7CE961E94D4B"}

[2025-09-30 11:52:44] Response (400):
{"code":40002,"message":"Invalid value for data.0.user.ttp: value may not be null.","request_id":"20250930115244929258DF13562F2BC063"}

[2025-09-30 12:13:11] Response (400):
{"code":40002,"message":"Invalid value for data.0.user.ttp: value may not be null.","request_id":"2025093012131101C1FFAAC637285E99CC"}

[2025-09-30 12:17:50] Response (400):
{"code":40002,"message":"Invalid value for data.0.user.ttp: value may not be null.","request_id":"202509301217500A6905BEC5CF06F6BC2B"}

[2025-09-30 12:22:24] Response (400):
{"code":40002,"message":"Invalid value for data.0.user.ttp: value may not be null.","request_id":"20250930122224C1776E404433053E3A0D"}

[2025-09-30 12:48:35] Response (400):
{"code":40002,"message":"Invalid value for data.0.user.ttp: value may not be null.","request_id":"2025093012483540A3E15CF950C299B2A2"}

[2025-09-30 12:54:15] Response (400):
{"code":40002,"message":"Invalid value for data.0.user.ttp: value may not be null.","request_id":"202509301254150DCBB2415F6C18367719"}

[2025-09-30 13:02:22] Response (400):
{"code":40002,"message":"Invalid value for data.0.user.ttp: value may not be null.","request_id":"202509301302225B9D2188434B1B31C0DB"}

[2025-09-30 13:03:05] Response (400):
{"code":40002,"message":"Invalid value for data.0.user.ttp: value may not be null.","request_id":"202509301303050FDF29BF0152A741A501"}

[2025-09-30 13:12:04] Response (400):
{"code":40002,"message":"Invalid value for data.0.user.ttp: value may not be null.","request_id":"20250930131204B48F6668A41371395508"}

[2025-09-30 13:14:54] Response (400):
{"code":40002,"message":"Invalid value for data.0.user.ttp: value may not be null.","request_id":"2025093013145496E9D542E951BE39FEAD"}

[2025-09-30 13:15:01] Response (400):
{"code":40002,"message":"Invalid value for data.0.user.ttp: value may not be null.","request_id":"20250930131501450696205CAE5129B03A"}

[2025-09-30 13:26:36] Response (400):
{"code":40002,"message":"Invalid value for data.0.user.ttp: value may not be null.","request_id":"20250930132636977D0BCE592DDF767E7C"}

[2025-09-30 21:45:13] Response (400):
{"code":40002,"message":"Invalid value for data.0.user.ttp: value may not be null.","request_id":"202509302145137ABBF6B5C2DF487D601F"}

[2025-09-30 22:42:18] Response (400):
{"code":40002,"message":"Invalid value for data.0.user.ttp: value may not be null.","request_id":"202509302242182D3EF8DC09CD718D1BA9"}

[2025-09-30 22:47:59] Response (400):
{"code":40002,"message":"Invalid value for data.0.user.ttp: value may not be null.","request_id":"20250930224759C8EFEAE6D1B85A620F07"}

[2025-09-30 23:08:27] Response (400):
{"code":40002,"message":"Invalid value for data.0.user.ttp: value may not be null.","request_id":"20250930230827C3A7155301FEFE683003"}

[2025-09-30 23:08:54] Response (400):
{"code":40002,"message":"Invalid value for data.0.user.ttp: value may not be null.","request_id":"20250930230854995F2A4139FAE7DCC372"}

[2025-09-30 23:45:11] Response (400):
{"code":40002,"message":"Invalid value for data.0.user.ttp: value may not be null.","request_id":"202509302345112B5062E154D71A1650CA"}

[2025-09-30 23:56:41] Response (400):
{"code":40002,"message":"Invalid value for data.0.user.ttp: value may not be null.","request_id":"20250930235641E6BBC91D7CB755794606"}

[2025-10-01 00:04:20] Response (400):
{"code":40002,"message":"Invalid value for data.0.user.ttp: value may not be null.","request_id":"2025100100042035F276E61B57CD9C34C3"}

[2025-10-01 00:11:10] Response (400):
{"code":40002,"message":"Invalid value for data.0.user.ttp: value may not be null.","request_id":"20251001001110B432686BE524E50E2EAD"}

[2025-10-01 00:11:16] Response (400):
{"code":40002,"message":"Invalid value for data.0.user.ttp: value may not be null.","request_id":"202510010011165AC7C5F718F475853BB5"}

[2025-10-01 00:17:32] Response (400):
{"code":40002,"message":"Invalid value for data.0.user.ttp: value may not be null.","request_id":"202510010017328A6F1FF4B2ACF44C2D7D"}

[2025-10-01 00:24:42] Response (400):
{"code":40002,"message":"Invalid value for data.0.user.ttp: value may not be null.","request_id":"20251001002442BB53E86992D0B7D6A5D6"}

[2025-10-01 00:28:20] Response (400):
{"code":40002,"message":"Invalid value for data.0.user.ttp: value may not be null.","request_id":"20251001002820066A6DA9925ED3484102"}

[2025-10-01 08:45:03] Response (400):
{"code":40002,"message":"Invalid value for data.0.user.ttp: value may not be null.","request_id":"20251001084503294B8686E36BF85E0DBB"}

[2025-10-01 09:41:50] Response (400):
{"code":40002,"message":"Invalid value for data.0.user.ttp: value may not be null.","request_id":"202510010941505529D4F507F2F47E62A7"}

[2025-10-01 09:47:26] Response (400):
{"code":40002,"message":"Invalid value for data.0.user.ttp: value may not be null.","request_id":"2025100109472634D12BF8A796039D1178"}

[2025-10-01 09:49:38] Response (400):
{"code":40002,"message":"Invalid value for data.0.user.ttp: value may not be null.","request_id":"20251001094938DBB1CA331DCF317F6137"}

[2025-10-01 10:04:02] Response (400):
{"code":40002,"message":"Invalid value for data.0.user.ttp: value may not be null.","request_id":"2025100110040296A34CED396F3B9C9B98"}

[2025-10-01 10:42:59] Response (400):
{"code":40002,"message":"Invalid value for data.0.user.ttp: value may not be null.","request_id":"20251001104259C00493D84CDDD39F25F6"}

[2025-10-01 10:44:44] Response (400):
{"code":40002,"message":"Invalid value for data.0.user.ttp: value may not be null.","request_id":"2025100110444467661DDCBDE6BE92B70A"}

[2025-10-01 10:52:36] Response (400):
{"code":40002,"message":"Invalid value for data.0.user.ttp: value may not be null.","request_id":"20251001105236131A3F87B345929C29E2"}

[2025-10-01 10:59:09] Response (400):
{"code":40002,"message":"Invalid value for data.0.user.ttp: value may not be null.","request_id":"2025100110590905A93BF0E0689590688E"}

[2025-10-01 11:04:00] Response (400):
{"code":40002,"message":"Invalid value for data.0.user.ttp: value may not be null.","request_id":"20251001110400D79B57FBBB491D00C5BD"}

[2025-10-01 11:05:03] Response (400):
{"code":40002,"message":"Invalid value for data.0.user.ttp: value may not be null.","request_id":"2025100111050313344DE430A03EB21761"}

[2025-10-01 11:05:10] Response (400):
{"code":40002,"message":"Invalid value for data.0.user.ttp: value may not be null.","request_id":"20251001110510D96040AD0D5FE0EEB3CF"}

[2025-10-01 11:06:30] Response (400):
{"code":40002,"message":"Invalid value for data.0.user.ttp: value may not be null.","request_id":"202510011106300EE389BC7B5EC70265D7"}

[2025-10-01 19:41:42] Response (400):
{"code":40002,"message":"Invalid value for data.0.user.ttp: value may not be null.","request_id":"20251001194142419CC886CF612DF5CDA3"}

[2025-10-01 20:42:22] Response (400):
{"code":40002,"message":"Invalid value for data.0.user.ttp: value may not be null.","request_id":"2025100120422244C3769E796BFAE42602"}

[2025-10-01 20:50:43] Response (400):
{"code":40002,"message":"Invalid value for data.0.user.ttp: value may not be null.","request_id":"20251001205043FD5AE31EF0A3529A817B"}

[2025-10-01 20:53:37] Response (400):
{"code":40002,"message":"Invalid value for data.0.user.ttp: value may not be null.","request_id":"20251001205337E9E58D387136D7CAC7D7"}

[2025-10-01 21:21:56] Response (400):
{"code":40002,"message":"Invalid value for data.0.user.ttp: value may not be null.","request_id":"202510012121561ED69A7F97CCE5C31FAD"}

[2025-10-01 21:43:22] Response (400):
{"code":40002,"message":"Invalid value for data.0.user.ttp: value may not be null.","request_id":"20251001214322F829A016B35751B7FD2D"}

[2025-10-01 21:46:37] Response (400):
{"code":40002,"message":"Invalid value for data.0.user.ttp: value may not be null.","request_id":"20251001214637C01E9EBCD79547CE8FAB"}

[2025-10-01 22:00:40] Response (400):
{"code":40002,"message":"Invalid value for data.0.user.ttp: value may not be null.","request_id":"20251001220040E828F7B64F078045FD03"}

[2025-10-01 22:01:51] Response (400):
{"code":40002,"message":"Invalid value for data.0.user.ttp: value may not be null.","request_id":"20251001220151301841B0DFBEC0B78F30"}

[2025-10-01 22:03:17] Response (400):
{"code":40002,"message":"Invalid value for data.0.user.ttp: value may not be null.","request_id":"20251001220316138A93EE34923087352D"}

[2025-10-01 22:04:23] Response (400):
{"code":40002,"message":"Invalid value for data.0.user.ttp: value may not be null.","request_id":"20251001220423AF9EDC61D40BD4DAE2AE"}

[2025-10-01 22:04:28] Response (400):
{"code":40002,"message":"Invalid value for data.0.user.ttp: value may not be null.","request_id":"20251001220427CE7C85BC0C7F60C4741E"}

[2025-10-01 22:15:11] Response (400):
{"code":40002,"message":"Invalid value for data.0.user.ttp: value may not be null.","request_id":"20251001221511C32A8E4A36ADD9C1A728"}

[2025-10-02 06:43:35] Response (400):
{"code":40002,"message":"Invalid value for data.0.user.ttp: value may not be null.","request_id":"20251002064335EEB9DA46E098F8F97538"}

[2025-10-02 07:42:23] Response (400):
{"code":40002,"message":"Invalid value for data.0.user.ttp: value may not be null.","request_id":"20251002074223E605362CEE392B7DC57F"}

[2025-10-02 07:47:35] Response (400):
{"code":40002,"message":"Invalid value for data.0.user.ttp: value may not be null.","request_id":"2025100207473574DB7B5890E246FEA05D"}

[2025-10-02 07:56:38] Response (400):
{"code":40002,"message":"Invalid value for data.0.user.ttp: value may not be null.","request_id":"202510020756385F0D906E329A6DDB162B"}

[2025-10-02 07:56:59] Response (400):
{"code":40002,"message":"Invalid value for data.0.user.ttp: value may not be null.","request_id":"2025100207565947F4543CE79840586A96"}

[2025-10-02 08:41:51] Response (400):
{"code":40002,"message":"Invalid value for data.0.user.ttp: value may not be null.","request_id":"202510020841519A7F3E020DC85C7D6A7B"}

[2025-10-02 08:44:59] Response (400):
{"code":40002,"message":"Invalid value for data.0.user.ttp: value may not be null.","request_id":"202510020844593A2023389EACB5876D6A"}

[2025-10-02 08:47:05] Response (400):
{"code":40002,"message":"Invalid value for data.0.user.ttp: value may not be null.","request_id":"20251002084705F1BF35387404660A9644"}

[2025-10-02 08:48:30] Response (400):
{"code":40002,"message":"Invalid value for data.0.user.ttp: value may not be null.","request_id":"20251002084830CB647E54D4D1F0FCB754"}

[2025-10-02 08:48:35] Response (400):
{"code":40002,"message":"Invalid value for data.0.user.ttp: value may not be null.","request_id":"2025100208483561457A4AE5EFFE76C09C"}

[2025-10-02 08:49:51] Response (400):
{"code":40002,"message":"Invalid value for data.0.user.ttp: value may not be null.","request_id":"2025100208495170DBC154D90AA8C9449D"}

[2025-10-02 09:10:41] Response (400):
{"code":40002,"message":"Invalid value for data.0.user.ttp: value may not be null.","request_id":"20251002091041E2D7FA6BBB488D015607"}

[2025-10-02 09:11:21] Response (400):
{"code":40002,"message":"Invalid value for data.0.user.ttp: value may not be null.","request_id":"20251002091121BC5FC1D33DA5EF7B8A03"}

[2025-10-02 17:40:41] Response (400):
{"code":40002,"message":"Invalid value for data.0.user.ttp: value may not be null.","request_id":"202510021740411FFEF33576DEE3358210"}

[2025-10-02 18:40:46] Response (400):
{"code":40002,"message":"Invalid value for data.0.user.ttp: value may not be null.","request_id":"202510021840469E5289479FC51F2175A2"}

[2025-10-02 18:48:04] Response (400):
{"code":40002,"message":"Invalid value for data.0.user.ttp: value may not be null.","request_id":"202510021848046282BF4F3AAC650EBB88"}

[2025-10-02 19:00:22] Response (400):
{"code":40002,"message":"Invalid value for data.0.user.ttp: value may not be null.","request_id":"20251002190022C67EA15F4A91D01E09D4"}

[2025-10-02 19:01:08] Response (400):
{"code":40002,"message":"Invalid value for data.0.user.ttp: value may not be null.","request_id":"20251002190108C4E021F3F3A9DE3034D8"}

[2025-10-02 19:06:59] Response (200):
{"code": 0, "message": "OK", "request_id": "2025100219065934E22E3DDB3226A55146", "data": {}}

[2025-10-02 19:41:17] Response (400):
{"code":40002,"message":"Invalid value for data.0.user.ttp: value may not be null.","request_id":"20251002194117965168EC8C1DA627D145"}

[2025-10-02 19:44:38] Response (400):
{"code":40002,"message":"Invalid value for data.0.user.ttp: value may not be null.","request_id":"20251002194438968547DE649BEB35F09E"}

[2025-10-02 19:48:08] Response (400):
{"code":40002,"message":"Invalid value for data.0.user.ttp: value may not be null.","request_id":"20251002194808DA8658762F28F212A93E"}

[2025-10-02 20:02:35] Response (400):
{"code":40002,"message":"Invalid value for data.0.user.ttp: value may not be null.","request_id":"2025100220023538F1197142C33086FDC8"}

[2025-10-02 20:04:23] Response (400):
{"code":40002,"message":"Invalid value for data.0.user.ttp: value may not be null.","request_id":"2025100220042361DA79792FADE2B8C5FE"}

[2025-10-02 20:04:27] Response (400):
{"code":40002,"message":"Invalid value for data.0.user.ttp: value may not be null.","request_id":"20251002200427775DA48EF77E53EFAE49"}

[2025-10-02 20:06:50] Response (400):
{"code":40002,"message":"Invalid value for data.0.user.ttp: value may not be null.","request_id":"202510022006502A43F23C2873D37AA833"}

[2025-10-02 20:09:07] Response (400):
{"code":40002,"message":"Invalid value for data.0.user.ttp: value may not be null.","request_id":"202510022009073595038F101BFE98C7E6"}

[2025-10-03 04:40:54] Response (400):
{"code":40002,"message":"Invalid value for data.0.user.ttp: value may not be null.","request_id":"202510030440541BCB789A1FEF6333175D"}

[2025-10-03 05:40:33] Response (400):
{"code":40002,"message":"Invalid value for data.0.user.ttp: value may not be null.","request_id":"20251003054033CC5F6517739CF3319ABD"}

[2025-10-03 05:41:53] Response (400):
{"code":40002,"message":"Invalid value for data.0.user.ttp: value may not be null.","request_id":"2025100305415365F6BA391681153809F8"}

[2025-10-03 05:44:40] Response (400):
{"code":40002,"message":"Invalid value for data.0.user.ttp: value may not be null.","request_id":"20251003054440D26328C7D46CC65B61AC"}

[2025-10-03 05:45:26] Response (400):
{"code":40002,"message":"Invalid value for data.0.user.ttp: value may not be null.","request_id":"20251003054526804F29B678F4035D868B"}

[2025-10-03 06:51:10] Response (400):
{"code":40002,"message":"Invalid value for data.0.user.ttp: value may not be null.","request_id":"202510030651091BE266EC887C0EC0BF39"}

[2025-10-03 06:56:20] Response (400):
{"code":40002,"message":"Invalid value for data.0.user.ttp: value may not be null.","request_id":"20251003065619C113515BE89C0CF6313E"}

[2025-10-03 06:57:09] Response (400):
{"code":40002,"message":"Invalid value for data.0.user.ttp: value may not be null.","request_id":"20251003065709724DE1D99CFE0766C22C"}

[2025-10-03 06:57:30] Response (400):
{"code":40002,"message":"Invalid value for data.0.user.ttp: value may not be null.","request_id":"20251003065730D1CA06A6A8A52D7EC835"}

[2025-10-03 06:57:34] Response (400):
{"code":40002,"message":"Invalid value for data.0.user.ttp: value may not be null.","request_id":"202510030657340D86C3178E59AB648154"}

[2025-10-03 06:58:35] Response (400):
{"code":40002,"message":"Invalid value for data.0.user.ttp: value may not be null.","request_id":"20251003065834129E68C5875D516FD42E"}

[2025-10-03 07:05:43] Response (400):
{"code":40002,"message":"Invalid value for data.0.user.ttp: value may not be null.","request_id":"202510030705438A181FFB671CAA58F02D"}

[2025-10-03 07:11:46] Response (400):
{"code":40002,"message":"Invalid value for data.0.user.ttp: value may not be null.","request_id":"202510030711467AB073BEB029A07D201F"}

[2025-10-03 13:46:41] Response (400):
{"code":40002,"message":"Invalid value for data.0.user.ttp: value may not be null.","request_id":"2025100313464192471ACBC2F0128B4B78"}

[2025-10-03 15:40:26] Response (400):
{"code":40002,"message":"Invalid value for data.0.user.ttp: value may not be null.","request_id":"2025100315402676CE96FCC1B95471FE8A"}

[2025-10-03 16:43:08] Response (400):
{"code":40002,"message":"Invalid value for data.0.user.ttp: value may not be null.","request_id":"202510031643088BACBC1CAFF60E877096"}

[2025-10-03 16:45:57] Response (400):
{"code":40002,"message":"Invalid value for data.0.user.ttp: value may not be null.","request_id":"2025100316455713693F579E65578193F1"}

[2025-10-03 16:46:03] Response (400):
{"code":40002,"message":"Invalid value for data.0.user.ttp: value may not be null.","request_id":"20251003164603A7B1FA9DDE07778E413E"}

[2025-10-03 16:50:47] Response (400):
{"code":40002,"message":"Invalid value for data.0.user.ttp: value may not be null.","request_id":"2025100316504729E368686E26A3A0DFA7"}

[2025-10-03 17:35:52] Response (400):
{"code":40002,"message":"Invalid value for data.0.user.ttp: value may not be null.","request_id":"2025100317355288434BBEA72F0110F777"}

[2025-10-03 17:43:42] Response (400):
{"code":40002,"message":"Invalid value for data.0.user.ttp: value may not be null.","request_id":"202510031743428F3B1D307E0D79A522A1"}

[2025-10-03 17:48:02] Response (400):
{"code":40002,"message":"Invalid value for data.0.user.ttp: value may not be null.","request_id":"202510031748020F36C1F9CBBAD7738BCE"}

[2025-10-03 17:53:02] Response (400):
{"code":40002,"message":"Invalid value for data.0.user.ttp: value may not be null.","request_id":"2025100317530151884505EAD51C87EE47"}

[2025-10-03 17:57:05] Response (400):
{"code":40002,"message":"Invalid value for data.0.user.ttp: value may not be null.","request_id":"20251003175705D16C2464E3216C906A5F"}

[2025-10-03 18:01:41] Response (400):
{"code":40002,"message":"Invalid value for data.0.user.ttp: value may not be null.","request_id":"20251003180140F7FE7778CC406D86D1EF"}

[2025-10-03 18:04:06] Response (400):
{"code":40002,"message":"Invalid value for data.0.user.ttp: value may not be null.","request_id":"20251003180406F36A9DC383F9A096BE3C"}

[2025-10-03 18:04:15] Response (400):
{"code":40002,"message":"Invalid value for data.0.user.ttp: value may not be null.","request_id":"20251003180415465FFB5D1C3E687DBA6D"}

[2025-10-03 18:08:14] Response (400):
{"code":40002,"message":"Invalid value for data.0.user.ttp: value may not be null.","request_id":"202510031808148E0D44D0B76C4B4E174D"}

[2025-10-04 02:40:34] Response (400):
{"code":40002,"message":"Invalid value for data.0.user.ttp: value may not be null.","request_id":"202510040240341E807FAB92E953BCB1B6"}

[2025-10-04 03:41:48] Response (400):
{"code":40002,"message":"Invalid value for data.0.user.ttp: value may not be null.","request_id":"20251004034148B82F7FCEC164CEAA9ADF"}

[2025-10-04 03:45:49] Response (400):
{"code":40002,"message":"Invalid value for data.0.user.ttp: value may not be null.","request_id":"2025100403454901FC2ED9E930A20D850D"}

[2025-10-04 03:45:54] Response (400):
{"code":40002,"message":"Invalid value for data.0.user.ttp: value may not be null.","request_id":"2025100403455444A7823CF7AB5F6B8D52"}

[2025-10-04 03:53:08] Response (400):
{"code":40002,"message":"Invalid value for data.0.user.ttp: value may not be null.","request_id":"202510040353084245994501FCB78903DC"}

[2025-10-04 04:46:15] Response (400):
{"code":40002,"message":"Invalid value for data.0.user.ttp: value may not be null.","request_id":"2025100404461554C3663A0EAA53B33ADF"}

[2025-10-04 04:46:24] Response (400):
{"code":40002,"message":"Invalid value for data.0.user.ttp: value may not be null.","request_id":"20251004044624E2FF16756DFB514817F2"}

[2025-10-04 04:50:47] Response (400):
{"code":40002,"message":"Invalid value for data.0.user.ttp: value may not be null.","request_id":"2025100404504768BD24F01B1921C3B1AF"}

[2025-10-04 04:57:23] Response (400):
{"code":40002,"message":"Invalid value for data.0.user.ttp: value may not be null.","request_id":"20251004045723DC03F0BE2BA5393A4B07"}

[2025-10-04 05:01:44] Response (400):
{"code":40002,"message":"Invalid value for data.0.user.ttp: value may not be null.","request_id":"20251004050144A370C985B30103CDC334"}

[2025-10-04 05:03:17] Response (400):
{"code":40002,"message":"Invalid value for data.0.user.ttp: value may not be null.","request_id":"2025100405031641DCF25D1A0B53257409"}

[2025-10-04 05:03:20] Response (400):
{"code":40002,"message":"Invalid value for data.0.user.ttp: value may not be null.","request_id":"20251004050320E816254D0F98BBA66CFD"}

[2025-10-04 05:10:34] Response (400):
{"code":40002,"message":"Invalid value for data.0.user.ttp: value may not be null.","request_id":"2025100405103458DF565B78FEBBB3F280"}

[2025-10-04 13:46:50] Response (400):
{"code":40002,"message":"Invalid value for data.0.user.ttp: value may not be null.","request_id":"2025100413464983E95FBEC1941874BE33"}

[2025-10-04 13:47:00] Response (400):
{"code":40002,"message":"Invalid value for data.0.user.ttp: value may not be null.","request_id":"202510041347005561CC27D2DB4F4F970A"}

[2025-10-04 14:45:38] Response (400):
{"code":40002,"message":"Invalid value for data.0.user.ttp: value may not be null.","request_id":"202510041445386409EACF17BBF2848F66"}

[2025-10-04 14:54:54] Response (400):
{"code":40002,"message":"Invalid value for data.0.user.ttp: value may not be null.","request_id":"20251004145454D0C2354211A70AB228E8"}

[2025-10-04 14:55:06] Response (400):
{"code":40002,"message":"Invalid value for data.0.user.ttp: value may not be null.","request_id":"202510041455067F0F0A51569CBAD1F1DA"}

[2025-10-04 15:41:29] Response (400):
{"code":40002,"message":"Invalid value for data.0.user.ttp: value may not be null.","request_id":"20251004154129F21A112C0FDE8DEE1168"}

[2025-10-04 15:49:11] Response (400):
{"code":40002,"message":"Invalid value for data.0.user.ttp: value may not be null.","request_id":"20251004154911C0795C9B38ADDEEF6F50"}

[2025-10-04 16:01:05] Response (400):
{"code":40002,"message":"Invalid value for data.0.user.ttp: value may not be null.","request_id":"20251004160105F21792D7DD43A01AB576"}

[2025-10-04 16:02:35] Response (400):
{"code":40002,"message":"Invalid value for data.0.user.ttp: value may not be null.","request_id":"2025100416023599D7DB3DB8AD356C05C7"}

[2025-10-04 16:03:30] Response (400):
{"code":40002,"message":"Invalid value for data.0.user.ttp: value may not be null.","request_id":"2025100416033010B21EF6672347F1DA28"}

[2025-10-04 16:03:48] Response (400):
{"code":40002,"message":"Invalid value for data.0.user.ttp: value may not be null.","request_id":"20251004160348FEF7D5FBE22C650EE416"}

[2025-10-04 16:03:53] Response (400):
{"code":40002,"message":"Invalid value for data.0.user.ttp: value may not be null.","request_id":"202510041603533C15E754BCABA2E2D5C1"}

[2025-10-04 16:10:20] Response (400):
{"code":40002,"message":"Invalid value for data.0.user.ttp: value may not be null.","request_id":"20251004161020537104CFE752EEE223B2"}

[2025-10-05 00:44:15] Response (400):
{"code":40002,"message":"Invalid value for data.0.user.ttp: value may not be null.","request_id":"2025100500441592C8452D09061C0E93B8"}

[2025-10-05 00:44:28] Response (400):
{"code":40002,"message":"Invalid value for data.0.user.ttp: value may not be null.","request_id":"20251005004428E482CBF3D626354B2A72"}

[2025-10-05 01:44:11] Response (400):
{"code":40002,"message":"Invalid value for data.0.user.ttp: value may not be null.","request_id":"20251005014411A24C3A6731691302439F"}

[2025-10-05 01:44:27] Response (400):
{"code":40002,"message":"Invalid value for data.0.user.ttp: value may not be null.","request_id":"20251005014427C54E81BE6896A911FB7B"}

[2025-10-05 01:45:04] Response (400):
{"code":40002,"message":"Invalid value for data.0.user.ttp: value may not be null.","request_id":"20251005014504F0EE936A07E4C82D617F"}

[2025-10-05 02:44:18] Response (400):
{"code":40002,"message":"Invalid value for data.0.user.ttp: value may not be null.","request_id":"202510050244185F72D4708273BC6A12A3"}

[2025-10-05 02:45:26] Response (400):
{"code":40002,"message":"Invalid value for data.0.user.ttp: value may not be null.","request_id":"202510050245264F41BEDFA9823E17011C"}

[2025-10-05 02:52:04] Response (400):
{"code":40002,"message":"Invalid value for data.0.user.ttp: value may not be null.","request_id":"202510050252049C7C1DA219A8391E4DEB"}

[2025-10-05 02:55:06] Response (400):
{"code":40002,"message":"Invalid value for data.0.user.ttp: value may not be null.","request_id":"20251005025506114B978633BA902145DD"}

[2025-10-05 03:03:41] Response (400):
{"code":40002,"message":"Invalid value for data.0.user.ttp: value may not be null.","request_id":"202510050303414E56A1FA1923853C61EF"}

[2025-10-05 03:08:57] Response (400):
{"code":40002,"message":"Invalid value for data.0.user.ttp: value may not be null.","request_id":"202510050308576966F8267C61EA353821"}

[2025-10-05 03:09:02] Response (400):
{"code":40002,"message":"Invalid value for data.0.user.ttp: value may not be null.","request_id":"202510050309024E16F1E624737B033382"}

[2025-10-05 03:10:22] Response (400):
{"code":40002,"message":"Invalid value for data.0.user.ttp: value may not be null.","request_id":"20251005031022F03D77348F0C6E46F30B"}

[2025-10-05 11:42:16] Response (400):
{"code":40002,"message":"Invalid value for data.0.user.ttp: value may not be null.","request_id":"202510051142162A7BB5D21D8AB03871B6"}

[2025-10-05 11:46:08] Response (400):
{"code":40002,"message":"Invalid value for data.0.user.ttp: value may not be null.","request_id":"2025100511460844DDDB6956CEE6411D00"}

[2025-10-05 12:47:28] Response (400):
{"code":40002,"message":"Invalid value for data.0.user.ttp: value may not be null.","request_id":"20251005124728DAE5ED36429485453811"}

[2025-10-05 12:47:31] Response (400):
{"code":40002,"message":"Invalid value for data.0.user.ttp: value may not be null.","request_id":"2025100512473108D76EFD64AADF3064DE"}

[2025-10-05 12:53:13] Response (400):
{"code":40002,"message":"Invalid value for data.0.user.ttp: value may not be null.","request_id":"202510051253134D973D6854EA255C939E"}

[2025-10-05 12:57:42] Response (400):
{"code":40002,"message":"Invalid value for data.0.user.ttp: value may not be null.","request_id":"20251005125741BDFC6214A5DB119A6987"}

[2025-10-05 13:41:26] Response (400):
{"code":40002,"message":"Invalid value for data.0.user.ttp: value may not be null.","request_id":"20251005134126496B5372874BFC3B407E"}

[2025-10-05 13:44:18] Response (400):
{"code":40002,"message":"Invalid value for data.0.user.ttp: value may not be null.","request_id":"202510051344187250C412CEF3A07C9995"}

[2025-10-05 13:46:47] Response (400):
{"code":40002,"message":"Invalid value for data.0.user.ttp: value may not be null.","request_id":"2025100513464700324A79546C37BFC0E3"}

[2025-10-05 13:48:53] Response (400):
{"code":40002,"message":"Invalid value for data.0.user.ttp: value may not be null.","request_id":"20251005134853E680F402F4D3854D529D"}

[2025-10-05 13:49:08] Response (400):
{"code":40002,"message":"Invalid value for data.0.user.ttp: value may not be null.","request_id":"2025100513490824404B9967891559ED32"}

[2025-10-05 13:49:18] Response (400):
{"code":40002,"message":"Invalid value for data.0.user.ttp: value may not be null.","request_id":"202510051349176D3070EA134910622D45"}

[2025-10-05 13:53:39] Response (400):
{"code":40002,"message":"Invalid value for data.0.user.ttp: value may not be null.","request_id":"20251005135339DCEDBC61F05F5A83AF3D"}

[2025-10-05 22:42:14] Response (400):
{"code":40002,"message":"Invalid value for data.0.user.ttp: value may not be null.","request_id":"202510052242147FA3BB6167E02E59E64F"}

[2025-10-05 22:42:22] Response (400):
{"code":40002,"message":"Invalid value for data.0.user.ttp: value may not be null.","request_id":"2025100522422247CAAD65F43C2269FE14"}

[2025-10-05 23:44:59] Response (400):
{"code":40002,"message":"Invalid value for data.0.user.ttp: value may not be null.","request_id":"20251005234459309D3EECCA53EFD62975"}

[2025-10-05 23:48:56] Response (400):
{"code":40002,"message":"Invalid value for data.0.user.ttp: value may not be null.","request_id":"20251005234856C4656F491358F6B7EB18"}

[2025-10-05 23:49:06] Response (400):
{"code":40002,"message":"Invalid value for data.0.user.ttp: value may not be null.","request_id":"20251005234906911E9452AFE45709C61C"}

[2025-10-06 00:10:13] Response (400):
{"code":40002,"message":"Invalid value for data.0.user.ttp: value may not be null.","request_id":"20251006001013A14CB426FA388473DF93"}

[2025-10-06 00:41:09] Response (400):
{"code":40002,"message":"Invalid value for data.0.user.ttp: value may not be null.","request_id":"20251006004109D64EB17B3060B2877FA8"}

[2025-10-06 00:42:59] Response (400):
{"code":40002,"message":"Invalid value for data.0.user.ttp: value may not be null.","request_id":"202510060042599621596C27381FF65605"}

[2025-10-06 00:44:04] Response (400):
{"code":40002,"message":"Invalid value for data.0.user.ttp: value may not be null.","request_id":"20251006004404732C6A1C03EB7E7F3383"}

[2025-10-06 00:45:01] Response (400):
{"code":40002,"message":"Invalid value for data.0.user.ttp: value may not be null.","request_id":"20251006004501EFB3CDD23661AB63CCBA"}

[2025-10-06 00:46:51] Response (400):
{"code":40002,"message":"Invalid value for data.0.user.ttp: value may not be null.","request_id":"20251006004651D3D10FFEB9E06D5BB561"}

[2025-10-06 00:46:54] Response (400):
{"code":40002,"message":"Invalid value for data.0.user.ttp: value may not be null.","request_id":"20251006004654D5AEB4FBCE4E3E6E8BB5"}

[2025-10-06 00:49:59] Response (400):
{"code":40002,"message":"Invalid value for data.0.user.ttp: value may not be null.","request_id":"20251006004959990B4B4328CE46830E47"}

[2025-10-06 02:34:32] Response (400):
{"code":40002,"message":"Invalid value for data.0.user.ttp: value may not be null.","request_id":"2025100602343261C07524E26DDE4E47CC"}

[2025-10-06 02:34:34] Response (400):
{"code":40002,"message":"Invalid value for data.0.user.ttp: value may not be null.","request_id":"202510060234342D55C63AA22C517C6344"}

[2025-10-06 09:47:19] Response (400):
{"code":40002,"message":"Invalid value for data.0.user.ttp: value may not be null.","request_id":"2025100609471901DA0DB57821DB3C4CB4"}

[2025-10-06 09:50:18] Response (400):
{"code":40002,"message":"Invalid value for data.0.user.ttp: value may not be null.","request_id":"202510060950187F7691DBC2F82FB4728B"}

[2025-10-06 10:40:36] Response (400):
{"code":40002,"message":"Invalid value for data.0.user.ttp: value may not be null.","request_id":"20251006104036A369EBA46AE39EBCE417"}

[2025-10-06 10:40:37] Response (400):
{"code":40002,"message":"Invalid value for data.0.user.ttp: value may not be null.","request_id":"202510061040378E7995FEB8175F79A81A"}

[2025-10-06 10:48:56] Response (400):
{"code":40002,"message":"Invalid value for data.0.user.ttp: value may not be null.","request_id":"20251006104856990F402415A0F160D17F"}

[2025-10-06 10:57:41] Response (400):
{"code":40002,"message":"Invalid value for data.0.user.ttp: value may not be null.","request_id":"2025100610574148D1151C8C968A899383"}

[2025-10-06 11:40:45] Response (400):
{"code":40002,"message":"Invalid value for data.0.user.ttp: value may not be null.","request_id":"20251006114045971DD160F1E9E58AFACA"}

[2025-10-06 11:44:43] Response (400):
{"code":40002,"message":"Invalid value for data.0.user.ttp: value may not be null.","request_id":"20251006114443FFFF533E266A08A972F6"}

[2025-10-06 11:45:45] Response (400):
{"code":40002,"message":"Invalid value for data.0.user.ttp: value may not be null.","request_id":"20251006114545866C4570950586239E98"}

[2025-10-06 11:48:54] Response (400):
{"code":40002,"message":"Invalid value for data.0.user.ttp: value may not be null.","request_id":"2025100611485470C8611210030D250103"}

[2025-10-06 11:48:57] Response (400):
{"code":40002,"message":"Invalid value for data.0.user.ttp: value may not be null.","request_id":"20251006114857962E0727A8ADD1ACAB3C"}

[2025-10-06 11:51:31] Response (400):
{"code":40002,"message":"Invalid value for data.0.user.ttp: value may not be null.","request_id":"2025100611513036BEAB0AE9B4316E519A"}

[2025-10-06 11:56:15] Response (400):
{"code":40002,"message":"Invalid value for data.0.user.ttp: value may not be null.","request_id":"2025100611561539E5D49BA4A33F1080A2"}

[2025-10-06 20:43:09] Response (400):
{"code":40002,"message":"Invalid value for data.0.user.ttp: value may not be null.","request_id":"20251006204309A775C90320109E4212F5"}

[2025-10-06 20:46:29] Response (400):
{"code":40002,"message":"Invalid value for data.0.user.ttp: value may not be null.","request_id":"202510062046290B54A6D8B0729C4B7695"}

[2025-10-06 20:47:00] Response (400):
{"code":40002,"message":"Invalid value for data.0.user.ttp: value may not be null.","request_id":"20251006204700EDBFDC5B49F3624CA11B"}

[2025-10-06 20:51:12] Response (400):
{"code":40002,"message":"Invalid value for data.0.user.ttp: value may not be null.","request_id":"20251006205112F1DF76934BC35D49F45D"}

[2025-10-06 21:41:07] Response (400):
{"code":40002,"message":"Invalid value for data.0.user.ttp: value may not be null.","request_id":"202510062141079B704E1DD471D1E5BEF0"}

[2025-10-06 21:46:27] Response (400):
{"code":40002,"message":"Invalid value for data.0.user.ttp: value may not be null.","request_id":"20251006214627FD1EE798665CCC41B6D2"}

[2025-10-06 22:44:00] Response (400):
{"code":40002,"message":"Invalid value for data.0.user.ttp: value may not be null.","request_id":"20251006224400F2900D993E3428580B35"}

[2025-10-06 22:48:09] Response (400):
{"code":40002,"message":"Invalid value for data.0.user.ttp: value may not be null.","request_id":"2025100622480971D4DD48C96B2BE9C4F3"}

[2025-10-06 22:48:58] Response (400):
{"code":40002,"message":"Invalid value for data.0.user.ttp: value may not be null.","request_id":"2025100622485704EEF72B5F3546CD8DC6"}

[2025-10-06 22:59:51] Response (400):
{"code":40002,"message":"Invalid value for data.0.user.ttp: value may not be null.","request_id":"202510062259510358E716CF99B4EC7203"}

[2025-10-06 23:01:03] Response (400):
{"code":40002,"message":"Invalid value for data.0.user.ttp: value may not be null.","request_id":"202510062301038F3C7FB7625A54D2E86D"}

[2025-10-06 23:01:09] Response (400):
{"code":40002,"message":"Invalid value for data.0.user.ttp: value may not be null.","request_id":"202510062301094977BCF1B7FF17E86C4C"}

[2025-10-06 23:05:29] Response (400):
{"code":40002,"message":"Invalid value for data.0.user.ttp: value may not be null.","request_id":"20251006230529995BBDE72B35F4E3FE81"}

[2025-10-07 07:41:54] Response (400):
{"code":40002,"message":"Invalid value for data.0.user.ttp: value may not be null.","request_id":"2025100707415413F8E86110A0A6615307"}

[2025-10-07 07:44:48] Response (400):
{"code":40002,"message":"Invalid value for data.0.user.ttp: value may not be null.","request_id":"2025100707444847412478ADB035FC2ACB"}

[2025-10-07 07:53:55] Response (400):
{"code":40002,"message":"Invalid value for data.0.user.ttp: value may not be null.","request_id":"2025100707535532F7CECB0AD2FAF977B5"}

[2025-10-07 07:59:00] Response (400):
{"code":40002,"message":"Invalid value for data.0.user.ttp: value may not be null.","request_id":"202510070759001C62C9886A89E5F48090"}

[2025-10-07 08:44:57] Response (400):
{"code":40002,"message":"Invalid value for data.0.user.ttp: value may not be null.","request_id":"202510070844574246B65A69114BE6F3CA"}

[2025-10-07 08:49:50] Response (400):
{"code":40002,"message":"Invalid value for data.0.user.ttp: value may not be null.","request_id":"202510070849501AA1D9F6CE779E3F10EC"}

[2025-10-07 09:40:16] Response (400):
{"code":40002,"message":"Invalid value for data.0.user.ttp: value may not be null.","request_id":"2025100709401665F50E65C997C416B151"}

[2025-10-07 09:44:37] Response (400):
{"code":40002,"message":"Invalid value for data.0.user.ttp: value may not be null.","request_id":"20251007094437BDF01E620A8C73C27798"}

[2025-10-07 09:46:47] Response (400):
{"code":40002,"message":"Invalid value for data.0.user.ttp: value may not be null.","request_id":"202510070946470B97B5DD6C3C8CA868AA"}

[2025-10-07 09:47:23] Response (400):
{"code":40002,"message":"Invalid value for data.0.user.ttp: value may not be null.","request_id":"20251007094723E6B68402F656367DA352"}

[2025-10-07 09:47:51] Response (400):
{"code":40002,"message":"Invalid value for data.0.user.ttp: value may not be null.","request_id":"20251007094751F95E22ACBE5EFCF79494"}

[2025-10-07 09:47:55] Response (400):
{"code":40002,"message":"Invalid value for data.0.user.ttp: value may not be null.","request_id":"202510070947559358CBA0E2DAC0F143FC"}

[2025-10-07 09:50:50] Response (400):
{"code":40002,"message":"Invalid value for data.0.user.ttp: value may not be null.","request_id":"202510070950502D23377054095415A4B4"}

[2025-10-07 13:31:01] Response (400):
{"code":40002,"message":"Invalid value for data.0.user.ttp: value may not be null.","request_id":"202510071331017A56CDC8BB31ABA2B7C3"}

[2025-10-07 13:31:18] Response (400):
{"code":40002,"message":"Invalid value for data.0.user.ttp: value may not be null.","request_id":"20251007133118F221E2B70D9DF120F616"}

[2025-10-07 13:31:21] Response (400):
{"code":40002,"message":"Invalid value for data.0.user.ttp: value may not be null.","request_id":"20251007133121C0E0ABF534033E3B8A17"}

[2025-10-07 13:31:25] Response (400):
{"code":40002,"message":"Invalid value for data.0.user.ttp: value may not be null.","request_id":"202510071331256E6E3716AB553FF2844B"}

[2025-10-07 13:31:27] Response (400):
{"code":40002,"message":"Invalid value for data.0.user.ttp: value may not be null.","request_id":"20251007133127130AEF68A33A97999E55"}

[2025-10-07 13:31:30] Response (400):
{"code":40002,"message":"Invalid value for data.0.user.ttp: value may not be null.","request_id":"20251007133130E38C58E469E57AFF3DC7"}

[2025-10-07 13:31:34] Response (400):
{"code":40002,"message":"Invalid value for data.0.user.ttp: value may not be null.","request_id":"2025100713313397D076F071F21888FF08"}

[2025-10-07 13:31:37] Response (400):
{"code":40002,"message":"Invalid value for data.0.user.ttp: value may not be null.","request_id":"20251007133137C07DF085F8EAF111EDA4"}

[2025-10-07 13:31:40] Response (400):
{"code":40002,"message":"Invalid value for data.0.user.ttp: value may not be null.","request_id":"2025100713314052903835AFBBE117F3BB"}

[2025-10-07 13:31:43] Response (400):
{"code":40002,"message":"Invalid value for data.0.user.ttp: value may not be null.","request_id":"2025100713314339F54573418D852CA332"}

[2025-10-07 13:31:46] Response (400):
{"code":40002,"message":"Invalid value for data.0.user.ttp: value may not be null.","request_id":"20251007133146DFA6403166931F7C5039"}

[2025-10-07 13:31:49] Response (400):
{"code":40002,"message":"Invalid value for data.0.user.ttp: value may not be null.","request_id":"2025100713314923EB08D3388A48D5582B"}

[2025-10-07 13:31:51] Response (400):
{"code":40002,"message":"Invalid value for data.0.user.ttp: value may not be null.","request_id":"2025100713315127F68A40B02614263A18"}

[2025-10-07 13:31:56] Response (400):
{"code":40002,"message":"Invalid value for data.0.user.ttp: value may not be null.","request_id":"20251007133156A7531D50C1F4FC274821"}

[2025-10-07 13:32:00] Response (400):
{"code":40002,"message":"Invalid value for data.0.user.ttp: value may not be null.","request_id":"20251007133200DFA6403166931F7C57C4"}

[2025-10-07 13:32:07] Response (400):
{"code":40002,"message":"Invalid value for data.0.user.ttp: value may not be null.","request_id":"202510071332071F7C430C6AC5E80D211B"}

[2025-10-07 18:39:29] Response (400):
{"code":40002,"message":"Invalid value for data.0.user.ttp: value may not be null.","request_id":"20251007183929161AC64F7038673AC351"}

[2025-10-07 18:39:39] Response (400):
{"code":40002,"message":"Invalid value for data.0.user.ttp: value may not be null.","request_id":"202510071839394BF6833AE779E42B3AD3"}

[2025-10-07 18:49:49] Response (400):
{"code":40002,"message":"Invalid value for data.0.user.ttp: value may not be null.","request_id":"2025100718494934B4A808F0A00637CA9C"}

[2025-10-07 18:53:13] Response (400):
{"code":40002,"message":"Invalid value for data.0.user.ttp: value may not be null.","request_id":"20251007185313C8C89EF2F69DF67E0006"}

[2025-10-07 19:23:28] Response (400):
{"code":40002,"message":"Invalid value for data.0.user.ttp: value may not be null.","request_id":"20251007192328ACE447990FEA35B0C6CE"}

[2025-10-07 19:30:49] Response (400):
{"code":40002,"message":"Invalid value for data.0.user.ttp: value may not be null.","request_id":"20251007193048442BA5B1DDEA4A445197"}

[2025-10-07 19:42:25] Response (400):
{"code":40002,"message":"Invalid value for data.0.user.ttp: value may not be null.","request_id":"20251007194225D707AAAB160014BDBEBB"}

[2025-10-07 19:47:02] Response (400):
{"code":40002,"message":"Invalid value for data.0.user.ttp: value may not be null.","request_id":"20251007194702C7C7C305F0C80C37C073"}

[2025-10-07 20:41:47] Response (400):
{"code":40002,"message":"Invalid value for data.0.user.ttp: value may not be null.","request_id":"20251007204146EEFF72A1EC141049AF71"}

[2025-10-07 20:42:08] Response (400):
{"code":40002,"message":"Invalid value for data.0.user.ttp: value may not be null.","request_id":"202510072042080F46EB4ED84C33AD30CB"}

[2025-10-07 20:46:03] Response (400):
{"code":40002,"message":"Invalid value for data.0.user.ttp: value may not be null.","request_id":"202510072046035FE2FF010E3BB2AF2B08"}

[2025-10-07 20:46:14] Response (400):
{"code":40002,"message":"Invalid value for data.0.user.ttp: value may not be null.","request_id":"20251007204614A9B51022BC76BBCC5B3D"}

[2025-10-07 20:46:21] Response (400):
{"code":40002,"message":"Invalid value for data.0.user.ttp: value may not be null.","request_id":"20251007204621F0D575FFA04FA63C9464"}

[2025-10-07 20:48:15] Response (400):
{"code":40002,"message":"Invalid value for data.0.user.ttp: value may not be null.","request_id":"20251007204815C1EBCFB138E8E0F90F3B"}

[2025-10-07 20:52:59] Response (400):
{"code":40002,"message":"Invalid value for data.0.user.ttp: value may not be null.","request_id":"2025100720525926C3830E3F01FE338C0E"}

[2025-10-07 20:55:31] Response (400):
{"code":40002,"message":"Invalid value for data.0.user.ttp: value may not be null.","request_id":"20251007205531B3FCBBFE35378F90E883"}

[2025-10-07 21:16:24] Response (400):
{"code":40002,"message":"Invalid value for data.0.user.ttp: value may not be null.","request_id":"20251007211624721C4AEFDB84676C56E1"}

[2025-10-07 21:58:11] Response (400):
{"code":40002,"message":"Invalid value for data.0.user.ttp: value may not be null.","request_id":"20251007215811535A5A13CF3BF2516A2D"}

[2025-10-08 01:16:39] Response (400):
{"code":40002,"message":"Invalid value for data.0.user.ttp: value may not be null.","request_id":"20251008011638C804061AB4770E5AECD0"}

[2025-10-08 01:40:09] Response (400):
{"code":40002,"message":"Invalid value for data.0.user.ttp: value may not be null.","request_id":"202510080140097C302B8BABC4495C448F"}

[2025-10-08 01:47:21] Response (400):
{"code":40002,"message":"Invalid value for data.0.user.ttp: value may not be null.","request_id":"202510080147217346B027C947306982CF"}

[2025-10-08 05:44:39] Response (400):
{"code":40002,"message":"Invalid value for data.0.user.ttp: value may not be null.","request_id":"2025100805443990DFDF894DA3965CCEA3"}

[2025-10-08 05:48:02] Response (400):
{"code":40002,"message":"Invalid value for data.0.user.ttp: value may not be null.","request_id":"20251008054802AF02854C023581633FA6"}

[2025-10-08 05:53:24] Response (400):
{"code":40002,"message":"Invalid value for data.0.user.ttp: value may not be null.","request_id":"20251008055324996DD900E6B1DF56E47A"}

[2025-10-08 05:55:57] Response (400):
{"code":40002,"message":"Invalid value for data.0.user.ttp: value may not be null.","request_id":"20251008055557D1027769C23D2AAAF08D"}

[2025-10-08 06:48:31] Response (400):
{"code":40002,"message":"Invalid value for data.0.user.ttp: value may not be null.","request_id":"202510080648312D2AF1CFACC5FB3E331E"}

[2025-10-08 06:50:07] Response (400):
{"code":40002,"message":"Invalid value for data.0.user.ttp: value may not be null.","request_id":"20251008065007BC9A3BB9BDB87659E71A"}

[2025-10-08 07:40:55] Response (400):
{"code":40002,"message":"Invalid value for data.0.user.ttp: value may not be null.","request_id":"2025100807405500A78B00FFB1F4D6BFC7"}

[2025-10-08 07:41:51] Response (400):
{"code":40002,"message":"Invalid value for data.0.user.ttp: value may not be null.","request_id":"20251008074151DD6B6B52551DEAEA7287"}

[2025-10-08 07:41:55] Response (400):
{"code":40002,"message":"Invalid value for data.0.user.ttp: value may not be null.","request_id":"202510080741556758663CA03E84E49F61"}

[2025-10-08 07:41:59] Response (400):
{"code":40002,"message":"Invalid value for data.0.user.ttp: value may not be null.","request_id":"20251008074159F386C94739FB92F302EC"}

[2025-10-08 07:47:36] Response (400):
{"code":40002,"message":"Invalid value for data.0.user.ttp: value may not be null.","request_id":"202510080747361B8C33264308AF4A0139"}

[2025-10-08 08:00:15] Response (400):
{"code":40002,"message":"Invalid value for data.0.user.ttp: value may not be null.","request_id":"202510080800156C68E19BF84F1B41F9A4"}

[2025-10-08 08:01:07] Response (400):
{"code":40002,"message":"Invalid value for data.0.user.ttp: value may not be null.","request_id":"20251008080107BDB6C04D4B25DECF4FBB"}

[2025-10-08 16:44:33] Response (400):
{"code":40002,"message":"Invalid value for data.0.user.ttp: value may not be null.","request_id":"202510081644335EE5440E021974A251BF"}

[2025-10-08 16:44:43] Response (400):
{"code":40002,"message":"Invalid value for data.0.user.ttp: value may not be null.","request_id":"2025100816444319A6A472B034A8A6850A"}

[2025-10-08 16:46:18] Response (400):
{"code":40002,"message":"Invalid value for data.0.user.ttp: value may not be null.","request_id":"202510081646185B41AABB71E3615A6AA2"}

[2025-10-08 16:48:41] Response (400):
{"code":40002,"message":"Invalid value for data.0.user.ttp: value may not be null.","request_id":"202510081648418B8BB4E2AF063B954E2C"}

[2025-10-08 17:40:54] Response (400):
{"code":40002,"message":"Invalid value for data.0.user.ttp: value may not be null.","request_id":"20251008174054571EBFEDF1E4769C7412"}

[2025-10-08 17:47:17] Response (400):
{"code":40002,"message":"Invalid value for data.0.user.ttp: value may not be null.","request_id":"202510081747178C1707CFEFE8E89090A9"}

[2025-10-08 18:40:39] Response (400):
{"code":40002,"message":"Invalid value for data.0.user.ttp: value may not be null.","request_id":"20251008184039968F38C447F478A4BC57"}

[2025-10-08 18:41:13] Response (400):
{"code":40002,"message":"Invalid value for data.0.user.ttp: value may not be null.","request_id":"2025100818411398D86EE64796F47E758D"}

[2025-10-08 18:43:21] Response (400):
{"code":40002,"message":"Invalid value for data.0.user.ttp: value may not be null.","request_id":"20251008184321BB4447A3E50A4B944400"}

[2025-10-08 18:45:15] Response (400):
{"code":40002,"message":"Invalid value for data.0.user.ttp: value may not be null.","request_id":"20251008184515EBE48CDB548518FA7FE8"}

[2025-10-08 18:46:24] Response (400):
{"code":40002,"message":"Invalid value for data.0.user.ttp: value may not be null.","request_id":"20251008184624B0B15EC4293E746B3080"}

[2025-10-08 18:46:28] Response (400):
{"code":40002,"message":"Invalid value for data.0.user.ttp: value may not be null.","request_id":"20251008184628704EC78E8A0910815C64"}

[2025-10-08 18:47:57] Response (400):
{"code":40002,"message":"Invalid value for data.0.user.ttp: value may not be null.","request_id":"2025100818475753507E20BB096AB83140"}

[2025-10-09 08:54:43] Response (400):
{"code":40002,"message":"Invalid value for data.0.user.ttp: value may not be null.","request_id":"20251009085443FE141E3A9FC70DFB8117"}

[2025-10-09 10:01:20] Response (400):
{"code":40002,"message":"Invalid value for data.0.user.ttp: value may not be null.","request_id":"20251009100120BBA247DC90AE65DCB76D"}

[2025-10-09 14:48:06] Response (400):
{"code":40002,"message":"Invalid value for data.0.user.ttp: value may not be null.","request_id":"20251009144806DBDA3D818184396360D9"}

[2025-10-09 15:20:22] Response (400):
{"code":40002,"message":"Invalid value for data.0.user.ttp: value may not be null.","request_id":"2025100915202251E27A3FCED4483BD217"}

[2025-10-09 18:22:50] Response (400):
{"code":40002,"message":"Invalid value for data.0.user.ttp: value may not be null.","request_id":"2025100918225036D595A61431B302B3EE"}

[2025-10-09 18:47:05] Response (400):
{"code":40002,"message":"Invalid value for data.0.user.ttp: value may not be null.","request_id":"20251009184705D4F71758C006CCDB822C"}

[2025-10-09 18:50:24] Response (400):
{"code":40002,"message":"Invalid value for data.0.user.ttp: value may not be null.","request_id":"20251009185024E33A1A70C11B2E0CD623"}

[2025-10-09 18:50:38] Response (400):
{"code":40002,"message":"Invalid value for data.0.user.ttp: value may not be null.","request_id":"202510091850389400B9DB5EDC22060567"}

[2025-10-09 18:50:48] Response (400):
{"code":40002,"message":"Invalid value for data.0.user.ttp: value may not be null.","request_id":"20251009185048A606FD3CD54FA90B4CCE"}

[2025-10-09 18:52:09] Response (400):
{"code":40002,"message":"Invalid value for data.0.user.ttp: value may not be null.","request_id":"2025100918520999A68C47C9E327EE98B7"}

[2025-10-09 18:52:48] Response (400):
{"code":40002,"message":"Invalid value for data.0.user.ttp: value may not be null.","request_id":"2025100918524792BACD9B319041FDE2B9"}

[2025-10-09 18:52:50] Response (400):
{"code":40002,"message":"Invalid value for data.0.user.ttp: value may not be null.","request_id":"20251009185250E7D354257A1703791B04"}

[2025-10-09 18:53:48] Response (400):
{"code":40002,"message":"Invalid value for data.0.user.ttp: value may not be null.","request_id":"20251009185348B86F8267AC86F8678B94"}

[2025-10-09 18:53:49] Response (400):
{"code":40002,"message":"Invalid value for data.0.user.ttp: value may not be null.","request_id":"202510091853495D0955DBF9A3C322B28D"}

[2025-10-09 18:53:58] Response (400):
{"code":40002,"message":"Invalid value for data.0.user.ttp: value may not be null.","request_id":"2025100918535881EF1CF9CA39A333C3F4"}

[2025-10-09 18:55:21] Response (400):
{"code":40002,"message":"Invalid value for data.0.user.ttp: value may not be null.","request_id":"2025100918552156D8B83FE7273921AE74"}

[2025-10-09 23:49:37] Response (400):
{"code":40002,"message":"Invalid value for data.0.user.ttp: value may not be null.","request_id":"20251009234937D42BEF32D206AB1F0F4C"}

[2025-10-10 01:41:00] Response (400):
{"code":40002,"message":"Invalid value for data.0.user.ttp: value may not be null.","request_id":"202510100141005FAA214C4C910B3016ED"}

[2025-10-10 05:40:26] Response (400):
{"code":40002,"message":"Invalid value for data.0.user.ttp: value may not be null.","request_id":"20251010054026C1CB30175A45F11807AA"}

[2025-10-10 05:40:54] Response (400):
{"code":40002,"message":"Invalid value for data.0.user.ttp: value may not be null.","request_id":"20251010054054F3849CF2AB06E726662C"}

[2025-10-10 05:41:50] Response (400):
{"code":40002,"message":"Invalid value for data.0.user.ttp: value may not be null.","request_id":"20251010054150FDB9643CC70F4F58BD24"}

[2025-10-10 05:41:57] Response (400):
{"code":40002,"message":"Invalid value for data.0.user.ttp: value may not be null.","request_id":"2025101005415778DF3F0962AC2811FDCF"}

[2025-10-10 05:43:55] Response (400):
{"code":40002,"message":"Invalid value for data.0.user.ttp: value may not be null.","request_id":"202510100543551C560D18B2D1839E4D38"}

[2025-10-10 05:43:57] Response (400):
{"code":40002,"message":"Invalid value for data.0.user.ttp: value may not be null.","request_id":"2025101005435795DA67F855844C6EAAC3"}

[2025-10-10 05:44:11] Response (400):
{"code":40002,"message":"Invalid value for data.0.user.ttp: value may not be null.","request_id":"202510100544117798444946343116C612"}

[2025-10-10 05:46:46] Response (400):
{"code":40002,"message":"Invalid value for data.0.user.ttp: value may not be null.","request_id":"20251010054646262E80CA4ACE52338ECB"}

[2025-10-10 05:48:08] Response (400):
{"code":40002,"message":"Invalid value for data.0.user.ttp: value may not be null.","request_id":"202510100548084CF473734DBEDF039442"}

[2025-10-10 05:48:19] Response (400):
{"code":40002,"message":"Invalid value for data.0.user.ttp: value may not be null.","request_id":"20251010054819FF153C9AFAE0C32D3055"}

[2025-10-10 05:48:26] Response (400):
{"code":40002,"message":"Invalid value for data.0.user.ttp: value may not be null.","request_id":"20251010054826F0C7EF2B310C56419B30"}

[2025-10-10 11:52:04] Response (400):
{"code":40002,"message":"Invalid value for data.0.user.ttp: value may not be null.","request_id":"202510101152041DE25405076465771866"}

[2025-10-10 16:43:33] Response (400):
{"code":40002,"message":"Invalid value for data.0.user.ttp: value may not be null.","request_id":"20251010164332531C4619A693BE58528B"}

[2025-10-10 16:44:00] Response (400):
{"code":40002,"message":"Invalid value for data.0.user.ttp: value may not be null.","request_id":"20251010164400EFD230E29BC99F658C3D"}

[2025-10-10 16:44:53] Response (400):
{"code":40002,"message":"Invalid value for data.0.user.ttp: value may not be null.","request_id":"20251010164453D8B377171D79F264A8B6"}

[2025-10-10 16:46:26] Response (400):
{"code":40002,"message":"Invalid value for data.0.user.ttp: value may not be null.","request_id":"20251010164626CCD08877B9F7FE6041E5"}

[2025-10-10 16:46:28] Response (400):
{"code":40002,"message":"Invalid value for data.0.user.ttp: value may not be null.","request_id":"202510101646281595C9C4AAEEF16006FF"}

[2025-10-10 16:47:52] Response (400):
{"code":40002,"message":"Invalid value for data.0.user.ttp: value may not be null.","request_id":"2025101016475232C6683305A9544D9827"}

[2025-10-10 16:47:58] Response (400):
{"code":40002,"message":"Invalid value for data.0.user.ttp: value may not be null.","request_id":"2025101016475847043DABFE2D6D07A234"}

[2025-10-10 16:48:43] Response (400):
{"code":40002,"message":"Invalid value for data.0.user.ttp: value may not be null.","request_id":"202510101648436466B59C7CEF2A47CB05"}

[2025-10-10 16:51:23] Response (400):
{"code":40002,"message":"Invalid value for data.0.user.ttp: value may not be null.","request_id":"20251010165123A409AE84C5F54F4FDBBD"}

[2025-10-10 16:51:35] Response (400):
{"code":40002,"message":"Invalid value for data.0.user.ttp: value may not be null.","request_id":"202510101651355E3E5A0C63DCBC642CEE"}

[2025-10-10 16:51:46] Response (400):
{"code":40002,"message":"Invalid value for data.0.user.ttp: value may not be null.","request_id":"20251010165146B082CA3592363153AC85"}

[2025-10-10 17:05:32] Response (200):
{"code": 0, "message": "OK", "request_id": "20251010170532735EB1C3CF1D954EC5F8", "data": {}}

[2025-10-10 17:23:55] Response (400):
{"code":40002,"message":"Invalid value for data.0.user.ttp: value may not be null.","request_id":"20251010172355AF2559CBA2605C72A4AE"}

[2025-10-10 22:47:33] Response (400):
{"code":40002,"message":"Invalid value for data.0.user.ttp: value may not be null.","request_id":"20251010224733A276CB348E670C74AC73"}

[2025-10-11 03:39:56] Response (400):
{"code":40002,"message":"Invalid value for data.0.user.ttp: value may not be null.","request_id":"202510110339564D6636A084148783DAF4"}

[2025-10-11 03:40:51] Response (400):
{"code":40002,"message":"Invalid value for data.0.user.ttp: value may not be null.","request_id":"2025101103405166027D4F79635ABDB45B"}

[2025-10-11 03:42:11] Response (400):
{"code":40002,"message":"Invalid value for data.0.user.ttp: value may not be null.","request_id":"20251011034211B6337B836A96448C7E27"}

[2025-10-11 03:42:26] Response (400):
{"code":40002,"message":"Invalid value for data.0.user.ttp: value may not be null.","request_id":"20251011034226E56B18AD4EA06EA39D59"}

[2025-10-11 03:42:30] Response (400):
{"code":40002,"message":"Invalid value for data.0.user.ttp: value may not be null.","request_id":"20251011034230B452A3AF8580D65F2BD5"}

[2025-10-11 03:42:46] Response (400):
{"code":40002,"message":"Invalid value for data.0.user.ttp: value may not be null.","request_id":"20251011034246753781265C67A7BA9021"}

[2025-10-11 03:43:22] Response (400):
{"code":40002,"message":"Invalid value for data.0.user.ttp: value may not be null.","request_id":"20251011034322EABA437F6FE02C7E29CD"}

[2025-10-11 03:43:38] Response (400):
{"code":40002,"message":"Invalid value for data.0.user.ttp: value may not be null.","request_id":"2025101103433867062EF9C3CC25CFE77C"}

[2025-10-11 03:43:54] Response (400):
{"code":40002,"message":"Invalid value for data.0.user.ttp: value may not be null.","request_id":"20251011034354E20620391C933F943E5E"}

[2025-10-11 03:44:07] Response (400):
{"code":40002,"message":"Invalid value for data.0.user.ttp: value may not be null.","request_id":"2025101103440752EBB900D84BE384B318"}

[2025-10-11 03:44:30] Response (400):
{"code":40002,"message":"Invalid value for data.0.user.ttp: value may not be null.","request_id":"202510110344308CF7C2010DAF2FE208EB"}

[2025-10-11 09:42:02] Response (400):
{"code":40002,"message":"Invalid value for data.0.user.ttp: value may not be null.","request_id":"20251011094202EE26A4338C4AB495C6D6"}

[2025-10-11 14:40:26] Response (400):
{"code":40002,"message":"Invalid value for data.0.user.ttp: value may not be null.","request_id":"202510111440260F1647C41F9BD3A183B5"}

[2025-10-11 14:40:43] Response (400):
{"code":40002,"message":"Invalid value for data.0.user.ttp: value may not be null.","request_id":"20251011144043B745B850ECA17053AEC1"}

[2025-10-11 14:42:53] Response (400):
{"code":40002,"message":"Invalid value for data.0.user.ttp: value may not be null.","request_id":"20251011144253F6D55FB6B33DF6A7645E"}

[2025-10-11 14:43:57] Response (400):
{"code":40002,"message":"Invalid value for data.0.user.ttp: value may not be null.","request_id":"20251011144356779941BB240886F6A87D"}

[2025-10-11 14:43:59] Response (400):
{"code":40002,"message":"Invalid value for data.0.user.ttp: value may not be null.","request_id":"20251011144359B3BE20FB61B55C733AD0"}

[2025-10-11 14:44:46] Response (400):
{"code":40002,"message":"Invalid value for data.0.user.ttp: value may not be null.","request_id":"20251011144446603187BDCDB9BAC58366"}

[2025-10-11 14:44:54] Response (400):
{"code":40002,"message":"Invalid value for data.0.user.ttp: value may not be null.","request_id":"2025101114445462B26EAC9BB4AEAE862F"}

[2025-10-11 14:45:45] Response (400):
{"code":40002,"message":"Invalid value for data.0.user.ttp: value may not be null.","request_id":"202510111445459A83CC064C64F078FCC7"}

[2025-10-11 14:47:36] Response (400):
{"code":40002,"message":"Invalid value for data.0.user.ttp: value may not be null.","request_id":"20251011144736AF64DBD2B59CFDB5A08D"}

[2025-10-11 14:47:40] Response (400):
{"code":40002,"message":"Invalid value for data.0.user.ttp: value may not be null.","request_id":"20251011144739C3709BF2D07D0162CBBE"}

[2025-10-11 14:48:04] Response (400):
{"code":40002,"message":"Invalid value for data.0.user.ttp: value may not be null.","request_id":"2025101114480452EBB900D84BE3BA58DE"}

[2025-10-11 18:20:59] Response (400):
{"code":40002,"message":"Invalid value for data.0.user.ttp: value may not be null.","request_id":"2025101118205918BD6D3AEB5B61CD065A"}

[2025-10-11 20:51:18] Response (400):
{"code":40002,"message":"Invalid value for data.0.user.ttp: value may not be null.","request_id":"20251011205118A3C1C3C96FC467D7A6A3"}

[2025-10-12 00:58:55] Response (400):
{"code":40002,"message":"Invalid value for data.0.user.ttp: value may not be null.","request_id":"20251012005855F82A310EEC2035CCB1DC"}

[2025-10-12 00:58:58] Response (400):
{"code":40002,"message":"Invalid value for data.0.user.ttp: value may not be null.","request_id":"20251012005858DA9949AAF1A80595A7F6"}

[2025-10-12 01:41:13] Response (400):
{"code":40002,"message":"Invalid value for data.0.user.ttp: value may not be null.","request_id":"20251012014113351DC1A92D395A2A56FA"}

[2025-10-12 01:42:32] Response (400):
{"code":40002,"message":"Invalid value for data.0.user.ttp: value may not be null.","request_id":"2025101201423280C59AF5180990379BBC"}

[2025-10-12 01:43:46] Response (400):
{"code":40002,"message":"Invalid value for data.0.user.ttp: value may not be null.","request_id":"202510120143464AEA2A7ED3E9ADB856F4"}

[2025-10-12 01:44:01] Response (400):
{"code":40002,"message":"Invalid value for data.0.user.ttp: value may not be null.","request_id":"20251012014401BA94D045C85DE6ADDE5F"}

[2025-10-12 01:45:31] Response (400):
{"code":40002,"message":"Invalid value for data.0.user.ttp: value may not be null.","request_id":"20251012014531B49D445E45B813ADB4BD"}

[2025-10-12 01:45:36] Response (400):
{"code":40002,"message":"Invalid value for data.0.user.ttp: value may not be null.","request_id":"20251012014536AB14FBD87263B5DF2842"}

[2025-10-12 01:48:05] Response (400):
{"code":40002,"message":"Invalid value for data.0.user.ttp: value may not be null.","request_id":"20251012014805A53977607A7A229FCE86"}

[2025-10-12 01:51:22] Response (400):
{"code":40002,"message":"Invalid value for data.0.user.ttp: value may not be null.","request_id":"202510120151227B56800C6C7F129F5606"}

[2025-10-12 01:51:33] Response (400):
{"code":40002,"message":"Invalid value for data.0.user.ttp: value may not be null.","request_id":"20251012015133B61249CA17A7CC06A22C"}

[2025-10-12 01:53:55] Response (400):
{"code":40002,"message":"Invalid value for data.0.user.ttp: value may not be null.","request_id":"202510120153550C92F2F3FD91611E191B"}

[2025-10-12 01:54:04] Response (400):
{"code":40002,"message":"Invalid value for data.0.user.ttp: value may not be null.","request_id":"20251012015404E2B7BEAB92C166ED38D1"}

[2025-10-12 04:41:47] Response (400):
{"code":40002,"message":"Invalid value for data.0.user.ttp: value may not be null.","request_id":"202510120441470CF01C3FBA3596684123"}

[2025-10-12 07:19:38] Response (400):
{"code":40002,"message":"Invalid value for data.0.user.ttp: value may not be null.","request_id":"202510120719389A127917415A440AEDC1"}

[2025-10-12 07:51:54] Response (400):
{"code":40002,"message":"Invalid value for data.0.user.ttp: value may not be null.","request_id":"20251012075154A80D1906691884CDA598"}

[2025-10-12 12:40:03] Response (400):
{"code":40002,"message":"Invalid value for data.0.user.ttp: value may not be null.","request_id":"202510121240021C66A231F2761554E97F"}

[2025-10-12 12:40:23] Response (400):
{"code":40002,"message":"Invalid value for data.0.user.ttp: value may not be null.","request_id":"20251012124023E1C719F59469D3D6B731"}

[2025-10-12 12:44:20] Response (400):
{"code":40002,"message":"Invalid value for data.0.user.ttp: value may not be null.","request_id":"202510121244200B7D2C0876262FB8DCE8"}

[2025-10-12 12:45:17] Response (400):
{"code":40002,"message":"Invalid value for data.0.user.ttp: value may not be null.","request_id":"20251012124517B4F2857042741CF5A2A3"}

[2025-10-12 12:45:19] Response (400):
{"code":40002,"message":"Invalid value for data.0.user.ttp: value may not be null.","request_id":"202510121245190F133E5AB31004A58FC4"}

[2025-10-12 12:45:39] Response (400):
{"code":40002,"message":"Invalid value for data.0.user.ttp: value may not be null.","request_id":"20251012124539586706C0159987266003"}

[2025-10-12 12:45:49] Response (400):
{"code":40002,"message":"Invalid value for data.0.user.ttp: value may not be null.","request_id":"202510121245496A47B661B2941AB8825C"}

[2025-10-12 12:46:16] Response (400):
{"code":40002,"message":"Invalid value for data.0.user.ttp: value may not be null.","request_id":"202510121246168F1B5BDC22ED91C31A9D"}

[2025-10-12 12:46:26] Response (400):
{"code":40002,"message":"Invalid value for data.0.user.ttp: value may not be null.","request_id":"202510121246265874E168C0566026477E"}

[2025-10-12 12:46:35] Response (400):
{"code":40002,"message":"Invalid value for data.0.user.ttp: value may not be null.","request_id":"202510121246351C62E70A0D890843B050"}

[2025-10-12 12:49:52] Response (400):
{"code":40002,"message":"Invalid value for data.0.user.ttp: value may not be null.","request_id":"2025101212495223A2315D27E4BC515441"}

[2025-10-12 15:39:26] Response (400):
{"code":40002,"message":"Invalid value for data.0.user.ttp: value may not be null.","request_id":"202510121539264ED044BC0827841F4EC3"}

[2025-10-12 18:52:47] Response (400):
{"code":40002,"message":"Invalid value for data.0.user.ttp: value may not be null.","request_id":"2025101218524792906D117FBA10068E0F"}

[2025-10-12 23:46:06] Response (400):
{"code":40002,"message":"Invalid value for data.0.user.ttp: value may not be null.","request_id":"2025101223460641673D2CF16528026721"}

[2025-10-12 23:47:57] Response (400):
{"code":40002,"message":"Invalid value for data.0.user.ttp: value may not be null.","request_id":"202510122347579E764CEC934AC338FE6B"}

[2025-10-12 23:49:33] Response (400):
{"code":40002,"message":"Invalid value for data.0.user.ttp: value may not be null.","request_id":"20251012234933E925565B21E88A75FB25"}

[2025-10-12 23:49:35] Response (400):
{"code":40002,"message":"Invalid value for data.0.user.ttp: value may not be null.","request_id":"20251012234935C93199D46DED96298AA6"}

[2025-10-12 23:49:51] Response (400):
{"code":40002,"message":"Invalid value for data.0.user.ttp: value may not be null.","request_id":"202510122349516969F9652CD3AE6D488F"}

[2025-10-12 23:52:17] Response (400):
{"code":40002,"message":"Invalid value for data.0.user.ttp: value may not be null.","request_id":"20251012235217FD9813C656D3538E3D7A"}

[2025-10-12 23:52:33] Response (400):
{"code":40002,"message":"Invalid value for data.0.user.ttp: value may not be null.","request_id":"202510122352332A23B0A0AD8056DF712F"}

[2025-10-12 23:52:42] Response (400):
{"code":40002,"message":"Invalid value for data.0.user.ttp: value may not be null.","request_id":"20251012235242E8BF23FDB933C04E2282"}

[2025-10-12 23:54:59] Response (400):
{"code":40002,"message":"Invalid value for data.0.user.ttp: value may not be null.","request_id":"20251012235459AE8E1B72CDF3A8668D80"}

[2025-10-12 23:55:05] Response (400):
{"code":40002,"message":"Invalid value for data.0.user.ttp: value may not be null.","request_id":"20251012235505A21BDFB8EA1F0072ADDD"}

[2025-10-13 00:03:35] Response (400):
{"code":40002,"message":"Invalid value for data.0.user.ttp: value may not be null.","request_id":"202510130003358502AEE847781A601AB4"}

[2025-10-13 01:40:33] Response (400):
{"code":40002,"message":"Invalid value for data.0.user.ttp: value may not be null.","request_id":"20251013014033546518EB297CBA59C61A"}

[2025-10-13 05:49:48] Response (400):
{"code":40002,"message":"Invalid value for data.0.user.ttp: value may not be null.","request_id":"202510130549489A5A7018118822946286"}

[2025-10-13 10:40:27] Response (400):
{"code":40002,"message":"Invalid value for data.0.user.ttp: value may not be null.","request_id":"202510131040279F95D11D3F6E9759E799"}

[2025-10-13 10:40:51] Response (400):
{"code":40002,"message":"Invalid value for data.0.user.ttp: value may not be null.","request_id":"2025101310405137B784EE3294B22D054C"}

[2025-10-13 10:44:38] Response (400):
{"code":40002,"message":"Invalid value for data.0.user.ttp: value may not be null.","request_id":"20251013104438FB67E2C60F178982BAA7"}

[2025-10-13 10:44:42] Response (400):
{"code":40002,"message":"Invalid value for data.0.user.ttp: value may not be null.","request_id":"20251013104442C11068A4D36946D0F884"}

[2025-10-13 10:44:46] Response (400):
{"code":40002,"message":"Invalid value for data.0.user.ttp: value may not be null.","request_id":"202510131044467E4439F667F7B0711A52"}

[2025-10-13 10:44:48] Response (400):
{"code":40002,"message":"Invalid value for data.0.user.ttp: value may not be null.","request_id":"20251013104448C69D761E99B0612410E5"}

[2025-10-13 10:45:04] Response (400):
{"code":40002,"message":"Invalid value for data.0.user.ttp: value may not be null.","request_id":"20251013104504D6C6421B196B607FF35D"}

[2025-10-13 10:45:14] Response (400):
{"code":40002,"message":"Invalid value for data.0.user.ttp: value may not be null.","request_id":"202510131045138377A47C97F09D7F510A"}

[2025-10-13 10:45:47] Response (400):
{"code":40002,"message":"Invalid value for data.0.user.ttp: value may not be null.","request_id":"2025101310454779839EEAFD1AE03C9440"}

[2025-10-13 10:45:59] Response (400):
{"code":40002,"message":"Invalid value for data.0.user.ttp: value may not be null.","request_id":"20251013104559EBF8610CFEEABFB42938"}

[2025-10-13 10:46:17] Response (400):
{"code":40002,"message":"Invalid value for data.0.user.ttp: value may not be null.","request_id":"202510131046177B210513E149C0A06629"}

[2025-10-13 12:40:34] Response (400):
{"code":40002,"message":"Invalid value for data.0.user.ttp: value may not be null.","request_id":"2025101312403486D3B9EB6E827C864154"}

[2025-10-13 16:43:28] Response (400):
{"code":40002,"message":"Invalid value for data.0.user.ttp: value may not be null.","request_id":"202510131643282A9C01A482E233E1623A"}

[2025-10-13 21:39:54] Response (400):
{"code":40002,"message":"Invalid value for data.0.user.ttp: value may not be null.","request_id":"20251013213954E7127CADF46362D5F611"}

[2025-10-13 21:40:45] Response (400):
{"code":40002,"message":"Invalid value for data.0.user.ttp: value may not be null.","request_id":"202510132140457A376E268C272D3DA19C"}

[2025-10-13 21:43:36] Response (400):
{"code":40002,"message":"Invalid value for data.0.user.ttp: value may not be null.","request_id":"20251013214336A4A8145769CCB4CE8D4C"}

[2025-10-13 21:43:39] Response (400):
{"code":40002,"message":"Invalid value for data.0.user.ttp: value may not be null.","request_id":"2025101321433955056403C75034AD2B91"}

[2025-10-13 21:44:26] Response (400):
{"code":40002,"message":"Invalid value for data.0.user.ttp: value may not be null.","request_id":"20251013214426C8B5B64D59A388E2AFDD"}

[2025-10-13 21:44:42] Response (400):
{"code":40002,"message":"Invalid value for data.0.user.ttp: value may not be null.","request_id":"2025101321444276E3266DD9117DB44553"}

[2025-10-13 21:45:31] Response (400):
{"code":40002,"message":"Invalid value for data.0.user.ttp: value may not be null.","request_id":"202510132145318487BE31BAAB8DC7658B"}

[2025-10-13 21:45:42] Response (400):
{"code":40002,"message":"Invalid value for data.0.user.ttp: value may not be null.","request_id":"20251013214542343A473102B85D212ADF"}

[2025-10-13 21:47:03] Response (400):
{"code":40002,"message":"Invalid value for data.0.user.ttp: value may not be null.","request_id":"20251013214703298D51C125C527F98E2E"}

[2025-10-13 21:52:24] Response (400):
{"code":40002,"message":"Invalid value for data.0.user.ttp: value may not be null.","request_id":"2025101321522414AC3C03C799AED21E30"}

[2025-10-13 22:30:24] Response (400):
{"code":40002,"message":"Invalid value for data.0.user.ttp: value may not be null.","request_id":"202510132230243AB05386C725E9674CCD"}

[2025-10-13 23:42:55] Response (400):
{"code":40002,"message":"Invalid value for data.0.user.ttp: value may not be null.","request_id":"202510132342553BD61E336D64E2445AA0"}

[2025-10-14 03:41:50] Response (400):
{"code":40002,"message":"Invalid value for data.0.user.ttp: value may not be null.","request_id":"2025101403415095E34288B7137AED62F9"}

[2025-10-14 07:44:02] Response (400):
{"code":40002,"message":"Invalid value for data.0.user.ttp: value may not be null.","request_id":"2025101407440239AB0C3A98483DEB12B8"}

[2025-10-14 08:45:48] Response (400):
{"code":40002,"message":"Invalid value for data.0.user.ttp: value may not be null.","request_id":"20251014084548596405837331E4F2FCC6"}

[2025-10-14 08:46:20] Response (400):
{"code":40002,"message":"Invalid value for data.0.user.ttp: value may not be null.","request_id":"202510140846208DC2C9A10E364D07AA69"}

[2025-10-14 08:47:30] Response (400):
{"code":40002,"message":"Invalid value for data.0.user.ttp: value may not be null.","request_id":"20251014084730906C217BE428909A812B"}

[2025-10-14 08:48:45] Response (400):
{"code":40002,"message":"Invalid value for data.0.user.ttp: value may not be null.","request_id":"20251014084845284188F05646A8378128"}

[2025-10-14 09:00:49] Response (400):
{"code":40002,"message":"Invalid value for data.0.user.ttp: value may not be null.","request_id":"20251014090049BF9490425D566A82CE80"}

[2025-10-14 09:01:05] Response (400):
{"code":40002,"message":"Invalid value for data.0.user.ttp: value may not be null.","request_id":"202510140901059832785FC40E5444209E"}

[2025-10-14 09:01:09] Response (400):
{"code":40002,"message":"Invalid value for data.0.user.ttp: value may not be null.","request_id":"20251014090109F11C496A20EE45E38722"}

[2025-10-14 09:01:23] Response (400):
{"code":40002,"message":"Invalid value for data.0.user.ttp: value may not be null.","request_id":"20251014090123671480DE9A420386B7B1"}

[2025-10-14 09:01:56] Response (400):
{"code":40002,"message":"Invalid value for data.0.user.ttp: value may not be null.","request_id":"202510140901566AABC6D02F06AC237906"}

[2025-10-14 10:48:59] Response (400):
{"code":40002,"message":"Invalid value for data.0.user.ttp: value may not be null.","request_id":"2025101410485985D253D2DFA714346CA8"}

[2025-10-14 14:40:54] Response (400):
{"code":40002,"message":"Invalid value for data.0.user.ttp: value may not be null.","request_id":"20251014144054275FD05010881DF5C385"}

[2025-10-14 18:41:55] Response (400):
{"code":40002,"message":"Invalid value for data.0.user.ttp: value may not be null.","request_id":"202510141841557C32CE5CB1D5A44427FF"}

[2025-10-14 18:56:01] Response (400):
{"code":40002,"message":"Invalid value for data.0.user.ttp: value may not be null.","request_id":"20251014185601A4844F9712B2E0CFF7E5"}

[2025-10-14 19:40:51] Response (400):
{"code":40002,"message":"Invalid value for data.0.user.ttp: value may not be null.","request_id":"202510141940516F35FB0C0271E9D713D1"}

[2025-10-14 19:41:49] Response (400):
{"code":40002,"message":"Invalid value for data.0.user.ttp: value may not be null.","request_id":"20251014194149452A84D41104430098A8"}

[2025-10-14 19:41:58] Response (400):
{"code":40002,"message":"Invalid value for data.0.user.ttp: value may not be null.","request_id":"20251014194158DE0CDB7FC30D1738C042"}

[2025-10-14 19:43:03] Response (400):
{"code":40002,"message":"Invalid value for data.0.user.ttp: value may not be null.","request_id":"20251014194303AC9C4BBA109219254273"}

[2025-10-14 19:43:20] Response (400):
{"code":40002,"message":"Invalid value for data.0.user.ttp: value may not be null.","request_id":"202510141943206AA09058DDEF84234E53"}

[2025-10-14 19:43:28] Response (400):
{"code":40002,"message":"Invalid value for data.0.user.ttp: value may not be null.","request_id":"20251014194328924167CCFD06ED880FDC"}

[2025-10-14 19:44:48] Response (400):
{"code":40002,"message":"Invalid value for data.0.user.ttp: value may not be null.","request_id":"20251014194448021FB75ABCB23932B9FE"}

[2025-10-14 19:45:21] Response (400):
{"code":40002,"message":"Invalid value for data.0.user.ttp: value may not be null.","request_id":"20251014194521E11F44AFB860E9D97248"}

[2025-10-14 19:45:25] Response (400):
{"code":40002,"message":"Invalid value for data.0.user.ttp: value may not be null.","request_id":"202510141945254B169D4B2A9CBE6B25F0"}

[2025-10-14 21:45:00] Response (400):
{"code":40002,"message":"Invalid value for data.0.user.ttp: value may not be null.","request_id":"202510142145006E7799F8C954DE14479A"}

[2025-10-15 01:41:35] Response (400):
{"code":40002,"message":"Invalid value for data.0.user.ttp: value may not be null.","request_id":"20251015014135633E891260329BE905E7"}

[2025-10-15 02:39:35] Response (200):
{"code": 0, "message": "OK", "request_id": "20251015023935A5161F43CFADD740BBF9", "data": {}}

[2025-10-15 05:00:04] Response (400):
{"code":40002,"message":"Invalid value for data.0.user.ttp: value may not be null.","request_id":"20251015050004CA05524EBD667192E8B2"}

[2025-10-15 05:46:42] Response (400):
{"code":40002,"message":"Invalid value for data.0.user.ttp: value may not be null.","request_id":"202510150546425FA95D0FF2807F023269"}

[2025-10-15 06:41:39] Response (400):
{"code":40002,"message":"Invalid value for data.0.user.ttp: value may not be null.","request_id":"202510150641396D63B07178A0D192B9B8"}

[2025-10-15 06:44:54] Response (400):
{"code":40002,"message":"Invalid value for data.0.user.ttp: value may not be null.","request_id":"2025101506445498CA6FC62B92087128E0"}

[2025-10-15 06:54:09] Response (400):
{"code":40002,"message":"Invalid value for data.0.user.ttp: value may not be null.","request_id":"2025101506540929F7E3AD2E4A65AE3264"}

[2025-10-15 06:54:10] Response (400):
{"code":40002,"message":"Invalid value for data.0.user.ttp: value may not be null.","request_id":"20251015065410AFEC6377E588C655FD37"}

[2025-10-15 06:54:30] Response (400):
{"code":40002,"message":"Invalid value for data.0.user.ttp: value may not be null.","request_id":"20251015065430129FC1DE518721A5B41F"}

[2025-10-15 06:55:51] Response (400):
{"code":40002,"message":"Invalid value for data.0.user.ttp: value may not be null.","request_id":"2025101506555148BB9458950DF20C8B93"}

[2025-10-15 06:56:14] Response (400):
{"code":40002,"message":"Invalid value for data.0.user.ttp: value may not be null.","request_id":"202510150656147075F83C71FDEDD743F5"}

[2025-10-15 06:58:01] Response (400):
{"code":40002,"message":"Invalid value for data.0.user.ttp: value may not be null.","request_id":"20251015065801AAC5232F3E72886E31F6"}

[2025-10-15 06:58:46] Response (400):
{"code":40002,"message":"Invalid value for data.0.user.ttp: value may not be null.","request_id":"20251015065846E425F27ED33B53C7A183"}

[2025-10-15 08:39:50] Response (400):
{"code":40002,"message":"Invalid value for data.0.user.ttp: value may not be null.","request_id":"20251015083950056EAD7CBAFE9F8915FC"}

[2025-10-15 12:46:34] Response (400):
{"code":40002,"message":"Invalid value for data.0.user.ttp: value may not be null.","request_id":"20251015124634FE03175B049F4DDBEB2B"}

[2025-10-15 15:52:14] Response (400):
{"code":40002,"message":"Invalid value for data.0.user.ttp: value may not be null.","request_id":"20251015155214C44881F9BEB6094A2889"}

[2025-10-15 16:49:42] Response (400):
{"code":40002,"message":"Invalid value for data.0.user.ttp: value may not be null.","request_id":"20251015164942AF61A862A6823286C83A"}

[2025-10-15 17:41:21] Response (400):
{"code":40002,"message":"Invalid value for data.0.user.ttp: value may not be null.","request_id":"202510151741219C7E960989C3A2C505F8"}

[2025-10-15 17:46:44] Response (400):
{"code":40002,"message":"Invalid value for data.0.user.ttp: value may not be null.","request_id":"20251015174644C57089555708F708A15D"}

[2025-10-15 17:46:46] Response (400):
{"code":40002,"message":"Invalid value for data.0.user.ttp: value may not be null.","request_id":"20251015174646A6CB88DCA69571A763BA"}

[2025-10-15 17:47:12] Response (400):
{"code":40002,"message":"Invalid value for data.0.user.ttp: value may not be null.","request_id":"202510151747122A8F3F6AA494E4C582D4"}

[2025-10-15 17:47:30] Response (400):
{"code":40002,"message":"Invalid value for data.0.user.ttp: value may not be null.","request_id":"202510151747306E8D6AD3898846A6E55B"}

[2025-10-15 17:47:46] Response (400):
{"code":40002,"message":"Invalid value for data.0.user.ttp: value may not be null.","request_id":"2025101517474686886795BEB4F27696C2"}

[2025-10-15 17:48:22] Response (400):
{"code":40002,"message":"Invalid value for data.0.user.ttp: value may not be null.","request_id":"202510151748228041F703FFEFB59BE18E"}

[2025-10-15 17:48:32] Response (400):
{"code":40002,"message":"Invalid value for data.0.user.ttp: value may not be null.","request_id":"20251015174832C78AC000EC8A6F00FB7F"}

[2025-10-15 18:49:47] Response (400):
{"code":40002,"message":"Invalid value for data.0.user.ttp: value may not be null.","request_id":"2025101518494625B5C47DBDF6D664F280"}

[2025-10-15 23:50:34] Response (400):
{"code":40002,"message":"Invalid value for data.0.user.ttp: value may not be null.","request_id":"20251015235033994B1FC102B6625CF7B3"}

[2025-10-16 00:37:40] Response (400):
{"code":40002,"message":"Invalid value for data.0.user.ttp: value may not be null.","request_id":"2025101600374087BB21D768C591CCA5AE"}

[2025-10-16 02:40:40] Response (400):
{"code":40002,"message":"Invalid value for data.0.user.ttp: value may not be null.","request_id":"202510160240402588A1BE420EE2BE26FF"}

[2025-10-16 03:50:46] Response (400):
{"code":40002,"message":"Invalid value for data.0.user.ttp: value may not be null.","request_id":"20251016035046C726721A7CB36CC20EA5"}

[2025-10-16 04:46:38] Response (400):
{"code":40002,"message":"Invalid value for data.0.user.ttp: value may not be null.","request_id":"20251016044638759BB9D43D54F8C2B5D7"}

[2025-10-16 04:48:24] Response (400):
{"code":40002,"message":"Invalid value for data.0.user.ttp: value may not be null.","request_id":"20251016044824F641F602A84649BE8614"}

[2025-10-16 04:48:25] Response (400):
{"code":40002,"message":"Invalid value for data.0.user.ttp: value may not be null.","request_id":"20251016044825E8839D03BB011A799088"}

[2025-10-16 04:49:04] Response (400):
{"code":40002,"message":"Invalid value for data.0.user.ttp: value may not be null.","request_id":"20251016044904BCAEB46CC3900935A668"}

[2025-10-16 04:49:34] Response (400):
{"code":40002,"message":"Invalid value for data.0.user.ttp: value may not be null.","request_id":"20251016044934FF96CBDAF0E151F525F0"}

[2025-10-16 04:50:46] Response (400):
{"code":40002,"message":"Invalid value for data.0.user.ttp: value may not be null.","request_id":"20251016045046518359FBB0DE8E7E2F85"}

[2025-10-16 04:51:48] Response (400):
{"code":40002,"message":"Invalid value for data.0.user.ttp: value may not be null.","request_id":"20251016045147C6A7B579539BF9A8A166"}

[2025-10-16 04:57:58] Response (400):
{"code":40002,"message":"Invalid value for data.0.user.ttp: value may not be null.","request_id":"2025101604575874E7293278CB7F24A265"}

[2025-10-16 05:43:47] Response (400):
{"code":40002,"message":"Invalid value for data.0.user.ttp: value may not be null.","request_id":"202510160543470AAB2967E4CB99CD17F9"}

[2025-10-16 10:50:39] Response (400):
{"code":40002,"message":"Invalid value for data.0.user.ttp: value may not be null.","request_id":"202510161050392EC0CCD4B4F9922B8E84"}

[2025-10-16 13:41:32] Response (400):
{"code":40002,"message":"Invalid value for data.0.user.ttp: value may not be null.","request_id":"20251016134132AFF97EDA6F29E16AC4EE"}

[2025-10-16 14:44:33] Response (400):
{"code":40002,"message":"Invalid value for data.0.user.ttp: value may not be null.","request_id":"2025101614443387DD0A66871AC235D871"}

[2025-10-16 15:41:47] Response (400):
{"code":40002,"message":"Invalid value for data.0.user.ttp: value may not be null.","request_id":"2025101615414787A3515330D949FB6649"}

[2025-10-16 15:43:40] Response (400):
{"code":40002,"message":"Invalid value for data.0.user.ttp: value may not be null.","request_id":"2025101615434087A3515330D949FB8E3C"}

[2025-10-16 15:43:42] Response (400):
{"code":40002,"message":"Invalid value for data.0.user.ttp: value may not be null.","request_id":"202510161543424E7883EC1A970B96D04F"}

[2025-10-16 15:51:12] Response (400):
{"code":40002,"message":"Invalid value for data.0.user.ttp: value may not be null.","request_id":"20251016155112BFB66FEC030F8B0BC386"}

[2025-10-16 15:52:35] Response (400):
{"code":40002,"message":"Invalid value for data.0.user.ttp: value may not be null.","request_id":"202510161552351928468DA296FE5B95C8"}

[2025-10-16 16:00:15] Response (400):
{"code":40002,"message":"Invalid value for data.0.user.ttp: value may not be null.","request_id":"202510161600159AE9516C467EF680A586"}

[2025-10-16 16:00:28] Response (400):
{"code":40002,"message":"Invalid value for data.0.user.ttp: value may not be null.","request_id":"20251016160028FC8561DA7274FCAD1F0D"}

[2025-10-16 16:00:43] Response (400):
{"code":40002,"message":"Invalid value for data.0.user.ttp: value may not be null.","request_id":"20251016160043867FABB0E18BD297ED27"}

[2025-10-16 16:46:44] Response (400):
{"code":40002,"message":"Invalid value for data.0.user.ttp: value may not be null.","request_id":"202510161646448E9132B369AB207FC818"}

[2025-10-16 18:56:53] Response (400):
{"code":40002,"message":"Invalid value for data.0.user.ttp: value may not be null.","request_id":"20251016185653E4A33850B8A3C0149DDA"}

[2025-10-16 19:56:04] Response (400):
{"code":40002,"message":"Invalid value for data.0.user.ttp: value may not be null.","request_id":"20251016195604D6B615F3C3D85FCEDDC2"}

[2025-10-16 21:43:02] Response (400):
{"code":40002,"message":"Invalid value for data.0.user.ttp: value may not be null.","request_id":"20251016214302B1061A0DD9390C1747A8"}

[2025-10-17 00:40:34] Response (400):
{"code":40002,"message":"Invalid value for data.0.user.ttp: value may not be null.","request_id":"2025101700403441A27BA5F3C9602D6A4D"}

[2025-10-17 01:52:48] Response (400):
{"code":40002,"message":"Invalid value for data.0.user.ttp: value may not be null.","request_id":"20251017015248A775FEC4F277493340A8"}

[2025-10-17 02:47:31] Response (400):
{"code":40002,"message":"Invalid value for data.0.user.ttp: value may not be null.","request_id":"202510170247314977DFC31D2F9F345D9E"}

[2025-10-17 02:48:11] Response (400):
{"code":40002,"message":"Invalid value for data.0.user.ttp: value may not be null.","request_id":"2025101702481114E593F3322BF18F64A2"}

[2025-10-17 02:48:12] Response (400):
{"code":40002,"message":"Invalid value for data.0.user.ttp: value may not be null.","request_id":"202510170248129190EF5F1069743FC761"}

[2025-10-17 02:48:38] Response (400):
{"code":40002,"message":"Invalid value for data.0.user.ttp: value may not be null.","request_id":"20251017024837DD8AB237BEFCE873E0D1"}

[2025-10-17 02:48:49] Response (400):
{"code":40002,"message":"Invalid value for data.0.user.ttp: value may not be null.","request_id":"2025101702484914E593F3322BF18F73DC"}

[2025-10-17 02:51:21] Response (400):
{"code":40002,"message":"Invalid value for data.0.user.ttp: value may not be null.","request_id":"2025101702512188A779EBC1C0E8AA6F98"}

[2025-10-17 02:51:37] Response (400):
{"code":40002,"message":"Invalid value for data.0.user.ttp: value may not be null.","request_id":"2025101702513746B3AE717B961F28C97D"}

[2025-10-17 02:53:58] Response (400):
{"code":40002,"message":"Invalid value for data.0.user.ttp: value may not be null.","request_id":"2025101702535857857C83066EF4C8C16F"}

[2025-10-17 03:40:05] Response (400):
{"code":40002,"message":"Invalid value for data.0.user.ttp: value may not be null.","request_id":"202510170340051C6208FC344578EB6074"}

[2025-10-17 05:46:28] Response (400):
{"code":40002,"message":"Invalid value for data.0.user.ttp: value may not be null.","request_id":"202510170546288BCE98D02140EA62B480"}

[2025-10-17 07:55:34] Response (400):
{"code":40002,"message":"Invalid value for data.0.user.ttp: value may not be null.","request_id":"20251017075534C17C323A38655A5A9D22"}

[2025-10-17 11:43:22] Response (400):
{"code":40002,"message":"Invalid value for data.0.user.ttp: value may not be null.","request_id":"202510171143221131C13A1A64B7086C3E"}

[2025-10-17 12:42:27] Response (400):
{"code":40002,"message":"Invalid value for data.0.user.ttp: value may not be null.","request_id":"202510171242279AF1930745FCFA612686"}

[2025-10-17 13:40:42] Response (400):
{"code":40002,"message":"Invalid value for data.0.user.ttp: value may not be null.","request_id":"20251017134042FF66B634D2ADAF07A05D"}

[2025-10-17 13:41:56] Response (400):
{"code":40002,"message":"Invalid value for data.0.user.ttp: value may not be null.","request_id":"20251017134156F48B54B7753D5FD56FE7"}

[2025-10-17 13:41:58] Response (400):
{"code":40002,"message":"Invalid value for data.0.user.ttp: value may not be null.","request_id":"20251017134157B5A2062E77B8EC821961"}

[2025-10-17 13:43:02] Response (400):
{"code":40002,"message":"Invalid value for data.0.user.ttp: value may not be null.","request_id":"20251017134302830AFF6A50EFD10C779B"}

[2025-10-17 13:43:25] Response (400):
{"code":40002,"message":"Invalid value for data.0.user.ttp: value may not be null.","request_id":"202510171343253209599035C1DC616179"}

[2025-10-17 13:44:30] Response (400):
{"code":40002,"message":"Invalid value for data.0.user.ttp: value may not be null.","request_id":"202510171344302474F9B8EFC0881B98DE"}

[2025-10-17 13:45:46] Response (400):
{"code":40002,"message":"Invalid value for data.0.user.ttp: value may not be null.","request_id":"20251017134546619572AF406BF22446FA"}

[2025-10-17 13:50:06] Response (400):
{"code":40002,"message":"Invalid value for data.0.user.ttp: value may not be null.","request_id":"20251017135006A48A5E26BE1D4DB299D7"}

[2025-10-17 14:39:38] Response (400):
{"code":40002,"message":"Invalid value for data.0.user.ttp: value may not be null.","request_id":"202510171439382E08B6106B8E127132E1"}

[2025-10-17 16:51:15] Response (400):
{"code":40002,"message":"Invalid value for data.0.user.ttp: value may not be null.","request_id":"20251017165115FA84F2EF80994C19AB9E"}

[2025-10-17 19:00:18] Response (400):
{"code":40002,"message":"Invalid value for data.0.user.ttp: value may not be null.","request_id":"20251017190018420F3DC524C554A13D7B"}

[2025-10-17 22:40:29] Response (400):
{"code":40002,"message":"Invalid value for data.0.user.ttp: value may not be null.","request_id":"202510172240292C395C3351A1BA93087E"}

[2025-10-17 23:59:45] Response (400):
{"code":40002,"message":"Invalid value for data.0.user.ttp: value may not be null.","request_id":"20251017235945CFB1DBE13C0F69381968"}

[2025-10-18 00:43:58] Response (400):
{"code":40002,"message":"Invalid value for data.0.user.ttp: value may not be null.","request_id":"202510180043582B39E5C773A4633E2D7C"}

[2025-10-18 00:47:11] Response (400):
{"code":40002,"message":"Invalid value for data.0.user.ttp: value may not be null.","request_id":"202510180047113EC5685CA81970DA20FD"}

[2025-10-18 00:53:58] Response (400):
{"code":40002,"message":"Invalid value for data.0.user.ttp: value may not be null.","request_id":"202510180053589FD4694C0048B845F35D"}

[2025-10-18 00:56:14] Response (400):
{"code":40002,"message":"Invalid value for data.0.user.ttp: value may not be null.","request_id":"20251018005614C359B41C6571213BE403"}

[2025-10-18 00:57:40] Response (400):
{"code":40002,"message":"Invalid value for data.0.user.ttp: value may not be null.","request_id":"20251018005740BCED7DEE193505672175"}

[2025-10-18 01:22:29] Response (400):
{"code":40002,"message":"Invalid value for data.0.user.ttp: value may not be null.","request_id":"20251018012229C686494E2EBEC4072A3C"}

[2025-10-18 01:22:39] Response (400):
{"code":40002,"message":"Invalid value for data.0.user.ttp: value may not be null.","request_id":"202510180122394E74081B83BA7B9EFDCF"}

[2025-10-18 01:23:08] Response (400):
{"code":40002,"message":"Invalid value for data.0.user.ttp: value may not be null.","request_id":"202510180123085217C9CBF3811435A2F4"}

[2025-10-18 01:23:26] Response (400):
{"code":40002,"message":"Invalid value for data.0.user.ttp: value may not be null.","request_id":"20251018012326C7F4D7AF594242AE3C14"}

[2025-10-18 02:21:00] Response (400):
{"code":40002,"message":"Invalid value for data.0.user.ttp: value may not be null.","request_id":"202510180221006CABBAEDBC001A935354"}

[2025-10-18 03:44:04] Response (400):
{"code":40002,"message":"Invalid value for data.0.user.ttp: value may not be null.","request_id":"2025101803440417B3CC4655A16AD49B86"}

[2025-10-18 05:55:13] Response (400):
{"code":40002,"message":"Invalid value for data.0.user.ttp: value may not be null.","request_id":"20251018055513838D9519BCE33FED8627"}

[2025-10-18 09:44:41] Response (400):
{"code":40002,"message":"Invalid value for data.0.user.ttp: value may not be null.","request_id":"202510180944411573F35FC87AD5CBE3D2"}

[2025-10-18 10:45:25] Response (400):
{"code":40002,"message":"Invalid value for data.0.user.ttp: value may not be null.","request_id":"20251018104525CD3B36916E8410160E58"}

[2025-10-18 11:39:36] Response (400):
{"code":40002,"message":"Invalid value for data.0.user.ttp: value may not be null.","request_id":"202510181139366EABC08130993143660B"}

[2025-10-18 11:40:02] Response (400):
{"code":40002,"message":"Invalid value for data.0.user.ttp: value may not be null.","request_id":"20251018114002320E5F7EBFCA5E608B6F"}

[2025-10-18 11:48:42] Response (400):
{"code":40002,"message":"Invalid value for data.0.user.ttp: value may not be null.","request_id":"2025101811484289903112B94024688705"}

[2025-10-18 11:51:50] Response (400):
{"code":40002,"message":"Invalid value for data.0.user.ttp: value may not be null.","request_id":"202510181151508EAC22395E85C876456C"}

[2025-10-18 11:51:53] Response (400):
{"code":40002,"message":"Invalid value for data.0.user.ttp: value may not be null.","request_id":"20251018115153168421AE39E34D6CDEFD"}

[2025-10-18 11:55:17] Response (400):
{"code":40002,"message":"Invalid value for data.0.user.ttp: value may not be null.","request_id":"20251018115517D964C4C22FCB5DAD2AFA"}

[2025-10-18 11:55:21] Response (400):
{"code":40002,"message":"Invalid value for data.0.user.ttp: value may not be null.","request_id":"202510181155219031DE8900F9B97011BD"}

[2025-10-18 11:59:00] Response (400):
{"code":40002,"message":"Invalid value for data.0.user.ttp: value may not be null.","request_id":"2025101811590071CC66A22261DFFD4891"}

[2025-10-18 11:59:00] Response (400):
{"code":40002,"message":"Invalid value for data.0.user.ttp: value may not be null.","request_id":"2025101811590022D79582ADADC363C11D"}

[2025-10-18 14:46:01] Response (400):
{"code":40002,"message":"Invalid value for data.0.user.ttp: value may not be null.","request_id":"20251018144601E35B008B83A5F928788A"}

[2025-10-18 16:51:38] Response (400):
{"code":40002,"message":"Invalid value for data.0.user.ttp: value may not be null.","request_id":"202510181651382E88D51A82D2FFA04618"}

[2025-10-18 20:46:39] Response (400):
{"code":40002,"message":"Invalid value for data.0.user.ttp: value may not be null.","request_id":"2025101820463950AC2746CD76A241115C"}

[2025-10-18 21:45:09] Response (400):
{"code":40002,"message":"Invalid value for data.0.user.ttp: value may not be null.","request_id":"20251018214508ED9D3544708941B22EEF"}

[2025-10-18 22:44:33] Response (400):
{"code":40002,"message":"Invalid value for data.0.user.ttp: value may not be null.","request_id":"202510182244333D4588759BCA451C37AE"}

[2025-10-18 22:44:54] Response (400):
{"code":40002,"message":"Invalid value for data.0.user.ttp: value may not be null.","request_id":"202510182244547A175CD4F9B3D89E05E1"}

[2025-10-18 22:47:02] Response (400):
{"code":40002,"message":"Invalid value for data.0.user.ttp: value may not be null.","request_id":"20251018224702DABE975341DB772FD7CA"}

[2025-10-18 22:47:05] Response (400):
{"code":40002,"message":"Invalid value for data.0.user.ttp: value may not be null.","request_id":"2025101822470526EF1DC7DA78ACDAF98F"}

[2025-10-18 22:47:21] Response (400):
{"code":40002,"message":"Invalid value for data.0.user.ttp: value may not be null.","request_id":"20251018224721E0D8CFEACD87D2B1D48C"}

[2025-10-18 22:47:25] Response (400):
{"code":40002,"message":"Invalid value for data.0.user.ttp: value may not be null.","request_id":"20251018224725483E6FE67517160F4102"}

[2025-10-18 22:56:48] Response (400):
{"code":40002,"message":"Invalid value for data.0.user.ttp: value may not be null.","request_id":"202510182256484D5FDD0043B0E49FF449"}

[2025-10-18 22:56:54] Response (400):
{"code":40002,"message":"Invalid value for data.0.user.ttp: value may not be null.","request_id":"20251018225654F91819948673A66EF4DF"}

[2025-10-18 22:57:02] Response (400):
{"code":40002,"message":"Invalid value for data.0.user.ttp: value may not be null.","request_id":"202510182257028E0EA0FA60A5856849C9"}

[2025-10-19 00:59:05] Response (400):
{"code":40002,"message":"Invalid value for data.0.user.ttp: value may not be null.","request_id":"20251019005905571AE06ED9001BC62CE4"}

[2025-10-19 01:31:22] Response (400):
{"code":40002,"message":"Invalid value for data.0.user.ttp: value may not be null.","request_id":"2025101901312275B03D65B0C5E414AA1C"}

[2025-10-19 03:49:46] Response (400):
{"code":40002,"message":"Invalid value for data.0.user.ttp: value may not be null.","request_id":"2025101903494616D56B7E94FD6532CDD5"}

[2025-10-19 07:41:21] Response (400):
{"code":40002,"message":"Invalid value for data.0.user.ttp: value may not be null.","request_id":"202510190741217EDE1988B96E90D58CE3"}

[2025-10-19 08:42:20] Response (400):
{"code":40002,"message":"Invalid value for data.0.user.ttp: value may not be null.","request_id":"20251019084220F4E27145CB169E254126"}

[2025-10-19 09:41:16] Response (400):
{"code":40002,"message":"Invalid value for data.0.user.ttp: value may not be null.","request_id":"20251019094116067D103A48A1F43C3C63"}

[2025-10-19 09:41:34] Response (400):
{"code":40002,"message":"Invalid value for data.0.user.ttp: value may not be null.","request_id":"202510190941345F057E4B0B53BB4D3607"}

[2025-10-19 09:42:22] Response (400):
{"code":40002,"message":"Invalid value for data.0.user.ttp: value may not be null.","request_id":"202510190942220E948E963A3D8FD98F2A"}

[2025-10-19 09:49:55] Response (400):
{"code":40002,"message":"Invalid value for data.0.user.ttp: value may not be null.","request_id":"20251019094955DD13475C0E268C6104BD"}

[2025-10-19 09:52:30] Response (400):
{"code":40002,"message":"Invalid value for data.0.user.ttp: value may not be null.","request_id":"20251019095230618FF60CB858BD4219F8"}

[2025-10-19 09:52:38] Response (400):
{"code":40002,"message":"Invalid value for data.0.user.ttp: value may not be null.","request_id":"20251019095238DA1362EF1298719E4359"}

[2025-10-19 09:52:42] Response (400):
{"code":40002,"message":"Invalid value for data.0.user.ttp: value may not be null.","request_id":"202510190952426DF10B1BF4B4DACBFCF7"}

[2025-10-19 09:55:47] Response (400):
{"code":40002,"message":"Invalid value for data.0.user.ttp: value may not be null.","request_id":"2025101909554724FC82AD2D253ED758B7"}

[2025-10-19 09:55:52] Response (400):
{"code":40002,"message":"Invalid value for data.0.user.ttp: value may not be null.","request_id":"2025101909555276590DFE08CFE37ABC89"}

[2025-10-19 11:51:40] Response (400):
{"code":40002,"message":"Invalid value for data.0.user.ttp: value may not be null.","request_id":"20251019115140EA01C02B947FA53E7379"}

[2025-10-19 14:48:45] Response (400):
{"code":40002,"message":"Invalid value for data.0.user.ttp: value may not be null.","request_id":"202510191448451031095D2F0CA89F0704"}

[2025-10-19 18:30:32] Response (400):
{"code":40002,"message":"Invalid value for data.0.user.ttp: value may not be null.","request_id":"202510191830326F47B13189B949A58B7D"}

[2025-10-19 18:39:56] Response (400):
{"code":40002,"message":"Invalid value for data.0.user.ttp: value may not be null.","request_id":"20251019183956E4ACBA1057C6CE76B5B1"}

[2025-10-19 19:44:44] Response (400):
{"code":40002,"message":"Invalid value for data.0.user.ttp: value may not be null.","request_id":"202510191944443DB5854595AEF945A656"}

[2025-10-19 20:40:22] Response (400):
{"code":40002,"message":"Invalid value for data.0.user.ttp: value may not be null.","request_id":"20251019204022B2EDC46346C61BAFE08A"}

[2025-10-19 20:40:47] Response (400):
{"code":40002,"message":"Invalid value for data.0.user.ttp: value may not be null.","request_id":"202510192040479AB63ABC196E1301BB3D"}

[2025-10-19 20:41:27] Response (400):
{"code":40002,"message":"Invalid value for data.0.user.ttp: value may not be null.","request_id":"2025101920412713CA38B21B1ED8745DFA"}

[2025-10-19 20:43:40] Response (400):
{"code":40002,"message":"Invalid value for data.0.user.ttp: value may not be null.","request_id":"202510192043405D684006CE1C5FC5443A"}

[2025-10-19 20:50:06] Response (400):
{"code":40002,"message":"Invalid value for data.0.user.ttp: value may not be null.","request_id":"202510192050058A80B0BEBF29426271D6"}

[2025-10-19 20:51:02] Response (400):
{"code":40002,"message":"Invalid value for data.0.user.ttp: value may not be null.","request_id":"20251019205102A420B1FED6488D707BB8"}

[2025-10-19 20:51:10] Response (400):
{"code":40002,"message":"Invalid value for data.0.user.ttp: value may not be null.","request_id":"20251019205110914FD29F496FE01A6E0E"}

[2025-10-19 20:51:24] Response (400):
{"code":40002,"message":"Invalid value for data.0.user.ttp: value may not be null.","request_id":"202510192051245D300F3F2FEAED4803F4"}

[2025-10-19 20:52:02] Response (400):
{"code":40002,"message":"Invalid value for data.0.user.ttp: value may not be null.","request_id":"20251019205202A323FB699637D46FAD53"}

[2025-10-19 21:18:54] Response (400):
{"code":40002,"message":"Invalid value for data.0.user.ttp: value may not be null.","request_id":"20251019211854D81AA1640FB3A0745116"}

[2025-10-19 22:57:35] Response (400):
{"code":40002,"message":"Invalid value for data.0.user.ttp: value may not be null.","request_id":"20251019225734DB62B2658021F918C789"}

[2025-10-20 01:48:03] Response (400):
{"code":40002,"message":"Invalid value for data.0.user.ttp: value may not be null.","request_id":"20251020014802B7715E0B73FD5A1EC2D7"}

[2025-10-20 05:49:11] Response (400):
{"code":40002,"message":"Invalid value for data.0.user.ttp: value may not be null.","request_id":"202510200549115A8304327B481248F093"}

[2025-10-20 06:14:43] Response (400):
{"code":40002,"message":"Invalid value for data.0.user.ttp: value may not be null.","request_id":"20251020061443CBE52F3BC77F702AFD24"}

[2025-10-20 06:40:28] Response (400):
{"code":40002,"message":"Invalid value for data.0.user.ttp: value may not be null.","request_id":"20251020064028A64167C603D825947CA9"}

[2025-10-20 07:39:29] Response (400):
{"code":40002,"message":"Invalid value for data.0.user.ttp: value may not be null.","request_id":"20251020073929A3DF3B1CE5F4A68D56C1"}

[2025-10-20 07:39:52] Response (400):
{"code":40002,"message":"Invalid value for data.0.user.ttp: value may not be null.","request_id":"202510200739523D9C062BD7DFFD15B681"}

[2025-10-20 07:41:28] Response (400):
{"code":40002,"message":"Invalid value for data.0.user.ttp: value may not be null.","request_id":"20251020074128B4ACB5563A84FC916343"}

[2025-10-20 07:41:53] Response (400):
{"code":40002,"message":"Invalid value for data.0.user.ttp: value may not be null.","request_id":"2025102007415384F06B9CDE7CE94CFE08"}

[2025-10-20 07:41:55] Response (400):
{"code":40002,"message":"Invalid value for data.0.user.ttp: value may not be null.","request_id":"20251020074155A8B2788EE8CA59A17453"}

[2025-10-20 07:45:39] Response (400):
{"code":40002,"message":"Invalid value for data.0.user.ttp: value may not be null.","request_id":"2025102007453940ACA4462FA0C766E8E7"}

[2025-10-20 07:45:53] Response (400):
{"code":40002,"message":"Invalid value for data.0.user.ttp: value may not be null.","request_id":"2025102007455390D3BF3CABF17344FA64"}

[2025-10-20 07:45:57] Response (400):
{"code":40002,"message":"Invalid value for data.0.user.ttp: value may not be null.","request_id":"202510200745572DDBDA9FDB66A49566CF"}

[2025-10-20 07:46:36] Response (400):
{"code":40002,"message":"Invalid value for data.0.user.ttp: value may not be null.","request_id":"20251020074636C33D253ABAEE94C125D7"}

[2025-10-20 09:45:57] Response (400):
{"code":40002,"message":"Invalid value for data.0.user.ttp: value may not be null.","request_id":"20251020094557A3B29C0516B678674764"}

[2025-10-20 10:47:46] Response (400):
{"code":40002,"message":"Invalid value for data.0.user.ttp: value may not be null.","request_id":"202510201047462EE2D1FC289AEB1193A6"}

[2025-10-20 11:00:20] Response (400):
{"code":40002,"message":"Invalid value for data.0.user.ttp: value may not be null.","request_id":"20251020110020D1A96CD13998D16958DA"}

[2025-10-20 11:07:53] Response (400):
{"code":40002,"message":"Invalid value for data.0.user.ttp: value may not be null.","request_id":"20251020110753A2C4F3A689481F620618"}

[2025-10-20 11:15:31] Response (400):
{"code":40002,"message":"Invalid value for data.0.user.ttp: value may not be null.","request_id":"20251020111531685D32087215B9E0F325"}

[2025-10-20 11:23:45] Response (400):
{"code":40002,"message":"Invalid value for data.0.user.ttp: value may not be null.","request_id":"20251020112345178C11D45D6D855903E3"}

[2025-10-20 11:31:35] Response (400):
{"code":40002,"message":"Invalid value for data.0.user.ttp: value may not be null.","request_id":"202510201131343D1CDBB268D4D65F49B0"}

[2025-10-20 11:39:21] Response (400):
{"code":40002,"message":"Invalid value for data.0.user.ttp: value may not be null.","request_id":"202510201139213C125DF6D1CFA2B0B68D"}

[2025-10-20 11:48:27] Response (400):
{"code":40002,"message":"Invalid value for data.0.user.ttp: value may not be null.","request_id":"20251020114827D0B17ABD0B3B8B54A903"}

[2025-10-20 11:56:03] Response (400):
{"code":40002,"message":"Invalid value for data.0.user.ttp: value may not be null.","request_id":"20251020115603356D5581F3677C860EC0"}

[2025-10-20 12:03:40] Response (400):
{"code":40002,"message":"Invalid value for data.0.user.ttp: value may not be null.","request_id":"202510201203403CC144EE0254C4ED5F71"}

[2025-10-20 12:11:24] Response (400):
{"code":40002,"message":"Invalid value for data.0.user.ttp: value may not be null.","request_id":"20251020121124F653D298B5CE8BCA2DD7"}

[2025-10-20 12:19:01] Response (400):
{"code":40002,"message":"Invalid value for data.0.user.ttp: value may not be null.","request_id":"202510201219016B15CE2A5813AF5BB9D6"}

[2025-10-20 12:26:41] Response (400):
{"code":40002,"message":"Invalid value for data.0.user.ttp: value may not be null.","request_id":"20251020122641640F8CCD420C3CA4F4AF"}

[2025-10-20 12:34:18] Response (400):
{"code":40002,"message":"Invalid value for data.0.user.ttp: value may not be null.","request_id":"202510201234187523792FE9CF08EAE65D"}

[2025-10-20 12:40:24] Response (400):
{"code":40002,"message":"Invalid value for data.0.user.ttp: value may not be null.","request_id":"20251020124024370BB527F5E37CE99E93"}

[2025-10-20 12:42:50] Response (400):
{"code":40002,"message":"Invalid value for data.0.user.ttp: value may not be null.","request_id":"20251020124250BFB39CE8147C19556C14"}

[2025-10-20 15:23:21] Response (400):
{"code":40002,"message":"Invalid value for data.0.user.ttp: value may not be null.","request_id":"202510201523212EED7464CEBFCE50A4C0"}

[2025-10-20 16:39:49] Response (400):
{"code":40002,"message":"Invalid value for data.0.user.ttp: value may not be null.","request_id":"2025102016394969407692CBBF988796FE"}

[2025-10-20 17:41:35] Response (400):
{"code":40002,"message":"Invalid value for data.0.user.ttp: value may not be null.","request_id":"20251020174135C4E9FDACA76DA4E95C52"}

[2025-10-20 18:39:37] Response (400):
{"code":40002,"message":"Invalid value for data.0.user.ttp: value may not be null.","request_id":"20251020183937749435E622693BE16E76"}

[2025-10-20 18:41:02] Response (400):
{"code":40002,"message":"Invalid value for data.0.user.ttp: value may not be null.","request_id":"2025102018410289DAD7400C4814EDB49B"}

[2025-10-20 18:42:39] Response (400):
{"code":40002,"message":"Invalid value for data.0.user.ttp: value may not be null.","request_id":"202510201842394A6815A1FC5BB06DEFC1"}

[2025-10-20 18:43:52] Response (400):
{"code":40002,"message":"Invalid value for data.0.user.ttp: value may not be null.","request_id":"20251020184352197CE7D40AE17ADC1576"}

[2025-10-20 18:43:53] Response (400):
{"code":40002,"message":"Invalid value for data.0.user.ttp: value may not be null.","request_id":"202510201843533EDEBBFAEDD9057CE19C"}

[2025-10-20 18:44:43] Response (400):
{"code":40002,"message":"Invalid value for data.0.user.ttp: value may not be null.","request_id":"2025102018444310D31849030B76D4B80E"}

[2025-10-20 18:44:49] Response (400):
{"code":40002,"message":"Invalid value for data.0.user.ttp: value may not be null.","request_id":"2025102018444978EBF18DA0CDE4C7CDD8"}

[2025-10-20 18:45:45] Response (400):
{"code":40002,"message":"Invalid value for data.0.user.ttp: value may not be null.","request_id":"202510201845458B19B786FFEE2B79F58B"}

[2025-10-20 18:45:52] Response (400):
{"code":40002,"message":"Invalid value for data.0.user.ttp: value may not be null.","request_id":"20251020184552B2E29ABD1700A08B308D"}

[2025-10-20 19:43:12] Response (400):
{"code":40002,"message":"Invalid value for data.0.user.ttp: value may not be null.","request_id":"2025102019431224CF6B357164F379ECB9"}

[2025-10-20 19:44:15] Response (400):
{"code":40002,"message":"Invalid value for data.0.user.ttp: value may not be null.","request_id":"20251020194415102554543FC81AA8D00E"}

[2025-10-20 20:42:42] Response (400):
{"code":40002,"message":"Invalid value for data.0.user.ttp: value may not be null.","request_id":"2025102020424270268B97C83AF6706B48"}

[2025-10-20 23:42:40] Response (400):
{"code":40002,"message":"Invalid value for data.0.user.ttp: value may not be null.","request_id":"2025102023424042E9CFFEA4607BB2EBC6"}

[2025-10-20 23:57:57] Response (400):
{"code":40002,"message":"Invalid value for data.0.user.ttp: value may not be null.","request_id":"20251020235757509C48E7A34421A53EB2"}

[2025-10-21 03:39:45] Response (400):
{"code":40002,"message":"Invalid value for data.0.user.ttp: value may not be null.","request_id":"20251021033945F33AFDDCC84BD5F1DD1A"}

[2025-10-21 04:17:16] Response (400):
{"code":40002,"message":"Invalid value for data.0.user.ttp: value may not be null.","request_id":"20251021041716F46CA0FE59437F30B07F"}

[2025-10-21 04:40:56] Response (400):
{"code":40002,"message":"Invalid value for data.0.user.ttp: value may not be null.","request_id":"2025102104405610280A49DE0FAA08412E"}

[2025-10-21 05:39:44] Response (400):
{"code":40002,"message":"Invalid value for data.0.user.ttp: value may not be null.","request_id":"20251021053944A00AD71BAFE6CB133422"}

[2025-10-21 05:40:51] Response (400):
{"code":40002,"message":"Invalid value for data.0.user.ttp: value may not be null.","request_id":"202510210540514D65A319523040475629"}

[2025-10-21 05:42:55] Response (400):
{"code":40002,"message":"Invalid value for data.0.user.ttp: value may not be null.","request_id":"202510210542557764E16E5C2BA27CBA8E"}

[2025-10-21 05:42:55] Response (400):
{"code":40002,"message":"Invalid value for data.0.user.ttp: value may not be null.","request_id":"2025102105425558E269042E36A643FF3E"}

[2025-10-21 05:44:46] Response (400):
{"code":40002,"message":"Invalid value for data.0.user.ttp: value may not be null.","request_id":"20251021054446EA923BB00578BC9B27EF"}

[2025-10-21 05:45:01] Response (400):
{"code":40002,"message":"Invalid value for data.0.user.ttp: value may not be null.","request_id":"2025102105450158E269042E36A64423D9"}

[2025-10-21 05:48:35] Response (400):
{"code":40002,"message":"Invalid value for data.0.user.ttp: value may not be null.","request_id":"202510210548352C2DB40CDE10F744364B"}

[2025-10-21 05:49:27] Response (400):
{"code":40002,"message":"Invalid value for data.0.user.ttp: value may not be null.","request_id":"20251021054927C0EF4F7F19C8A2FCE186"}

[2025-10-21 05:49:34] Response (400):
{"code":40002,"message":"Invalid value for data.0.user.ttp: value may not be null.","request_id":"202510210549349E0E5EE66AFC3402425B"}

[2025-10-21 07:45:33] Response (400):
{"code":40002,"message":"Invalid value for data.0.user.ttp: value may not be null.","request_id":"20251021074533746B0DC630A47792A01F"}

[2025-10-21 08:24:53] Response (400):
{"code":40002,"message":"Invalid value for data.0.user.ttp: value may not be null.","request_id":"202510210824538C1ED26223866831FCF4"}

[2025-10-21 10:42:25] Response (400):
{"code":40002,"message":"Invalid value for data.0.user.ttp: value may not be null.","request_id":"2025102110422591747D2FDB8CA6761453"}

[2025-10-21 12:36:09] Response (400):
{"code":40002,"message":"Invalid value for data.0.user.ttp: value may not be null.","request_id":"20251021123609A266D838F4C3FFD3BFAE"}

[2025-10-21 14:39:57] Response (400):
{"code":40002,"message":"Invalid value for data.0.user.ttp: value may not be null.","request_id":"20251021143957C65CB759F8042F654256"}

[2025-10-21 15:41:33] Response (400):
{"code":40002,"message":"Invalid value for data.0.user.ttp: value may not be null.","request_id":"20251021154133AF1A546007957C764971"}

[2025-10-21 16:39:37] Response (400):
{"code":40002,"message":"Invalid value for data.0.user.ttp: value may not be null.","request_id":"202510211639375CA7316E2724514F904F"}

[2025-10-21 16:40:46] Response (400):
{"code":40002,"message":"Invalid value for data.0.user.ttp: value may not be null.","request_id":"202510211640467FA9210FCD73B62EF29F"}

[2025-10-21 16:42:49] Response (400):
{"code":40002,"message":"Invalid value for data.0.user.ttp: value may not be null.","request_id":"20251021164249A643FC84A5DBA67C1499"}

[2025-10-21 16:42:51] Response (400):
{"code":40002,"message":"Invalid value for data.0.user.ttp: value may not be null.","request_id":"20251021164251BDCE68E6C44D1D865439"}

[2025-10-21 16:44:40] Response (400):
{"code":40002,"message":"Invalid value for data.0.user.ttp: value may not be null.","request_id":"20251021164440D7D2B00C37E033E202D4"}

[2025-10-21 16:45:30] Response (400):
{"code":40002,"message":"Invalid value for data.0.user.ttp: value may not be null.","request_id":"202510211645300B4C89BD6DAEF47568D3"}

[2025-10-21 16:47:08] Response (400):
{"code":40002,"message":"Invalid value for data.0.user.ttp: value may not be null.","request_id":"2025102116470813CC03FA8ABD6F624E8D"}

[2025-10-21 16:47:28] Response (400):
{"code":40002,"message":"Invalid value for data.0.user.ttp: value may not be null.","request_id":"20251021164728C8361D32A12AA3514FA6"}

[2025-10-21 16:47:38] Response (400):
{"code":40002,"message":"Invalid value for data.0.user.ttp: value may not be null.","request_id":"20251021164738EF93141725AC3A506606"}

[2025-10-21 17:07:04] Response (400):
{"code":40002,"message":"Invalid value for data.0.user.ttp: value may not be null.","request_id":"20251021170704E57BBA2F45C7DC45BF8E"}

[2025-10-21 17:08:14] Response (400):
{"code":40002,"message":"Invalid value for data.0.user.ttp: value may not be null.","request_id":"20251021170814E7530BD605C1E0F19434"}

[2025-10-21 17:57:46] Response (200):
{"code": 0, "message": "OK", "request_id": "20251021175746FD762E7625A8523EE23A", "data": {}}

[2025-10-21 17:59:51] Response (200):
{"code": 0, "message": "OK", "request_id": "20251021175951C35A9285286E6E4B8376", "data": {}}

[2025-10-21 18:44:33] Response (400):
{"code":40002,"message":"Invalid value for data.0.user.ttp: value may not be null.","request_id":"20251021184433BFA108FFA8409DFD9211"}

[2025-10-21 21:20:58] Response (400):
{"code":40002,"message":"Invalid value for data.0.user.ttp: value may not be null.","request_id":"20251021212058909413931AC0F6A453EF"}

[2025-10-21 21:44:58] Response (400):
{"code":40002,"message":"Invalid value for data.0.user.ttp: value may not be null.","request_id":"202510212144585650F0AA7E1DF6850CC5"}

[2025-10-22 01:40:01] Response (400):
{"code":40002,"message":"Invalid value for data.0.user.ttp: value may not be null.","request_id":"20251022014001493654172FCC627D9356"}

[2025-10-22 01:47:14] Response (400):
{"code":40002,"message":"Invalid value for data.0.user.ttp: value may not be null.","request_id":"20251022014714498F02A0ABC103DC3D7D"}

[2025-10-22 02:39:52] Response (400):
{"code":40002,"message":"Invalid value for data.0.user.ttp: value may not be null.","request_id":"20251022023952C4F9317BCC0B0DEA3CFE"}

[2025-10-22 03:39:37] Response (400):
{"code":40002,"message":"Invalid value for data.0.user.ttp: value may not be null.","request_id":"20251022033937390CFC7E071E300D56B6"}

[2025-10-22 03:40:31] Response (400):
{"code":40002,"message":"Invalid value for data.0.user.ttp: value may not be null.","request_id":"202510220340310FFF49B55AAFB8A537D9"}

[2025-10-22 03:41:41] Response (400):
{"code":40002,"message":"Invalid value for data.0.user.ttp: value may not be null.","request_id":"20251022034141221C20C571898E62531D"}

[2025-10-22 03:41:43] Response (400):
{"code":40002,"message":"Invalid value for data.0.user.ttp: value may not be null.","request_id":"202510220341433A65803C21F976367E31"}

[2025-10-22 03:42:38] Response (400):
{"code":40002,"message":"Invalid value for data.0.user.ttp: value may not be null.","request_id":"20251022034238575688555D1CDFF18FEE"}

[2025-10-22 03:45:47] Response (400):
{"code":40002,"message":"Invalid value for data.0.user.ttp: value may not be null.","request_id":"2025102203454751DB86FBC7CD9FF082E7"}

[2025-10-22 03:47:40] Response (400):
{"code":40002,"message":"Invalid value for data.0.user.ttp: value may not be null.","request_id":"20251022034740C9E0DB26FBF27D3775F6"}

[2025-10-22 03:47:45] Response (400):
{"code":40002,"message":"Invalid value for data.0.user.ttp: value may not be null.","request_id":"20251022034745B4004BB661695AC51CB1"}

[2025-10-22 03:47:57] Response (400):
{"code":40002,"message":"Invalid value for data.0.user.ttp: value may not be null.","request_id":"20251022034757D3408043BEABBDA80216"}

[2025-10-22 05:40:05] Response (400):
{"code":40002,"message":"Invalid value for data.0.user.ttp: value may not be null.","request_id":"20251022054004EFA56303C892DF1AFD95"}

[2025-10-22 08:45:57] Response (400):
{"code":40002,"message":"Invalid value for data.0.user.ttp: value may not be null.","request_id":"202510220845571ACAA92BBFBD5D7F5214"}

[2025-10-22 12:42:28] Response (400):
{"code":40002,"message":"Invalid value for data.0.user.ttp: value may not be null.","request_id":"20251022124228F2314EDDE3A7298C626B"}

[2025-10-22 12:49:49] Response (400):
{"code":40002,"message":"Invalid value for data.0.user.ttp: value may not be null.","request_id":"2025102212494961D3F0054DFAD7321824"}

[2025-10-22 14:45:20] Response (400):
{"code":40002,"message":"Invalid value for data.0.user.ttp: value may not be null.","request_id":"20251022144519EC095D30EEF4DCFF8881"}

[2025-10-22 14:45:33] Response (400):
{"code":40002,"message":"Invalid value for data.0.user.ttp: value may not be null.","request_id":"20251022144533E19DED0FE78010B6EDFE"}

[2025-10-22 14:52:17] Response (400):
{"code":40002,"message":"Invalid value for data.0.user.ttp: value may not be null.","request_id":"20251022145217EF93D7640233F8FE32C7"}

[2025-10-22 14:52:19] Response (400):
{"code":40002,"message":"Invalid value for data.0.user.ttp: value may not be null.","request_id":"20251022145219CDC0BA9A11460EA9A430"}

[2025-10-22 14:52:50] Response (400):
{"code":40002,"message":"Invalid value for data.0.user.ttp: value may not be null.","request_id":"20251022145250AB28FF103CBD38E8018E"}

[2025-10-22 14:52:57] Response (400):
{"code":40002,"message":"Invalid value for data.0.user.ttp: value may not be null.","request_id":"20251022145257DE05011B86F568C4DE33"}

[2025-10-22 14:53:24] Response (400):
{"code":40002,"message":"Invalid value for data.0.user.ttp: value may not be null.","request_id":"20251022145324C6DE99A6F8F0D441FF4B"}

[2025-10-22 14:53:46] Response (400):
{"code":40002,"message":"Invalid value for data.0.user.ttp: value may not be null.","request_id":"20251022145345FD4F03A2284856B89B58"}

[2025-10-22 14:54:03] Response (400):
{"code":40002,"message":"Invalid value for data.0.user.ttp: value may not be null.","request_id":"2025102214540333ED5D55CA19B148473C"}

[2025-10-22 16:42:33] Response (400):
{"code":40002,"message":"Invalid value for data.0.user.ttp: value may not be null.","request_id":"2025102216423311771926FCA9A7D19BB2"}

[2025-10-22 19:47:45] Response (400):
{"code":40002,"message":"Invalid value for data.0.user.ttp: value may not be null.","request_id":"20251022194745883D9AE6E42EC2CF5B36"}

[2025-10-22 21:40:27] Response (200):
{"code": 0, "message": "OK", "request_id": "20251022214027E8D9037FD7159036726E", "data": {}}

[2025-10-22 23:43:12] Response (400):
{"code":40002,"message":"Invalid value for data.0.user.ttp: value may not be null.","request_id":"202510222343126B74BCA490F17C0A4418"}

[2025-10-22 23:46:58] Response (400):
{"code":40002,"message":"Invalid value for data.0.user.ttp: value may not be null.","request_id":"20251022234658BC79F683566A50149599"}

[2025-10-23 01:45:26] Response (400):
{"code":40002,"message":"Invalid value for data.0.user.ttp: value may not be null.","request_id":"20251023014526B9DE86E85D4CE41C24C4"}

[2025-10-23 01:53:14] Response (400):
{"code":40002,"message":"Invalid value for data.0.user.ttp: value may not be null.","request_id":"20251023015314576A5A186C47A7DEBBD4"}

[2025-10-23 01:54:33] Response (400):
{"code":40002,"message":"Invalid value for data.0.user.ttp: value may not be null.","request_id":"20251023015433911F53EC5FCA161C7BB8"}

[2025-10-23 01:54:39] Response (400):
{"code":40002,"message":"Invalid value for data.0.user.ttp: value may not be null.","request_id":"20251023015439DAFACF734E6C83683B51"}

[2025-10-23 01:54:57] Response (400):
{"code":40002,"message":"Invalid value for data.0.user.ttp: value may not be null.","request_id":"20251023015457F46CA0FE59437F0E33F6"}

[2025-10-23 01:55:13] Response (400):
{"code":40002,"message":"Invalid value for data.0.user.ttp: value may not be null.","request_id":"20251023015513F7038467C7666ADE8D1A"}

[2025-10-23 01:55:41] Response (400):
{"code":40002,"message":"Invalid value for data.0.user.ttp: value may not be null.","request_id":"2025102301554115669D48F9641C61F3C4"}

[2025-10-23 01:56:02] Response (400):
{"code":40002,"message":"Invalid value for data.0.user.ttp: value may not be null.","request_id":"20251023015602C537D1CC00142A462030"}

[2025-10-23 01:56:32] Response (400):
{"code":40002,"message":"Invalid value for data.0.user.ttp: value may not be null.","request_id":"202510230156324E7EC69E53B2BDCCA34B"}

[2025-10-23 03:57:51] Response (400):
{"code":40002,"message":"Invalid value for data.0.user.ttp: value may not be null.","request_id":"20251023035751FD7787C92312ED7626F2"}

[2025-10-23 06:44:04] Response (400):
{"code":40002,"message":"Invalid value for data.0.user.ttp: value may not be null.","request_id":"2025102306440443B3CD0AC29CD8E25797"}

[2025-10-23 10:41:57] Response (400):
{"code":40002,"message":"Invalid value for data.0.user.ttp: value may not be null.","request_id":"20251023104157D3C9086550E149495FF3"}

[2025-10-23 10:43:45] Response (400):
{"code":40002,"message":"Invalid value for data.0.user.ttp: value may not be null.","request_id":"20251023104345348A7B5717796A01642E"}

[2025-10-23 10:56:20] Response (400):
{"code":40002,"message":"Invalid value for data.0.user.ttp: value may not be null.","request_id":"20251023105620A853445F86EBA1228410"}

[2025-10-23 12:40:26] Response (400):
{"code":40002,"message":"Invalid value for data.0.user.ttp: value may not be null.","request_id":"2025102312402615EF9C9D63E1E4829E0C"}

[2025-10-23 12:46:24] Response (400):
{"code":40002,"message":"Invalid value for data.0.user.ttp: value may not be null.","request_id":"202510231246243182CE71E6392A5FCE2A"}

[2025-10-23 12:51:24] Response (400):
{"code":40002,"message":"Invalid value for data.0.user.ttp: value may not be null.","request_id":"202510231251245DB32267143DD9AF24A6"}

[2025-10-23 12:51:26] Response (400):
{"code":40002,"message":"Invalid value for data.0.user.ttp: value may not be null.","request_id":"20251023125126963EEE476BE39DD246BA"}

[2025-10-23 12:51:43] Response (400):
{"code":40002,"message":"Invalid value for data.0.user.ttp: value may not be null.","request_id":"2025102312514366EBA8CEC45C3ABB33B6"}

[2025-10-23 12:52:48] Response (400):
{"code":40002,"message":"Invalid value for data.0.user.ttp: value may not be null.","request_id":"20251023125248CF1FBA611FCB216F88AA"}

[2025-10-23 12:53:17] Response (400):
{"code":40002,"message":"Invalid value for data.0.user.ttp: value may not be null.","request_id":"202510231253175682248EE2441ADE54F7"}

[2025-10-23 12:56:48] Response (400):
{"code":40002,"message":"Invalid value for data.0.user.ttp: value may not be null.","request_id":"20251023125648726E1DF1AE9F081FCCA8"}

[2025-10-23 12:59:02] Response (400):
{"code":40002,"message":"Invalid value for data.0.user.ttp: value may not be null.","request_id":"20251023125902F8D6995557D542C8A1BD"}

[2025-10-23 14:49:54] Response (400):
{"code":40002,"message":"Invalid value for data.0.user.ttp: value may not be null.","request_id":"2025102314495497B6C78FDE44E082C4DB"}

[2025-10-23 15:30:27] Response (200):
{"code": 0, "message": "OK", "request_id": "20251023153027C1DBD592742268E6FD43", "data": {}}

[2025-10-23 17:48:48] Response (400):
{"code":40002,"message":"Invalid value for data.0.user.ttp: value may not be null.","request_id":"2025102317484896B873FBE92829B1AA73"}

[2025-10-23 21:40:14] Response (400):
{"code":40002,"message":"Invalid value for data.0.user.ttp: value may not be null.","request_id":"20251023214014A24D011ED2F878F13E7D"}

[2025-10-23 21:40:39] Response (400):
{"code":40002,"message":"Invalid value for data.0.user.ttp: value may not be null.","request_id":"20251023214039DB1D974CD1680B6EA993"}

[2025-10-23 22:43:29] Response (400):
{"code":40002,"message":"Invalid value for data.0.user.ttp: value may not be null.","request_id":"20251023224329ECE8C188D65A597F8C25"}

[2025-10-23 23:41:28] Response (400):
{"code":40002,"message":"Invalid value for data.0.user.ttp: value may not be null.","request_id":"20251023234128B34B349711F07BEFD44B"}

[2025-10-23 23:41:42] Response (400):
{"code":40002,"message":"Invalid value for data.0.user.ttp: value may not be null.","request_id":"20251023234142328D8571D536337AF955"}

[2025-10-23 23:43:18] Response (400):
{"code":40002,"message":"Invalid value for data.0.user.ttp: value may not be null.","request_id":"20251023234318EE81F216460CFD617761"}

[2025-10-23 23:52:49] Response (400):
{"code":40002,"message":"Invalid value for data.0.user.ttp: value may not be null.","request_id":"202510232352496CA9E69E3BD831EE7F53"}

[2025-10-23 23:53:03] Response (400):
{"code":40002,"message":"Invalid value for data.0.user.ttp: value may not be null.","request_id":"20251023235303701477FC20F5BDD4889A"}

[2025-10-23 23:59:02] Response (400):
{"code":40002,"message":"Invalid value for data.0.user.ttp: value may not be null.","request_id":"202510232359021F829536ACE0FE0D8F7F"}

[2025-10-23 23:59:47] Response (400):
{"code":40002,"message":"Invalid value for data.0.user.ttp: value may not be null.","request_id":"20251023235947F16B26A661792DC29489"}

[2025-10-23 23:59:53] Response (400):
{"code":40002,"message":"Invalid value for data.0.user.ttp: value may not be null.","request_id":"2025102323595373AEEF71A4AFDD355E2D"}

[2025-10-24 01:48:53] Response (400):
{"code":40002,"message":"Invalid value for data.0.user.ttp: value may not be null.","request_id":"20251024014853CA0738CF5CEED44B345D"}

[2025-10-24 02:37:34] Response (400):
{"code":40002,"message":"Invalid value for data.0.user.ttp: value may not be null.","request_id":"2025102402373456706C3D3D651E564C4F"}

[2025-10-24 04:42:04] Response (400):
{"code":40002,"message":"Invalid value for data.0.user.ttp: value may not be null.","request_id":"202510240442048EE4E6FBD77D8E656CB0"}

[2025-10-24 05:25:20] Response (400):
{"code":40002,"message":"Invalid value for data.0.user.ttp: value may not be null.","request_id":"20251024052519A10A509F752CEFA5E0DD"}

[2025-10-24 08:39:43] Response (400):
{"code":40002,"message":"Invalid value for data.0.user.ttp: value may not be null.","request_id":"20251024083943BA8A36D9A28AA7D3D9CB"}

[2025-10-24 08:39:48] Response (400):
{"code":40002,"message":"Invalid value for data.0.user.ttp: value may not be null.","request_id":"202510240839485499D41910A29DDFCEDC"}

[2025-10-24 09:39:38] Response (400):
{"code":40002,"message":"Invalid value for data.0.user.ttp: value may not be null.","request_id":"20251024093938FDCEC332E9CBDB108F2C"}

[2025-10-24 10:39:51] Response (400):
{"code":40002,"message":"Invalid value for data.0.user.ttp: value may not be null.","request_id":"20251024103951DBB5D2DAD4ED098C67EE"}

[2025-10-24 10:39:58] Response (400):
{"code":40002,"message":"Invalid value for data.0.user.ttp: value may not be null.","request_id":"20251024103958850DFA9AFBCD290E4388"}

[2025-10-24 10:40:34] Response (400):
{"code":40002,"message":"Invalid value for data.0.user.ttp: value may not be null.","request_id":"2025102410403428093BAB97E1349B06AB"}

[2025-10-24 10:42:51] Response (400):
{"code":40002,"message":"Invalid value for data.0.user.ttp: value may not be null.","request_id":"20251024104251C6697FFB6FE4C26BB914"}

[2025-10-24 10:42:53] Response (400):
{"code":40002,"message":"Invalid value for data.0.user.ttp: value may not be null.","request_id":"20251024104253ACEA32AF53861B85CD19"}

[2025-10-24 10:44:14] Response (400):
{"code":40002,"message":"Invalid value for data.0.user.ttp: value may not be null.","request_id":"202510241044140A29911864F2A5DF14FB"}

[2025-10-24 10:44:25] Response (400):
{"code":40002,"message":"Invalid value for data.0.user.ttp: value may not be null.","request_id":"20251024104425CE20A6BB3C710AECE10E"}

[2025-10-24 10:52:51] Response (400):
{"code":40002,"message":"Invalid value for data.0.user.ttp: value may not be null.","request_id":"20251024105251E8618107EA86F5198F6B"}

[2025-10-24 12:50:20] Response (400):
{"code":40002,"message":"Invalid value for data.0.user.ttp: value may not be null.","request_id":"20251024125020969258C5240099BDCEE5"}

[2025-10-24 15:41:40] Response (400):
{"code":40002,"message":"Invalid value for data.0.user.ttp: value may not be null.","request_id":"2025102415414077798F64F7681B48F1FF"}

[2025-10-24 19:41:46] Response (400):
{"code":40002,"message":"Invalid value for data.0.user.ttp: value may not be null.","request_id":"20251024194146F9918EE441C15709D883"}

[2025-10-24 19:41:48] Response (400):
{"code":40002,"message":"Invalid value for data.0.user.ttp: value may not be null.","request_id":"20251024194148E8CFFF2366C290FA122C"}

[2025-10-24 19:42:00] Response (400):
{"code":40002,"message":"Invalid value for data.0.user.ttp: value may not be null.","request_id":"2025102419420023410F8519AA4B6288D9"}

[2025-10-24 21:44:52] Response (400):
{"code":40002,"message":"Invalid value for data.0.user.ttp: value may not be null.","request_id":"202510242144525BED6335F8F85FB779D3"}

[2025-10-24 21:45:19] Response (400):
{"code":40002,"message":"Invalid value for data.0.user.ttp: value may not be null.","request_id":"2025102421451966B42512C977C6147D84"}

[2025-10-24 21:46:12] Response (400):
{"code":40002,"message":"Invalid value for data.0.user.ttp: value may not be null.","request_id":"20251024214612DE2AF00D141EF35E5A76"}

[2025-10-24 21:47:18] Response (400):
{"code":40002,"message":"Invalid value for data.0.user.ttp: value may not be null.","request_id":"20251024214718258EBC2621EE794776F2"}

[2025-10-24 21:47:44] Response (400):
{"code":40002,"message":"Invalid value for data.0.user.ttp: value may not be null.","request_id":"20251024214744339B85DF8AD20DB6D459"}

[2025-10-24 21:47:56] Response (400):
{"code":40002,"message":"Invalid value for data.0.user.ttp: value may not be null.","request_id":"20251024214756EEF7C9BFF287154EF2C9"}

[2025-10-24 21:51:45] Response (400):
{"code":40002,"message":"Invalid value for data.0.user.ttp: value may not be null.","request_id":"202510242151451970DBE9DADAC7CFE6E8"}

[2025-10-24 21:51:53] Response (400):
{"code":40002,"message":"Invalid value for data.0.user.ttp: value may not be null.","request_id":"202510242151532E619B58DAB6A41AEBC5"}

[2025-10-24 22:51:31] Response (200):
{"code": 0, "message": "OK", "request_id": "20251024225131AF61A862A68232AF36C8", "data": {}}

[2025-10-24 23:48:54] Response (400):
{"code":40002,"message":"Invalid value for data.0.user.ttp: value may not be null.","request_id":"2025102423485496F8E2ADC0C58F12BDE0"}

[2025-10-25 02:40:03] Response (400):
{"code":40002,"message":"Invalid value for data.0.user.ttp: value may not be null.","request_id":"20251025024003F012DE2119048FE482BC"}

[2025-10-25 05:59:08] Response (400):
{"code":40002,"message":"Invalid value for data.0.user.ttp: value may not be null.","request_id":"20251025055908D18FE7920F49CBD5670F"}

[2025-10-25 06:40:06] Response (400):
{"code":40002,"message":"Invalid value for data.0.user.ttp: value may not be null.","request_id":"20251025064006E5F284580D17DB873FB7"}

[2025-10-25 06:40:08] Response (400):
{"code":40002,"message":"Invalid value for data.0.user.ttp: value may not be null.","request_id":"20251025064008CD212B124402D06EDF1A"}

[2025-10-25 06:40:21] Response (400):
{"code":40002,"message":"Invalid value for data.0.user.ttp: value may not be null.","request_id":"20251025064021A5C48F5E1ED3A9E7F362"}

[2025-10-25 08:42:56] Response (400):
{"code":40002,"message":"Invalid value for data.0.user.ttp: value may not be null.","request_id":"2025102508425678EEDB182995A80FE975"}

[2025-10-25 08:43:07] Response (400):
{"code":40002,"message":"Invalid value for data.0.user.ttp: value may not be null.","request_id":"20251025084307475384E7C7B33AF86E48"}

[2025-10-25 08:43:40] Response (400):
{"code":40002,"message":"Invalid value for data.0.user.ttp: value may not be null.","request_id":"20251025084340E3C2F61443302C1A87BB"}

[2025-10-25 08:45:03] Response (400):
{"code":40002,"message":"Invalid value for data.0.user.ttp: value may not be null.","request_id":"202510250845033A51BEAFE608815173A7"}

[2025-10-25 08:45:50] Response (400):
{"code":40002,"message":"Invalid value for data.0.user.ttp: value may not be null.","request_id":"202510250845504DDA616F895C51F5884A"}

[2025-10-25 08:46:07] Response (400):
{"code":40002,"message":"Invalid value for data.0.user.ttp: value may not be null.","request_id":"20251025084607926B84B6B363A91875A6"}

[2025-10-25 08:46:09] Response (400):
{"code":40002,"message":"Invalid value for data.0.user.ttp: value may not be null.","request_id":"20251025084609A9225D39A4C483CEC33C"}

[2025-10-25 08:47:36] Response (400):
{"code":40002,"message":"Invalid value for data.0.user.ttp: value may not be null.","request_id":"202510250847353AA94B64AA94DA9F8F50"}

[2025-10-25 10:50:37] Response (400):
{"code":40002,"message":"Invalid value for data.0.user.ttp: value may not be null.","request_id":"2025102510503783BEF11D1E20289971B9"}

[2025-10-25 13:41:04] Response (400):
{"code":40002,"message":"Invalid value for data.0.user.ttp: value may not be null.","request_id":"202510251341041F3866737F01B4BC2711"}

[2025-10-25 15:52:23] Response (400):
{"code":40002,"message":"Invalid value for data.0.user.ttp: value may not be null.","request_id":"202510251552231E6364CEAA7F22C24E0A"}

[2025-10-25 17:40:43] Response (400):
{"code":40002,"message":"Invalid value for data.0.user.ttp: value may not be null.","request_id":"202510251740432B4C9BF5C8DB0C3BE78C"}

[2025-10-25 17:40:44] Response (400):
{"code":40002,"message":"Invalid value for data.0.user.ttp: value may not be null.","request_id":"20251025174044611EBE0C03378A278F12"}

[2025-10-25 17:41:02] Response (400):
{"code":40002,"message":"Invalid value for data.0.user.ttp: value may not be null.","request_id":"202510251741024342CB13F96139237F48"}

[2025-10-25 18:28:00] Response (400):
{"code":40002,"message":"Invalid value for data.0.user.ttp: value may not be null.","request_id":"20251025182800AD79F7DBC3BC8588078F"}

[2025-10-25 19:40:32] Response (400):
{"code":40002,"message":"Invalid value for data.0.user.ttp: value may not be null.","request_id":"2025102519403234972027A9D1FC92207F"}

[2025-10-25 19:40:47] Response (400):
{"code":40002,"message":"Invalid value for data.0.user.ttp: value may not be null.","request_id":"20251025194047EF89ACA1427273AF4E3F"}

[2025-10-25 19:42:52] Response (400):
{"code":40002,"message":"Invalid value for data.0.user.ttp: value may not be null.","request_id":"20251025194251C028B1E1DC05BB3583D3"}

[2025-10-25 19:45:05] Response (400):
{"code":40002,"message":"Invalid value for data.0.user.ttp: value may not be null.","request_id":"20251025194505345C17DF8B65F49F8FD0"}

[2025-10-25 19:47:29] Response (400):
{"code":40002,"message":"Invalid value for data.0.user.ttp: value may not be null.","request_id":"2025102519472959D8610CFA115A3FB90F"}

[2025-10-25 19:47:44] Response (400):
{"code":40002,"message":"Invalid value for data.0.user.ttp: value may not be null.","request_id":"20251025194744CEDC0BC5354FD5530E80"}

[2025-10-25 19:47:54] Response (400):
{"code":40002,"message":"Invalid value for data.0.user.ttp: value may not be null.","request_id":"20251025194754300B247F0B3D25A26608"}

[2025-10-25 19:48:19] Response (400):
{"code":40002,"message":"Invalid value for data.0.user.ttp: value may not be null.","request_id":"20251025194819F24BE221E6A12134255D"}

[2025-10-25 21:40:23] Response (400):
{"code":40002,"message":"Invalid value for data.0.user.ttp: value may not be null.","request_id":"202510252140238DC45AA8EE3F9F3017C2"}

[2025-10-25 23:44:09] Response (400):
{"code":40002,"message":"Invalid value for data.0.user.ttp: value may not be null.","request_id":"20251025234409859A14617BDC4F43DE09"}

[2025-10-26 04:40:54] Response (400):
{"code":40002,"message":"Invalid value for data.0.user.ttp: value may not be null.","request_id":"20251026044054DFA45C4B30FAF89071E9"}

[2025-10-26 04:40:56] Response (400):
{"code":40002,"message":"Invalid value for data.0.user.ttp: value may not be null.","request_id":"20251026044056FB207CF75CEDB64F1515"}

[2025-10-26 04:41:06] Response (400):
{"code":40002,"message":"Invalid value for data.0.user.ttp: value may not be null.","request_id":"202510260441060410884E57ECEE4FDBFC"}

[2025-10-26 06:40:43] Response (400):
{"code":40002,"message":"Invalid value for data.0.user.ttp: value may not be null.","request_id":"2025102606404367DBAC7E218BC2D8F242"}

[2025-10-26 06:40:51] Response (400):
{"code":40002,"message":"Invalid value for data.0.user.ttp: value may not be null.","request_id":"20251026064051CA7A005BFF4FEEA24CAE"}

[2025-10-26 06:42:16] Response (400):
{"code":40002,"message":"Invalid value for data.0.user.ttp: value may not be null.","request_id":"20251026064216CCACB9A7B2D49F5BF9DD"}

[2025-10-26 06:43:51] Response (400):
{"code":40002,"message":"Invalid value for data.0.user.ttp: value may not be null.","request_id":"2025102606435144EDF50573362F1CF042"}

[2025-10-26 06:43:52] Response (400):
{"code":40002,"message":"Invalid value for data.0.user.ttp: value may not be null.","request_id":"20251026064352B070E2AFA07058851272"}

[2025-10-26 06:45:01] Response (400):
{"code":40002,"message":"Invalid value for data.0.user.ttp: value may not be null.","request_id":"202510260645019222290E5CE6DB77C1E3"}

[2025-10-26 06:46:24] Response (400):
{"code":40002,"message":"Invalid value for data.0.user.ttp: value may not be null.","request_id":"20251026064624F24AA126184087DD48EA"}

[2025-10-26 07:39:28] Response (200):
{"code": 0, "message": "OK", "request_id": "202510260739284EB67A862AA58942AEC9", "data": {}}

[2025-10-26 08:44:36] Response (400):
{"code":40002,"message":"Invalid value for data.0.user.ttp: value may not be null.","request_id":"202510260844369793364E3B758F6D25B1"}

[2025-10-26 10:40:37] Response (400):
{"code":40002,"message":"Invalid value for data.0.user.ttp: value may not be null.","request_id":"2025102610403748D02DF619FB20EC6DEB"}

[2025-10-26 15:40:12] Response (400):
{"code":40002,"message":"Invalid value for data.0.user.ttp: value may not be null.","request_id":"202510261540123DAEDFB595339283D1CE"}

[2025-10-26 15:40:13] Response (400):
{"code":40002,"message":"Invalid value for data.0.user.ttp: value may not be null.","request_id":"202510261540134143B6D571F9EF9002EC"}

[2025-10-26 15:40:32] Response (400):
{"code":40002,"message":"Invalid value for data.0.user.ttp: value may not be null.","request_id":"20251026154032070D868F56B24BF2E226"}

[2025-10-26 17:40:16] Response (400):
{"code":40002,"message":"Invalid value for data.0.user.ttp: value may not be null.","request_id":"20251026174016E5CE82B1299D44E1B0AC"}

[2025-10-26 17:40:23] Response (400):
{"code":40002,"message":"Invalid value for data.0.user.ttp: value may not be null.","request_id":"202510261740230BFA1A573D1823D0711E"}

[2025-10-26 17:41:03] Response (400):
{"code":40002,"message":"Invalid value for data.0.user.ttp: value may not be null.","request_id":"20251026174103C9DC4FB14543B1B025BD"}

[2025-10-26 17:43:36] Response (400):
{"code":40002,"message":"Invalid value for data.0.user.ttp: value may not be null.","request_id":"20251026174336FC44DAD7A3E480923EE0"}

[2025-10-26 17:43:38] Response (400):
{"code":40002,"message":"Invalid value for data.0.user.ttp: value may not be null.","request_id":"202510261743378F19576C9FC316B30C3C"}

[2025-10-26 17:43:48] Response (400):
{"code":40002,"message":"Invalid value for data.0.user.ttp: value may not be null.","request_id":"20251026174348C2B14C815ABCD5906F36"}

[2025-10-26 17:45:45] Response (400):
{"code":40002,"message":"Invalid value for data.0.user.ttp: value may not be null.","request_id":"20251026174545794B9057EB5A5CA3116E"}

[2025-10-26 18:45:47] Response (400):
{"code":40002,"message":"Invalid value for data.0.user.ttp: value may not be null.","request_id":"20251026184547AA09A65EDC7AA243F844"}

[2025-10-26 19:39:40] Response (400):
{"code":40002,"message":"Invalid value for data.0.user.ttp: value may not be null.","request_id":"2025102619394094A2412AFD641BCBD21B"}

[2025-10-26 21:39:44] Response (400):
{"code":40002,"message":"Invalid value for data.0.user.ttp: value may not be null.","request_id":"20251026213944B533077CC663B9D4D69B"}

[2025-10-27 02:40:43] Response (400):
{"code":40002,"message":"Invalid value for data.0.user.ttp: value may not be null.","request_id":"202510270240439A54949CE7358E5F6090"}

[2025-10-27 02:40:45] Response (400):
{"code":40002,"message":"Invalid value for data.0.user.ttp: value may not be null.","request_id":"202510270240457D9AAD32415C61A8E9C1"}

[2025-10-27 02:42:12] Response (400):
{"code":40002,"message":"Invalid value for data.0.user.ttp: value may not be null.","request_id":"20251027024211013B6C72036C887B5516"}

[2025-10-27 04:45:30] Response (400):
{"code":40002,"message":"Invalid value for data.0.user.ttp: value may not be null.","request_id":"20251027044530B9E39C9F366A7E0D27CF"}

[2025-10-27 04:45:49] Response (400):
{"code":40002,"message":"Invalid value for data.0.user.ttp: value may not be null.","request_id":"2025102704454913AA8EC0FC4C8D301413"}

[2025-10-27 04:47:32] Response (400):
{"code":40002,"message":"Invalid value for data.0.user.ttp: value may not be null.","request_id":"20251027044732509EDF60AD6EAFB2EA2B"}

[2025-10-27 04:59:29] Response (400):
{"code":40002,"message":"Invalid value for data.0.user.ttp: value may not be null.","request_id":"20251027045929C0236081F34C59685813"}

[2025-10-27 04:59:47] Response (400):
{"code":40002,"message":"Invalid value for data.0.user.ttp: value may not be null.","request_id":"2025102704594718D8AD73ED88E2F5E2C4"}

[2025-10-27 05:00:47] Response (400):
{"code":40002,"message":"Invalid value for data.0.user.ttp: value may not be null.","request_id":"202510270500469B5A2ED401D12127E89B"}

[2025-10-27 05:00:54] Response (400):
{"code":40002,"message":"Invalid value for data.0.user.ttp: value may not be null.","request_id":"20251027050054EBA39D303C2FDF02D705"}

[2025-10-27 05:03:15] Response (400):
{"code":40002,"message":"Invalid value for data.0.user.ttp: value may not be null.","request_id":"202510270503154CDFACC2459A8AC1B896"}

[2025-10-27 05:42:19] Response (400):
{"code":40002,"message":"Invalid value for data.0.user.ttp: value may not be null.","request_id":"2025102705421951DEDBCDEE134FFDDE0A"}

[2025-10-27 06:47:35] Response (400):
{"code":40002,"message":"Invalid value for data.0.user.ttp: value may not be null.","request_id":"20251027064735F8CB08D3021D7128A22E"}

[2025-10-27 08:42:20] Response (400):
{"code":40002,"message":"Invalid value for data.0.user.ttp: value may not be null.","request_id":"20251027084220FC191D7BCDB89E8938DF"}

[2025-10-27 13:40:05] Response (400):
{"code":40002,"message":"Invalid value for data.0.user.ttp: value may not be null.","request_id":"20251027134005516DF8E96D68A1AE6476"}

[2025-10-27 13:40:07] Response (400):
{"code":40002,"message":"Invalid value for data.0.user.ttp: value may not be null.","request_id":"20251027134007584A5EB0AE17108B5F33"}

[2025-10-27 13:40:23] Response (400):
{"code":40002,"message":"Invalid value for data.0.user.ttp: value may not be null.","request_id":"20251027134023B88E506F96805D88DD20"}

[2025-10-27 15:43:18] Response (400):
{"code":40002,"message":"Invalid value for data.0.user.ttp: value may not be null.","request_id":"2025102715431834972027A9D1FC817B58"}

[2025-10-27 15:43:23] Response (400):
{"code":40002,"message":"Invalid value for data.0.user.ttp: value may not be null.","request_id":"202510271543235D4A51111D8626E5B07D"}

[2025-10-27 15:44:08] Response (400):
{"code":40002,"message":"Invalid value for data.0.user.ttp: value may not be null.","request_id":"202510271544083CC144EE0254C48E923F"}

[2025-10-27 15:45:19] Response (400):
{"code":40002,"message":"Invalid value for data.0.user.ttp: value may not be null.","request_id":"20251027154519B5E78E0532670519AEDC"}

[2025-10-27 15:45:21] Response (400):
{"code":40002,"message":"Invalid value for data.0.user.ttp: value may not be null.","request_id":"202510271545218AAC554D9B2F0FE5DA69"}

[2025-10-27 15:46:51] Response (400):
{"code":40002,"message":"Invalid value for data.0.user.ttp: value may not be null.","request_id":"2025102715465167D19B14746EBDE56B37"}

[2025-10-27 15:48:00] Response (400):
{"code":40002,"message":"Invalid value for data.0.user.ttp: value may not be null.","request_id":"2025102715480043D7BDDD16E881FD02D8"}

[2025-10-27 16:45:27] Response (400):
{"code":40002,"message":"Invalid value for data.0.user.ttp: value may not be null.","request_id":"2025102716452723315AB0AF518EBC30EB"}

[2025-10-27 17:43:57] Response (400):
{"code":40002,"message":"Invalid value for data.0.user.ttp: value may not be null.","request_id":"20251027174357F1589C14FDEE5D007BE3"}

[2025-10-27 19:39:51] Response (400):
{"code":40002,"message":"Invalid value for data.0.user.ttp: value may not be null.","request_id":"202510271939516152A1A2ABBB7E01910E"}

[2025-10-27 22:13:33] Response (200):
{"code": 0, "message": "OK", "request_id": "202510272213331714094D797DD8D7211B", "data": {}}

[2025-10-27 22:14:14] Response (200):
{"code": 0, "message": "OK", "request_id": "20251027221414F24CE65804DBEAB1629F", "data": {}}

[2025-10-27 22:25:58] Response (400):
{"code":40002,"message":"Invalid value for data.0.user.ttp: value may not be null.","request_id":"202510272225584A772DC0647AC3E2B41C"}

[2025-10-28 00:41:28] Response (400):
{"code":40002,"message":"Invalid value for data.0.user.ttp: value may not be null.","request_id":"2025102800412730081C70D77C34C80459"}

[2025-10-28 00:41:55] Response (400):
{"code":40002,"message":"Invalid value for data.0.user.ttp: value may not be null.","request_id":"20251028004155DD308DAF2EFDF02A4457"}

[2025-10-28 00:46:02] Response (400):
{"code":40002,"message":"Invalid value for data.0.user.ttp: value may not be null.","request_id":"20251028004602B27581AAA6BC3E3A9D86"}

[2025-10-28 01:33:05] Response (400):
{"code":40002,"message":"Invalid value for data.0.user.ttp: value may not be null.","request_id":"20251028013305C595711E43ADEAD975DC"}

[2025-10-28 02:39:33] Response (400):
{"code":40002,"message":"Invalid value for data.0.user.ttp: value may not be null.","request_id":"20251028023933358E6BC4F5A14D7005C7"}

[2025-10-28 02:39:54] Response (400):
{"code":40002,"message":"Invalid value for data.0.user.ttp: value may not be null.","request_id":"2025102802395456311AB610757BD0F412"}

[2025-10-28 02:43:30] Response (400):
{"code":40002,"message":"Invalid value for data.0.user.ttp: value may not be null.","request_id":"2025102802433076B621938147E1DBA93A"}

[2025-10-28 02:43:32] Response (400):
{"code":40002,"message":"Invalid value for data.0.user.ttp: value may not be null.","request_id":"2025102802433218A4290E01E3C4142BB4"}

[2025-10-28 02:44:01] Response (400):
{"code":40002,"message":"Invalid value for data.0.user.ttp: value may not be null.","request_id":"20251028024401429433FC6C2B3FE341D5"}

[2025-10-28 02:45:48] Response (400):
{"code":40002,"message":"Invalid value for data.0.user.ttp: value may not be null.","request_id":"2025102802454817F25BC3C861DC2F9775"}

[2025-10-28 02:46:05] Response (400):
{"code":40002,"message":"Invalid value for data.0.user.ttp: value may not be null.","request_id":"202510280246053C2062FDEAFD9759941A"}

[2025-10-28 03:49:24] Response (400):
{"code":40002,"message":"Invalid value for data.0.user.ttp: value may not be null.","request_id":"2025102803492460197062C18F3BD9259D"}

[2025-10-28 04:08:31] Response (400):
{"code":40002,"message":"Invalid value for data.0.user.ttp: value may not be null.","request_id":"2025102804083187AADD49BE1C5C351EC0"}

[2025-10-28 04:48:08] Response (400):
{"code":40002,"message":"Invalid value for data.0.user.ttp: value may not be null.","request_id":"2025102804480801C583969BBE4DDC8229"}

[2025-10-28 06:40:36] Response (400):
{"code":40002,"message":"Invalid value for data.0.user.ttp: value may not be null.","request_id":"20251028064036D30804A2378FB0D36957"}

[2025-10-28 06:42:51] Response (200):
{"code": 0, "message": "OK", "request_id": "20251028064251F4B3D96E3E66710DFE37", "data": {}}

[2025-10-28 11:40:58] Response (400):
{"code":40002,"message":"Invalid value for data.0.user.ttp: value may not be null.","request_id":"2025102811405875EA82E2A901D343D6BD"}

[2025-10-28 11:41:02] Response (400):
{"code":40002,"message":"Invalid value for data.0.user.ttp: value may not be null.","request_id":"202510281141028ECE5ADB6016B9BB0A7F"}

[2025-10-28 11:41:32] Response (400):
{"code":40002,"message":"Invalid value for data.0.user.ttp: value may not be null.","request_id":"202510281141326DE58FFDE4CD8103089E"}

[2025-10-28 13:39:57] Response (400):
{"code":40002,"message":"Invalid value for data.0.user.ttp: value may not be null.","request_id":"2025102813395747E2DC6AC6AF915CD8CB"}

[2025-10-28 13:40:06] Response (400):
{"code":40002,"message":"Invalid value for data.0.user.ttp: value may not be null.","request_id":"20251028134006496C6291A0BF0C5FAB7C"}

[2025-10-28 13:40:58] Response (400):
{"code":40002,"message":"Invalid value for data.0.user.ttp: value may not be null.","request_id":"20251028134058CDFB876EF1E3C70AF3F5"}

[2025-10-28 13:41:48] Response (400):
{"code":40002,"message":"Invalid value for data.0.user.ttp: value may not be null.","request_id":"20251028134148F641F602A84649E9417F"}

[2025-10-28 13:41:51] Response (400):
{"code":40002,"message":"Invalid value for data.0.user.ttp: value may not be null.","request_id":"202510281341510E48E8786932385A93F3"}

[2025-10-28 13:43:26] Response (400):
{"code":40002,"message":"Invalid value for data.0.user.ttp: value may not be null.","request_id":"20251028134326AA1BE508D8931DA442F5"}

[2025-10-28 13:44:25] Response (400):
{"code":40002,"message":"Invalid value for data.0.user.ttp: value may not be null.","request_id":"2025102813442589FAE45E844E9562C32E"}

[2025-10-28 14:49:04] Response (400):
{"code":40002,"message":"Invalid value for data.0.user.ttp: value may not be null.","request_id":"202510281449044C0EC6666C6A5E5DFC9E"}

[2025-10-28 15:44:23] Response (400):
{"code":40002,"message":"Invalid value for data.0.user.ttp: value may not be null.","request_id":"202510281544239FD60431404BA1AB066C"}

[2025-10-28 17:42:03] Response (400):
{"code":40002,"message":"Invalid value for data.0.user.ttp: value may not be null.","request_id":"2025102817420278615B9691F487A75361"}

[2025-10-28 22:40:29] Response (400):
{"code":40002,"message":"Invalid value for data.0.user.ttp: value may not be null.","request_id":"2025102822402964C6ECC314C1D6C93231"}

[2025-10-28 22:40:57] Response (400):
{"code":40002,"message":"Invalid value for data.0.user.ttp: value may not be null.","request_id":"202510282240573AA12BDDFF0AE82DA3A5"}

[2025-10-28 22:41:26] Response (400):
{"code":40002,"message":"Invalid value for data.0.user.ttp: value may not be null.","request_id":"20251028224126942A54957B2EC03DD65B"}

[2025-10-29 00:41:02] Response (400):
{"code":40002,"message":"Invalid value for data.0.user.ttp: value may not be null.","request_id":"2025102900410211C991B172BBC38CCEC3"}

[2025-10-29 00:42:19] Response (400):
{"code":40002,"message":"Invalid value for data.0.user.ttp: value may not be null.","request_id":"20251029004219195BFD7CA67B4AD7BDF1"}

[2025-10-29 00:44:41] Response (400):
{"code":40002,"message":"Invalid value for data.0.user.ttp: value may not be null.","request_id":"20251029004441A09DCC2433EFA78B0D41"}

[2025-10-29 00:47:24] Response (400):
{"code":40002,"message":"Invalid value for data.0.user.ttp: value may not be null.","request_id":"20251029004724D63AA721F263D7D906F4"}

[2025-10-29 00:47:27] Response (400):
{"code":40002,"message":"Invalid value for data.0.user.ttp: value may not be null.","request_id":"20251029004726C17D0550EC6DCAF2E72B"}

[2025-10-29 00:47:37] Response (400):
{"code":40002,"message":"Invalid value for data.0.user.ttp: value may not be null.","request_id":"20251029004737A267C12A7F2142A25E04"}

[2025-10-29 00:53:35] Response (400):
{"code":40002,"message":"Invalid value for data.0.user.ttp: value may not be null.","request_id":"2025102900533523C1FF8603C9562AE1FF"}

[2025-10-29 01:43:41] Response (400):
{"code":40002,"message":"Invalid value for data.0.user.ttp: value may not be null.","request_id":"20251029014341B5C8560EFF9516C03BE1"}

[2025-10-29 02:12:22] Response (200):
{"code": 0, "message": "OK", "request_id": "20251029021222E4B7672A6D6D1A4D1A00", "data": {}}

[2025-10-29 02:46:22] Response (400):
{"code":40002,"message":"Invalid value for data.0.user.ttp: value may not be null.","request_id":"202510290246229880FB75E2A448C88F9D"}

[2025-10-29 04:43:32] Response (400):
{"code":40002,"message":"Invalid value for data.0.user.ttp: value may not be null.","request_id":"202510290443329D472F290624507FB512"}

[2025-10-29 06:23:23] Response (200):
{"code": 0, "message": "OK", "request_id": "20251029062323BEEDA5BDBCA873C0DA51", "data": {}}

[2025-10-29 08:53:29] Response (400):
{"code":40002,"message":"Invalid value for data.0.user.ttp: value may not be null.","request_id":"202510290853294C3CBE7BE471C10D5370"}

[2025-10-29 09:39:43] Response (400):
{"code":40002,"message":"Invalid value for data.0.user.ttp: value may not be null.","request_id":"20251029093943D8BDE75ED69E04DA10BA"}

[2025-10-29 09:39:45] Response (400):
{"code":40002,"message":"Invalid value for data.0.user.ttp: value may not be null.","request_id":"20251029093945D357A7AE8B12B6250740"}

[2025-10-29 09:40:03] Response (400):
{"code":40002,"message":"Invalid value for data.0.user.ttp: value may not be null.","request_id":"20251029094003ABDA376B27F778FE1DCD"}

[2025-10-29 11:40:25] Response (400):
{"code":40002,"message":"Invalid value for data.0.user.ttp: value may not be null.","request_id":"202510291140251FBB40C0A32C99D796CF"}

[2025-10-29 11:40:31] Response (400):
{"code":40002,"message":"Invalid value for data.0.user.ttp: value may not be null.","request_id":"20251029114031EB3C67FBEFB6B6F8EAEA"}

[2025-10-29 11:41:02] Response (400):
{"code":40002,"message":"Invalid value for data.0.user.ttp: value may not be null.","request_id":"2025102911410223B9C1664111E4880CD5"}

[2025-10-29 11:41:34] Response (400):
{"code":40002,"message":"Invalid value for data.0.user.ttp: value may not be null.","request_id":"2025102911413430CABCEAEE103101CADA"}

[2025-10-29 11:42:42] Response (400):
{"code":40002,"message":"Invalid value for data.0.user.ttp: value may not be null.","request_id":"20251029114242F36D43175DB0D0CB455C"}

[2025-10-29 11:44:48] Response (400):
{"code":40002,"message":"Invalid value for data.0.user.ttp: value may not be null.","request_id":"20251029114447B5472D4CF97994E6E23B"}

[2025-10-29 11:44:59] Response (400):
{"code":40002,"message":"Invalid value for data.0.user.ttp: value may not be null.","request_id":"20251029114459AC3A9A7CF69B98C58CEF"}

[2025-10-29 12:42:48] Response (400):
{"code":40002,"message":"Invalid value for data.0.user.ttp: value may not be null.","request_id":"20251029124248575688555D1CDF0637E6"}

[2025-10-29 13:46:35] Response (400):
{"code":40002,"message":"Invalid value for data.0.user.ttp: value may not be null.","request_id":"20251029134635E7116454D11827C4B4B6"}

[2025-10-29 14:50:06] Response (200):
{"code": 0, "message": "OK", "request_id": "202510291450061A860DDFF00A7A3F555D", "data": {}}

[2025-10-29 15:41:43] Response (400):
{"code":40002,"message":"Invalid value for data.0.user.ttp: value may not be null.","request_id":"2025102915414353C9349445786D93F17B"}

[2025-10-29 20:41:38] Response (400):
{"code":40002,"message":"Invalid value for data.0.user.ttp: value may not be null.","request_id":"202510292041389577CFB1E01C1318AEC7"}

[2025-10-29 20:41:40] Response (400):
{"code":40002,"message":"Invalid value for data.0.user.ttp: value may not be null.","request_id":"20251029204140F2FDA20508C4FBB0615A"}

[2025-10-29 20:42:44] Response (400):
{"code":40002,"message":"Invalid value for data.0.user.ttp: value may not be null.","request_id":"2025102920424451526039DCA0A1B4D6FD"}

[2025-10-29 22:42:48] Response (400):
{"code":40002,"message":"Invalid value for data.0.user.ttp: value may not be null.","request_id":"202510292242480EEB5E708780E2C3B1C8"}

[2025-10-29 22:47:13] Response (400):
{"code":40002,"message":"Invalid value for data.0.user.ttp: value may not be null.","request_id":"2025102922471319FDCFD3E5790D01025B"}

[2025-10-29 22:47:33] Response (400):
{"code":40002,"message":"Invalid value for data.0.user.ttp: value may not be null.","request_id":"202510292247335DDEB2EEBAFFA0A1D84C"}

[2025-10-29 22:47:42] Response (400):
{"code":40002,"message":"Invalid value for data.0.user.ttp: value may not be null.","request_id":"20251029224742EC191C1B193461272522"}

[2025-10-29 22:49:04] Response (400):
{"code":40002,"message":"Invalid value for data.0.user.ttp: value may not be null.","request_id":"202510292249047F9F7473365A912B9E1D"}

[2025-10-29 22:49:05] Response (400):
{"code":40002,"message":"Invalid value for data.0.user.ttp: value may not be null.","request_id":"20251029224905569A8DF08F6B655A1416"}

[2025-10-29 22:49:18] Response (400):
{"code":40002,"message":"Invalid value for data.0.user.ttp: value may not be null.","request_id":"202510292249186317E342AD7C6C17B533"}

[2025-10-29 23:48:36] Response (400):
{"code":40002,"message":"Invalid value for data.0.user.ttp: value may not be null.","request_id":"20251029234836B5930A97AE477F2223FC"}

[2025-10-30 00:47:22] Response (400):
{"code":40002,"message":"Invalid value for data.0.user.ttp: value may not be null.","request_id":"20251030004722BEF82FAFC33E1F24B3E8"}

[2025-10-30 02:40:40] Response (400):
{"code":40002,"message":"Invalid value for data.0.user.ttp: value may not be null.","request_id":"202510300240401986ADC8DD76B42E3C55"}

[2025-10-30 07:39:41] Response (400):
{"code":40002,"message":"Invalid value for data.0.user.ttp: value may not be null.","request_id":"2025103007394162AE3A466A1CD160AF69"}

[2025-10-30 07:39:42] Response (400):
{"code":40002,"message":"Invalid value for data.0.user.ttp: value may not be null.","request_id":"20251030073942F52BDA5546DA735D4223"}

[2025-10-30 07:40:38] Response (400):
{"code":40002,"message":"Invalid value for data.0.user.ttp: value may not be null.","request_id":"20251030074037598597AB9F19FE226066"}

[2025-10-30 09:40:36] Response (400):
{"code":40002,"message":"Invalid value for data.0.user.ttp: value may not be null.","request_id":"2025103009403660B61558145E1429B7C7"}

[2025-10-30 09:40:42] Response (400):
{"code":40002,"message":"Invalid value for data.0.user.ttp: value may not be null.","request_id":"20251030094042B140FF5DB26726805261"}

[2025-10-30 09:41:32] Response (400):
{"code":40002,"message":"Invalid value for data.0.user.ttp: value may not be null.","request_id":"20251030094132A1E132B1E00105224B9D"}

[2025-10-30 09:42:39] Response (400):
{"code":40002,"message":"Invalid value for data.0.user.ttp: value may not be null.","request_id":"2025103009423909D3B06AD591022F65A0"}

[2025-10-30 09:43:54] Response (400):
{"code":40002,"message":"Invalid value for data.0.user.ttp: value may not be null.","request_id":"20251030094354B100417D6BFC2C89F49C"}

[2025-10-30 09:43:55] Response (400):
{"code":40002,"message":"Invalid value for data.0.user.ttp: value may not be null.","request_id":"202510300943558F619CA55AA17FF9631C"}

[2025-10-30 09:44:36] Response (400):
{"code":40002,"message":"Invalid value for data.0.user.ttp: value may not be null.","request_id":"2025103009443636E2188378C4BB4593C0"}

[2025-10-30 10:42:57] Response (400):
{"code":40002,"message":"Invalid value for data.0.user.ttp: value may not be null.","request_id":"2025103010425760C2F481FD4E64FA483E"}

[2025-10-30 11:54:48] Response (400):
{"code":40002,"message":"Invalid value for data.0.user.ttp: value may not be null.","request_id":"20251030115448B8C5E6BE54DC169035B9"}

[2025-10-30 13:40:45] Response (400):
{"code":40002,"message":"Invalid value for data.0.user.ttp: value may not be null.","request_id":"202510301340458408BBDD56A1165C79F3"}

[2025-10-30 18:40:25] Response (400):
{"code":40002,"message":"Invalid value for data.0.user.ttp: value may not be null.","request_id":"202510301840250280C41993132C59759D"}

[2025-10-30 18:40:29] Response (400):
{"code":40002,"message":"Invalid value for data.0.user.ttp: value may not be null.","request_id":"20251030184029CCF2B7C84DF85981BF50"}

[2025-10-30 18:40:45] Response (400):
{"code":40002,"message":"Invalid value for data.0.user.ttp: value may not be null.","request_id":"202510301840457DD85473DE2B827BEE14"}

[2025-10-30 20:40:21] Response (400):
{"code":40002,"message":"Invalid value for data.0.user.ttp: value may not be null.","request_id":"20251030204021DC5106703CD4A75D6795"}

[2025-10-30 20:40:59] Response (400):
{"code":40002,"message":"Invalid value for data.0.user.ttp: value may not be null.","request_id":"2025103020405970268B97C83AF6FBC849"}

[2025-10-30 20:41:35] Response (400):
{"code":40002,"message":"Invalid value for data.0.user.ttp: value may not be null.","request_id":"20251030204135F519C97E0F67D9BC46A5"}

[2025-10-30 20:43:02] Response (400):
{"code":40002,"message":"Invalid value for data.0.user.ttp: value may not be null.","request_id":"20251030204302C95F55F63798760D3B2E"}

[2025-10-30 20:43:23] Response (400):
{"code":40002,"message":"Invalid value for data.0.user.ttp: value may not be null.","request_id":"20251030204323083BA1426055837021F2"}

[2025-10-30 20:43:48] Response (400):
{"code":40002,"message":"Invalid value for data.0.user.ttp: value may not be null.","request_id":"202510302043489A54949CE7358EF75F1F"}

[2025-10-30 20:55:09] Response (200):
{"code": 0, "message": "OK", "request_id": "20251030205509E199B1B9CD5BA4836976", "data": {}}

[2025-10-30 21:41:27] Response (400):
{"code":40002,"message":"Invalid value for data.0.user.ttp: value may not be null.","request_id":"20251030214127929F901E14BCE9641F9C"}

[2025-10-30 22:46:44] Response (400):
{"code":40002,"message":"Invalid value for data.0.user.ttp: value may not be null.","request_id":"2025103022464464660625865D9D6D36C3"}

[2025-10-31 00:43:23] Response (400):
{"code":40002,"message":"Invalid value for data.0.user.ttp: value may not be null.","request_id":"20251031004323A657ACF56BCAE29CB3A3"}

[2025-10-31 05:22:24] Response (200):
{"code": 0, "message": "OK", "request_id": "20251031052224171BB84A270B2BBCEA6E", "data": {}}

[2025-10-31 05:29:02] Response (400):
{"code":40002,"message":"Invalid value for data.0.user.ttp: value may not be null.","request_id":"20251031052902370FFEAE97384A8DFF1F"}

[2025-10-31 05:29:21] Response (400):
{"code":40002,"message":"Invalid value for data.0.user.ttp: value may not be null.","request_id":"202510310529210D6ECB0C9F0DA2F0EB50"}

[2025-10-31 05:31:12] Response (400):
{"code":40002,"message":"Invalid value for data.0.user.ttp: value may not be null.","request_id":"20251031053112A3B29C0516B6785DC382"}

[2025-10-31 05:31:26] Response (400):
{"code":40002,"message":"Invalid value for data.0.user.ttp: value may not be null.","request_id":"202510310531265390B344AA34868B72AF"}

[2025-10-31 05:31:51] Response (400):
{"code":40002,"message":"Invalid value for data.0.user.ttp: value may not be null.","request_id":"20251031053151AAF84E6A8DAC50B4B966"}

[2025-10-31 05:32:16] Response (400):
{"code":40002,"message":"Invalid value for data.0.user.ttp: value may not be null.","request_id":"202510310532169230DEA1625575CA4ACC"}

[2025-10-31 05:32:26] Response (400):
{"code":40002,"message":"Invalid value for data.0.user.ttp: value may not be null.","request_id":"20251031053226DA5ABB31A597B240DF77"}

[2025-10-31 05:32:57] Response (400):
{"code":40002,"message":"Invalid value for data.0.user.ttp: value may not be null.","request_id":"2025103105325762242535A5D351D10EAB"}

[2025-10-31 05:33:16] Response (400):
{"code":40002,"message":"Invalid value for data.0.user.ttp: value may not be null.","request_id":"20251031053316AEE0BA34CF6A28A635D6"}

[2025-10-31 05:33:27] Response (400):
{"code":40002,"message":"Invalid value for data.0.user.ttp: value may not be null.","request_id":"20251031053327B6C1126362932E48A0F3"}

[2025-10-31 05:33:41] Response (400):
{"code":40002,"message":"Invalid value for data.0.user.ttp: value may not be null.","request_id":"20251031053341D788EE0E329E1ADBAB93"}

[2025-10-31 05:33:51] Response (400):
{"code":40002,"message":"Invalid value for data.0.user.ttp: value may not be null.","request_id":"20251031053351AD947B76273374465E2C"}

[2025-10-31 05:34:02] Response (400):
{"code":40002,"message":"Invalid value for data.0.user.ttp: value may not be null.","request_id":"20251031053402B3EE287D33BBE66B9C72"}

[2025-10-31 05:34:11] Response (400):
{"code":40002,"message":"Invalid value for data.0.user.ttp: value may not be null.","request_id":"20251031053411B90F26FDC4D91BB0DEE9"}

[2025-10-31 05:34:23] Response (400):
{"code":40002,"message":"Invalid value for data.0.user.ttp: value may not be null.","request_id":"20251031053423ABB52A1B2E3C1D6C1C9D"}

[2025-10-31 05:34:34] Response (400):
{"code":40002,"message":"Invalid value for data.0.user.ttp: value may not be null.","request_id":"202510310534349E9FB4A48A121CCD303E"}

[2025-10-31 05:34:44] Response (400):
{"code":40002,"message":"Invalid value for data.0.user.ttp: value may not be null.","request_id":"20251031053444DF04B4880F3158830738"}

[2025-10-31 05:34:53] Response (400):
{"code":40002,"message":"Invalid value for data.0.user.ttp: value may not be null.","request_id":"20251031053453CB4CFAAA795759BF9369"}

[2025-10-31 05:35:03] Response (400):
{"code":40002,"message":"Invalid value for data.0.user.ttp: value may not be null.","request_id":"20251031053503A65FA26EE391272D2D19"}

[2025-10-31 05:39:57] Response (400):
{"code":40002,"message":"Invalid value for data.0.user.ttp: value may not be null.","request_id":"202510310539579A17233F1C3D2256CA09"}

[2025-10-31 05:40:14] Response (400):
{"code":40002,"message":"Invalid value for data.0.user.ttp: value may not be null.","request_id":"202510310540140A23B65886EC6742EF61"}

[2025-10-31 05:42:04] Response (400):
{"code":40002,"message":"Invalid value for data.0.user.ttp: value may not be null.","request_id":"20251031054204AAE930CA18EDC65368FF"}

[2025-10-31 07:44:15] Response (400):
{"code":40002,"message":"Invalid value for data.0.user.ttp: value may not be null.","request_id":"20251031074414A5EEC44675C4D836E62D"}

[2025-10-31 07:44:26] Response (400):
{"code":40002,"message":"Invalid value for data.0.user.ttp: value may not be null.","request_id":"20251031074426AE87E51BD06B45552786"}

[2025-10-31 07:45:56] Response (400):
{"code":40002,"message":"Invalid value for data.0.user.ttp: value may not be null.","request_id":"202510310745564DAE954A09F48CEBECFA"}

[2025-10-31 08:43:46] Response (400):
{"code":40002,"message":"Invalid value for data.0.user.ttp: value may not be null.","request_id":"2025103108434623BECAEAABBB5CE97B7F"}

[2025-10-31 09:50:46] Response (400):
{"code":40002,"message":"Invalid value for data.0.user.ttp: value may not be null.","request_id":"202510310950461F61931FE0811FC37078"}

[2025-10-31 11:42:09] Response (400):
{"code":40002,"message":"Invalid value for data.0.user.ttp: value may not be null.","request_id":"202510311142090424D66B0028CDAFE7EC"}

[2025-10-31 15:14:18] Response (200):
{"code": 0, "message": "OK", "request_id": "2025103115141875F3ABED082845FC5A9A", "data": {}}

[2025-10-31 16:40:51] Response (400):
{"code":40002,"message":"Invalid value for data.0.user.ttp: value may not be null.","request_id":"202510311640509F0C29221464B9A12644"}

[2025-10-31 16:40:53] Response (400):
{"code":40002,"message":"Invalid value for data.0.user.ttp: value may not be null.","request_id":"20251031164053D8C9A884EB3BC2DD3448"}

[2025-10-31 16:41:25] Response (400):
{"code":40002,"message":"Invalid value for data.0.user.ttp: value may not be null.","request_id":"20251031164125A05B5825D5F2001BB1EA"}

[2025-10-31 18:40:39] Response (400):
{"code":40002,"message":"Invalid value for data.0.user.ttp: value may not be null.","request_id":"202510311840399637F093BD7E57A3E0AD"}

[2025-10-31 18:42:48] Response (400):
{"code":40002,"message":"Invalid value for data.0.user.ttp: value may not be null.","request_id":"2025103118424812F110F7A8637803673B"}

[2025-10-31 18:42:52] Response (400):
{"code":40002,"message":"Invalid value for data.0.user.ttp: value may not be null.","request_id":"20251031184251B4E01B0EB6CFE7D97063"}

[2025-10-31 18:45:33] Response (400):
{"code":40002,"message":"Invalid value for data.0.user.ttp: value may not be null.","request_id":"202510311845337BD96D49EEA5FE85FE36"}

[2025-10-31 18:45:38] Response (400):
{"code":40002,"message":"Invalid value for data.0.user.ttp: value may not be null.","request_id":"202510311845387CB5EEF7E31F3F367956"}

[2025-10-31 18:48:45] Response (400):
{"code":40002,"message":"Invalid value for data.0.user.ttp: value may not be null.","request_id":"2025103118484518D536095939FEE6A6DF"}

[2025-10-31 18:48:52] Response (400):
{"code":40002,"message":"Invalid value for data.0.user.ttp: value may not be null.","request_id":"202510311848522DEF844B937F852B48C2"}

[2025-10-31 18:48:57] Response (400):
{"code":40002,"message":"Invalid value for data.0.user.ttp: value may not be null.","request_id":"202510311848572DEF844B937F852B4A8B"}

[2025-10-31 19:40:18] Response (400):
{"code":40002,"message":"Invalid value for data.0.user.ttp: value may not be null.","request_id":"202510311940183C27D5B4A6B73704FDC9"}

[2025-10-31 20:43:07] Response (400):
{"code":40002,"message":"Invalid value for data.0.user.ttp: value may not be null.","request_id":"20251031204306E3832828A3851828F01C"}

[2025-10-31 22:42:11] Response (400):
{"code":40002,"message":"Invalid value for data.0.user.ttp: value may not be null.","request_id":"202510312242112C0723DA1CDDC1DD43DF"}

[2025-11-01 03:40:55] Response (400):
{"code":40002,"message":"Invalid value for data.0.user.ttp: value may not be null.","request_id":"20251101034055335458FEB6B4598900C0"}

[2025-11-01 03:40:56] Response (400):
{"code":40002,"message":"Invalid value for data.0.user.ttp: value may not be null.","request_id":"20251101034056335458FEB6B45989010A"}

[2025-11-01 03:45:32] Response (400):
{"code":40002,"message":"Invalid value for data.0.user.ttp: value may not be null.","request_id":"20251101034532A29717EE9F07804A370D"}

[2025-11-01 05:44:03] Response (400):
{"code":40002,"message":"Invalid value for data.0.user.ttp: value may not be null.","request_id":"2025110105440318D7F8390B814B1F27AC"}

[2025-11-01 05:44:05] Response (400):
{"code":40002,"message":"Invalid value for data.0.user.ttp: value may not be null.","request_id":"20251101054405953AB957403AA445AB94"}

[2025-11-01 05:45:34] Response (400):
{"code":40002,"message":"Invalid value for data.0.user.ttp: value may not be null.","request_id":"202511010545346C89C58E1C53BDD5C117"}

[2025-11-01 05:45:41] Response (400):
{"code":40002,"message":"Invalid value for data.0.user.ttp: value may not be null.","request_id":"202511010545418B05A3D5466EAF049083"}

[2025-11-01 05:49:07] Response (400):
{"code":40002,"message":"Invalid value for data.0.user.ttp: value may not be null.","request_id":"202511010549076A02B62C8D58B2ADE26A"}

[2025-11-01 05:49:54] Response (400):
{"code":40002,"message":"Invalid value for data.0.user.ttp: value may not be null.","request_id":"202511010549544BCD1E857F589648618F"}

[2025-11-01 05:50:01] Response (400):
{"code":40002,"message":"Invalid value for data.0.user.ttp: value may not be null.","request_id":"20251101055000FFF1CF9060F87D1D0145"}

[2025-11-01 06:40:10] Response (400):
{"code":40002,"message":"Invalid value for data.0.user.ttp: value may not be null.","request_id":"202511010640108886D750A4412D08EFAD"}

[2025-11-01 07:49:06] Response (400):
{"code":40002,"message":"Invalid value for data.0.user.ttp: value may not be null.","request_id":"20251101074906554B0D81A9A011E2DA9F"}

[2025-11-01 09:44:42] Response (400):
{"code":40002,"message":"Invalid value for data.0.user.ttp: value may not be null.","request_id":"20251101094442F3F8C64892FC70DD6DE5"}

[2025-11-01 10:16:44] Response (400):
{"code":40002,"message":"Invalid value for data.0.user.ttp: value may not be null.","request_id":"202511011016448E10D4C7199B0870B262"}

[2025-11-01 10:19:13] Response (400):
{"code":40002,"message":"Invalid value for data.0.user.ttp: value may not be null.","request_id":"20251101101913D218F94B2D47554F6603"}

[2025-11-01 10:19:13] Response (400):
{"code":40002,"message":"Invalid value for data.0.user.ttp: value may not be null.","request_id":"20251101101913DABE975341DB77561A5E"}

[2025-11-01 10:19:14] Response (400):
{"code":40002,"message":"Invalid value for data.0.user.ttp: value may not be null.","request_id":"20251101101914AF96B41D0303BDD240FF"}

[2025-11-01 10:19:26] Response (400):
{"code":40002,"message":"Invalid value for data.0.user.ttp: value may not be null.","request_id":"20251101101925D31380FF39747A0E89DB"}

[2025-11-01 10:19:26] Response (400):
{"code":40002,"message":"Invalid value for data.0.user.ttp: value may not be null.","request_id":"202511011019261C205C1F6DFCE840542C"}

[2025-11-01 10:19:37] Response (400):
{"code":40002,"message":"Invalid value for data.0.user.ttp: value may not be null.","request_id":"202511011019371672211ED019DD427C89"}

[2025-11-01 10:20:42] Response (400):
{"code":40002,"message":"Invalid value for data.0.user.ttp: value may not be null.","request_id":"202511011020420A10093EDE637634E6C1"}

[2025-11-01 10:23:18] Response (400):
{"code":40002,"message":"Invalid value for data.0.user.ttp: value may not be null.","request_id":"2025110110231881FAC657870EB166F782"}

[2025-11-01 18:41:31] Response (400):
{"code":40002,"message":"Invalid value for data.0.user.ttp: value may not be null.","request_id":"202511011841312B51F2E0028AE37B24AC"}

[2025-11-01 19:19:19] Response (400):
{"code":40002,"message":"Invalid value for data.0.user.ttp: value may not be null.","request_id":"202511011919191E00528A02E73408B4D4"}

[2025-11-02 05:42:19] Response (400):
{"code":40002,"message":"Invalid value for data.0.user.ttp: value may not be null.","request_id":"20251102054218E977281CAA0F49358FD6"}

[2025-11-02 06:46:01] Response (400):
{"code":40002,"message":"Invalid value for data.0.user.ttp: value may not be null.","request_id":"202511020646011387CBADE4831FF01B11"}

[2025-11-02 06:46:01] Response (400):
{"code":40002,"message":"Invalid value for data.0.user.ttp: value may not be null.","request_id":"20251102064601FCCA8297C0CA5EA7F631"}

[2025-11-02 06:46:08] Response (400):
{"code":40002,"message":"Invalid value for data.0.user.ttp: value may not be null.","request_id":"202511020646083572CC51F5B45570C4CA"}

[2025-11-02 06:53:19] Response (400):
{"code":40002,"message":"Invalid value for data.0.user.ttp: value may not be null.","request_id":"20251102065319CE3EE4D684091595FF46"}

[2025-11-02 07:02:27] Response (400):
{"code":40002,"message":"Invalid value for data.0.user.ttp: value may not be null.","request_id":"202511020702278941C240FD6FE4187FB8"}

[2025-11-02 07:02:53] Response (400):
{"code":40002,"message":"Invalid value for data.0.user.ttp: value may not be null.","request_id":"202511020702531BDDD9C9057C3B4E859F"}

[2025-11-02 07:05:39] Response (400):
{"code":40002,"message":"Invalid value for data.0.user.ttp: value may not be null.","request_id":"202511020705387A21E02E6AC74E6AF311"}

[2025-11-02 07:11:29] Response (400):
{"code":40002,"message":"Invalid value for data.0.user.ttp: value may not be null.","request_id":"20251102071129EC1F3EF17314C54E18DA"}

[2025-11-02 07:13:55] Response (400):
{"code":40002,"message":"Invalid value for data.0.user.ttp: value may not be null.","request_id":"2025110207135562C3A2B9ECE630A508C8"}

[2025-11-02 07:13:58] Response (400):
{"code":40002,"message":"Invalid value for data.0.user.ttp: value may not be null.","request_id":"202511020713589EB4CB14A60BA8B1BD6F"}

[2025-11-02 07:14:02] Response (400):
{"code":40002,"message":"Invalid value for data.0.user.ttp: value may not be null.","request_id":"2025110207140230B33C28B5D2E8BE5411"}

[2025-11-02 09:36:17] Response (400):
{"code":40002,"message":"Invalid value for data.0.user.ttp: value may not be null.","request_id":"2025110209361795BF99C9C5961769D40C"}

[2025-11-02 15:04:44] Response (400):
{"code":40002,"message":"Invalid value for data.0.user.ttp: value may not be null.","request_id":"20251102150444C1A1DE6CE84427D018AA"}

[2025-11-02 16:39:47] Response (400):
{"code":40002,"message":"Invalid value for data.0.user.ttp: value may not be null.","request_id":"20251102163946851E5F845E7BBFFEA8C2"}

[2025-11-02 17:40:12] Response (400):
{"code":40002,"message":"Invalid value for data.0.user.ttp: value may not be null.","request_id":"2025110217401222A3FF6E913C8C8E8417"}

[2025-11-02 17:41:44] Response (400):
{"code":40002,"message":"Invalid value for data.0.user.ttp: value may not be null.","request_id":"202511021741437715DD1375D711DF86EC"}

[2025-11-02 17:45:19] Response (400):
{"code":40002,"message":"Invalid value for data.0.user.ttp: value may not be null.","request_id":"20251102174519BBB024B7B9EBA7D95680"}

[2025-11-02 17:45:24] Response (400):
{"code":40002,"message":"Invalid value for data.0.user.ttp: value may not be null.","request_id":"202511021745242CF2DFF31E4D18F802BA"}

[2025-11-02 17:46:06] Response (400):
{"code":40002,"message":"Invalid value for data.0.user.ttp: value may not be null.","request_id":"2025110217460678C4078F69F0CF092509"}

[2025-11-02 17:46:29] Response (400):
{"code":40002,"message":"Invalid value for data.0.user.ttp: value may not be null.","request_id":"20251102174629D89DB492E7F544D29542"}

[2025-11-02 17:46:31] Response (400):
{"code":40002,"message":"Invalid value for data.0.user.ttp: value may not be null.","request_id":"20251102174631752E5697083DCEE70A6C"}

[2025-11-02 17:49:45] Response (400):
{"code":40002,"message":"Invalid value for data.0.user.ttp: value may not be null.","request_id":"202511021749452557622F9D95AB3F76C9"}

[2025-11-02 17:49:59] Response (400):
{"code":40002,"message":"Invalid value for data.0.user.ttp: value may not be null.","request_id":"20251102174959171E048DD495D975A042"}

[2025-11-02 17:58:56] Response (400):
{"code":40002,"message":"Invalid value for data.0.user.ttp: value may not be null.","request_id":"20251102175856336B28C2DB555B75864E"}

[2025-11-02 17:59:04] Response (400):
{"code":40002,"message":"Invalid value for data.0.user.ttp: value may not be null.","request_id":"20251102175904A1CD88F806E5375642E5"}

[2025-11-03 00:32:49] Response (400):
{"code":40002,"message":"Invalid value for data.0.user.ttp: value may not be null.","request_id":"20251103003249950F308583D840923FB4"}

[2025-11-03 03:45:01] Response (400):
{"code":40002,"message":"Invalid value for data.0.user.ttp: value may not be null.","request_id":"20251103034501999B2F7FC222C8168E84"}

[2025-11-03 04:42:08] Response (400):
{"code":40002,"message":"Invalid value for data.0.user.ttp: value may not be null.","request_id":"20251103044207099968F87C65587FA091"}

[2025-11-03 04:43:59] Response (400):
{"code":40002,"message":"Invalid value for data.0.user.ttp: value may not be null.","request_id":"20251103044359A0067B4BD68220BEDBE5"}

[2025-11-03 04:50:12] Response (400):
{"code":40002,"message":"Invalid value for data.0.user.ttp: value may not be null.","request_id":"20251103045012CD2C0C373F9137A37653"}

[2025-11-03 04:50:19] Response (400):
{"code":40002,"message":"Invalid value for data.0.user.ttp: value may not be null.","request_id":"20251103045019EDB87DA08A33DF9010B2"}

[2025-11-03 04:50:52] Response (400):
{"code":40002,"message":"Invalid value for data.0.user.ttp: value may not be null.","request_id":"20251103045052335D77ADBA8FE43015AC"}

[2025-11-03 04:55:56] Response (400):
{"code":40002,"message":"Invalid value for data.0.user.ttp: value may not be null.","request_id":"2025110304555621BEE385593BB61D5084"}

[2025-11-03 04:55:59] Response (400):
{"code":40002,"message":"Invalid value for data.0.user.ttp: value may not be null.","request_id":"20251103045559D0A8011B9437D3442105"}

[2025-11-03 05:01:43] Response (400):
{"code":40002,"message":"Invalid value for data.0.user.ttp: value may not be null.","request_id":"20251103050143B8B231836B3FF037BBEE"}

[2025-11-03 05:01:49] Response (400):
{"code":40002,"message":"Invalid value for data.0.user.ttp: value may not be null.","request_id":"20251103050149A9F4F6A1E4A67CCA449E"}

[2025-11-03 05:12:33] Response (400):
{"code":40002,"message":"Invalid value for data.0.user.ttp: value may not be null.","request_id":"20251103051233C95F55F6379876AD09F2"}

[2025-11-03 05:12:44] Response (400):
{"code":40002,"message":"Invalid value for data.0.user.ttp: value may not be null.","request_id":"2025110305124440B299BCE56205E8E418"}

[2025-11-03 12:52:03] Response (400):
{"code":40002,"message":"Invalid value for data.0.user.ttp: value may not be null.","request_id":"20251103125203CA424B8881FCDF555904"}

[2025-11-03 12:52:42] Response (400):
{"code":40002,"message":"Invalid value for data.0.user.ttp: value may not be null.","request_id":"20251103125242244315EAA8E5CEA9BC87"}

[2025-11-03 14:44:07] Response (400):
{"code":40002,"message":"Invalid value for data.0.user.ttp: value may not be null.","request_id":"2025110314440753130B21ADF2060671CD"}

[2025-11-03 15:40:03] Response (400):
{"code":40002,"message":"Invalid value for data.0.user.ttp: value may not be null.","request_id":"2025110315400315F12306F445838FFA35"}

[2025-11-03 15:40:10] Response (400):
{"code":40002,"message":"Invalid value for data.0.user.ttp: value may not be null.","request_id":"20251103154010ACC127B774BF05E6120B"}

[2025-11-03 15:45:49] Response (400):
{"code":40002,"message":"Invalid value for data.0.user.ttp: value may not be null.","request_id":"202511031545490C8D0048CFD1C95D4D9F"}

[2025-11-03 15:48:12] Response (400):
{"code":40002,"message":"Invalid value for data.0.user.ttp: value may not be null.","request_id":"2025110315481210112B4C984E238004A7"}

[2025-11-03 15:48:17] Response (400):
{"code":40002,"message":"Invalid value for data.0.user.ttp: value may not be null.","request_id":"202511031548174B86FBF8FFDBF26ED826"}

[2025-11-03 15:48:37] Response (400):
{"code":40002,"message":"Invalid value for data.0.user.ttp: value may not be null.","request_id":"20251103154837570849F5EEDF72620D88"}

[2025-11-03 15:48:43] Response (400):
{"code":40002,"message":"Invalid value for data.0.user.ttp: value may not be null.","request_id":"202511031548430D6167CA18A1C55813D2"}

[2025-11-03 15:49:50] Response (400):
{"code":40002,"message":"Invalid value for data.0.user.ttp: value may not be null.","request_id":"202511031549503B7776832863A666FF7A"}

[2025-11-03 15:49:52] Response (400):
{"code":40002,"message":"Invalid value for data.0.user.ttp: value may not be null.","request_id":"20251103154952BA4C34928DCC356A602F"}

[2025-11-03 15:52:00] Response (400):
{"code":40002,"message":"Invalid value for data.0.user.ttp: value may not be null.","request_id":"20251103155200BD58255C9FFF3280A282"}

[2025-11-03 15:52:10] Response (400):
{"code":40002,"message":"Invalid value for data.0.user.ttp: value may not be null.","request_id":"20251103155210344011D4251F84DAFD53"}

[2025-11-03 23:12:56] Response (200):
{"code": 0, "message": "OK", "request_id": "20251103231256FE460788E0139BBA6D12", "data": {}}

[2025-11-04 01:42:47] Response (400):
{"code":40002,"message":"Invalid value for data.0.user.ttp: value may not be null.","request_id":"2025110401424766B6AF8E384958AE2B4F"}

[2025-11-04 01:42:50] Response (400):
{"code":40002,"message":"Invalid value for data.0.user.ttp: value may not be null.","request_id":"202511040142505086CB9C2679DD21CD87"}

[2025-11-04 01:43:16] Response (400):
{"code":40002,"message":"Invalid value for data.0.user.ttp: value may not be null.","request_id":"202511040143168627240F11AE65848BC4"}

[2025-11-04 02:42:45] Response (400):
{"code":40002,"message":"Invalid value for data.0.user.ttp: value may not be null.","request_id":"20251104024244974D57F18BB8BFAB6B3B"}

[2025-11-04 02:43:36] Response (400):
{"code":40002,"message":"Invalid value for data.0.user.ttp: value may not be null.","request_id":"2025110402433630DC37327CD5B6C5AC16"}

[2025-11-04 02:47:39] Response (400):
{"code":40002,"message":"Invalid value for data.0.user.ttp: value may not be null.","request_id":"20251104024739D689EECF57912277A7A4"}

[2025-11-04 02:47:42] Response (400):
{"code":40002,"message":"Invalid value for data.0.user.ttp: value may not be null.","request_id":"20251104024742FBE169DD22182D87D37F"}

[2025-11-04 02:47:59] Response (400):
{"code":40002,"message":"Invalid value for data.0.user.ttp: value may not be null.","request_id":"20251104024759D17E5FD6F56662358811"}

[2025-11-04 02:48:37] Response (400):
{"code":40002,"message":"Invalid value for data.0.user.ttp: value may not be null.","request_id":"202511040248376805CCA1725E0719F712"}

[2025-11-04 02:48:46] Response (400):
{"code":40002,"message":"Invalid value for data.0.user.ttp: value may not be null.","request_id":"2025110402484676E6EF16A1BFBBF93F3F"}

[2025-11-04 02:48:49] Response (400):
{"code":40002,"message":"Invalid value for data.0.user.ttp: value may not be null.","request_id":"202511040248486B000C45D461E971ADC9"}

[2025-11-04 02:52:49] Response (400):
{"code":40002,"message":"Invalid value for data.0.user.ttp: value may not be null.","request_id":"2025110402524904510B59AF7AE8918501"}

[2025-11-04 08:53:10] Response (400):
{"code":40002,"message":"Invalid value for data.0.user.ttp: value may not be null.","request_id":"202511040853099F3C88BB8DD7A5A99CCD"}

[2025-11-04 12:43:20] Response (400):
{"code":40002,"message":"Invalid value for data.0.user.ttp: value may not be null.","request_id":"20251104124320CF7E4393AC0228AF60ED"}

[2025-11-04 12:43:22] Response (400):
{"code":40002,"message":"Invalid value for data.0.user.ttp: value may not be null.","request_id":"20251104124322E4A33850B8A3C0BE8DB0"}

[2025-11-04 12:43:29] Response (400):
{"code":40002,"message":"Invalid value for data.0.user.ttp: value may not be null.","request_id":"202511041243299CE8277F5AAB0FD02603"}

[2025-11-04 13:43:07] Response (400):
{"code":40002,"message":"Invalid value for data.0.user.ttp: value may not be null.","request_id":"202511041343072C29CB6C780575D07A3C"}

[2025-11-04 13:43:45] Response (400):
{"code":40002,"message":"Invalid value for data.0.user.ttp: value may not be null.","request_id":"2025110413434522534BDADDB6CFBF9696"}

[2025-11-04 13:47:09] Response (400):
{"code":40002,"message":"Invalid value for data.0.user.ttp: value may not be null.","request_id":"20251104134709B3F083C322E6F4482390"}

[2025-11-04 13:47:12] Response (400):
{"code":40002,"message":"Invalid value for data.0.user.ttp: value may not be null.","request_id":"20251104134712A35DBEDCCD9BE3C7340F"}

[2025-11-04 13:47:32] Response (400):
{"code":40002,"message":"Invalid value for data.0.user.ttp: value may not be null.","request_id":"20251104134732AF64DBD2B59CFDF1BE61"}

[2025-11-04 13:49:09] Response (400):
{"code":40002,"message":"Invalid value for data.0.user.ttp: value may not be null.","request_id":"20251104134909176387DDDF50C6FD549A"}

[2025-11-04 13:49:19] Response (400):
{"code":40002,"message":"Invalid value for data.0.user.ttp: value may not be null.","request_id":"20251104134918C441D24644E54E6D1C06"}

[2025-11-04 13:49:20] Response (400):
{"code":40002,"message":"Invalid value for data.0.user.ttp: value may not be null.","request_id":"20251104134920C441D24644E54E6D1CB7"}

[2025-11-04 13:50:19] Response (400):
{"code":40002,"message":"Invalid value for data.0.user.ttp: value may not be null.","request_id":"202511041350197C69E3FEA535F85C9BE9"}

[2025-11-04 14:05:48] Response (200):
{"code": 0, "message": "OK", "request_id": "202511041405488E23576D628CCAD125C5", "data": {}}

[2025-11-04 14:05:53] Response (200):
{"code": 0, "message": "OK", "request_id": "2025110414055372CF1A9CB5D73ACB789C", "data": {}}

[2025-11-04 14:58:29] Response (400):
{"code":40002,"message":"Invalid value for data.0.user.ttp: value may not be null.","request_id":"202511041458293F762B98032D8CD73045"}

[2025-11-04 14:58:43] Response (400):
{"code":40002,"message":"Invalid value for data.0.user.ttp: value may not be null.","request_id":"20251104145843A507E9162DA5B25BAD2F"}

[2025-11-04 14:58:57] Response (400):
{"code":40002,"message":"Invalid value for data.0.user.ttp: value may not be null.","request_id":"20251104145857C393C01B8783D96136E5"}

[2025-11-04 14:59:58] Response (400):
{"code":40002,"message":"Invalid value for data.0.user.ttp: value may not be null.","request_id":"20251104145958CFCC374118D3C659ACB3"}

[2025-11-04 20:47:39] Response (400):
{"code":40002,"message":"Invalid value for data.0.user.ttp: value may not be null.","request_id":"20251104204739EB720B0260C614CB44D2"}

[2025-11-04 22:16:16] Response (400):
{"code":40002,"message":"Invalid value for data.0.user.ttp: value may not be null.","request_id":"202511042216166CDE4BF5D2DA17068893"}

[2025-11-05 08:45:59] Response (400):
{"code":40002,"message":"Invalid value for data.0.user.ttp: value may not be null.","request_id":"2025110508455921E6687B72083CB71879"}

[2025-11-05 09:35:17] Response (200):
{"code": 0, "message": "OK", "request_id": "202511050935166B3E2D74727E837E2D68", "data": {}}

[2025-11-05 13:40:27] Response (400):
{"code":40002,"message":"Invalid value for data.0.user.ttp: value may not be null.","request_id":"20251105134027326591CBE0F5579EC96F"}

[2025-11-05 17:31:50] Response (400):
{"code":40002,"message":"Invalid value for data.0.user.ttp: value may not be null.","request_id":"20251105173150EEEE872AB30B248FD80F"}

[2025-11-05 17:33:25] Response (400):
{"code":40002,"message":"Invalid value for data.0.user.ttp: value may not be null.","request_id":"20251105173325F53120FBF0F197806F58"}

[2025-11-05 17:33:47] Response (400):
{"code":40002,"message":"Invalid value for data.0.user.ttp: value may not be null.","request_id":"202511051733474B3DBB900F0BEA0AA743"}

[2025-11-05 17:37:02] Response (400):
{"code":40002,"message":"Invalid value for data.0.user.ttp: value may not be null.","request_id":"20251105173702FC14701F6A0CD926911B"}

[2025-11-05 17:37:27] Response (400):
{"code":40002,"message":"Invalid value for data.0.user.ttp: value may not be null.","request_id":"2025110517372735120F6F54341664D5D4"}

[2025-11-05 17:44:33] Response (400):
{"code":40002,"message":"Invalid value for data.0.user.ttp: value may not be null.","request_id":"20251105174433073599A78F3BA5D27C87"}

[2025-11-05 18:00:50] Response (400):
{"code":40002,"message":"Invalid value for data.0.user.ttp: value may not be null.","request_id":"2025110518005069AD2B5F9D6ABB5E599B"}

[2025-11-05 18:05:02] Response (400):
{"code":40002,"message":"Invalid value for data.0.user.ttp: value may not be null.","request_id":"20251105180502C4AF93379143D94959A4"}

[2025-11-05 18:05:24] Response (400):
{"code":40002,"message":"Invalid value for data.0.user.ttp: value may not be null.","request_id":"20251105180524FCE835E3AF7F1F378948"}

[2025-11-05 18:08:34] Response (400):
{"code":40002,"message":"Invalid value for data.0.user.ttp: value may not be null.","request_id":"202511051808341868137E5CC4FF483C39"}

[2025-11-05 18:08:41] Response (400):
{"code":40002,"message":"Invalid value for data.0.user.ttp: value may not be null.","request_id":"20251105180840AFF97EDA6F29E1C16D95"}

[2025-11-05 18:15:43] Response (400):
{"code":40002,"message":"Invalid value for data.0.user.ttp: value may not be null.","request_id":"20251105181543C7C21892B9725A091CA8"}

[2025-11-05 19:22:41] Response (400):
{"code":40002,"message":"Invalid value for data.0.user.ttp: value may not be null.","request_id":"20251105192241FFFDB8C1022A43180570"}

[2025-11-05 19:24:03] Response (400):
{"code":40002,"message":"Invalid value for data.0.user.ttp: value may not be null.","request_id":"202511051924038AAAF77127B4A7D70133"}

[2025-11-05 19:34:01] Response (400):
{"code":40002,"message":"Invalid value for data.0.user.ttp: value may not be null.","request_id":"202511051934015BF281A5D50B8B8449F9"}

[2025-11-05 20:15:40] Response (400):
{"code":40002,"message":"Invalid value for data.0.user.ttp: value may not be null.","request_id":"20251105201540B52918AC4531110A3FB4"}

[2025-11-05 20:20:51] Response (400):
{"code":40002,"message":"Invalid value for data.0.user.ttp: value may not be null.","request_id":"20251105202051D73A7015FFDE387EA278"}

[2025-11-05 20:21:01] Response (400):
{"code":40002,"message":"Invalid value for data.0.user.ttp: value may not be null.","request_id":"202511052021014BDAC7A8AFCF6174BA8D"}

[2025-11-05 20:21:09] Response (400):
{"code":40002,"message":"Invalid value for data.0.user.ttp: value may not be null.","request_id":"20251105202109D91CC3E57C28304C67FA"}

[2025-11-05 21:51:53] Response (400):
{"code":40002,"message":"Invalid value for data.0.user.ttp: value may not be null.","request_id":"20251105215153E78F8AB7E18B2DD62125"}

[2025-11-05 21:53:14] Response (400):
{"code":40002,"message":"Invalid value for data.0.user.ttp: value may not be null.","request_id":"202511052153141E4454BAC64D49E00F81"}

[2025-11-05 21:53:27] Response (400):
{"code":40002,"message":"Invalid value for data.0.user.ttp: value may not be null.","request_id":"202511052153276777C57C43724F452232"}

[2025-11-05 21:55:40] Response (400):
{"code":40002,"message":"Invalid value for data.0.user.ttp: value may not be null.","request_id":"202511052155404C7592C7496E66C28CA2"}

[2025-11-05 21:55:41] Response (400):
{"code":40002,"message":"Invalid value for data.0.user.ttp: value may not be null.","request_id":"20251105215541B9FFB25D340B507CA46C"}

[2025-11-05 22:05:07] Response (400):
{"code":40002,"message":"Invalid value for data.0.user.ttp: value may not be null.","request_id":"202511052205078AE13A5603BAD49B32C1"}

[2025-11-05 23:05:30] Response (400):
{"code":40002,"message":"Invalid value for data.0.user.ttp: value may not be null.","request_id":"202511052305300C3E626CEE977E7496A2"}

[2025-11-05 23:10:41] Response (400):
{"code":40002,"message":"Invalid value for data.0.user.ttp: value may not be null.","request_id":"2025110523104187D4F941A38F0FDDE3A5"}

[2025-11-05 23:19:43] Response (400):
{"code":40002,"message":"Invalid value for data.0.user.ttp: value may not be null.","request_id":"20251105231943605B00462C5D4478145C"}

[2025-11-06 00:10:09] Response (400):
{"code":40002,"message":"Invalid value for data.0.user.ttp: value may not be null.","request_id":"20251106001009BEF82FAFC33E1F8F9C3E"}

[2025-11-06 00:10:30] Response (400):
{"code":40002,"message":"Invalid value for data.0.user.ttp: value may not be null.","request_id":"2025110600103079C0AE0AC90E207144E1"}

[2025-11-06 00:14:27] Response (400):
{"code":40002,"message":"Invalid value for data.0.user.ttp: value may not be null.","request_id":"20251106001426210DA4807B89EA00B68F"}

[2025-11-06 00:15:49] Response (400):
{"code":40002,"message":"Invalid value for data.0.user.ttp: value may not be null.","request_id":"2025110600154864E01CB702F89FDE386A"}

[2025-11-06 08:39:37] Response (400):
{"code":40002,"message":"Invalid value for data.0.user.ttp: value may not be null.","request_id":"202511060839376412C02B3E1E827B843D"}

[2025-11-06 08:42:32] Response (400):
{"code":40002,"message":"Invalid value for data.0.user.ttp: value may not be null.","request_id":"202511060842320A5E7C213540F8C98926"}

[2025-11-06 08:42:34] Response (400):
{"code":40002,"message":"Invalid value for data.0.user.ttp: value may not be null.","request_id":"2025110608423436F704E2B64B2ED504E1"}

[2025-11-06 08:54:11] Response (400):
{"code":40002,"message":"Invalid value for data.0.user.ttp: value may not be null.","request_id":"20251106085411636FA01DF11D6E410025"}

[2025-11-06 08:54:55] Response (400):
{"code":40002,"message":"Invalid value for data.0.user.ttp: value may not be null.","request_id":"202511060854550A6E5294760E369EE3A2"}

[2025-11-06 09:02:39] Response (400):
{"code":40002,"message":"Invalid value for data.0.user.ttp: value may not be null.","request_id":"202511060902394F6DAA2F3D8EF77F68B6"}

[2025-11-06 09:43:42] Response (400):
{"code":40002,"message":"Invalid value for data.0.user.ttp: value may not be null.","request_id":"2025110609434254B8111327F448B97812"}

[2025-11-06 10:02:35] Response (400):
{"code":40002,"message":"Invalid value for data.0.user.ttp: value may not be null.","request_id":"20251106100235E44689A145FA0F7BDCD6"}

[2025-11-06 10:02:52] Response (400):
{"code":40002,"message":"Invalid value for data.0.user.ttp: value may not be null.","request_id":"20251106100252C09C8FC373CA20A8C75C"}

[2025-11-06 10:45:04] Response (400):
{"code":40002,"message":"Invalid value for data.0.user.ttp: value may not be null.","request_id":"20251106104504630D4B037A92004A9441"}

[2025-11-06 10:55:18] Response (400):
{"code":40002,"message":"Invalid value for data.0.user.ttp: value may not be null.","request_id":"20251106105518F6A7AFCC2AC3B75F5612"}

[2025-11-06 10:56:14] Response (400):
{"code":40002,"message":"Invalid value for data.0.user.ttp: value may not be null.","request_id":"202511061056147BCF40B525CA054CD2BF"}

[2025-11-06 10:57:19] Response (400):
{"code":40002,"message":"Invalid value for data.0.user.ttp: value may not be null.","request_id":"20251106105719E4816823797FDABF61D4"}

[2025-11-06 19:39:41] Response (400):
{"code":40002,"message":"Invalid value for data.0.user.ttp: value may not be null.","request_id":"2025110619394064DE22F95134860859CC"}

[2025-11-06 19:39:46] Response (400):
{"code":40002,"message":"Invalid value for data.0.user.ttp: value may not be null.","request_id":"20251106193946CE4A3FA09EE9E8ECA417"}

[2025-11-06 19:44:55] Response (400):
{"code":40002,"message":"Invalid value for data.0.user.ttp: value may not be null.","request_id":"2025110619445544330018F2B88BF0AF42"}

[2025-11-06 19:46:56] Response (400):
{"code":40002,"message":"Invalid value for data.0.user.ttp: value may not be null.","request_id":"2025110619465664671FA0574FBB0C5C08"}

[2025-11-06 19:47:50] Response (400):
{"code":40002,"message":"Invalid value for data.0.user.ttp: value may not be null.","request_id":"20251106194750334A7E09917141EA7DA2"}

[2025-11-06 20:00:08] Response (400):
{"code":40002,"message":"Invalid value for data.0.user.ttp: value may not be null.","request_id":"202511062000083230E5390FBEC48EDC7F"}

[2025-11-06 20:41:49] Response (400):
{"code":40002,"message":"Invalid value for data.0.user.ttp: value may not be null.","request_id":"2025110620414806E2FBF6DB8A5609310D"}

[2025-11-06 20:56:41] Response (400):
{"code":40002,"message":"Invalid value for data.0.user.ttp: value may not be null.","request_id":"20251106205641C79A149877B6470929D7"}

[2025-11-06 20:56:56] Response (400):
{"code":40002,"message":"Invalid value for data.0.user.ttp: value may not be null.","request_id":"20251106205656D980F76BF42268D9A73E"}

[2025-11-06 21:39:45] Response (400):
{"code":40002,"message":"Invalid value for data.0.user.ttp: value may not be null.","request_id":"202511062139457C80F7CC74CAC08FF42E"}

[2025-11-06 21:49:59] Response (400):
{"code":40002,"message":"Invalid value for data.0.user.ttp: value may not be null.","request_id":"2025110621495983F0397D867685F042CB"}

[2025-11-06 21:52:31] Response (400):
{"code":40002,"message":"Invalid value for data.0.user.ttp: value may not be null.","request_id":"2025110621523032274AD5211E76EC61CA"}

[2025-11-06 22:02:30] Response (400):
{"code":40002,"message":"Invalid value for data.0.user.ttp: value may not be null.","request_id":"20251106220230D8A7E5C86C4FE9E2398E"}

[2025-11-07 05:29:20] Response (400):
{"code":40002,"message":"Invalid value for data.0.user.ttp: value may not be null.","request_id":"20251107052919879F1E4A0127E1921D80"}

[2025-11-07 06:39:43] Response (400):
{"code":40002,"message":"Invalid value for data.0.user.ttp: value may not be null.","request_id":"2025110706394387E21CB0E710AE30E4A6"}

[2025-11-07 06:43:17] Response (400):
{"code":40002,"message":"Invalid value for data.0.user.ttp: value may not be null.","request_id":"2025110706431775FF4FC97D74AB0EF338"}

[2025-11-07 06:43:18] Response (400):
{"code":40002,"message":"Invalid value for data.0.user.ttp: value may not be null.","request_id":"202511070643181856DC8A7353C68626A1"}

[2025-11-07 06:51:47] Response (400):
{"code":40002,"message":"Invalid value for data.0.user.ttp: value may not be null.","request_id":"20251107065147A5D8B9C637F0C831E4E0"}

[2025-11-07 06:54:01] Response (400):
{"code":40002,"message":"Invalid value for data.0.user.ttp: value may not be null.","request_id":"2025110706540170EC90CD39961BF8D35D"}

[2025-11-07 07:09:32] Response (400):
{"code":40002,"message":"Invalid value for data.0.user.ttp: value may not be null.","request_id":"20251107070932594CF2DFB322714A3823"}

[2025-11-07 07:10:55] Response (200):
{"code": 0, "message": "OK", "request_id": "202511070710553CAC8A9B8BDD3A0E9437", "data": {}}

[2025-11-07 07:42:34] Response (400):
{"code":40002,"message":"Invalid value for data.0.user.ttp: value may not be null.","request_id":"2025110707423498013FFF409BE6B4F961"}

[2025-11-07 07:53:14] Response (400):
{"code":40002,"message":"Invalid value for data.0.user.ttp: value may not be null.","request_id":"20251107075314C91AF2FAC0B1A7298D41"}

[2025-11-07 07:55:33] Response (400):
{"code":40002,"message":"Invalid value for data.0.user.ttp: value may not be null.","request_id":"20251107075533F0EFF27E7D4B66176428"}

[2025-11-07 08:43:26] Response (400):
{"code":40002,"message":"Invalid value for data.0.user.ttp: value may not be null.","request_id":"20251107084326C2B46791C49C2FCF8B1F"}

[2025-11-07 08:54:41] Response (400):
{"code":40002,"message":"Invalid value for data.0.user.ttp: value may not be null.","request_id":"2025110708544141C5F60BFF991C5905C4"}

[2025-11-07 08:54:58] Response (400):
{"code":40002,"message":"Invalid value for data.0.user.ttp: value may not be null.","request_id":"202511070854588013A22E7F85845CC73C"}

[2025-11-07 08:55:20] Response (400):
{"code":40002,"message":"Invalid value for data.0.user.ttp: value may not be null.","request_id":"20251107085520FA4C7112C797D1463917"}

[2025-11-07 11:44:28] Response (200):
{"code": 0, "message": "OK", "request_id": "20251107114428B1BBAE244DB22F4C02E7", "data": {}}

[2025-11-07 14:27:34] Response (400):
{"code":40002,"message":"Invalid value for data.0.user.ttp: value may not be null.","request_id":"20251107142734AAC5D87BD67E5130C7F7"}

[2025-11-07 16:42:50] Response (400):
{"code":40002,"message":"Invalid value for data.0.user.ttp: value may not be null.","request_id":"2025110716424934D43C29104B16C20B7B"}

[2025-11-07 17:40:22] Response (400):
{"code":40002,"message":"Invalid value for data.0.user.ttp: value may not be null.","request_id":"20251107174022F90AA44F03AB3140BAD2"}

[2025-11-07 17:40:24] Response (400):
{"code":40002,"message":"Invalid value for data.0.user.ttp: value may not be null.","request_id":"20251107174024C68A2DE82D1B740AFAB5"}

[2025-11-07 17:50:01] Response (400):
{"code":40002,"message":"Invalid value for data.0.user.ttp: value may not be null.","request_id":"202511071750011D49C17D678F195FFE44"}

[2025-11-07 17:51:50] Response (400):
{"code":40002,"message":"Invalid value for data.0.user.ttp: value may not be null.","request_id":"2025110717515085D6ABC35B52D13B3BBF"}

[2025-11-07 17:53:35] Response (400):
{"code":40002,"message":"Invalid value for data.0.user.ttp: value may not be null.","request_id":"2025110717533577D471985363A9376DC7"}

[2025-11-07 17:58:42] Response (400):
{"code":40002,"message":"Invalid value for data.0.user.ttp: value may not be null.","request_id":"202511071758421B3AD58BC6EAF857990E"}

[2025-11-07 18:39:58] Response (400):
{"code":40002,"message":"Invalid value for data.0.user.ttp: value may not be null.","request_id":"202511071839583494B404590E096498F0"}

[2025-11-07 18:48:36] Response (400):
{"code":40002,"message":"Invalid value for data.0.user.ttp: value may not be null.","request_id":"20251107184836357543219CC406F565E0"}

[2025-11-07 18:49:03] Response (400):
{"code":40002,"message":"Invalid value for data.0.user.ttp: value may not be null.","request_id":"202511071849039930C8C151936AFC4913"}

[2025-11-07 19:10:49] Response (400):
{"code":40002,"message":"Invalid value for data.0.user.ttp: value may not be null.","request_id":"2025110719104995DFDD7D5575C531322E"}

[2025-11-07 19:11:49] Response (400):
{"code":40002,"message":"Invalid value for data.0.user.ttp: value may not be null.","request_id":"202511071911491B6045668780CFF76650"}

[2025-11-07 19:11:52] Response (400):
{"code":40002,"message":"Invalid value for data.0.user.ttp: value may not be null.","request_id":"202511071911520C0364EC3E905046CA8E"}

[2025-11-07 19:11:53] Response (400):
{"code":40002,"message":"Invalid value for data.0.user.ttp: value may not be null.","request_id":"20251107191153DFC5F86DDCBF7E63AF1B"}

[2025-11-07 19:12:33] Response (400):
{"code":40002,"message":"Invalid value for data.0.user.ttp: value may not be null.","request_id":"20251107191233E0193E4E048AA2089DE8"}

[2025-11-07 19:12:55] Response (400):
{"code":40002,"message":"Invalid value for data.0.user.ttp: value may not be null.","request_id":"20251107191255E10AF770C0FE74B4FF13"}

[2025-11-07 19:13:06] Response (400):
{"code":40002,"message":"Invalid value for data.0.user.ttp: value may not be null.","request_id":"20251107191306B378FE3F5C0176B61D9B"}

[2025-11-07 19:13:55] Response (400):
{"code":40002,"message":"Invalid value for data.0.user.ttp: value may not be null.","request_id":"2025110719135514E92A860294C6DFC1D1"}

[2025-11-07 19:22:01] Response (400):
{"code":40002,"message":"Invalid value for data.0.user.ttp: value may not be null.","request_id":"202511071922000A540AD868EB65F3A9D7"}

[2025-11-07 19:43:25] Response (400):
{"code":40002,"message":"Invalid value for data.0.user.ttp: value may not be null.","request_id":"20251107194325BC4A2AAC4B299E3174FC"}

[2025-11-07 19:58:30] Response (400):
{"code":40002,"message":"Invalid value for data.0.user.ttp: value may not be null.","request_id":"20251107195829E655C03F2F692F024E8F"}

[2025-11-07 20:00:53] Response (400):
{"code":40002,"message":"Invalid value for data.0.user.ttp: value may not be null.","request_id":"20251107200053603187BDCDB9BA52CEBD"}

[2025-11-07 20:01:07] Response (400):
{"code":40002,"message":"Invalid value for data.0.user.ttp: value may not be null.","request_id":"202511072001076333AD693C0CE45879FD"}

[2025-11-08 04:42:41] Response (400):
{"code":40002,"message":"Invalid value for data.0.user.ttp: value may not be null.","request_id":"20251108044241EF86D1A46001B514BF9F"}

[2025-11-08 04:47:25] Response (400):
{"code":40002,"message":"Invalid value for data.0.user.ttp: value may not be null.","request_id":"202511080447259F0A70379AB55FA458B9"}

[2025-11-08 04:47:27] Response (400):
{"code":40002,"message":"Invalid value for data.0.user.ttp: value may not be null.","request_id":"202511080447278AA85D445ACEF47EC347"}

[2025-11-08 04:49:27] Response (400):
{"code":40002,"message":"Invalid value for data.0.user.ttp: value may not be null.","request_id":"20251108044927855C1160BBB46D0EB01E"}

[2025-11-08 05:08:35] Response (400):
{"code":40002,"message":"Invalid value for data.0.user.ttp: value may not be null.","request_id":"2025110805083533CF2D4B0ABA4318F952"}

[2025-11-08 05:08:36] Response (400):
{"code":40002,"message":"Invalid value for data.0.user.ttp: value may not be null.","request_id":"202511080508361811B2FC1B9FE56AD011"}

[2025-11-08 05:44:42] Response (400):
{"code":40002,"message":"Invalid value for data.0.user.ttp: value may not be null.","request_id":"202511080544420D17FF253FF5F1106053"}

[2025-11-08 05:49:28] Response (400):
{"code":40002,"message":"Invalid value for data.0.user.ttp: value may not be null.","request_id":"20251108054928DE0A1B85ECB477384B20"}

[2025-11-08 06:00:35] Response (400):
{"code":40002,"message":"Invalid value for data.0.user.ttp: value may not be null.","request_id":"20251108060035B7F8767AE2F5569FCB0B"}

[2025-11-08 06:50:17] Response (400):
{"code":40002,"message":"Invalid value for data.0.user.ttp: value may not be null.","request_id":"2025110806501724109B450BA2C2AB33D1"}

[2025-11-08 06:50:24] Response (400):
{"code":40002,"message":"Invalid value for data.0.user.ttp: value may not be null.","request_id":"202511080650244612AEFE07283DCC84C7"}

[2025-11-08 06:56:38] Response (400):
{"code":40002,"message":"Invalid value for data.0.user.ttp: value may not be null.","request_id":"20251108065638F22FBB1367660536CB21"}

[2025-11-08 06:56:56] Response (400):
{"code":40002,"message":"Invalid value for data.0.user.ttp: value may not be null.","request_id":"202511080656562F29514990AE0C6A448F"}

[2025-11-08 15:39:56] Response (400):
{"code":40002,"message":"Invalid value for data.0.user.ttp: value may not be null.","request_id":"20251108153956F80961235F2C2ABD4FDC"}

[2025-11-08 15:44:42] Response (400):
{"code":40002,"message":"Invalid value for data.0.user.ttp: value may not be null.","request_id":"2025110815444247815159B96E67207C2C"}

[2025-11-08 15:44:43] Response (400):
{"code":40002,"message":"Invalid value for data.0.user.ttp: value may not be null.","request_id":"2025110815444389CF83705843117B7EE5"}

[2025-11-08 15:44:52] Response (400):
{"code":40002,"message":"Invalid value for data.0.user.ttp: value may not be null.","request_id":"20251108154452C6C619DCE8DA9D73CF0A"}

[2025-11-08 15:45:43] Response (400):
{"code":40002,"message":"Invalid value for data.0.user.ttp: value may not be null.","request_id":"2025110815454358ECB46773F959029D80"}

[2025-11-08 15:52:21] Response (400):
{"code":40002,"message":"Invalid value for data.0.user.ttp: value may not be null.","request_id":"20251108155221ABFAD83ECC8EEA293E9B"}

[2025-11-08 16:48:22] Response (400):
{"code":40002,"message":"Invalid value for data.0.user.ttp: value may not be null.","request_id":"20251108164822F4F554E69ADA8F49AD79"}

[2025-11-08 16:55:38] Response (400):
{"code":40002,"message":"Invalid value for data.0.user.ttp: value may not be null.","request_id":"202511081655380951728CB0263F527279"}

[2025-11-08 16:55:43] Response (400):
{"code":40002,"message":"Invalid value for data.0.user.ttp: value may not be null.","request_id":"202511081655435BDEFF7D7A66AE62ABEC"}

[2025-11-08 17:46:56] Response (400):
{"code":40002,"message":"Invalid value for data.0.user.ttp: value may not be null.","request_id":"20251108174655D6426910B67C22A28F69"}

[2025-11-08 17:55:57] Response (400):
{"code":40002,"message":"Invalid value for data.0.user.ttp: value may not be null.","request_id":"20251108175556BD472FFCEBAC09618F5B"}

[2025-11-08 17:56:15] Response (400):
{"code":40002,"message":"Invalid value for data.0.user.ttp: value may not be null.","request_id":"2025110817561566682DE9DC751134E6AD"}

[2025-11-08 17:56:28] Response (400):
{"code":40002,"message":"Invalid value for data.0.user.ttp: value may not be null.","request_id":"20251108175628BEC9B3AB038F13AED488"}

[2025-11-08 23:14:30] Response (400):
{"code":40002,"message":"Invalid value for data.0.user.ttp: value may not be null.","request_id":"202511082314302700B540CE6E0B853AA3"}

[2025-11-08 23:18:52] Response (400):
{"code":40002,"message":"Invalid value for data.0.user.ttp: value may not be null.","request_id":"20251108231852BBDEBBCEC184CBA7942D"}

[2025-11-08 23:19:36] Response (400):
{"code":40002,"message":"Invalid value for data.0.user.ttp: value may not be null.","request_id":"2025110823193685CF4B15D672EB686C57"}

[2025-11-08 23:22:39] Response (400):
{"code":40002,"message":"Invalid value for data.0.user.ttp: value may not be null.","request_id":"2025110823223999EA8B3EF296630BDD51"}

[2025-11-08 23:22:42] Response (400):
{"code":40002,"message":"Invalid value for data.0.user.ttp: value may not be null.","request_id":"20251108232242D5558F1FED28EB0B09F6"}

[2025-11-08 23:31:18] Response (400):
{"code":40002,"message":"Invalid value for data.0.user.ttp: value may not be null.","request_id":"2025110823311816CAAC1614C367B6AD64"}

[2025-11-09 00:38:49] Response (400):
{"code":40002,"message":"Invalid value for data.0.user.ttp: value may not be null.","request_id":"202511090038494FA1C5618C25208F03AC"}

[2025-11-09 00:42:04] Response (400):
{"code":40002,"message":"Invalid value for data.0.user.ttp: value may not be null.","request_id":"20251109004204C8DF1179A614BEC1BD01"}

[2025-11-09 00:56:05] Response (400):
{"code":40002,"message":"Invalid value for data.0.user.ttp: value may not be null.","request_id":"2025110900560588C3279C39D74592E505"}

[2025-11-09 01:30:35] Response (400):
{"code":40002,"message":"Invalid value for data.0.user.ttp: value may not be null.","request_id":"202511090130356DCDC4A4098E066D3B97"}

[2025-11-09 01:30:41] Response (400):
{"code":40002,"message":"Invalid value for data.0.user.ttp: value may not be null.","request_id":"20251109013041CB9BA9F9320E8610A487"}

[2025-11-09 01:31:06] Response (400):
{"code":40002,"message":"Invalid value for data.0.user.ttp: value may not be null.","request_id":"2025110901310688B1849E081382B6357E"}

[2025-11-09 01:31:23] Response (400):
{"code":40002,"message":"Invalid value for data.0.user.ttp: value may not be null.","request_id":"20251109013123FAE74DC70322E3751A05"}

[2025-11-09 08:54:46] Response (400):
{"code":40002,"message":"Invalid value for data.0.user.ttp: value may not be null.","request_id":"2025110908544516748ABC23DE565482CB"}

[2025-11-09 09:41:02] Response (400):
{"code":40002,"message":"Invalid value for data.0.user.ttp: value may not be null.","request_id":"2025110909410262061C82C869D1266A9C"}

[2025-11-09 09:41:06] Response (400):
{"code":40002,"message":"Invalid value for data.0.user.ttp: value may not be null.","request_id":"202511090941058949E3A09D1EEFA4A3ED"}

[2025-11-09 09:41:10] Response (400):
{"code":40002,"message":"Invalid value for data.0.user.ttp: value may not be null.","request_id":"202511090941104DB99F1F8B4E26A5B083"}

[2025-11-09 09:44:30] Response (400):
{"code":40002,"message":"Invalid value for data.0.user.ttp: value may not be null.","request_id":"2025110909443083EA039AF203C3FF6FC4"}

[2025-11-09 09:52:16] Response (400):
{"code":40002,"message":"Invalid value for data.0.user.ttp: value may not be null.","request_id":"20251109095216CF7551B4D72C0CE38638"}

[2025-11-09 09:59:59] Response (400):
{"code":40002,"message":"Invalid value for data.0.user.ttp: value may not be null.","request_id":"2025110909595910A85493DC8226BDA530"}

[2025-11-09 11:42:50] Response (400):
{"code":40002,"message":"Invalid value for data.0.user.ttp: value may not be null.","request_id":"20251109114250066B26C49E3B3FB34650"}

[2025-11-09 11:46:52] Response (400):
{"code":40002,"message":"Invalid value for data.0.user.ttp: value may not be null.","request_id":"202511091146526C514A4CF650D8F86690"}

[2025-11-09 11:55:37] Response (400):
{"code":40002,"message":"Invalid value for data.0.user.ttp: value may not be null.","request_id":"20251109115537CABB850B9891D3CCE712"}

[2025-11-09 12:06:16] Response (400):
{"code":40002,"message":"Invalid value for data.0.user.ttp: value may not be null.","request_id":"202511091206160A427D1A06EA7CF074C7"}

[2025-11-09 12:06:35] Response (400):
{"code":40002,"message":"Invalid value for data.0.user.ttp: value may not be null.","request_id":"202511091206357C9CED4A3CFB38B4EABE"}

[2025-11-09 12:06:38] Response (400):
{"code":40002,"message":"Invalid value for data.0.user.ttp: value may not be null.","request_id":"202511091206389B90ED7D0BD4AB98B462"}

[2025-11-09 12:06:58] Response (400):
{"code":40002,"message":"Invalid value for data.0.user.ttp: value may not be null.","request_id":"20251109120658F28F45627EB3771A9E0C"}

[2025-11-09 20:44:40] Response (400):
{"code":40002,"message":"Invalid value for data.0.user.ttp: value may not be null.","request_id":"202511092044402DDE7499D35D73676663"}

[2025-11-09 20:44:42] Response (400):
{"code":40002,"message":"Invalid value for data.0.user.ttp: value may not be null.","request_id":"20251109204442F981CF0F2BB444E35516"}

[2025-11-09 20:49:01] Response (400):
{"code":40002,"message":"Invalid value for data.0.user.ttp: value may not be null.","request_id":"2025110920490158881D06167E58F63213"}

[2025-11-09 20:49:47] Response (400):
{"code":40002,"message":"Invalid value for data.0.user.ttp: value may not be null.","request_id":"20251109204947103E9D49759DB2273965"}

[2025-11-09 20:51:12] Response (400):
{"code":40002,"message":"Invalid value for data.0.user.ttp: value may not be null.","request_id":"20251109205112313666322E09F8824CD7"}

[2025-11-09 20:57:02] Response (400):
{"code":40002,"message":"Invalid value for data.0.user.ttp: value may not be null.","request_id":"20251109205701081890CA116A547472B2"}

[2025-11-09 22:40:11] Response (400):
{"code":40002,"message":"Invalid value for data.0.user.ttp: value may not be null.","request_id":"20251109224011FC3FED724AA3197A3A96"}

[2025-11-09 22:43:50] Response (400):
{"code":40002,"message":"Invalid value for data.0.user.ttp: value may not be null.","request_id":"202511092243509CA7DB462234A3F9F5ED"}

[2025-11-09 22:44:10] Response (400):
{"code":40002,"message":"Invalid value for data.0.user.ttp: value may not be null.","request_id":"2025110922441044663D1B3E07EC1BCBCF"}

[2025-11-09 23:00:19] Response (400):
{"code":40002,"message":"Invalid value for data.0.user.ttp: value may not be null.","request_id":"20251109230019984A4788DF732AEC32EE"}

[2025-11-09 23:00:44] Response (400):
{"code":40002,"message":"Invalid value for data.0.user.ttp: value may not be null.","request_id":"20251109230044984A4788DF732AEC3A6C"}

[2025-11-09 23:03:17] Response (400):
{"code":40002,"message":"Invalid value for data.0.user.ttp: value may not be null.","request_id":"20251109230317519225F8D66FBC531EB5"}

[2025-11-09 23:05:53] Response (400):
{"code":40002,"message":"Invalid value for data.0.user.ttp: value may not be null.","request_id":"2025110923055382CAA6E50686006A4B11"}

[2025-11-10 07:40:48] Response (400):
{"code":40002,"message":"Invalid value for data.0.user.ttp: value may not be null.","request_id":"2025111007404875B78CADB82252853E59"}

[2025-11-10 07:40:50] Response (400):
{"code":40002,"message":"Invalid value for data.0.user.ttp: value may not be null.","request_id":"20251110074050C286F7B1141BE6C022F6"}

[2025-11-10 07:48:44] Response (400):
{"code":40002,"message":"Invalid value for data.0.user.ttp: value may not be null.","request_id":"202511100748443BF363A53893AD55174E"}

[2025-11-10 07:50:36] Response (400):
{"code":40002,"message":"Invalid value for data.0.user.ttp: value may not be null.","request_id":"2025111007503573571FB18ACCE53B43FC"}

[2025-11-10 07:50:38] Response (400):
{"code":40002,"message":"Invalid value for data.0.user.ttp: value may not be null.","request_id":"202511100750386EF8B0A5E2599E180DA5"}

[2025-11-10 07:51:43] Response (400):
{"code":40002,"message":"Invalid value for data.0.user.ttp: value may not be null.","request_id":"202511100751435C2819694CA97A372D2E"}

[2025-11-10 09:40:26] Response (400):
{"code":40002,"message":"Invalid value for data.0.user.ttp: value may not be null.","request_id":"2025111009402610C1B4F390DC249F14CA"}

[2025-11-10 09:43:54] Response (400):
{"code":40002,"message":"Invalid value for data.0.user.ttp: value may not be null.","request_id":"20251110094354F955C0B34EDE6C592FDE"}

[2025-11-10 09:51:54] Response (400):
{"code":40002,"message":"Invalid value for data.0.user.ttp: value may not be null.","request_id":"202511100951545639845A5CF5535A87A0"}

[2025-11-10 09:53:29] Response (400):
{"code":40002,"message":"Invalid value for data.0.user.ttp: value may not be null.","request_id":"20251110095329EB3C67FBEFB6B678AEA5"}

[2025-11-10 09:53:38] Response (400):
{"code":40002,"message":"Invalid value for data.0.user.ttp: value may not be null.","request_id":"20251110095338622C0A7571438C970AFF"}

[2025-11-10 09:53:55] Response (400):
{"code":40002,"message":"Invalid value for data.0.user.ttp: value may not be null.","request_id":"20251110095355E05AA22F38DF198B33AA"}

[2025-11-10 09:54:51] Response (400):
{"code":40002,"message":"Invalid value for data.0.user.ttp: value may not be null.","request_id":"20251110095451934A55F4B7708C221B12"}

[2025-11-10 17:01:16] Response (200):
{"code": 0, "message": "OK", "request_id": "202511101701169CDEDDE2B23FFB83B68D", "data": {}}

[2025-11-10 17:05:37] Response (200):
{"code": 0, "message": "OK", "request_id": "20251110170537CFAD7ED9CE4C2EA25B2B", "data": {}}

[2025-11-10 17:11:31] Response (200):
{"code": 0, "message": "OK", "request_id": "20251110171130C66470A1EE9B7C518C99", "data": {}}

[2025-11-10 17:12:10] Response (200):
{"code": 0, "message": "OK", "request_id": "202511101712105B91D8B4A42E607E046A", "data": {}}

[2025-11-10 17:21:50] Response (200):
{"code": 0, "message": "OK", "request_id": "20251110172150D4857590585C81047BD4", "data": {}}

[2025-11-10 17:22:46] Response (200):
{"code": 0, "message": "OK", "request_id": "2025111017224673A41698DCB53217F64E", "data": {}}

[2025-11-10 17:30:14] Response (200):
{"code": 0, "message": "OK", "request_id": "20251110173014E67E6382F5797451555C", "data": {}}

[2025-11-10 17:34:54] Response (200):
{"code": 0, "message": "OK", "request_id": "20251110173454498A6D97DFC1EC26EC98", "data": {}}

[2025-11-10 18:07:32] Response (200):
{"code": 0, "message": "OK", "request_id": "20251110180732F27DD3C4AE4F3630064C", "data": {}}

[2025-11-10 18:37:05] Response (200):
{"code": 0, "message": "OK", "request_id": "20251110183705E409D90950D0046A41CA", "data": {}}

[2025-11-10 18:37:20] Response (200):
{"code": 0, "message": "OK", "request_id": "20251110183720F01CC777CC3039C3BCE5", "data": {}}

[2025-11-10 18:47:29] Response (400):
{"code":40002,"message":"Invalid value for data.0.user.ttp: value may not be null.","request_id":"20251110184729E1E79C6E4AA1AC4B0D20"}

[2025-11-10 19:02:41] Response (200):
{"code": 0, "message": "OK", "request_id": "20251110190241737C484B734DCF0D955F", "data": {}}

[2025-11-10 19:44:28] Response (200):
{"code": 0, "message": "OK", "request_id": "2025111019442856F215C3D3553E25094E", "data": {}}

[2025-11-11 06:46:38] Response (400):
{"code":40002,"message":"Invalid value for data.0.user.ttp: value may not be null.","request_id":"2025111106463826432C3DD861C3A60808"}

[2025-11-11 06:46:43] Response (400):
{"code":40002,"message":"Invalid value for data.0.user.ttp: value may not be null.","request_id":"202511110646438BED5D06491C67A8D620"}

[2025-11-11 06:47:27] Response (400):
{"code":40002,"message":"Invalid value for data.0.user.ttp: value may not be null.","request_id":"20251111064727FA4519080B4740DBFDEF"}

[2025-11-11 06:47:29] Response (400):
{"code":40002,"message":"Invalid value for data.0.user.ttp: value may not be null.","request_id":"2025111106472968C0DEED984E64B2823A"}

[2025-11-11 06:48:00] Response (400):
{"code":40002,"message":"Invalid value for data.0.user.ttp: value may not be null.","request_id":"2025111106480092634236ADA554E0E096"}

[2025-11-11 07:07:06] Response (400):
{"code":40002,"message":"Invalid value for data.0.user.ttp: value may not be null.","request_id":"2025111107070644DF97F46BDC17C4BF78"}

[2025-11-11 07:09:55] Response (400):
{"code":40002,"message":"Invalid value for data.0.user.ttp: value may not be null.","request_id":"2025111107095514AF5FBEB5CFB9D15700"}

[2025-11-11 07:16:42] Response (400):
{"code":40002,"message":"Invalid value for data.0.user.ttp: value may not be null.","request_id":"202511110716424AE9B31822AF564DADB5"}

[2025-11-11 07:29:40] Response (400):
{"code":40002,"message":"Invalid value for data.0.user.ttp: value may not be null.","request_id":"202511110729405955C13D3846F678A12A"}

[2025-11-11 07:36:17] Response (400):
{"code":40002,"message":"Invalid value for data.0.user.ttp: value may not be null.","request_id":"20251111073617770B08EA7AA598676DEF"}

[2025-11-11 07:36:22] Response (400):
{"code":40002,"message":"Invalid value for data.0.user.ttp: value may not be null.","request_id":"20251111073622E2901D5BF89289577AFB"}

[2025-11-11 07:36:27] Response (400):
{"code":40002,"message":"Invalid value for data.0.user.ttp: value may not be null.","request_id":"202511110736279719DA4641E31000F84C"}

[2025-11-11 07:53:43] Response (200):
{"code": 0, "message": "OK", "request_id": "20251111075343773D774E0CDAB0F2B3FF", "data": {}}

[2025-11-11 07:58:59] Response (400):
{"code":40002,"message":"Invalid value for data.0.user.ttp: value may not be null.","request_id":"202511110758592993AD1B45C136A93600"}

[2025-11-11 08:04:42] Response (400):
{"code":40002,"message":"Invalid value for data.0.user.ttp: value may not be null.","request_id":"2025111108044220CEA934AEC3FDDA98D6"}

[2025-11-11 08:05:57] Response (400):
{"code":40002,"message":"Invalid value for data.0.user.ttp: value may not be null.","request_id":"20251111080557294F9E0BA3971AD78445"}

[2025-11-11 08:08:55] Response (400):
{"code":40002,"message":"Invalid value for data.0.user.ttp: value may not be null.","request_id":"20251111080855DCDCE58F48965DB3A6B3"}

[2025-11-11 08:08:58] Response (400):
{"code":40002,"message":"Invalid value for data.0.user.ttp: value may not be null.","request_id":"202511110808585FD30924846FAFDE253D"}

[2025-11-11 08:16:15] Response (400):
{"code":40002,"message":"Invalid value for data.0.user.ttp: value may not be null.","request_id":"20251111081614A1F3E0EA4292F074C842"}

[2025-11-11 09:22:31] Response (400):
{"code":40002,"message":"Invalid value for data.0.user.ttp: value may not be null.","request_id":"20251111092231C6280D3BF5AAAB9D1DDE"}

[2025-11-11 09:26:26] Response (400):
{"code":40002,"message":"Invalid value for data.0.user.ttp: value may not be null.","request_id":"202511110926267EE4046CC7F8EF489FB8"}

[2025-11-11 09:40:53] Response (400):
{"code":40002,"message":"Invalid value for data.0.user.ttp: value may not be null.","request_id":"20251111094052CC7263A770D96061457C"}

[2025-11-11 10:25:15] Response (400):
{"code":40002,"message":"Invalid value for data.0.user.ttp: value may not be null.","request_id":"20251111102515EEB69AB448FB6AABF077"}

[2025-11-11 10:25:30] Response (400):
{"code":40002,"message":"Invalid value for data.0.user.ttp: value may not be null.","request_id":"20251111102530BF20C649E59FC1AC7332"}

[2025-11-11 10:27:04] Response (400):
{"code":40002,"message":"Invalid value for data.0.user.ttp: value may not be null.","request_id":"20251111102704952D5C857ED45F5749F1"}

[2025-11-11 10:28:40] Response (400):
{"code":40002,"message":"Invalid value for data.0.user.ttp: value may not be null.","request_id":"2025111110284035BCD96FE5062C5D3DA9"}

[2025-11-11 18:42:08] Response (400):
{"code":40002,"message":"Invalid value for data.0.user.ttp: value may not be null.","request_id":"2025111118420893FE87C9922628AD1CED"}

[2025-11-11 18:44:22] Response (400):
{"code":40002,"message":"Invalid value for data.0.user.ttp: value may not be null.","request_id":"202511111844223F081A57D09D86B47238"}

[2025-11-11 18:44:28] Response (400):
{"code":40002,"message":"Invalid value for data.0.user.ttp: value may not be null.","request_id":"202511111844288201EA396C6C7C890F49"}

[2025-11-11 18:46:05] Response (400):
{"code":40002,"message":"Invalid value for data.0.user.ttp: value may not be null.","request_id":"202511111846051C013D46D6DBDDA96704"}

[2025-11-11 18:57:45] Response (400):
{"code":40002,"message":"Invalid value for data.0.user.ttp: value may not be null.","request_id":"202511111857453420864DF89BD0E522F4"}

[2025-11-11 20:09:02] Response (400):
{"code":40002,"message":"Invalid value for data.0.user.ttp: value may not be null.","request_id":"20251111200902C4843E4B76D103DA1D97"}

[2025-11-11 20:09:55] Response (400):
{"code":40002,"message":"Invalid value for data.0.user.ttp: value may not be null.","request_id":"2025111120095532754C3B6CB7F2E83BF4"}

[2025-11-11 20:39:31] Response (400):
{"code":40002,"message":"Invalid value for data.0.user.ttp: value may not be null.","request_id":"202511112039311555ED5DAA17DCB1889C"}

[2025-11-11 20:44:38] Response (400):
{"code":40002,"message":"Invalid value for data.0.user.ttp: value may not be null.","request_id":"20251111204438D94C33EA541BB519F01F"}

[2025-11-11 20:56:31] Response (400):
{"code":40002,"message":"Invalid value for data.0.user.ttp: value may not be null.","request_id":"20251111205631AA766DD8B811D4F44CEB"}

[2025-11-11 20:57:31] Response (400):
{"code":40002,"message":"Invalid value for data.0.user.ttp: value may not be null.","request_id":"20251111205731A50775679DE379BE1A08"}

[2025-11-11 20:57:52] Response (400):
{"code":40002,"message":"Invalid value for data.0.user.ttp: value may not be null.","request_id":"202511112057520AD3732A0E5075C696D8"}

[2025-11-12 00:42:06] Response (200):
{"code": 0, "message": "OK", "request_id": "202511120042060E1F2EDF274B581AC9CA", "data": {}}

[2025-11-12 04:44:15] Response (400):
{"code":40002,"message":"Invalid value for data.0.user.ttp: value may not be null.","request_id":"20251112044415EEAE505FC856571D9695"}

[2025-11-12 05:40:05] Response (400):
{"code":40002,"message":"Invalid value for data.0.user.ttp: value may not be null.","request_id":"20251112054004BA92857BF2BDF8133246"}

[2025-11-12 05:44:54] Response (400):
{"code":40002,"message":"Invalid value for data.0.user.ttp: value may not be null.","request_id":"20251112054454E73DC0DDB42FAB57203B"}

[2025-11-12 05:45:17] Response (400):
{"code":40002,"message":"Invalid value for data.0.user.ttp: value may not be null.","request_id":"20251112054517D5E32E318EB42AD3C282"}

[2025-11-12 05:48:28] Response (400):
{"code":40002,"message":"Invalid value for data.0.user.ttp: value may not be null.","request_id":"2025111205482881E912927155BD381EA3"}

[2025-11-12 07:03:58] Response (400):
{"code":40002,"message":"Invalid value for data.0.user.ttp: value may not be null.","request_id":"20251112070358E299F2E48F8F4C2C3C2B"}

[2025-11-12 07:04:25] Response (400):
{"code":40002,"message":"Invalid value for data.0.user.ttp: value may not be null.","request_id":"202511120704259C78A648E556D9C067CD"}

[2025-11-12 07:40:47] Response (400):
{"code":40002,"message":"Invalid value for data.0.user.ttp: value may not be null.","request_id":"202511120740478849F8B2583B9C58F667"}

[2025-11-12 07:48:03] Response (400):
{"code":40002,"message":"Invalid value for data.0.user.ttp: value may not be null.","request_id":"20251112074803CE9856E6A34EF4559D31"}

[2025-11-12 07:48:16] Response (400):
{"code":40002,"message":"Invalid value for data.0.user.ttp: value may not be null.","request_id":"20251112074816818B20D8C19ABD7BC6D3"}

[2025-11-12 07:48:31] Response (400):
{"code":40002,"message":"Invalid value for data.0.user.ttp: value may not be null.","request_id":"202511120748318013A22E7F8584F9503A"}

[2025-11-12 08:03:14] Response (400):
{"code":40002,"message":"Invalid value for data.0.user.ttp: value may not be null.","request_id":"202511120803141B93BEDDDDA740968274"}

[2025-11-12 10:10:33] Response (400):
{"code":40002,"message":"Invalid value for data.0.user.ttp: value may not be null.","request_id":"20251112101033B0359FAAEA7EEA21B916"}

[2025-11-12 10:11:30] Response (400):
{"code":40002,"message":"Invalid value for data.0.user.ttp: value may not be null.","request_id":"20251112101130F304F4689CA3EA3A8F6F"}

[2025-11-12 10:20:58] Response (400):
{"code":40002,"message":"Invalid value for data.0.user.ttp: value may not be null.","request_id":"202511121020589534CC68F7E2C7416BEB"}

[2025-11-12 10:23:51] Response (400):
{"code":40002,"message":"Invalid value for data.0.user.ttp: value may not be null.","request_id":"20251112102351C0CADA6834208AF56A05"}

[2025-11-12 10:23:53] Response (400):
{"code":40002,"message":"Invalid value for data.0.user.ttp: value may not be null.","request_id":"202511121023533AF5970609DC26EB5D81"}

[2025-11-12 10:31:47] Response (400):
{"code":40002,"message":"Invalid value for data.0.user.ttp: value may not be null.","request_id":"20251112103147CEE6DE8C6AB1D7E0BE97"}

[2025-11-12 11:52:27] Response (400):
{"code":40002,"message":"Invalid value for data.0.user.ttp: value may not be null.","request_id":"202511121152274B8A7CBBF6AA4AE23248"}

[2025-11-12 11:57:21] Response (400):
{"code":40002,"message":"Invalid value for data.0.user.ttp: value may not be null.","request_id":"20251112115721BE421CC8687EDE33C878"}

[2025-11-12 12:04:35] Response (400):
{"code":40002,"message":"Invalid value for data.0.user.ttp: value may not be null.","request_id":"20251112120435581A144837E3F93DB41A"}

[2025-11-12 12:31:51] Response (400):
{"code":40002,"message":"Invalid value for data.0.user.ttp: value may not be null.","request_id":"2025111212315197E61511A4AC45E66670"}

[2025-11-12 12:36:57] Response (400):
{"code":40002,"message":"Invalid value for data.0.user.ttp: value may not be null.","request_id":"20251112123657F005EC3942EFCF42FA8E"}

[2025-11-12 12:37:08] Response (400):
{"code":40002,"message":"Invalid value for data.0.user.ttp: value may not be null.","request_id":"2025111212370829D1705817AA22FA0F6C"}

[2025-11-12 12:37:33] Response (400):
{"code":40002,"message":"Invalid value for data.0.user.ttp: value may not be null.","request_id":"202511121237333B6AD711764582779074"}

[2025-11-12 16:46:00] Response (200):
{"code": 0, "message": "OK", "request_id": "202511121646002CAEAE799FFCE7094929", "data": {}}

[2025-11-12 16:51:35] Response (200):
{"code": 0, "message": "OK", "request_id": "202511121651357F8B0EC25373DC871F97", "data": {}}

[2025-11-12 16:52:56] Response (200):
{"code": 0, "message": "OK", "request_id": "20251112165256CEEE448286E524AA7026", "data": {}}

[2025-11-12 16:52:59] Response (200):
{"code": 0, "message": "OK", "request_id": "202511121652590DA8557637131E69EA58", "data": {}}

[2025-11-12 16:53:27] Response (200):
{"code": 0, "message": "OK", "request_id": "20251112165327CEEE448286E524AA7EB7", "data": {}}

[2025-11-12 16:55:47] Response (200):
{"code": 0, "message": "OK", "request_id": "20251112165547BDFE79FB9D8C9E093196", "data": {}}

[2025-11-12 17:03:47] Response (200):
{"code": 0, "message": "OK", "request_id": "2025111217034762076BD003D37312CC04", "data": {}}

[2025-11-12 20:13:45] Response (400):
{"code":40002,"message":"Invalid value for data.0.user.ttp: value may not be null.","request_id":"20251112201345AB573562D3769D8164B4"}

[2025-11-12 20:40:49] Response (400):
{"code":40002,"message":"Invalid value for data.0.user.ttp: value may not be null.","request_id":"202511122040480B9A5FE79AF2E2753AC5"}

[2025-11-12 20:45:24] Response (400):
{"code":40002,"message":"Invalid value for data.0.user.ttp: value may not be null.","request_id":"20251112204524086A2DB565EF2FC0B9B2"}

[2025-11-12 20:45:30] Response (400):
{"code":40002,"message":"Invalid value for data.0.user.ttp: value may not be null.","request_id":"20251112204530A42541022313C2715E1B"}

[2025-11-12 20:49:54] Response (400):
{"code":40002,"message":"Invalid value for data.0.user.ttp: value may not be null.","request_id":"20251112204954B216DD33062548313B00"}

[2025-11-12 21:03:32] Response (400):
{"code":40002,"message":"Invalid value for data.0.user.ttp: value may not be null.","request_id":"20251112210332B9D3BEE6126B204597BD"}

[2025-11-12 21:03:33] Response (400):
{"code":40002,"message":"Invalid value for data.0.user.ttp: value may not be null.","request_id":"2025111221033224377E3D9683A8A0DB16"}

[2025-11-12 21:26:08] Response (200):
{"code": 0, "message": "OK", "request_id": "202511122126081DDAD7E960D820984F35", "data": {}}

[2025-11-12 21:26:23] Response (200):
{"code": 0, "message": "OK", "request_id": "20251112212622C1BC920C06964D6BC8FE", "data": {}}

[2025-11-12 21:26:50] Response (200):
{"code": 0, "message": "OK", "request_id": "20251112212650DD3E6F8F254EE2EE8F4C", "data": {}}

[2025-11-12 21:39:27] Response (200):
{"code": 0, "message": "OK", "request_id": "202511122139272B66013333DDD23AD060", "data": {}}

[2025-11-12 21:50:06] Response (200):
{"code": 0, "message": "OK", "request_id": "20251112215006BC43521C00258B92DF47", "data": {}}

[2025-11-12 21:50:28] Response (200):
{"code": 0, "message": "OK", "request_id": "202511122150285A25D5919D65EB3D313F", "data": {}}

[2025-11-12 21:54:07] Response (200):
{"code": 0, "message": "OK", "request_id": "2025111221540717A64923A2E1A91C9FFD", "data": {}}

[2025-11-12 21:54:24] Response (200):
{"code": 0, "message": "OK", "request_id": "20251112215424DEE32BDB7C0735180B01", "data": {}}

[2025-11-12 21:54:41] Response (400):
{"code":40002,"message":"Invalid value for data.0.user.ttp: value may not be null.","request_id":"20251112215441806EA9BB9267BC6769F7"}

[2025-11-12 21:56:54] Response (200):
{"code": 0, "message": "OK", "request_id": "20251112215654AF94782D46B1843417B0", "data": {}}

[2025-11-12 22:00:18] Response (200):
{"code": 0, "message": "OK", "request_id": "202511122200185E2427B80F0AE928D0E4", "data": {}}

[2025-11-12 22:02:19] Response (200):
{"code": 0, "message": "OK", "request_id": "20251112220219D448EECB89DAE57956EC", "data": {}}

[2025-11-13 07:23:41] Response (400):
{"code":40002,"message":"Invalid value for data.0.user.ttp: value may not be null.","request_id":"202511130723417FF3408E4C594AC1241F"}

[2025-11-13 07:30:21] Response (400):
{"code":40002,"message":"Invalid value for data.0.user.ttp: value may not be null.","request_id":"20251113073021A2E0AB78812DFD48FE5B"}

[2025-11-13 07:34:18] Response (400):
{"code":40002,"message":"Invalid value for data.0.user.ttp: value may not be null.","request_id":"202511130734189FE0F1D514094255FAFA"}

[2025-11-13 14:18:27] Response (400):
{"code":40002,"message":"Invalid value for data.0.user.ttp: value may not be null.","request_id":"20251113141827511546D9200036803281"}

[2025-11-13 14:23:40] Response (400):
{"code":40002,"message":"Invalid value for data.0.user.ttp: value may not be null.","request_id":"20251113142340E34C20DAD7E0AE9806B5"}

[2025-11-13 14:24:30] Response (400):
{"code":40002,"message":"Invalid value for data.0.user.ttp: value may not be null.","request_id":"202511131424300CC0D3E029DA8C25543A"}

[2025-11-13 14:39:47] Response (400):
{"code":40002,"message":"Invalid value for data.0.user.ttp: value may not be null.","request_id":"2025111314394783854A274966E572FB59"}

[2025-11-13 14:40:07] Response (400):
{"code":40002,"message":"Invalid value for data.0.user.ttp: value may not be null.","request_id":"2025111314400712EC77657A9A02194B77"}

[2025-11-13 14:40:38] Response (400):
{"code":40002,"message":"Invalid value for data.0.user.ttp: value may not be null.","request_id":"20251113144038A6E19638CA6489F486F0"}

[2025-11-13 14:44:16] Response (400):
{"code":40002,"message":"Invalid value for data.0.user.ttp: value may not be null.","request_id":"202511131444161CFB88B7DBE945089C58"}

[2025-11-13 14:44:18] Response (400):
{"code":40002,"message":"Invalid value for data.0.user.ttp: value may not be null.","request_id":"202511131444185D1CDC6CE70EBA72A018"}

[2025-11-13 14:53:52] Response (400):
{"code":40002,"message":"Invalid value for data.0.user.ttp: value may not be null.","request_id":"20251113145352123EB2890E5C5F5EE753"}

[2025-11-13 16:16:15] Response (400):
{"code":40002,"message":"Invalid value for data.0.user.ttp: value may not be null.","request_id":"2025111316161559C104B1A9D818B91977"}

[2025-11-13 16:16:55] Response (400):
{"code":40002,"message":"Invalid value for data.0.user.ttp: value may not be null.","request_id":"20251113161655893BBD387B8D2A4FAC8C"}

[2025-11-13 16:23:53] Response (400):
{"code":40002,"message":"Invalid value for data.0.user.ttp: value may not be null.","request_id":"20251113162353E03BC6603F57A5D2F704"}

[2025-11-13 16:27:17] Response (400):
{"code":40002,"message":"Invalid value for data.0.user.ttp: value may not be null.","request_id":"20251113162717679950087D2771CCF3E2"}

[2025-11-13 16:33:36] Response (400):
{"code":40002,"message":"Invalid value for data.0.user.ttp: value may not be null.","request_id":"20251113163336C2D20253A7814092B0EF"}

[2025-11-13 16:33:41] Response (400):
{"code":40002,"message":"Invalid value for data.0.user.ttp: value may not be null.","request_id":"20251113163341A7AE161EA53D1BA40E3E"}

[2025-11-13 16:33:43] Response (400):
{"code":40002,"message":"Invalid value for data.0.user.ttp: value may not be null.","request_id":"202511131633430C4E5DE68B84C2B38F3D"}

[2025-11-13 19:18:00] Response (400):
{"code":40002,"message":"Invalid value for data.0.user.ttp: value may not be null.","request_id":"20251113191800B410F48CB5A1E4226FDD"}

[2025-11-13 19:23:57] Response (400):
{"code":40002,"message":"Invalid value for data.0.user.ttp: value may not be null.","request_id":"20251113192357E2AF90E361F864BC92ED"}

[2025-11-13 19:29:32] Response (400):
{"code":40002,"message":"Invalid value for data.0.user.ttp: value may not be null.","request_id":"20251113192932DA62399F4D292EC062F5"}

[2025-11-13 19:29:48] Response (400):
{"code":40002,"message":"Invalid value for data.0.user.ttp: value may not be null.","request_id":"20251113192948968E9DB89CAEAC474CF1"}

[2025-11-13 19:32:52] Response (400):
{"code":40002,"message":"Invalid value for data.0.user.ttp: value may not be null.","request_id":"20251113193252234085B8EC119DEC13FD"}

[2025-11-13 19:32:54] Response (400):
{"code":40002,"message":"Invalid value for data.0.user.ttp: value may not be null.","request_id":"2025111319325425AC5DEAD2C39DB21489"}

[2025-11-13 19:39:36] Response (400):
{"code":40002,"message":"Invalid value for data.0.user.ttp: value may not be null.","request_id":"20251113193936025AD1FFE4C4A2F10520"}

[2025-11-13 19:56:56] Response (400):
{"code":40002,"message":"Invalid value for data.0.user.ttp: value may not be null.","request_id":"20251113195656516B0211C84199F7E9FD"}

[2025-11-13 20:00:52] Response (200):
{"code": 0, "message": "OK", "request_id": "2025111320005272369B44B3C369F0C388", "data": {}}

[2025-11-13 20:01:29] Response (200):
{"code": 0, "message": "OK", "request_id": "20251113200129406BEE36EFB5BCEF67F1", "data": {}}

[2025-11-13 20:01:30] Response (200):
{"code": 0, "message": "OK", "request_id": "20251113200129295ACE97E301133DD0EB", "data": {}}

[2025-11-13 20:02:06] Response (200):
{"code": 0, "message": "OK", "request_id": "20251113200205FDA38EEF7558FCF6C082", "data": {}}

[2025-11-13 20:02:07] Response (200):
{"code": 0, "message": "OK", "request_id": "20251113200207C71BE045B9B538EE8793", "data": {}}

[2025-11-13 20:02:09] Response (200):
{"code": 0, "message": "OK", "request_id": "202511132002094F44E1086CF3B00E7FA0", "data": {}}

[2025-11-13 20:02:21] Response (200):
{"code": 0, "message": "OK", "request_id": "20251113200221EC0027BD57D195BDEF91", "data": {}}

[2025-11-13 20:02:30] Response (200):
{"code": 0, "message": "OK", "request_id": "20251113200230E6CAC422C91025346FC2", "data": {}}

[2025-11-13 20:02:31] Response (200):
{"code": 0, "message": "OK", "request_id": "20251113200231293CCF30F44E79810ABC", "data": {}}

[2025-11-13 20:03:22] Response (200):
{"code": 0, "message": "OK", "request_id": "202511132003228044972106F708007855", "data": {}}

[2025-11-13 20:03:52] Response (400):
{"code":40002,"message":"Invalid value for data.0.user.ttp: value may not be null.","request_id":"202511132003529495A2621524CBED1D52"}

[2025-11-13 20:04:08] Response (400):
{"code":40002,"message":"Invalid value for data.0.user.ttp: value may not be null.","request_id":"20251113200408026239066ABA0ED10455"}

[2025-11-13 20:06:08] Response (400):
{"code":40002,"message":"Invalid value for data.0.user.ttp: value may not be null.","request_id":"20251113200608FFC0522BAEB37BFC5F34"}

[2025-11-13 20:06:10] Response (400):
{"code":40002,"message":"Invalid value for data.0.user.ttp: value may not be null.","request_id":"2025111320061094ADC884DE5B24E2D635"}

[2025-11-13 20:12:44] Response (400):
{"code":40002,"message":"Invalid value for data.0.user.ttp: value may not be null.","request_id":"20251113201244B7CD566193B217EDB6C5"}

[2025-11-13 20:16:32] Response (400):
{"code":40002,"message":"Invalid value for data.0.user.ttp: value may not be null.","request_id":"202511132016321AC6D5FCC03F0334394B"}

[2025-11-13 20:16:47] Response (400):
{"code":40002,"message":"Invalid value for data.0.user.ttp: value may not be null.","request_id":"20251113201647FD1D6F5885F596F4D61A"}

[2025-11-13 20:19:50] Response (400):
{"code":40002,"message":"Invalid value for data.0.user.ttp: value may not be null.","request_id":"20251113201949A5E59C9913BA8BC7E120"}

[2025-11-13 20:19:51] Response (400):
{"code":40002,"message":"Invalid value for data.0.user.ttp: value may not be null.","request_id":"202511132019512C619E8B8A294D021C4D"}

[2025-11-13 20:28:11] Response (400):
{"code":40002,"message":"Invalid value for data.0.user.ttp: value may not be null.","request_id":"20251113202811D4D42C688E4BD5BC0BE9"}

[2025-11-13 21:27:39] Response (400):
{"code":40002,"message":"Invalid value for data.0.user.ttp: value may not be null.","request_id":"20251113212739C20CA6872F37B911B162"}

[2025-11-13 21:51:34] Response (400):
{"code":40002,"message":"Invalid value for data.0.user.ttp: value may not be null.","request_id":"202511132151345F3C5C052ED31192E5F9"}

[2025-11-13 21:54:59] Response (400):
{"code":40002,"message":"Invalid value for data.0.user.ttp: value may not be null.","request_id":"2025111321545983203612E5296F27F658"}

[2025-11-13 21:55:06] Response (400):
{"code":40002,"message":"Invalid value for data.0.user.ttp: value may not be null.","request_id":"2025111321550622FE9F96A06EC7761F82"}

[2025-11-13 21:55:50] Response (400):
{"code":40002,"message":"Invalid value for data.0.user.ttp: value may not be null.","request_id":"2025111321555093C2715969266697FAEF"}

[2025-11-13 23:30:01] Response (400):
{"code":40002,"message":"Invalid value for data.0.user.ttp: value may not be null.","request_id":"20251113233001B8703E87DE70C737757D"}

[2025-11-13 23:33:53] Response (400):
{"code":40002,"message":"Invalid value for data.0.user.ttp: value may not be null.","request_id":"2025111323335366C0811DF1C9C44E9204"}

[2025-11-13 23:34:47] Response (400):
{"code":40002,"message":"Invalid value for data.0.user.ttp: value may not be null.","request_id":"2025111323344703DD2ACC1A52D70C6C64"}

[2025-11-13 23:36:30] Response (400):
{"code":40002,"message":"Invalid value for data.0.user.ttp: value may not be null.","request_id":"202511132336306BED4A0A712C59084EFC"}

[2025-11-13 23:37:13] Response (400):
{"code":40002,"message":"Invalid value for data.0.user.ttp: value may not be null.","request_id":"20251113233713928C8BC825428DD72861"}

[2025-11-13 23:44:03] Response (400):
{"code":40002,"message":"Invalid value for data.0.user.ttp: value may not be null.","request_id":"202511132344026916D9C281B60BFEAB0E"}

[2025-11-14 00:42:52] Response (400):
{"code":40002,"message":"Invalid value for data.0.user.ttp: value may not be null.","request_id":"20251114004252BA57FDBF89276E5DB798"}

[2025-11-14 01:13:41] Response (400):
{"code":40002,"message":"Invalid value for data.0.user.ttp: value may not be null.","request_id":"202511140113419C404AAC4DDC03C1B4B6"}

[2025-11-14 01:15:02] Response (400):
{"code":40002,"message":"Invalid value for data.0.user.ttp: value may not be null.","request_id":"20251114011502615440206446E3554C84"}

[2025-11-14 01:15:10] Response (400):
{"code":40002,"message":"Invalid value for data.0.user.ttp: value may not be null.","request_id":"202511140115109E3103C516641EA8678D"}

[2025-11-14 01:18:07] Response (400):
{"code":40002,"message":"Invalid value for data.0.user.ttp: value may not be null.","request_id":"202511140118075A07815F45548201904E"}

[2025-11-14 09:40:30] Response (400):
{"code":40002,"message":"Invalid value for data.0.user.ttp: value may not be null.","request_id":"20251114094030191D1971E1E641F06098"}

[2025-11-14 09:40:36] Response (400):
{"code":40002,"message":"Invalid value for data.0.user.ttp: value may not be null.","request_id":"20251114094036777DC96895A13F4E8384"}

[2025-11-14 09:48:59] Response (400):
{"code":40002,"message":"Invalid value for data.0.user.ttp: value may not be null.","request_id":"2025111409485990146D959FA46F7B0F57"}

[2025-11-14 09:50:31] Response (400):
{"code":40002,"message":"Invalid value for data.0.user.ttp: value may not be null.","request_id":"20251114095030B1692853C46F6100A7D4"}

[2025-11-14 09:50:31] Response (400):
{"code":40002,"message":"Invalid value for data.0.user.ttp: value may not be null.","request_id":"20251114095031365BB22B550F3980F9E0"}

[2025-11-14 10:43:50] Response (400):
{"code":40002,"message":"Invalid value for data.0.user.ttp: value may not be null.","request_id":"2025111410435080A4D2CD5888FA694A2C"}

[2025-11-14 11:42:24] Response (400):
{"code":40002,"message":"Invalid value for data.0.user.ttp: value may not be null.","request_id":"20251114114224BAFEE7A344E43A6D47CA"}

[2025-11-14 11:51:51] Response (400):
{"code":40002,"message":"Invalid value for data.0.user.ttp: value may not be null.","request_id":"2025111411515197ADC6EC93CB244D67E3"}

[2025-11-14 11:51:59] Response (400):
{"code":40002,"message":"Invalid value for data.0.user.ttp: value may not be null.","request_id":"20251114115159925C89B72535EC61F316"}

[2025-11-14 11:53:11] Response (400):
{"code":40002,"message":"Invalid value for data.0.user.ttp: value may not be null.","request_id":"20251114115311A1BD5108857895F1661E"}

[2025-11-14 12:05:42] Response (400):
{"code":40002,"message":"Invalid value for data.0.user.ttp: value may not be null.","request_id":"20251114120542D63FA417668557BC87FA"}

[2025-11-14 20:42:42] Response (400):
{"code":40002,"message":"Invalid value for data.0.user.ttp: value may not be null.","request_id":"20251114204242743071DD58B60C76BFAF"}

[2025-11-14 20:42:45] Response (400):
{"code":40002,"message":"Invalid value for data.0.user.ttp: value may not be null.","request_id":"20251114204245BEBB4AA29A92AA10A4A3"}

[2025-11-14 20:47:04] Response (400):
{"code":40002,"message":"Invalid value for data.0.user.ttp: value may not be null.","request_id":"20251114204704E4B65BF6257B98120480"}

[2025-11-14 20:47:19] Response (400):
{"code":40002,"message":"Invalid value for data.0.user.ttp: value may not be null.","request_id":"2025111420471988B61E7F649F0C5C412E"}

[2025-11-14 20:47:24] Response (400):
{"code":40002,"message":"Invalid value for data.0.user.ttp: value may not be null.","request_id":"20251114204724E167BA7942CD3F7953FA"}

[2025-11-14 21:45:02] Response (400):
{"code":40002,"message":"Invalid value for data.0.user.ttp: value may not be null.","request_id":"202511142145025A649516ACD1EA6440B7"}

[2025-11-14 21:53:35] Response (400):
{"code":40002,"message":"Invalid value for data.0.user.ttp: value may not be null.","request_id":"202511142153358EB059E0FBE718AF763D"}

[2025-11-14 22:51:29] Response (400):
{"code":40002,"message":"Invalid value for data.0.user.ttp: value may not be null.","request_id":"20251114225128AAB04F8954CBBBA0B20C"}

[2025-11-14 22:51:36] Response (400):
{"code":40002,"message":"Invalid value for data.0.user.ttp: value may not be null.","request_id":"2025111422513640F8D2B8C81448977652"}

[2025-11-14 22:52:25] Response (400):
{"code":40002,"message":"Invalid value for data.0.user.ttp: value may not be null.","request_id":"202511142252259BA17CA1265937054907"}

[2025-11-14 22:55:24] Response (400):
{"code":40002,"message":"Invalid value for data.0.user.ttp: value may not be null.","request_id":"2025111422552413C8DF6BC0FC88BFABA6"}

[2025-11-15 07:42:22] Response (400):
{"code":40002,"message":"Invalid value for data.0.user.ttp: value may not be null.","request_id":"202511150742225672221069B8B1B519D9"}

[2025-11-15 07:42:23] Response (400):
{"code":40002,"message":"Invalid value for data.0.user.ttp: value may not be null.","request_id":"2025111507422339245DCB7BAAB166A06C"}

[2025-11-15 07:42:26] Response (400):
{"code":40002,"message":"Invalid value for data.0.user.ttp: value may not be null.","request_id":"20251115074226DA9342E7FCCA7171FAE4"}

[2025-11-15 07:42:45] Response (400):
{"code":40002,"message":"Invalid value for data.0.user.ttp: value may not be null.","request_id":"20251115074245E2F62B269F881DDB4D33"}

[2025-11-15 07:45:05] Response (400):
{"code":40002,"message":"Invalid value for data.0.user.ttp: value may not be null.","request_id":"20251115074505833386AF34DC7A525E79"}

[2025-11-15 08:44:57] Response (400):
{"code":40002,"message":"Invalid value for data.0.user.ttp: value may not be null.","request_id":"202511150844576EAFE372AC9F5AE1A516"}

[2025-11-15 08:47:30] Response (400):
{"code":40002,"message":"Invalid value for data.0.user.ttp: value may not be null.","request_id":"20251115084730F7DFC8CF64CB5BB86D34"}

[2025-11-15 09:48:18] Response (400):
{"code":40002,"message":"Invalid value for data.0.user.ttp: value may not be null.","request_id":"2025111509481889737DC3B6925C37A78A"}

[2025-11-15 09:48:20] Response (400):
{"code":40002,"message":"Invalid value for data.0.user.ttp: value may not be null.","request_id":"2025111509482069962EC7DE189460046C"}

[2025-11-15 09:49:01] Response (400):
{"code":40002,"message":"Invalid value for data.0.user.ttp: value may not be null.","request_id":"20251115094901112501DB2F1BECE7233F"}

[2025-11-15 09:49:12] Response (400):
{"code":40002,"message":"Invalid value for data.0.user.ttp: value may not be null.","request_id":"20251115094912237FEDAE87A480657E69"}

[2025-11-15 18:42:16] Response (400):
{"code":40002,"message":"Invalid value for data.0.user.ttp: value may not be null.","request_id":"202511151842161310F63ADDA727B5255A"}

[2025-11-15 18:44:42] Response (400):
{"code":40002,"message":"Invalid value for data.0.user.ttp: value may not be null.","request_id":"20251115184442E82F92DCB4BACBF00CE7"}

[2025-11-15 18:44:45] Response (400):
{"code":40002,"message":"Invalid value for data.0.user.ttp: value may not be null.","request_id":"20251115184445C6B50D79C819EE909E58"}

[2025-11-15 18:45:40] Response (400):
{"code":40002,"message":"Invalid value for data.0.user.ttp: value may not be null.","request_id":"202511151845405749232CA03C2FB0522A"}

[2025-11-15 18:51:11] Response (400):
{"code":40002,"message":"Invalid value for data.0.user.ttp: value may not be null.","request_id":"20251115185111ACEA6D5A61A373E720A0"}

[2025-11-15 18:51:18] Response (400):
{"code":40002,"message":"Invalid value for data.0.user.ttp: value may not be null.","request_id":"202511151851183FA62036EC47D8799837"}

[2025-11-15 19:20:29] Response (200):
{"code": 0, "message": "OK", "request_id": "202511151920292B12C8297812FF368BDD", "data": {}}

[2025-11-15 19:44:09] Response (400):
{"code":40002,"message":"Invalid value for data.0.user.ttp: value may not be null.","request_id":"20251115194409DF643DA6644FB63D02C4"}

[2025-11-15 19:45:34] Response (400):
{"code":40002,"message":"Invalid value for data.0.user.ttp: value may not be null.","request_id":"20251115194534E94FC404DFBD3D123519"}

[2025-11-15 20:48:21] Response (400):
{"code":40002,"message":"Invalid value for data.0.user.ttp: value may not be null.","request_id":"202511152048214BC9C829632772BF1F9B"}

[2025-11-15 20:50:34] Response (400):
{"code":40002,"message":"Invalid value for data.0.user.ttp: value may not be null.","request_id":"2025111520503454809E689BA229D0F9A5"}

[2025-11-15 20:50:54] Response (400):
{"code":40002,"message":"Invalid value for data.0.user.ttp: value may not be null.","request_id":"20251115205054BBFC4D845D5F1BA66A81"}

[2025-11-15 20:52:52] Response (400):
{"code":40002,"message":"Invalid value for data.0.user.ttp: value may not be null.","request_id":"20251115205252888D83CEBBDD3E05C182"}

[2025-11-15 21:52:09] Response (400):
{"code":40002,"message":"Invalid value for data.0.user.ttp: value may not be null.","request_id":"202511152152096536F5D918F6E2EC344E"}

[2025-11-16 05:41:31] Response (400):
{"code":40002,"message":"Invalid value for data.0.user.ttp: value may not be null.","request_id":"2025111605413138A8EA1A841274F4F9DE"}

[2025-11-16 05:41:34] Response (400):
{"code":40002,"message":"Invalid value for data.0.user.ttp: value may not be null.","request_id":"20251116054134F0655ACE4F30892CE12E"}

[2025-11-16 05:41:36] Response (400):
{"code":40002,"message":"Invalid value for data.0.user.ttp: value may not be null.","request_id":"20251116054135249EE7983FB65A2606FE"}

[2025-11-16 05:50:56] Response (400):
{"code":40002,"message":"Invalid value for data.0.user.ttp: value may not be null.","request_id":"202511160550568E866DFBC81BB6134C7B"}

[2025-11-16 05:50:59] Response (400):
{"code":40002,"message":"Invalid value for data.0.user.ttp: value may not be null.","request_id":"2025111605505909B141D7E70475EC48DA"}

[2025-11-16 06:40:59] Response (400):
{"code":40002,"message":"Invalid value for data.0.user.ttp: value may not be null.","request_id":"2025111606405943F77A1353E7B56009B4"}

[2025-11-16 06:51:00] Response (400):
{"code":40002,"message":"Invalid value for data.0.user.ttp: value may not be null.","request_id":"202511160650595AE1CED047EDBBF95613"}

[2025-11-16 07:55:23] Response (400):
{"code":40002,"message":"Invalid value for data.0.user.ttp: value may not be null.","request_id":"202511160755231EAC5C6983C67D42B53F"}

[2025-11-16 07:55:28] Response (400):
{"code":40002,"message":"Invalid value for data.0.user.ttp: value may not be null.","request_id":"202511160755287AA5EB74F20836D8E033"}

[2025-11-16 07:55:43] Response (400):
{"code":40002,"message":"Invalid value for data.0.user.ttp: value may not be null.","request_id":"20251116075543F9E724731A60805EC2A8"}

[2025-11-16 07:56:14] Response (400):
{"code":40002,"message":"Invalid value for data.0.user.ttp: value may not be null.","request_id":"20251116075614069DC35D6E69271FAE57"}

[2025-11-16 16:40:06] Response (400):
{"code":40002,"message":"Invalid value for data.0.user.ttp: value may not be null.","request_id":"20251116164006E2D837C1609237530898"}

[2025-11-16 16:42:07] Response (400):
{"code":40002,"message":"Invalid value for data.0.user.ttp: value may not be null.","request_id":"20251116164207295ACE97E30113B15648"}

[2025-11-16 16:42:12] Response (400):
{"code":40002,"message":"Invalid value for data.0.user.ttp: value may not be null.","request_id":"2025111616421256A38C95B05A15CDCEE2"}

[2025-11-16 16:45:27] Response (400):
{"code":40002,"message":"Invalid value for data.0.user.ttp: value may not be null.","request_id":"202511161645273770B984F758C1EAB542"}

[2025-11-16 16:49:26] Response (400):
{"code":40002,"message":"Invalid value for data.0.user.ttp: value may not be null.","request_id":"20251116164926AF4F427201AC317C9FDF"}

[2025-11-16 17:42:12] Response (400):
{"code":40002,"message":"Invalid value for data.0.user.ttp: value may not be null.","request_id":"20251116174212C98A46E847D66FB16E11"}

[2025-11-16 17:48:04] Response (400):
{"code":40002,"message":"Invalid value for data.0.user.ttp: value may not be null.","request_id":"20251116174804421F6EC89E6441728E5B"}

[2025-11-16 18:45:29] Response (400):
{"code":40002,"message":"Invalid value for data.0.user.ttp: value may not be null.","request_id":"2025111618452933926CC0C55E1F1E8D56"}

[2025-11-16 18:45:39] Response (400):
{"code":40002,"message":"Invalid value for data.0.user.ttp: value may not be null.","request_id":"202511161845393624B4F87FEA20ABE5E1"}

[2025-11-16 18:45:45] Response (400):
{"code":40002,"message":"Invalid value for data.0.user.ttp: value may not be null.","request_id":"2025111618454482E1E8B6BEFAE92237AC"}

[2025-11-16 18:53:43] Response (400):
{"code":40002,"message":"Invalid value for data.0.user.ttp: value may not be null.","request_id":"20251116185343A3208C47AAD3093731FD"}

[2025-11-17 03:40:10] Response (400):
{"code":40002,"message":"Invalid value for data.0.user.ttp: value may not be null.","request_id":"20251117034010265DEDE8350BE338CEB6"}

[2025-11-17 03:42:42] Response (400):
{"code":40002,"message":"Invalid value for data.0.user.ttp: value may not be null.","request_id":"20251117034242B34A44614C9437848943"}

[2025-11-17 03:42:49] Response (400):
{"code":40002,"message":"Invalid value for data.0.user.ttp: value may not be null.","request_id":"20251117034248D495A11881351174AE70"}

[2025-11-17 03:43:08] Response (400):
{"code":40002,"message":"Invalid value for data.0.user.ttp: value may not be null.","request_id":"20251117034308DCF98E235FDDBCD7DF74"}

[2025-11-17 03:43:11] Response (400):
{"code":40002,"message":"Invalid value for data.0.user.ttp: value may not be null.","request_id":"20251117034311856E0E922F53A2EF24E9"}

[2025-11-17 04:42:19] Response (400):
{"code":40002,"message":"Invalid value for data.0.user.ttp: value may not be null.","request_id":"20251117044219C66844E0F16091C742DC"}

[2025-11-17 04:47:56] Response (400):
{"code":40002,"message":"Invalid value for data.0.user.ttp: value may not be null.","request_id":"20251117044756A7E2E9CADA68DD6006BE"}

[2025-11-17 05:49:15] Response (400):
{"code":40002,"message":"Invalid value for data.0.user.ttp: value may not be null.","request_id":"20251117054915F8A2518F18F116AA2EC1"}

[2025-11-17 05:49:23] Response (400):
{"code":40002,"message":"Invalid value for data.0.user.ttp: value may not be null.","request_id":"20251117054923B2A96A421B0E4F490C9F"}

[2025-11-17 05:56:28] Response (400):
{"code":40002,"message":"Invalid value for data.0.user.ttp: value may not be null.","request_id":"202511170556282215C4AA78B245045EC3"}

[2025-11-17 05:56:39] Response (400):
{"code":40002,"message":"Invalid value for data.0.user.ttp: value may not be null.","request_id":"20251117055639B6032BF3BD75E36214F3"}

[2025-11-17 14:41:30] Response (400):
{"code":40002,"message":"Invalid value for data.0.user.ttp: value may not be null.","request_id":"202511171441304675A2C95CC950BB0F7D"}

[2025-11-17 14:42:58] Response (400):
{"code":40002,"message":"Invalid value for data.0.user.ttp: value may not be null.","request_id":"202511171442589D1538392BFF04C3A996"}

[2025-11-17 14:43:03] Response (400):
{"code":40002,"message":"Invalid value for data.0.user.ttp: value may not be null.","request_id":"2025111714430307A00444515E4476E2B6"}

[2025-11-17 14:43:38] Response (400):
{"code":40002,"message":"Invalid value for data.0.user.ttp: value may not be null.","request_id":"202511171443389B675C2E69D4C187CCB5"}

[2025-11-17 14:43:41] Response (400):
{"code":40002,"message":"Invalid value for data.0.user.ttp: value may not be null.","request_id":"202511171443410A7425E1F92377411B0F"}

[2025-11-17 15:43:22] Response (400):
{"code":40002,"message":"Invalid value for data.0.user.ttp: value may not be null.","request_id":"202511171543221549B8530D6164EDDCF7"}

[2025-11-17 15:45:08] Response (400):
{"code":40002,"message":"Invalid value for data.0.user.ttp: value may not be null.","request_id":"20251117154508E58FBF3769EED3DC45A3"}

[2025-11-17 16:44:08] Response (400):
{"code":40002,"message":"Invalid value for data.0.user.ttp: value may not be null.","request_id":"20251117164408E2901D5BF892894D021B"}

[2025-11-17 16:44:15] Response (400):
{"code":40002,"message":"Invalid value for data.0.user.ttp: value may not be null.","request_id":"2025111716441549F61038EE92F4909BB3"}

[2025-11-17 16:51:51] Response (400):
{"code":40002,"message":"Invalid value for data.0.user.ttp: value may not be null.","request_id":"20251117165151AB1084FB9EDE8ADB665C"}

[2025-11-17 16:52:01] Response (400):
{"code":40002,"message":"Invalid value for data.0.user.ttp: value may not be null.","request_id":"20251117165201E74CE638ED9835A87D6D"}

[2025-11-17 23:30:37] Response (400):
{"code":40002,"message":"Invalid value for data.0.user.ttp: value may not be null.","request_id":"20251117233037545001E3BF00A6184822"}

[2025-11-18 01:42:46] Response (400):
{"code":40002,"message":"Invalid value for data.0.user.ttp: value may not be null.","request_id":"20251118014246291CEB54FEC4654AC5B9"}

[2025-11-18 01:42:48] Response (400):
{"code":40002,"message":"Invalid value for data.0.user.ttp: value may not be null.","request_id":"20251118014248D393F68B027D15C313FA"}

[2025-11-18 01:48:43] Response (400):
{"code":40002,"message":"Invalid value for data.0.user.ttp: value may not be null.","request_id":"202511180148434CAE81A997E42080A14D"}

[2025-11-18 01:50:35] Response (400):
{"code":40002,"message":"Invalid value for data.0.user.ttp: value may not be null.","request_id":"202511180150356210E2BA6D8FCF132A86"}

[2025-11-18 01:50:38] Response (400):
{"code":40002,"message":"Invalid value for data.0.user.ttp: value may not be null.","request_id":"2025111801503820CD55840160CBF10541"}

[2025-11-18 02:42:31] Response (400):
{"code":40002,"message":"Invalid value for data.0.user.ttp: value may not be null.","request_id":"202511180242316947DBB9ABBFE302A9F0"}

[2025-11-18 02:45:57] Response (400):
{"code":40002,"message":"Invalid value for data.0.user.ttp: value may not be null.","request_id":"20251118024557813F6087B7D4C822B9BF"}

[2025-11-18 03:40:33] Response (400):
{"code":40002,"message":"Invalid value for data.0.user.ttp: value may not be null.","request_id":"20251118034033F04822CE584D39E19605"}

[2025-11-18 03:53:55] Response (400):
{"code":40002,"message":"Invalid value for data.0.user.ttp: value may not be null.","request_id":"2025111803535545D16DBC357D6CF02D2C"}

[2025-11-18 03:54:40] Response (400):
{"code":40002,"message":"Invalid value for data.0.user.ttp: value may not be null.","request_id":"202511180354407E36893742E05F4B606A"}

[2025-11-18 06:06:16] Response (400):
{"code":40002,"message":"Invalid value for data.0.user.ttp: value may not be null.","request_id":"202511180606160D7E959275B3FE6AA652"}

[2025-11-18 12:41:00] Response (400):
{"code":40002,"message":"Invalid value for data.0.user.ttp: value may not be null.","request_id":"2025111812410069395414B42C781B8948"}

[2025-11-18 12:41:01] Response (400):
{"code":40002,"message":"Invalid value for data.0.user.ttp: value may not be null.","request_id":"20251118124101538E01868A9F953E73CA"}

[2025-11-18 12:41:05] Response (400):
{"code":40002,"message":"Invalid value for data.0.user.ttp: value may not be null.","request_id":"2025111812410527FC8BAE5519127180FA"}

[2025-11-18 12:42:09] Response (400):
{"code":40002,"message":"Invalid value for data.0.user.ttp: value may not be null.","request_id":"20251118124209C81E947980678C0EA12C"}

[2025-11-18 12:49:15] Response (400):
{"code":40002,"message":"Invalid value for data.0.user.ttp: value may not be null.","request_id":"20251118124915F33B29ED31E2036C27EB"}

[2025-11-18 13:41:03] Response (400):
{"code":40002,"message":"Invalid value for data.0.user.ttp: value may not be null.","request_id":"2025111813410312807F4391DD6C683A61"}

[2025-11-18 13:41:38] Response (400):
{"code":40002,"message":"Invalid value for data.0.user.ttp: value may not be null.","request_id":"202511181341384F9722FB434CE6957A36"}

[2025-11-18 14:47:47] Response (400):
{"code":40002,"message":"Invalid value for data.0.user.ttp: value may not be null.","request_id":"2025111814474798912687BD330CA63218"}

[2025-11-18 14:52:30] Response (400):
{"code":40002,"message":"Invalid value for data.0.user.ttp: value may not be null.","request_id":"2025111814523042D5EAE15796EE4ABBAE"}

[2025-11-18 14:52:57] Response (400):
{"code":40002,"message":"Invalid value for data.0.user.ttp: value may not be null.","request_id":"202511181452579BFA170F2FE13714356B"}

[2025-11-18 17:47:16] Response (400):
{"code":40002,"message":"Invalid value for data.0.user.ttp: value may not be null.","request_id":"20251118174716446DC7E25D93092DB0AC"}

[2025-11-18 18:48:13] Response (400):
{"code":40002,"message":"Invalid value for data.0.user.ttp: value may not be null.","request_id":"20251118184813EACEC7554042038BFD5F"}

[2025-11-18 23:39:53] Response (400):
{"code":40002,"message":"Invalid value for data.0.user.ttp: value may not be null.","request_id":"202511182339538C8A3F809477E25E66FF"}

[2025-11-18 23:39:58] Response (400):
{"code":40002,"message":"Invalid value for data.0.user.ttp: value may not be null.","request_id":"202511182339580B7FA419013B9163D3F2"}

[2025-11-18 23:42:18] Response (400):
{"code":40002,"message":"Invalid value for data.0.user.ttp: value may not be null.","request_id":"2025111823421856B5C808031099820C87"}

[2025-11-18 23:43:07] Response (400):
{"code":40002,"message":"Invalid value for data.0.user.ttp: value may not be null.","request_id":"202511182343079C5A17921AC0AE52673D"}

[2025-11-18 23:43:11] Response (400):
{"code":40002,"message":"Invalid value for data.0.user.ttp: value may not be null.","request_id":"20251118234311196D47C9261BA185C735"}

[2025-11-19 00:40:20] Response (400):
{"code":40002,"message":"Invalid value for data.0.user.ttp: value may not be null.","request_id":"20251119004020D8E9059CC032CB55A36C"}

[2025-11-19 00:45:23] Response (400):
{"code":40002,"message":"Invalid value for data.0.user.ttp: value may not be null.","request_id":"202511190045239C0BEC25BF1E53373DF7"}

[2025-11-19 01:41:26] Response (400):
{"code":40002,"message":"Invalid value for data.0.user.ttp: value may not be null.","request_id":"2025111901412608D2A4BC8A07E4447539"}

[2025-11-19 01:41:29] Response (400):
{"code":40002,"message":"Invalid value for data.0.user.ttp: value may not be null.","request_id":"202511190141297BF4668F4121AE4F2CC6"}

[2025-11-19 01:47:39] Response (400):
{"code":40002,"message":"Invalid value for data.0.user.ttp: value may not be null.","request_id":"202511190147381CF25A2FE2F145E671FD"}

[2025-11-19 05:49:37] Response (400):
{"code":40002,"message":"Invalid value for data.0.user.ttp: value may not be null.","request_id":"20251119054937E2F62B269F881DE28EAD"}

[2025-11-19 10:42:44] Response (400):
{"code":40002,"message":"Invalid value for data.0.user.ttp: value may not be null.","request_id":"20251119104244C2BDB7EDF032A5518DE6"}

[2025-11-19 10:42:48] Response (400):
{"code":40002,"message":"Invalid value for data.0.user.ttp: value may not be null.","request_id":"20251119104248134B9D7A972817608452"}

[2025-11-19 10:48:05] Response (400):
{"code":40002,"message":"Invalid value for data.0.user.ttp: value may not be null.","request_id":"20251119104805381CA420C029D6A7EFB3"}

[2025-11-19 10:51:21] Response (400):
{"code":40002,"message":"Invalid value for data.0.user.ttp: value may not be null.","request_id":"20251119105120F46A25503EC5497C7124"}

[2025-11-19 10:51:23] Response (400):
{"code":40002,"message":"Invalid value for data.0.user.ttp: value may not be null.","request_id":"202511191051235C17EE27726C9EB820D4"}

[2025-11-19 10:51:32] Response (400):
{"code":40002,"message":"Invalid value for data.0.user.ttp: value may not be null.","request_id":"20251119105132073DA09A10B033389618"}

[2025-11-19 11:46:33] Response (400):
{"code":40002,"message":"Invalid value for data.0.user.ttp: value may not be null.","request_id":"202511191146332CDA0E765E382A3978AC"}

[2025-11-19 11:52:37] Response (400):
{"code":40002,"message":"Invalid value for data.0.user.ttp: value may not be null.","request_id":"2025111911523791E7C265C33C517A24ED"}

[2025-11-19 11:53:36] Response (400):
{"code":40002,"message":"Invalid value for data.0.user.ttp: value may not be null.","request_id":"202511191153369AE42C15D3AC5EC89A38"}

[2025-11-19 12:41:41] Response (400):
{"code":40002,"message":"Invalid value for data.0.user.ttp: value may not be null.","request_id":"202511191241400F6AD1B3DE0D42F069C5"}

[2025-11-19 16:47:46] Response (400):
{"code":40002,"message":"Invalid value for data.0.user.ttp: value may not be null.","request_id":"2025111916474550042A3C28F9D6EF42A4"}

[2025-11-19 21:47:15] Response (400):
{"code":40002,"message":"Invalid value for data.0.user.ttp: value may not be null.","request_id":"20251119214715F0D51895FB79FD2101F4"}

[2025-11-19 21:47:17] Response (400):
{"code":40002,"message":"Invalid value for data.0.user.ttp: value may not be null.","request_id":"20251119214717D8D7426A32E3DFDC2FF9"}

[2025-11-19 21:47:26] Response (400):
{"code":40002,"message":"Invalid value for data.0.user.ttp: value may not be null.","request_id":"202511192147252E6196A7A5E9C0C08E41"}

[2025-11-19 21:48:18] Response (400):
{"code":40002,"message":"Invalid value for data.0.user.ttp: value may not be null.","request_id":"20251119214818F9756DB82E51F14EECDD"}

[2025-11-19 21:48:30] Response (400):
{"code":40002,"message":"Invalid value for data.0.user.ttp: value may not be null.","request_id":"202511192148308A83F70565712F5225B7"}

[2025-11-19 21:54:51] Response (400):
{"code":40002,"message":"Invalid value for data.0.user.ttp: value may not be null.","request_id":"20251119215451BB1059309EB6DE03DF2B"}

[2025-11-19 22:47:15] Response (400):
{"code":40002,"message":"Invalid value for data.0.user.ttp: value may not be null.","request_id":"202511192247159A69DC1CA3286F798916"}

[2025-11-19 22:51:08] Response (400):
{"code":40002,"message":"Invalid value for data.0.user.ttp: value may not be null.","request_id":"20251119225108D97BB0C8F64FAE897B9D"}

[2025-11-19 22:51:09] Response (400):
{"code":40002,"message":"Invalid value for data.0.user.ttp: value may not be null.","request_id":"20251119225109DF3EB762A64E21B264CE"}

[2025-11-19 23:46:43] Response (400):
{"code":40002,"message":"Invalid value for data.0.user.ttp: value may not be null.","request_id":"202511192346439238D427D86116CC3F6E"}

[2025-11-20 03:41:43] Response (400):
{"code":40002,"message":"Invalid value for data.0.user.ttp: value may not be null.","request_id":"20251120034143AB8921208531561D0957"}

[2025-11-20 08:42:32] Response (400):
{"code":40002,"message":"Invalid value for data.0.user.ttp: value may not be null.","request_id":"202511200842320CC7D17D6170D78A3B4E"}

[2025-11-20 08:42:34] Response (400):
{"code":40002,"message":"Invalid value for data.0.user.ttp: value may not be null.","request_id":"20251120084234D4A65A50571BC507E322"}

[2025-11-20 08:42:39] Response (400):
{"code":40002,"message":"Invalid value for data.0.user.ttp: value may not be null.","request_id":"202511200842394EB51330C0DF4505EE2B"}

[2025-11-20 08:42:57] Response (400):
{"code":40002,"message":"Invalid value for data.0.user.ttp: value may not be null.","request_id":"2025112008425738E5C25227CE7C069422"}

[2025-11-20 08:50:26] Response (400):
{"code":40002,"message":"Invalid value for data.0.user.ttp: value may not be null.","request_id":"20251120085026077896A980FF62970072"}

[2025-11-20 08:50:27] Response (400):
{"code":40002,"message":"Invalid value for data.0.user.ttp: value may not be null.","request_id":"202511200850272F3351AAF8605987A6EE"}

[2025-11-20 09:46:13] Response (0):


[2025-11-20 09:47:48] Response (400):
{"code":40002,"message":"Invalid value for data.0.user.ttp: value may not be null.","request_id":"2025112009474822E78BF562AAF34819D0"}

[2025-11-20 09:49:22] Response (400):
{"code":40002,"message":"Invalid value for data.0.user.ttp: value may not be null.","request_id":"20251120094922136859889AB27EE5F7B9"}

[2025-11-20 10:44:49] Response (400):
{"code":40002,"message":"Invalid value for data.0.user.ttp: value may not be null.","request_id":"20251120104449FBE9EB7CC1D546645035"}

[2025-11-20 14:48:11] Response (400):
{"code":40002,"message":"Invalid value for data.0.user.ttp: value may not be null.","request_id":"20251120144811353E26EB4249761E7696"}

[2025-11-20 17:31:48] Response (400):
{"code":40002,"message":"Invalid value for data.0.user.ttp: value may not be null.","request_id":"202511201731485AB4D49EE124498CBF9A"}

[2025-11-20 17:39:03] Response (400):
{"code":40002,"message":"Invalid value for data.0.user.ttp: value may not be null.","request_id":"20251120173903CFB2208D2EC931143C95"}

[2025-11-20 17:39:59] Response (400):
{"code":40002,"message":"Invalid value for data.0.user.ttp: value may not be null.","request_id":"202511201739594083EB5042BE72181DF4"}

[2025-11-20 17:42:15] Response (400):
{"code":40002,"message":"Invalid value for data.0.user.ttp: value may not be null.","request_id":"20251120174214A6395D996B9CD9387998"}

[2025-11-20 17:42:16] Response (400):
{"code":40002,"message":"Invalid value for data.0.user.ttp: value may not be null.","request_id":"2025112017421615628A7A9DD07DC9646E"}

[2025-11-20 17:50:09] Response (400):
{"code":40002,"message":"Invalid value for data.0.user.ttp: value may not be null.","request_id":"20251120175009A4AF081B1FD1CBCAA745"}

[2025-11-20 19:10:52] Response (400):
{"code":40002,"message":"Invalid value for data.0.user.ttp: value may not be null.","request_id":"20251120191052401C090514734087BDC9"}

[2025-11-20 19:33:42] Response (400):
{"code":40002,"message":"Invalid value for data.0.user.ttp: value may not be null.","request_id":"20251120193342813EB14A0E49664D510D"}

[2025-11-20 19:33:56] Response (400):
{"code":40002,"message":"Invalid value for data.0.user.ttp: value may not be null.","request_id":"20251120193356CAD450F8129544C2B020"}

[2025-11-20 19:34:10] Response (400):
{"code":40002,"message":"Invalid value for data.0.user.ttp: value may not be null.","request_id":"20251120193410D86E9E6792C5C77F5C49"}

[2025-11-21 04:50:20] Response (400):
{"code":40002,"message":"Invalid value for data.0.user.ttp: value may not be null.","request_id":"202511210450203C48F067DF291EFC4249"}

[2025-11-21 05:53:29] Response (400):
{"code":40002,"message":"Invalid value for data.0.user.ttp: value may not be null.","request_id":"20251121055329B82A594BDEC895701B44"}

[2025-11-21 05:58:16] Response (400):
{"code":40002,"message":"Invalid value for data.0.user.ttp: value may not be null.","request_id":"202511210558155C2C2A904526FBB5AC28"}

[2025-11-21 05:58:19] Response (400):
{"code":40002,"message":"Invalid value for data.0.user.ttp: value may not be null.","request_id":"202511210558192F202F88CE1BB9100E40"}

[2025-11-21 09:12:55] Response (400):
{"code":40002,"message":"Invalid value for data.0.user.ttp: value may not be null.","request_id":"202511210912552ACA402B483ABFFD2260"}

[2025-11-21 15:50:46] Response (400):
{"code":40002,"message":"Invalid value for data.0.user.ttp: value may not be null.","request_id":"20251121155045B99DF78337C42CAA1B40"}

[2025-11-21 15:54:59] Response (400):
{"code":40002,"message":"Invalid value for data.0.user.ttp: value may not be null.","request_id":"2025112115545968DD53EEE6E5D4A74A52"}

[2025-11-21 15:55:21] Response (400):
{"code":40002,"message":"Invalid value for data.0.user.ttp: value may not be null.","request_id":"20251121155521C759F0D752E83963E4E4"}

[2025-11-21 15:58:48] Response (400):
{"code":40002,"message":"Invalid value for data.0.user.ttp: value may not be null.","request_id":"20251121155848DBF2956FBBFCEF2690B5"}

[2025-11-21 15:58:50] Response (400):
{"code":40002,"message":"Invalid value for data.0.user.ttp: value may not be null.","request_id":"2025112115585023A24BA1187F77A1CE80"}

[2025-11-21 16:06:24] Response (400):
{"code":40002,"message":"Invalid value for data.0.user.ttp: value may not be null.","request_id":"202511211606248D3CFFFDAA8EC1132510"}

[2025-11-21 17:31:04] Response (400):
{"code":40002,"message":"Invalid value for data.0.user.ttp: value may not be null.","request_id":"20251121173104A601DC98DA30549E4AC3"}

[2025-11-21 18:21:15] Response (400):
{"code":40002,"message":"Invalid value for data.0.user.ttp: value may not be null.","request_id":"20251121182115B681202B9F95819BFF3E"}

[2025-11-21 18:27:12] Response (400):
{"code":40002,"message":"Invalid value for data.0.user.ttp: value may not be null.","request_id":"2025112118271296EBAC48FEEDDDE4832A"}

[2025-11-21 18:29:54] Response (400):
{"code":40002,"message":"Invalid value for data.0.user.ttp: value may not be null.","request_id":"20251121182954E1C0BA02AFEA78A98F8C"}

[2025-11-21 18:30:53] Response (400):
{"code":40002,"message":"Invalid value for data.0.user.ttp: value may not be null.","request_id":"20251121183053F11716A0756621B7FA28"}

[2025-11-22 02:40:46] Response (400):
{"code":40002,"message":"Invalid value for data.0.user.ttp: value may not be null.","request_id":"20251122024046B7A53CCDC52E32E4D67F"}

[2025-11-22 02:45:23] Response (400):
{"code":40002,"message":"Invalid value for data.0.user.ttp: value may not be null.","request_id":"2025112202452375B5B873107A9A265499"}

[2025-11-22 02:58:03] Response (400):
{"code":40002,"message":"Invalid value for data.0.user.ttp: value may not be null.","request_id":"202511220258034C4C3F8A1B24604305E3"}

[2025-11-22 02:59:58] Response (400):
{"code":40002,"message":"Invalid value for data.0.user.ttp: value may not be null.","request_id":"2025112202595841489B8B2365F2F3541C"}

[2025-11-22 03:09:39] Response (400):
{"code":40002,"message":"Invalid value for data.0.user.ttp: value may not be null.","request_id":"2025112203093935694E5620586AF5B233"}

[2025-11-22 03:09:40] Response (400):
{"code":40002,"message":"Invalid value for data.0.user.ttp: value may not be null.","request_id":"2025112203094012E37697F7CA5F3F0CAE"}

[2025-11-22 03:47:12] Response (400):
{"code":40002,"message":"Invalid value for data.0.user.ttp: value may not be null.","request_id":"202511220347126469450F7EBFF5BC8623"}

[2025-11-22 04:48:21] Response (400):
{"code":40002,"message":"Invalid value for data.0.user.ttp: value may not be null.","request_id":"20251122044821CB75FFB39855AC4504B1"}

[2025-11-22 04:48:27] Response (400):
{"code":40002,"message":"Invalid value for data.0.user.ttp: value may not be null.","request_id":"202511220448274AA2CC998F91B6F66C8E"}

[2025-11-22 04:51:09] Response (400):
{"code":40002,"message":"Invalid value for data.0.user.ttp: value may not be null.","request_id":"202511220451094CF31398F9F0890991AF"}

[2025-11-22 06:53:20] Response (400):
{"code":40002,"message":"Invalid value for data.0.user.ttp: value may not be null.","request_id":"202511220653202197BAE10DBBF54775AB"}

[2025-11-22 09:06:00] Response (400):
{"code":40002,"message":"Invalid value for data.0.user.ttp: value may not be null.","request_id":"2025112209060054201C2C514C88EEF140"}

[2025-11-22 13:43:39] Response (400):
{"code":40002,"message":"Invalid value for data.0.user.ttp: value may not be null.","request_id":"202511221343392913D53A9416BB4C6C31"}

[2025-11-22 13:48:53] Response (400):
{"code":40002,"message":"Invalid value for data.0.user.ttp: value may not be null.","request_id":"20251122134853A00087D6E63ACF1D16C8"}

[2025-11-22 13:58:10] Response (400):
{"code":40002,"message":"Invalid value for data.0.user.ttp: value may not be null.","request_id":"2025112213581094DC3AA5490AAA22FAE0"}

[2025-11-22 13:59:10] Response (400):
{"code":40002,"message":"Invalid value for data.0.user.ttp: value may not be null.","request_id":"20251122135910AA77FC9E53E7FC8954B9"}

[2025-11-22 14:00:18] Response (400):
{"code":40002,"message":"Invalid value for data.0.user.ttp: value may not be null.","request_id":"20251122140018BD029083CD9CC81CD736"}

[2025-11-22 14:05:39] Response (400):
{"code":40002,"message":"Invalid value for data.0.user.ttp: value may not be null.","request_id":"202511221405397F19D8E863C52130C4F4"}

[2025-11-22 14:43:39] Response (400):
{"code":40002,"message":"Invalid value for data.0.user.ttp: value may not be null.","request_id":"20251122144339A1A3F02A7809F11460C7"}

[2025-11-22 15:56:34] Response (400):
{"code":40002,"message":"Invalid value for data.0.user.ttp: value may not be null.","request_id":"202511221556340265FFD3B94EADD9A056"}

[2025-11-22 15:56:59] Response (400):
{"code":40002,"message":"Invalid value for data.0.user.ttp: value may not be null.","request_id":"20251122155659CB13E8526F59C0FA8E7D"}

[2025-11-22 16:03:59] Response (400):
{"code":40002,"message":"Invalid value for data.0.user.ttp: value may not be null.","request_id":"202511221603594B3C364DD12252A6CE66"}

[2025-11-22 17:42:14] Response (400):
{"code":40002,"message":"Invalid value for data.0.user.ttp: value may not be null.","request_id":"202511221742146F4DC103026806435F12"}

[2025-11-22 19:47:27] Response (400):
{"code":40002,"message":"Invalid value for data.0.user.ttp: value may not be null.","request_id":"202511221947265FAF8FB6D1B3EEA00604"}

[2025-11-23 00:43:59] Response (400):
{"code":40002,"message":"Invalid value for data.0.user.ttp: value may not be null.","request_id":"20251123004359F95D1A5C9E2E5E6E3634"}

[2025-11-23 00:45:55] Response (400):
{"code":40002,"message":"Invalid value for data.0.user.ttp: value may not be null.","request_id":"202511230045553346996F1F4AF8784474"}

[2025-11-23 01:04:53] Response (400):
{"code":40002,"message":"Invalid value for data.0.user.ttp: value may not be null.","request_id":"20251123010453B0526F99F1B445B621FA"}

[2025-11-23 01:05:09] Response (400):
{"code":40002,"message":"Invalid value for data.0.user.ttp: value may not be null.","request_id":"202511230105094346C4FFF0675D2420FE"}

[2025-11-23 01:06:37] Response (400):
{"code":40002,"message":"Invalid value for data.0.user.ttp: value may not be null.","request_id":"202511230106373BFD2EC2C88EE389467C"}

[2025-11-23 01:10:45] Response (400):
{"code":40002,"message":"Invalid value for data.0.user.ttp: value may not be null.","request_id":"202511230110456A305DC5D6979CE05D60"}

[2025-11-23 01:56:10] Response (400):
{"code":40002,"message":"Invalid value for data.0.user.ttp: value may not be null.","request_id":"20251123015610670416EA21054977669B"}

[2025-11-23 02:49:52] Response (400):
{"code":40002,"message":"Invalid value for data.0.user.ttp: value may not be null.","request_id":"202511230249527EECE53A766F6F78B859"}

[2025-11-23 02:57:54] Response (400):
{"code":40002,"message":"Invalid value for data.0.user.ttp: value may not be null.","request_id":"20251123025754A45C02CA0CE4179744D7"}

[2025-11-23 02:58:03] Response (400):
{"code":40002,"message":"Invalid value for data.0.user.ttp: value may not be null.","request_id":"20251123025803F2434F414E003D959DFB"}

[2025-11-23 04:40:51] Response (400):
{"code":40002,"message":"Invalid value for data.0.user.ttp: value may not be null.","request_id":"2025112304405151E6831269C493962D19"}

[2025-11-23 06:31:59] Response (400):
{"code":40002,"message":"Invalid value for data.0.user.ttp: value may not be null.","request_id":"202511230631597657CC7A2DAEE733C2A5"}

[2025-11-23 06:42:28] Response (400):
{"code":40002,"message":"Invalid value for data.0.user.ttp: value may not be null.","request_id":"202511230642284D84AA6239C1613F5E2D"}

[2025-11-23 11:39:52] Response (400):
{"code":40002,"message":"Invalid value for data.0.user.ttp: value may not be null.","request_id":"20251123113952B3A0E714C535C8947BE7"}

[2025-11-23 11:44:14] Response (400):
{"code":40002,"message":"Invalid value for data.0.user.ttp: value may not be null.","request_id":"20251123114414FEB3462F298864A32943"}

[2025-11-23 11:44:45] Response (400):
{"code":40002,"message":"Invalid value for data.0.user.ttp: value may not be null.","request_id":"2025112311444566E787EFB145F17093CE"}

[2025-11-23 11:45:16] Response (400):
{"code":40002,"message":"Invalid value for data.0.user.ttp: value may not be null.","request_id":"2025112311451694850BDF92FBD4C1A364"}

[2025-11-23 11:45:16] Response (400):
{"code":40002,"message":"Invalid value for data.0.user.ttp: value may not be null.","request_id":"20251123114516895CAABEE084824DA82A"}

[2025-11-23 11:47:50] Response (400):
{"code":40002,"message":"Invalid value for data.0.user.ttp: value may not be null.","request_id":"202511231147508A9A451B39FEB397A6BE"}

[2025-11-23 12:44:03] Response (400):
{"code":40002,"message":"Invalid value for data.0.user.ttp: value may not be null.","request_id":"202511231244032F273B6189D2D6294511"}

[2025-11-23 13:46:13] Response (400):
{"code":40002,"message":"Invalid value for data.0.user.ttp: value may not be null.","request_id":"20251123134613C71BE045B9B538052399"}

[2025-11-23 13:46:30] Response (400):
{"code":40002,"message":"Invalid value for data.0.user.ttp: value may not be null.","request_id":"202511231346302BD5105C2DCF9464DEEA"}

[2025-11-23 13:54:34] Response (400):
{"code":40002,"message":"Invalid value for data.0.user.ttp: value may not be null.","request_id":"20251123135434FD232F388BA2F5B1A442"}

[2025-11-23 15:40:55] Response (400):
{"code":40002,"message":"Invalid value for data.0.user.ttp: value may not be null.","request_id":"20251123154054A4872C1ECE3557315DF6"}

[2025-11-23 17:43:45] Response (400):
{"code":40002,"message":"Invalid value for data.0.user.ttp: value may not be null.","request_id":"20251123174345F7DFC8CF64CB5BBCDF03"}

[2025-11-23 22:40:11] Response (400):
{"code":40002,"message":"Invalid value for data.0.user.ttp: value may not be null.","request_id":"202511232240105014B1E5297EDAFE1FD2"}

[2025-11-23 22:41:20] Response (400):
{"code":40002,"message":"Invalid value for data.0.user.ttp: value may not be null.","request_id":"2025112322412035A7EE969DACFD725491"}

[2025-11-23 22:41:23] Response (400):
{"code":40002,"message":"Invalid value for data.0.user.ttp: value may not be null.","request_id":"2025112322412338F2385F94BDF5AA6DB2"}

[2025-11-23 22:43:07] Response (400):
{"code":40002,"message":"Invalid value for data.0.user.ttp: value may not be null.","request_id":"20251123224307EE7D26F766D118FC890D"}

[2025-11-23 22:50:20] Response (400):
{"code":40002,"message":"Invalid value for data.0.user.ttp: value may not be null.","request_id":"20251123225020B542FDC6B796DD2953C6"}

[2025-11-23 22:50:22] Response (400):
{"code":40002,"message":"Invalid value for data.0.user.ttp: value may not be null.","request_id":"2025112322502206F90F886C40A73C4892"}

[2025-11-23 23:48:45] Response (400):
{"code":40002,"message":"Invalid value for data.0.user.ttp: value may not be null.","request_id":"202511232348451C9B4BE90E8275706F50"}

[2025-11-24 00:54:13] Response (400):
{"code":40002,"message":"Invalid value for data.0.user.ttp: value may not be null.","request_id":"202511240054134CCEE0298D78C1FFA18E"}

[2025-11-24 00:54:47] Response (400):
{"code":40002,"message":"Invalid value for data.0.user.ttp: value may not be null.","request_id":"20251124005447187CDFCFA22EE359EE8F"}

[2025-11-24 00:56:25] Response (400):
{"code":40002,"message":"Invalid value for data.0.user.ttp: value may not be null.","request_id":"20251124005625BD70D7D40F2E674B1FE2"}

[2025-11-24 02:41:51] Response (400):
{"code":40002,"message":"Invalid value for data.0.user.ttp: value may not be null.","request_id":"20251124024151EB9B6E3897510022CCAD"}

[2025-11-24 03:14:46] Response (400):
{"code":40002,"message":"Invalid value for data.0.user.ttp: value may not be null.","request_id":"202511240314463C8D69F0AD18A6143C6E"}

[2025-11-24 04:53:35] Response (400):
{"code":40002,"message":"Invalid value for data.0.user.ttp: value may not be null.","request_id":"20251124045335CCC11182DE38D05C0186"}

[2025-11-24 09:40:45] Response (400):
{"code":40002,"message":"Invalid value for data.0.user.ttp: value may not be null.","request_id":"202511240940458C2FA5821F08461308A4"}

[2025-11-24 09:46:13] Response (400):
{"code":40002,"message":"Invalid value for data.0.user.ttp: value may not be null.","request_id":"20251124094613EC44A2FF12786EAD82DD"}

[2025-11-24 09:49:26] Response (400):
{"code":40002,"message":"Invalid value for data.0.user.ttp: value may not be null.","request_id":"202511240949266FF9092ABED5EAEDE9CD"}

[2025-11-24 09:49:28] Response (400):
{"code":40002,"message":"Invalid value for data.0.user.ttp: value may not be null.","request_id":"202511240949288C5979C5D55C6A34D070"}

[2025-11-24 09:49:30] Response (400):
{"code":40002,"message":"Invalid value for data.0.user.ttp: value may not be null.","request_id":"20251124094930EB9B8E30ADA276320172"}

[2025-11-24 09:49:32] Response (400):
{"code":40002,"message":"Invalid value for data.0.user.ttp: value may not be null.","request_id":"20251124094932650837B625A79F6AC7F1"}

[2025-11-24 09:49:34] Response (400):
{"code":40002,"message":"Invalid value for data.0.user.ttp: value may not be null.","request_id":"2025112409493426F4324C78B67F173345"}

[2025-11-24 09:49:35] Response (400):
{"code":40002,"message":"Invalid value for data.0.user.ttp: value may not be null.","request_id":"20251124094935658D7BDB18D37B690394"}

[2025-11-24 09:50:28] Response (400):
{"code":40002,"message":"Invalid value for data.0.user.ttp: value may not be null.","request_id":"20251124095028C1B9C4CB8AC88A44074C"}

[2025-11-24 09:50:33] Response (400):
{"code":40002,"message":"Invalid value for data.0.user.ttp: value may not be null.","request_id":"202511240950336B36469A27875ECB17AC"}

[2025-11-24 10:45:24] Response (400):
{"code":40002,"message":"Invalid value for data.0.user.ttp: value may not be null.","request_id":"20251124104524118D487751D5DB78EE62"}

[2025-11-24 11:48:37] Response (400):
{"code":40002,"message":"Invalid value for data.0.user.ttp: value may not be null.","request_id":"20251124114837F568903BD0C87C3D31A2"}

[2025-11-24 11:48:50] Response (400):
{"code":40002,"message":"Invalid value for data.0.user.ttp: value may not be null.","request_id":"2025112411485084A3AF493DD2A178A3E5"}

[2025-11-24 11:49:46] Response (400):
{"code":40002,"message":"Invalid value for data.0.user.ttp: value may not be null.","request_id":"20251124114946D9EC09E3D8DA0FC083F8"}

[2025-11-24 13:46:29] Response (400):
{"code":40002,"message":"Invalid value for data.0.user.ttp: value may not be null.","request_id":"202511241346293C5CB16F2B48014EA2BD"}

[2025-11-24 13:46:32] Response (400):
{"code":40002,"message":"Invalid value for data.0.user.ttp: value may not be null.","request_id":"2025112413463185F14648E6805C36A86C"}

[2025-11-24 15:41:30] Response (400):
{"code":40002,"message":"Invalid value for data.0.user.ttp: value may not be null.","request_id":"202511241541301FBF36E34B81F77A0B5C"}

[2025-11-24 18:14:27] Response (400):
{"code":40002,"message":"Invalid value for data.0.user.ttp: value may not be null.","request_id":"202511241814277AB4DF3AF8DF6661564E"}

[2025-11-24 18:22:59] Response (400):
{"code":40002,"message":"Invalid value for data.0.user.ttp: value may not be null.","request_id":"20251124182259178CA5E17A0B82E5A520"}

[2025-11-24 18:23:54] Response (400):
{"code":40002,"message":"Invalid value for data.0.user.ttp: value may not be null.","request_id":"20251124182354D91A4E86D36838A646FD"}

[2025-11-24 18:25:56] Response (400):
{"code":40002,"message":"Invalid value for data.0.user.ttp: value may not be null.","request_id":"2025112418255692502746177D70C812DE"}

[2025-11-24 18:25:59] Response (400):
{"code":40002,"message":"Invalid value for data.0.user.ttp: value may not be null.","request_id":"20251124182559CD064B9345CD29E257FC"}

[2025-11-24 18:33:15] Response (400):
{"code":40002,"message":"Invalid value for data.0.user.ttp: value may not be null.","request_id":"20251124183315C1BC920C06964D4FB5EB"}

[2025-11-24 18:40:09] Response (400):
{"code":40002,"message":"Invalid value for data.0.user.ttp: value may not be null.","request_id":"2025112418400939E15A2EABD37A759DBB"}

[2025-11-24 18:40:26] Response (400):
{"code":40002,"message":"Invalid value for data.0.user.ttp: value may not be null.","request_id":"20251124184026146E04FA2E7D26715E65"}

[2025-11-24 18:43:02] Response (400):
{"code":40002,"message":"Invalid value for data.0.user.ttp: value may not be null.","request_id":"20251124184302D07B8D077940F37F42CC"}

[2025-11-24 18:43:04] Response (400):
{"code":40002,"message":"Invalid value for data.0.user.ttp: value may not be null.","request_id":"20251124184304182CA9FDD48CDD5466A9"}

[2025-11-24 18:51:50] Response (400):
{"code":40002,"message":"Invalid value for data.0.user.ttp: value may not be null.","request_id":"20251124185149DBF840D00BA8779738BA"}

[2025-11-24 19:01:34] Response (400):
{"code":40002,"message":"Invalid value for data.0.user.ttp: value may not be null.","request_id":"202511241901341131B37616A5DF724C05"}

[2025-11-24 19:01:58] Response (400):
{"code":40002,"message":"Invalid value for data.0.user.ttp: value may not be null.","request_id":"20251124190158FCE2C5CCCEB54D084F5C"}

[2025-11-24 19:06:05] Response (400):
{"code":40002,"message":"Invalid value for data.0.user.ttp: value may not be null.","request_id":"20251124190605409005B9153C9C4B0060"}

[2025-11-24 19:08:38] Response (400):
{"code":40002,"message":"Invalid value for data.0.user.ttp: value may not be null.","request_id":"20251124190838F56CC7CBAFE78A764A5E"}

[2025-11-24 19:21:21] Response (400):
{"code":40002,"message":"Invalid value for data.0.user.ttp: value may not be null.","request_id":"20251124192121BADB01C2BD18A0FE5267"}

[2025-11-24 20:19:24] Response (400):
{"code":40002,"message":"Invalid value for data.0.user.ttp: value may not be null.","request_id":"20251124201924DEFFD8AACFD776915532"}

[2025-11-24 20:25:48] Response (400):
{"code":40002,"message":"Invalid value for data.0.user.ttp: value may not be null.","request_id":"20251124202548EF3C6C649330228884D7"}

[2025-11-24 20:33:02] Response (400):
{"code":40002,"message":"Invalid value for data.0.user.ttp: value may not be null.","request_id":"202511242033025014B1E5297EDA7FA1EF"}

[2025-11-24 20:35:36] Response (400):
{"code":40002,"message":"Invalid value for data.0.user.ttp: value may not be null.","request_id":"202511242035363C676B16F918A968DFDF"}

[2025-11-24 20:39:58] Response (400):
{"code":40002,"message":"Invalid value for data.0.user.ttp: value may not be null.","request_id":"2025112420395861B7D1C6E9BC3B7C3634"}

[2025-11-24 20:45:48] Response (400):
{"code":40002,"message":"Invalid value for data.0.user.ttp: value may not be null.","request_id":"20251124204547212A3FC3E6852E7D58C4"}

[2025-11-24 20:47:43] Response (400):
{"code":40002,"message":"Invalid value for data.0.user.ttp: value may not be null.","request_id":"2025112420474230B9EA53151CDA58EBFB"}

[2025-11-24 20:50:01] Response (400):
{"code":40002,"message":"Invalid value for data.0.user.ttp: value may not be null.","request_id":"2025112420500102D6E8F9B6F44F6ACFA2"}

[2025-11-24 21:47:55] Response (400):
{"code":40002,"message":"Invalid value for data.0.user.ttp: value may not be null.","request_id":"2025112421475572D7C0ABCA309B42CFEC"}

[2025-11-24 23:00:55] Response (400):
{"code":40002,"message":"Invalid value for data.0.user.ttp: value may not be null.","request_id":"202511242300551A10A0E115C9154DA2BB"}

[2025-11-24 23:00:55] Response (400):
{"code":40002,"message":"Invalid value for data.0.user.ttp: value may not be null.","request_id":"20251124230055746732487B01A0A20411"}

[2025-11-24 23:01:01] Response (400):
{"code":40002,"message":"Invalid value for data.0.user.ttp: value may not be null.","request_id":"20251124230101D5B7B3E5F12B5E9C35A7"}

[2025-11-24 23:06:01] Response (400):
{"code":40002,"message":"Invalid value for data.0.user.ttp: value may not be null.","request_id":"20251124230601323DE4CADA3FF4114E7B"}

[2025-11-24 23:18:41] Response (400):
{"code":40002,"message":"Invalid value for data.0.user.ttp: value may not be null.","request_id":"20251124231841521AFE2699CAC95CCDBB"}

[2025-11-24 23:18:52] Response (400):
{"code":40002,"message":"Invalid value for data.0.user.ttp: value may not be null.","request_id":"2025112423185219A5CA9C9F157C4EE89C"}

[2025-11-24 23:18:58] Response (400):
{"code":40002,"message":"Invalid value for data.0.user.ttp: value may not be null.","request_id":"202511242318580B1C029136B6E9B0DB07"}

[2025-11-24 23:21:11] Response (400):
{"code":40002,"message":"Invalid value for data.0.user.ttp: value may not be null.","request_id":"20251124232111556EB8EA7A7567C88FAC"}

[2025-11-24 23:33:08] Response (400):
{"code":40002,"message":"Invalid value for data.0.user.ttp: value may not be null.","request_id":"20251124233308FA241A5E20F09A8BCA40"}

[2025-11-25 00:55:44] Response (400):
{"code":40002,"message":"Invalid value for data.0.user.ttp: value may not be null.","request_id":"20251125005544F5702BD99BEDDF155C0D"}

[2025-11-25 00:55:48] Response (400):
{"code":40002,"message":"Invalid value for data.0.user.ttp: value may not be null.","request_id":"202511250055485D2D05EA9B8F50229750"}

[2025-11-25 00:55:57] Response (400):
{"code":40002,"message":"Invalid value for data.0.user.ttp: value may not be null.","request_id":"20251125005556A0D3AF6BD5E550EA8A55"}

[2025-11-25 07:48:15] Response (200):
{"code": 0, "message": "OK", "request_id": "202511250748151092D90DD75C76B77D8F", "data": {}}

[2025-11-25 07:48:21] Response (200):
{"code": 0, "message": "OK", "request_id": "20251125074821836724085E35AE0B5D9E", "data": {}}

[2025-11-25 08:13:42] Response (400):
{"code":40002,"message":"Invalid value for data.0.user.ttp: value may not be null.","request_id":"20251125081342FCD95CE42D276DB615C2"}

[2025-11-25 09:23:14] Response (400):
{"code":40002,"message":"Invalid value for data.0.user.ttp: value may not be null.","request_id":"20251125092314CD00C1F2E5D9B9A3482E"}

[2025-11-25 09:23:16] Response (400):
{"code":40002,"message":"Invalid value for data.0.user.ttp: value may not be null.","request_id":"2025112509231653508E1E3C260E01DE57"}

[2025-11-25 09:23:49] Response (400):
{"code":40002,"message":"Invalid value for data.0.user.ttp: value may not be null.","request_id":"202511250923499A2B94088DC6C6D476A1"}

[2025-11-25 09:24:12] Response (400):
{"code":40002,"message":"Invalid value for data.0.user.ttp: value may not be null.","request_id":"2025112509241271BF55B5403145B544D0"}

[2025-11-25 09:38:21] Response (400):
{"code":40002,"message":"Invalid value for data.0.user.ttp: value may not be null.","request_id":"202511250938215CF76CB164216348DAAF"}

[2025-11-25 09:38:31] Response (400):
{"code":40002,"message":"Invalid value for data.0.user.ttp: value may not be null.","request_id":"202511250938311D2CC3710BF9D7BA217A"}

[2025-11-25 09:38:39] Response (400):
{"code":40002,"message":"Invalid value for data.0.user.ttp: value may not be null.","request_id":"202511250938392993AD1B45C136003F30"}

[2025-11-25 09:39:21] Response (400):
{"code":40002,"message":"Invalid value for data.0.user.ttp: value may not be null.","request_id":"202511250939215797058EC04748FA7925"}

[2025-11-25 09:58:39] Response (400):
{"code":40002,"message":"Invalid value for data.0.user.ttp: value may not be null.","request_id":"20251125095839406BFC52F5444953569F"}

[2025-11-25 09:58:42] Response (400):
{"code":40002,"message":"Invalid value for data.0.user.ttp: value may not be null.","request_id":"202511250958425ACF3988CAC57CD2BCAC"}

[2025-11-25 11:21:26] Response (400):
{"code":40002,"message":"Invalid value for data.0.user.ttp: value may not be null.","request_id":"20251125112126100B4ACA80E973C8AC55"}

[2025-11-25 11:21:28] Response (400):
{"code":40002,"message":"Invalid value for data.0.user.ttp: value may not be null.","request_id":"2025112511212870519E05119A5039AE9F"}

[2025-11-25 11:21:41] Response (400):
{"code":40002,"message":"Invalid value for data.0.user.ttp: value may not be null.","request_id":"20251125112141F86C85D6C565F965D8E9"}

[2025-11-25 16:40:26] Response (400):
{"code":40002,"message":"Invalid value for data.0.user.ttp: value may not be null.","request_id":"20251125164026FB64EF2DBA97E378A8A4"}

[2025-11-25 18:18:29] Response (400):
{"code":40002,"message":"Invalid value for data.0.user.ttp: value may not be null.","request_id":"20251125181829EE6884EA444E2C73D5D2"}

[2025-11-25 22:47:09] Response (400):
{"code":40002,"message":"Invalid value for data.0.user.ttp: value may not be null.","request_id":"20251125224709CA6F98AD29DDD168EB19"}

[2025-11-26 01:25:11] Response (400):
{"code":40002,"message":"Invalid value for data.0.user.ttp: value may not be null.","request_id":"202511260125116CDAEE48284F17B68A2E"}

[2025-11-26 03:14:24] Response (400):
{"code":40002,"message":"Invalid value for data.0.user.ttp: value may not be null.","request_id":"20251126031423C6982C449B5EB9D81350"}

[2025-11-26 03:42:51] Response (400):
{"code":40002,"message":"Invalid value for data.0.user.ttp: value may not be null.","request_id":"20251126034251612D9CCF03DE8C39BFD3"}

[2025-11-26 04:50:47] Response (400):
{"code":40002,"message":"Invalid value for data.0.user.ttp: value may not be null.","request_id":"20251126045046E397F199A5307A2470AD"}

[2025-11-26 04:51:16] Response (400):
{"code":40002,"message":"Invalid value for data.0.user.ttp: value may not be null.","request_id":"20251126045116D6974C625BC1672DF9DE"}

[2025-11-26 05:02:20] Response (400):
{"code":40002,"message":"Invalid value for data.0.user.ttp: value may not be null.","request_id":"2025112605022043CCB25CB59FE0BEA310"}

[2025-11-26 06:47:54] Response (400):
{"code":40002,"message":"Invalid value for data.0.user.ttp: value may not be null.","request_id":"2025112606475459F145B4CF2EFAB806CF"}

[2025-11-26 06:48:04] Response (400):
{"code":40002,"message":"Invalid value for data.0.user.ttp: value may not be null.","request_id":"2025112606480466CBE99558793273F9E5"}

[2025-11-26 06:50:31] Response (400):
{"code":40002,"message":"Invalid value for data.0.user.ttp: value may not be null.","request_id":"20251126065030CAB10331F95D6F018686"}

[2025-11-26 07:07:20] Response (400):
{"code":40002,"message":"Invalid value for data.0.user.ttp: value may not be null.","request_id":"202511260707207BAF40CC67860D2592C1"}

[2025-11-26 07:19:28] Response (400):
{"code":40002,"message":"Invalid value for data.0.user.ttp: value may not be null.","request_id":"20251126071928D76B2B398643EB52C1DE"}

[2025-11-26 07:19:46] Response (400):
{"code":40002,"message":"Invalid value for data.0.user.ttp: value may not be null.","request_id":"20251126071946BC2A72944AFABF2792DC"}

[2025-11-26 07:23:57] Response (400):
{"code":40002,"message":"Invalid value for data.0.user.ttp: value may not be null.","request_id":"202511260723574426167FB860B8E3870B"}

[2025-11-26 08:43:02] Response (400):
{"code":40002,"message":"Invalid value for data.0.user.ttp: value may not be null.","request_id":"202511260843021E6DF866BEC90B8BCB26"}

[2025-11-26 08:45:31] Response (400):
{"code":40002,"message":"Invalid value for data.0.user.ttp: value may not be null.","request_id":"20251126084531FC1DC03CDAF39D766916"}

[2025-11-26 08:45:50] Response (400):
{"code":40002,"message":"Invalid value for data.0.user.ttp: value may not be null.","request_id":"20251126084550ACFB3A584210AFD4A976"}

[2025-11-26 08:49:17] Response (400):
{"code":40002,"message":"Invalid value for data.0.user.ttp: value may not be null.","request_id":"20251126084917DCF82333BA5D4C2FCECE"}

[2025-11-26 08:49:17] Response (400):
{"code":40002,"message":"Invalid value for data.0.user.ttp: value may not be null.","request_id":"202511260849178B172042DE3130C413E1"}

[2025-11-26 08:49:32] Response (200):
{"code": 0, "message": "OK", "request_id": "20251126084932CE8404789B208A5E6288", "data": {}}

[2025-11-26 08:49:37] Response (200):
{"code": 0, "message": "OK", "request_id": "202511260849371EE384AAB038BB9FC2BE", "data": {}}

[2025-11-26 08:56:02] Response (400):
{"code":40002,"message":"Invalid value for data.0.user.ttp: value may not be null.","request_id":"202511260856022835C231D4E6583EB9B1"}

[2025-11-26 10:27:45] Response (400):
{"code":40002,"message":"Invalid value for data.0.user.ttp: value may not be null.","request_id":"2025112610274573576AE7845BDA92C06E"}

[2025-11-26 10:27:55] Response (400):
{"code":40002,"message":"Invalid value for data.0.user.ttp: value may not be null.","request_id":"20251126102755418F89B67609820B5AD7"}

[2025-11-26 10:28:02] Response (400):
{"code":40002,"message":"Invalid value for data.0.user.ttp: value may not be null.","request_id":"20251126102802A2E3165F7FAAF8376BB3"}

[2025-11-26 10:28:48] Response (400):
{"code":40002,"message":"Invalid value for data.0.user.ttp: value may not be null.","request_id":"20251126102848293CCF30F44E7992023A"}

[2025-11-26 10:56:32] Response (400):
{"code":40002,"message":"Invalid value for data.0.user.ttp: value may not be null.","request_id":"202511261056322A0CB4D42D31BEE1D4E5"}

[2025-11-26 10:56:37] Response (400):
{"code":40002,"message":"Invalid value for data.0.user.ttp: value may not be null.","request_id":"202511261056378DB89316D45BB3699B90"}

[2025-11-26 10:56:53] Response (400):
{"code":40002,"message":"Invalid value for data.0.user.ttp: value may not be null.","request_id":"202511261056535F0C2D1681DD3942C68B"}

[2025-11-26 19:41:00] Response (400):
{"code":40002,"message":"Invalid value for data.0.user.ttp: value may not be null.","request_id":"20251126194100304C5D14E8BA0A29E323"}

[2025-11-26 19:43:21] Response (400):
{"code":40002,"message":"Invalid value for data.0.user.ttp: value may not be null.","request_id":"20251126194321DA07E139F49E44E9F5BB"}

[2025-11-26 19:53:41] Response (400):
{"code":40002,"message":"Invalid value for data.0.user.ttp: value may not be null.","request_id":"2025112619534173113707DF475CF6399B"}

[2025-11-26 20:05:30] Response (400):
{"code":40002,"message":"Invalid value for data.0.user.ttp: value may not be null.","request_id":"202511262005300D491225B4F7E59425BF"}

[2025-11-26 20:12:44] Response (400):
{"code":40002,"message":"Invalid value for data.0.user.ttp: value may not be null.","request_id":"202511262012442992DF510F2C33E6549B"}

[2025-11-26 20:12:46] Response (400):
{"code":40002,"message":"Invalid value for data.0.user.ttp: value may not be null.","request_id":"20251126201246CCAA7C5700A29EECA24B"}

[2025-11-26 20:40:24] Response (400):
{"code":40002,"message":"Invalid value for data.0.user.ttp: value may not be null.","request_id":"20251126204023F4BDB3F094E381E3715D"}

[2025-11-26 20:47:10] Response (400):
{"code":40002,"message":"Invalid value for data.0.user.ttp: value may not be null.","request_id":"20251126204710F87D80ED3106C98831EC"}

[2025-11-26 21:00:28] Response (400):
{"code":40002,"message":"Invalid value for data.0.user.ttp: value may not be null.","request_id":"202511262100283BE8AA96965904BF3D20"}

[2025-11-26 21:47:29] Response (400):
{"code":40002,"message":"Invalid value for data.0.user.ttp: value may not be null.","request_id":"202511262147290068D833B89A3DB7D5BD"}

[2025-11-26 21:54:24] Response (400):
{"code":40002,"message":"Invalid value for data.0.user.ttp: value may not be null.","request_id":"202511262154233F24466133F7D249F6B9"}

[2025-11-26 21:54:26] Response (400):
{"code":40002,"message":"Invalid value for data.0.user.ttp: value may not be null.","request_id":"202511262154262A671962CBA1FCB1C8F2"}

[2025-11-27 06:41:10] Response (400):
{"code":40002,"message":"Invalid value for data.0.user.ttp: value may not be null.","request_id":"202511270641109DAA99C2913E206C43B6"}

[2025-11-27 06:47:35] Response (400):
{"code":40002,"message":"Invalid value for data.0.user.ttp: value may not be null.","request_id":"20251127064735175A7FB3D1C1B6C30CAD"}

[2025-11-27 06:52:58] Response (400):
{"code":40002,"message":"Invalid value for data.0.user.ttp: value may not be null.","request_id":"20251127065258AE145558B441F769E52B"}

[2025-11-27 06:54:38] Response (400):
{"code":40002,"message":"Invalid value for data.0.user.ttp: value may not be null.","request_id":"20251127065438D2CFA9B6BC080EDBE57B"}

[2025-11-27 06:55:22] Response (400):
{"code":40002,"message":"Invalid value for data.0.user.ttp: value may not be null.","request_id":"202511270655222299774C70BE400D8441"}

[2025-11-27 07:06:30] Response (400):
{"code":40002,"message":"Invalid value for data.0.user.ttp: value may not be null.","request_id":"20251127070630E027BED29DF613FA2238"}

[2025-11-27 07:44:49] Response (400):
{"code":40002,"message":"Invalid value for data.0.user.ttp: value may not be null.","request_id":"202511270744499E99200DFD5ADAA3F309"}

[2025-11-27 07:47:36] Response (400):
{"code":40002,"message":"Invalid value for data.0.user.ttp: value may not be null.","request_id":"20251127074736F439D2FFBF1A7232A379"}

[2025-11-27 07:56:46] Response (400):
{"code":40002,"message":"Invalid value for data.0.user.ttp: value may not be null.","request_id":"20251127075646066E20BA84AB916FC487"}

[2025-11-27 08:41:43] Response (400):
{"code":40002,"message":"Invalid value for data.0.user.ttp: value may not be null.","request_id":"2025112708414372553B7E5D2723F1D59D"}

[2025-11-27 08:50:57] Response (400):
{"code":40002,"message":"Invalid value for data.0.user.ttp: value may not be null.","request_id":"202511270850578EB915A5725BA2D9EDBD"}

[2025-11-27 08:50:58] Response (400):
{"code":40002,"message":"Invalid value for data.0.user.ttp: value may not be null.","request_id":"20251127085058A8259D7997B81CDE0ADD"}

[2025-11-27 12:17:48] Response (200):
{"code": 0, "message": "OK", "request_id": "20251127121748119C7881E250DE253F28", "data": {}}

[2025-11-27 12:20:37] Response (200):
{"code": 0, "message": "OK", "request_id": "2025112712203799BB50DCE482D54DAF7E", "data": {}}

[2025-11-27 12:20:38] Response (200):
{"code": 0, "message": "OK", "request_id": "20251127122038CAC2A00DDF4D9C624252", "data": {}}

[2025-11-27 12:21:05] Response (200):
{"code": 0, "message": "OK", "request_id": "20251127122105A1A95039DACB3EF38F89", "data": {}}

[2025-11-27 12:21:06] Response (200):
{"code": 0, "message": "OK", "request_id": "20251127122106A1A95039DACB3EF39009", "data": {}}

[2025-11-27 12:21:07] Response (200):
{"code": 0, "message": "OK", "request_id": "202511271221075CAB19CB268EBEB052AE", "data": {}}

[2025-11-27 12:21:10] Response (200):
{"code": 0, "message": "OK", "request_id": "20251127122110A84071A9715B31890E93", "data": {}}

[2025-11-27 12:21:12] Response (200):
{"code": 0, "message": "OK", "request_id": "202511271221120B0808A73A4F851A7788", "data": {}}

[2025-11-27 12:21:13] Response (200):
{"code": 0, "message": "OK", "request_id": "202511271221131BCAE479E0E27865C44D", "data": {}}

[2025-11-27 12:21:21] Response (200):
{"code": 0, "message": "OK", "request_id": "2025112712212161B260B299D7ECAB7CF4", "data": {}}

[2025-11-27 12:21:22] Response (200):
{"code": 0, "message": "OK", "request_id": "202511271221210EE4ABDE3E66A18FAEE3", "data": {}}

[2025-11-27 12:21:23] Response (200):
{"code": 0, "message": "OK", "request_id": "20251127122123C3B758194645E11BEDD3", "data": {}}

[2025-11-27 12:21:35] Response (200):
{"code": 0, "message": "OK", "request_id": "20251127122135CD799BD364AB8B60499A", "data": {}}

[2025-11-27 12:21:35] Response (200):
{"code": 0, "message": "OK", "request_id": "20251127122135128CFC9C5767B527C909", "data": {}}

[2025-11-27 12:22:12] Response (200):
{"code": 0, "message": "OK", "request_id": "20251127122212EF865987CB88A262F1D5", "data": {}}

[2025-11-27 12:22:14] Response (200):
{"code": 0, "message": "OK", "request_id": "20251127122214203BEA2AEAA58E6EE0ED", "data": {}}

[2025-11-27 12:22:15] Response (200):
{"code": 0, "message": "OK", "request_id": "20251127122215BDA078C18154C2956ED6", "data": {}}

[2025-11-27 12:22:17] Response (200):
{"code": 0, "message": "OK", "request_id": "20251127122217B6F718E22C3C9F85BFCA", "data": {}}

[2025-11-27 12:22:19] Response (200):
{"code": 0, "message": "OK", "request_id": "20251127122219203BEA2AEAA58E6EE334", "data": {}}

[2025-11-27 12:22:20] Response (200):
{"code": 0, "message": "OK", "request_id": "20251127122219E6491C309D8EDBBF409A", "data": {}}

[2025-11-27 12:22:28] Response (200):
{"code": 0, "message": "OK", "request_id": "202511271222283A26B6183058CDDD070E", "data": {}}

[2025-11-27 12:22:28] Response (200):
{"code": 0, "message": "OK", "request_id": "20251127122228D2E71804E1FDBA94AB93", "data": {}}

[2025-11-27 12:22:29] Response (200):
{"code": 0, "message": "OK", "request_id": "2025112712222989E09ACF183AC0B2AD0F", "data": {}}

[2025-11-27 12:22:31] Response (200):
{"code": 0, "message": "OK", "request_id": "20251127122231B2EE881BA9C1DF4F531A", "data": {}}

[2025-11-27 12:22:33] Response (200):
{"code": 0, "message": "OK", "request_id": "202511271222337388BDA3E1FD56FF599D", "data": {}}

[2025-11-27 12:22:34] Response (200):
{"code": 0, "message": "OK", "request_id": "2025112712223362D818463AF9621C473C", "data": {}}

[2025-11-27 12:22:40] Response (200):
{"code": 0, "message": "OK", "request_id": "202511271222405F31B2C598913B0F2CF8", "data": {}}

[2025-11-27 12:22:47] Response (200):
{"code": 0, "message": "OK", "request_id": "202511271222474E4E3671A48C49EEF68C", "data": {}}

[2025-11-27 12:22:51] Response (400):
{"code":40002,"message":"Invalid value for data.0.user.ttp: value may not be null.","request_id":"20251127122251C32EB3F45683E52465AF"}

[2025-11-27 12:22:54] Response (200):
{"code": 0, "message": "OK", "request_id": "2025112712225437FE9B2CAE5ABC642B37", "data": {}}

[2025-11-27 12:23:52] Response (400):
{"code":40002,"message":"Invalid value for data.0.user.ttp: value may not be null.","request_id":"20251127122352948960D5A7FE0F3313CF"}

[2025-11-27 12:24:45] Response (200):
{"code": 0, "message": "OK", "request_id": "202511271224458ACC3845E26137EE69DD", "data": {}}

[2025-11-27 12:24:45] Response (200):
{"code": 0, "message": "OK", "request_id": "202511271224450423728EF496BD4730DB", "data": {}}

[2025-11-27 12:24:46] Response (200):
{"code": 0, "message": "OK", "request_id": "202511271224466520221959F90D5C66A3", "data": {}}

[2025-11-27 12:24:52] Response (200):
{"code": 0, "message": "OK", "request_id": "2025112712245243322504B01D26565F98", "data": {}}

[2025-11-27 12:25:18] Response (400):
{"code":40002,"message":"Invalid value for data.0.user.ttp: value may not be null.","request_id":"2025112712251833F899F751AE279B062B"}

[2025-11-27 12:26:43] Response (200):
{"code": 0, "message": "OK", "request_id": "20251127122643E22CCEE0BB61012176D2", "data": {}}

[2025-11-27 12:26:44] Response (200):
{"code": 0, "message": "OK", "request_id": "202511271226433255C8FBFF81280162AD", "data": {}}

[2025-11-27 12:26:44] Response (200):
{"code": 0, "message": "OK", "request_id": "2025112712264406230A2AB5D7BE4C0ED2", "data": {}}

[2025-11-27 12:26:49] Response (200):
{"code": 0, "message": "OK", "request_id": "202511271226495D3F1907D084F39E598A", "data": {}}

[2025-11-27 12:27:23] Response (400):
{"code":40002,"message":"Invalid value for data.0.user.ttp: value may not be null.","request_id":"20251127122723791D60F6DD7D09F25CEA"}

[2025-11-27 14:37:01] Response (200):
{"code": 0, "message": "OK", "request_id": "202511271437018F2B7D48794854EA5B50", "data": {}}

[2025-11-27 17:41:29] Response (400):
{"code":40002,"message":"Invalid value for data.0.user.ttp: value may not be null.","request_id":"20251127174129A485C6AD6E4908776013"}

[2025-11-27 17:47:31] Response (400):
{"code":40002,"message":"Invalid value for data.0.user.ttp: value may not be null.","request_id":"20251127174731A815F9826FE44F33CFCD"}

[2025-11-27 17:49:49] Response (400):
{"code":40002,"message":"Invalid value for data.0.user.ttp: value may not be null.","request_id":"2025112717494928292C289908D0A09CF1"}

[2025-11-27 17:50:10] Response (400):
{"code":40002,"message":"Invalid value for data.0.user.ttp: value may not be null.","request_id":"2025112717501051610C2E56FF989E4CE0"}

[2025-11-27 17:54:31] Response (400):
{"code":40002,"message":"Invalid value for data.0.user.ttp: value may not be null.","request_id":"20251127175431DA5F01AD3D87CD1E8623"}

[2025-11-27 18:41:34] Response (400):
{"code":40002,"message":"Invalid value for data.0.user.ttp: value may not be null.","request_id":"202511271841345EA274868BABB241BA76"}

[2025-11-27 18:46:05] Response (400):
{"code":40002,"message":"Invalid value for data.0.user.ttp: value may not be null.","request_id":"20251127184605C79F141B5D9739F054DB"}

[2025-11-27 18:46:18] Response (400):
{"code":40002,"message":"Invalid value for data.0.user.ttp: value may not be null.","request_id":"20251127184618A3C0C4D76E02D93B3310"}

[2025-11-27 18:56:03] Response (400):
{"code":40002,"message":"Invalid value for data.0.user.ttp: value may not be null.","request_id":"20251127185602918EA2FD6204D9DF15C8"}

[2025-11-27 19:44:41] Response (400):
{"code":40002,"message":"Invalid value for data.0.user.ttp: value may not be null.","request_id":"20251127194441C7FA9C8CFC6549A24975"}

[2025-11-27 19:44:49] Response (400):
{"code":40002,"message":"Invalid value for data.0.user.ttp: value may not be null.","request_id":"2025112719444964183D673464A1B1F8E3"}

[2025-11-27 19:45:07] Response (400):
{"code":40002,"message":"Invalid value for data.0.user.ttp: value may not be null.","request_id":"20251127194507ADBC1DD313771450437A"}

[2025-11-27 21:05:03] Response (400):
{"code":40002,"message":"Invalid value for data.0.user.ttp: value may not be null.","request_id":"202511272105038B6050523C68AEC90545"}

[2025-11-27 21:09:26] Response (200):
{"code": 0, "message": "OK", "request_id": "20251127210926FE73C6D6F05C64BA64C1", "data": {}}

[2025-11-27 21:09:36] Response (400):
{"code":40002,"message":"Invalid value for data.0.user.ttp: value may not be null.","request_id":"202511272109365B7E046CB8E449D33E2B"}

[2025-11-28 07:42:56] Response (400):
{"code":40002,"message":"Invalid value for data.0.user.ttp: value may not be null.","request_id":"20251128074256C440734C424C324E2A69"}

[2025-11-28 07:46:22] Response (400):
{"code":40002,"message":"Invalid value for data.0.user.ttp: value may not be null.","request_id":"20251128074622F2FAB0B08B3967CDA2F6"}

[2025-11-28 10:37:00] Response (400):
{"code":40002,"message":"Invalid value for data.0.user.ttp: value may not be null.","request_id":"2025112810370014A1CC52EC8454D1096D"}

[2025-11-28 12:41:01] Response (400):
{"code":40002,"message":"Invalid value for data.0.user.ttp: value may not be null.","request_id":"20251128124101AB3B42FEDCF43F4E6EE2"}

[2025-11-28 16:43:36] Response (400):
{"code":40002,"message":"Invalid value for data.0.user.ttp: value may not be null.","request_id":"2025112816433667FED5CB6C83D1793096"}

[2025-11-28 18:18:11] Response (400):
{"code":40002,"message":"Invalid value for data.0.user.ttp: value may not be null.","request_id":"20251128181811B991011723BC7DF4E6F0"}

[2025-11-28 18:42:25] Response (400):
{"code":40002,"message":"Invalid value for data.0.user.ttp: value may not be null.","request_id":"2025112818422549D0BC4D155591D35470"}

[2025-11-28 18:42:46] Response (400):
{"code":40002,"message":"Invalid value for data.0.user.ttp: value may not be null.","request_id":"2025112818424665C5FAA446B53D3F16F1"}

[2025-11-28 18:46:00] Response (400):
{"code":40002,"message":"Invalid value for data.0.user.ttp: value may not be null.","request_id":"20251128184600550E68D1DF919B4B4F4E"}

[2025-11-28 18:46:03] Response (400):
{"code":40002,"message":"Invalid value for data.0.user.ttp: value may not be null.","request_id":"20251128184603FA173A33DF5543D7D597"}

[2025-11-28 18:48:41] Response (400):
{"code":40002,"message":"Invalid value for data.0.user.ttp: value may not be null.","request_id":"20251128184841466183E5E566DA62F4CC"}

[2025-11-28 18:57:09] Response (400):
{"code":40002,"message":"Invalid value for data.0.user.ttp: value may not be null.","request_id":"20251128185709082842B56621E3150A7A"}

[2025-11-28 18:57:11] Response (400):
{"code":40002,"message":"Invalid value for data.0.user.ttp: value may not be null.","request_id":"20251128185711C2FB12D41F13DF65B493"}

[2025-11-28 18:57:25] Response (400):
{"code":40002,"message":"Invalid value for data.0.user.ttp: value may not be null.","request_id":"20251128185725D67EEE895FDED956C71A"}

[2025-11-28 20:50:51] Response (400):
{"code":40002,"message":"Invalid value for data.0.user.ttp: value may not be null.","request_id":"2025112820505166B2DE15EFCD2971BBA9"}

[2025-11-28 23:08:07] Response (400):
{"code":40002,"message":"Invalid value for data.0.user.ttp: value may not be null.","request_id":"202511282308066F8709B90001367BF572"}

[2025-11-28 23:50:21] Response (400):
{"code":40002,"message":"Invalid value for data.0.user.ttp: value may not be null.","request_id":"2025112823502027DECD190A81692D9EC0"}

[2025-11-29 03:57:13] Response (400):
{"code":40002,"message":"Invalid value for data.0.user.ttp: value may not be null.","request_id":"20251129035713FEA98F51CF79888FED0C"}

[2025-11-29 04:44:13] Response (400):
{"code":40002,"message":"Invalid value for data.0.user.ttp: value may not be null.","request_id":"202511290444124E2D727C681746DF553A"}

[2025-11-29 05:39:04] Response (400):
{"code":40002,"message":"Invalid value for data.0.user.ttp: value may not be null.","request_id":"20251129053904736F2C25D248B0BBA846"}

[2025-11-29 05:48:23] Response (400):
{"code":40002,"message":"Invalid value for data.0.user.ttp: value may not be null.","request_id":"20251129054823D4535E58CA0945DBDB81"}

[2025-11-29 05:53:16] Response (400):
{"code":40002,"message":"Invalid value for data.0.user.ttp: value may not be null.","request_id":"20251129055316D37827A7B3A389E48206"}

[2025-11-29 05:54:38] Response (400):
{"code":40002,"message":"Invalid value for data.0.user.ttp: value may not be null.","request_id":"202511290554381B259EEDBF4BE198D4E5"}

[2025-11-29 06:00:40] Response (400):
{"code":40002,"message":"Invalid value for data.0.user.ttp: value may not be null.","request_id":"20251129060040E581EB36A0E160B47CD3"}

[2025-11-29 06:00:46] Response (400):
{"code":40002,"message":"Invalid value for data.0.user.ttp: value may not be null.","request_id":"202511290600465B6658320F8E87BF6657"}

[2025-11-29 06:00:53] Response (400):
{"code":40002,"message":"Invalid value for data.0.user.ttp: value may not be null.","request_id":"2025112906005326CAE0261D754139CBE5"}

[2025-11-29 06:04:11] Response (400):
{"code":40002,"message":"Invalid value for data.0.user.ttp: value may not be null.","request_id":"202511290604105AB64D1A7D7CD06286CA"}

[2025-11-29 07:56:30] Response (400):
{"code":40002,"message":"Invalid value for data.0.user.ttp: value may not be null.","request_id":"20251129075630BE529B0D147CD088E07D"}

[2025-11-29 09:41:44] Response (400):
{"code":40002,"message":"Invalid value for data.0.user.ttp: value may not be null.","request_id":"20251129094144CDAB729844420BD02766"}

[2025-11-29 10:42:44] Response (400):
{"code":40002,"message":"Invalid value for data.0.user.ttp: value may not be null.","request_id":"202511291042442550BE5DA97A35DF2E68"}

[2025-11-29 12:20:58] Response (400):
{"code":40002,"message":"Invalid value for data.0.user.ttp: value may not be null.","request_id":"20251129122058B738820B0A879EBFF57A"}

[2025-11-29 12:23:44] Response (400):
{"code":40002,"message":"Invalid value for data.0.user.ttp: value may not be null.","request_id":"20251129122344C9334EF87FFA7F25BC9F"}

[2025-11-29 12:24:03] Response (400):
{"code":40002,"message":"Invalid value for data.0.user.ttp: value may not be null.","request_id":"202511291224036E4FA1C3F1D92D75188C"}

[2025-11-29 12:25:44] Response (400):
{"code":40002,"message":"Invalid value for data.0.user.ttp: value may not be null.","request_id":"20251129122544C3B781346CE0EAE63053"}

[2025-11-29 12:26:44] Response (400):
{"code":40002,"message":"Invalid value for data.0.user.ttp: value may not be null.","request_id":"2025112912264407A90252271844512014"}

[2025-11-29 14:49:23] Response (400):
{"code":40002,"message":"Invalid value for data.0.user.ttp: value may not be null.","request_id":"20251129144923AC3DDBDC423CD6923C80"}

[2025-11-29 15:44:54] Response (400):
{"code":40002,"message":"Invalid value for data.0.user.ttp: value may not be null.","request_id":"202511291544544FB0059CA9FD5CF7C35E"}

[2025-11-29 16:43:09] Response (400):
{"code":40002,"message":"Invalid value for data.0.user.ttp: value may not be null.","request_id":"20251129164309DCE6EEBBAD2B77997859"}

[2025-11-29 16:45:02] Response (400):
{"code":40002,"message":"Invalid value for data.0.user.ttp: value may not be null.","request_id":"202511291645020E24D578D3F521C944BA"}

[2025-11-29 16:47:48] Response (400):
{"code":40002,"message":"Invalid value for data.0.user.ttp: value may not be null.","request_id":"202511291647483B406F48FC1078CD8894"}

[2025-11-29 16:50:17] Response (400):
{"code":40002,"message":"Invalid value for data.0.user.ttp: value may not be null.","request_id":"202511291650174B58FFAC7258607B6093"}

[2025-11-29 16:50:30] Response (400):
{"code":40002,"message":"Invalid value for data.0.user.ttp: value may not be null.","request_id":"20251129165030CD66DA04389841A2FC9B"}

[2025-11-29 16:52:14] Response (400):
{"code":40002,"message":"Invalid value for data.0.user.ttp: value may not be null.","request_id":"202511291652143DC046E79604928DBB54"}

[2025-11-29 16:52:50] Response (400):
{"code":40002,"message":"Invalid value for data.0.user.ttp: value may not be null.","request_id":"20251129165250158412910EB64EC383B1"}

[2025-11-29 16:54:08] Response (400):
{"code":40002,"message":"Invalid value for data.0.user.ttp: value may not be null.","request_id":"20251129165408FB82954265D7A2A7E31B"}

[2025-11-29 18:48:58] Response (400):
{"code":40002,"message":"Invalid value for data.0.user.ttp: value may not be null.","request_id":"20251129184858EEACD0A06453113587C6"}

[2025-11-29 19:35:13] Response (400):
{"code":40002,"message":"Invalid value for data.0.user.ttp: value may not be null.","request_id":"202511291935125A07815F455482DD6BC0"}

[2025-11-29 20:39:45] Response (400):
{"code":40002,"message":"Invalid value for data.0.user.ttp: value may not be null.","request_id":"20251129203945BCAB79B85687970D0154"}

[2025-11-29 21:49:55] Response (400):
{"code":40002,"message":"Invalid value for data.0.user.ttp: value may not be null.","request_id":"20251129214955A4A58D3ADF04399219DD"}

[2025-11-30 01:50:00] Response (400):
{"code":40002,"message":"Invalid value for data.0.user.ttp: value may not be null.","request_id":"20251130015000D16675310A47C0C0650D"}

[2025-11-30 02:48:00] Response (400):
{"code":40002,"message":"Invalid value for data.0.user.ttp: value may not be null.","request_id":"2025113002480077ADCE488E4220040209"}

[2025-11-30 03:40:54] Response (400):
{"code":40002,"message":"Invalid value for data.0.user.ttp: value may not be null.","request_id":"20251130034054FBD59EF47CDBED4D2D8C"}

[2025-11-30 03:44:17] Response (400):
{"code":40002,"message":"Invalid value for data.0.user.ttp: value may not be null.","request_id":"20251130034417FCDA41A0582EF0B42304"}

[2025-11-30 03:45:14] Response (400):
{"code":40002,"message":"Invalid value for data.0.user.ttp: value may not be null.","request_id":"202511300345145F13527037A4C7003043"}

[2025-11-30 03:48:14] Response (400):
{"code":40002,"message":"Invalid value for data.0.user.ttp: value may not be null.","request_id":"20251130034814063276BDB3C46B66A29F"}

[2025-11-30 03:48:48] Response (400):
{"code":40002,"message":"Invalid value for data.0.user.ttp: value may not be null.","request_id":"20251130034848DDF941B54A737FEB5B7C"}

[2025-11-30 03:49:19] Response (400):
{"code":40002,"message":"Invalid value for data.0.user.ttp: value may not be null.","request_id":"20251130034919219C2F2C6B0D4642E643"}

[2025-11-30 05:42:06] Response (400):
{"code":40002,"message":"Invalid value for data.0.user.ttp: value may not be null.","request_id":"202511300542061AB9B40057B3F7AA6E76"}

[2025-11-30 05:46:27] Response (400):
{"code":40002,"message":"Invalid value for data.0.user.ttp: value may not be null.","request_id":"2025113005462739F625A324232746CF1B"}

[2025-11-30 07:39:47] Response (400):
{"code":40002,"message":"Invalid value for data.0.user.ttp: value may not be null.","request_id":"202511300739476FE550B13B842DF2A2F9"}

[2025-11-30 08:42:38] Response (400):
{"code":40002,"message":"Invalid value for data.0.user.ttp: value may not be null.","request_id":"202511300842388C1F92317100FD633525"}

[2025-11-30 11:14:21] Response (400):
{"code":40002,"message":"Invalid value for data.0.user.ttp: value may not be null.","request_id":"2025113011142199FACC13286049EF62C2"}

[2025-11-30 12:47:09] Response (400):
{"code":40002,"message":"Invalid value for data.0.user.ttp: value may not be null.","request_id":"2025113012470908B404404630B32E6835"}

[2025-11-30 13:42:50] Response (400):
{"code":40002,"message":"Invalid value for data.0.user.ttp: value may not be null.","request_id":"20251130134250692E1517B37C0B0899C8"}

[2025-11-30 14:44:16] Response (400):
{"code":40002,"message":"Invalid value for data.0.user.ttp: value may not be null.","request_id":"20251130144415EC4ED029373014303DCF"}

[2025-11-30 14:48:55] Response (400):
{"code":40002,"message":"Invalid value for data.0.user.ttp: value may not be null.","request_id":"2025113014485592374EFD03A567A3B14B"}

[2025-11-30 14:49:08] Response (400):
{"code":40002,"message":"Invalid value for data.0.user.ttp: value may not be null.","request_id":"20251130144908ADD00313E1DDBA61FFB4"}

[2025-11-30 14:52:50] Response (400):
{"code":40002,"message":"Invalid value for data.0.user.ttp: value may not be null.","request_id":"20251130145250C7F52882EB7A5F7D3F4C"}

[2025-11-30 14:52:55] Response (400):
{"code":40002,"message":"Invalid value for data.0.user.ttp: value may not be null.","request_id":"20251130145254829FC5CE88824EB77D06"}

[2025-11-30 16:41:56] Response (400):
{"code":40002,"message":"Invalid value for data.0.user.ttp: value may not be null.","request_id":"202511301641554062798FF7F64D4F2184"}

[2025-11-30 16:49:28] Response (400):
{"code":40002,"message":"Invalid value for data.0.user.ttp: value may not be null.","request_id":"20251130164927E2D073E92B9BFA3965BE"}

[2025-11-30 18:41:43] Response (400):
{"code":40002,"message":"Invalid value for data.0.user.ttp: value may not be null.","request_id":"20251130184143236A7C438A21CCE22629"}

[2025-11-30 18:49:20] Response (400):
{"code":40002,"message":"Invalid value for data.0.user.ttp: value may not be null.","request_id":"202511301849205D7C42DA40509E5DCE07"}

[2025-11-30 18:52:08] Response (400):
{"code":40002,"message":"Invalid value for data.0.user.ttp: value may not be null.","request_id":"20251130185208CFB2208D2EC9311F1669"}

[2025-11-30 19:45:53] Response (400):
{"code":40002,"message":"Invalid value for data.0.user.ttp: value may not be null.","request_id":"202511301945537A5201872E95756187B4"}

[2025-11-30 21:40:38] Response (400):
{"code":40002,"message":"Invalid value for data.0.user.ttp: value may not be null.","request_id":"20251130214038CBE13772FF1D4C1F8EB0"}

[2025-11-30 23:45:56] Response (400):
{"code":40002,"message":"Invalid value for data.0.user.ttp: value may not be null.","request_id":"202511302345552CD834F6740C8B3FE21D"}

[2025-12-01 00:44:52] Response (400):
{"code":40002,"message":"Invalid value for data.0.user.ttp: value may not be null.","request_id":"2025120100445299372DCA7CB4CE91606E"}

[2025-12-01 01:40:29] Response (400):
{"code":40002,"message":"Invalid value for data.0.user.ttp: value may not be null.","request_id":"202512010140294FB29B7D36584EAA015B"}

[2025-12-01 01:45:42] Response (400):
{"code":40002,"message":"Invalid value for data.0.user.ttp: value may not be null.","request_id":"2025120101454214B461B9BF263AC81531"}

[2025-12-01 01:46:15] Response (400):
{"code":40002,"message":"Invalid value for data.0.user.ttp: value may not be null.","request_id":"20251201014615F4B5AE54D76D7A8F0A89"}

[2025-12-01 01:46:25] Response (400):
{"code":40002,"message":"Invalid value for data.0.user.ttp: value may not be null.","request_id":"2025120101462556CB40CF8645088C512A"}

[2025-12-01 01:48:49] Response (400):
{"code":40002,"message":"Invalid value for data.0.user.ttp: value may not be null.","request_id":"202512010148491BD1702F7C0AC0B81D01"}

[2025-12-01 03:44:11] Response (400):
{"code":40002,"message":"Invalid value for data.0.user.ttp: value may not be null.","request_id":"20251201034411FDA73B122E7CD8F92E50"}

[2025-12-01 03:48:51] Response (400):
{"code":40002,"message":"Invalid value for data.0.user.ttp: value may not be null.","request_id":"20251201034851D34F3C0FD0EFFA8EB7B2"}

[2025-12-01 05:40:02] Response (400):
{"code":40002,"message":"Invalid value for data.0.user.ttp: value may not be null.","request_id":"2025120105400218B8CB8B66B379F97C63"}

[2025-12-01 05:44:36] Response (400):
{"code":40002,"message":"Invalid value for data.0.user.ttp: value may not be null.","request_id":"2025120105443550AF26628FBC0333377B"}

[2025-12-01 05:46:07] Response (400):
{"code":40002,"message":"Invalid value for data.0.user.ttp: value may not be null.","request_id":"20251201054607E37F9016F3A0A0D0990F"}

[2025-12-01 06:44:20] Response (400):
{"code":40002,"message":"Invalid value for data.0.user.ttp: value may not be null.","request_id":"202512010644202AA0DCBD0BDB8AF0D3F6"}

[2025-12-01 08:43:50] Response (400):
{"code":40002,"message":"Invalid value for data.0.user.ttp: value may not be null.","request_id":"20251201084350E952748675372F1DCE0A"}

[2025-12-01 10:47:12] Response (400):
{"code":40002,"message":"Invalid value for data.0.user.ttp: value may not be null.","request_id":"20251201104712EBA57BCE49235BC35B79"}

[2025-12-01 11:47:04] Response (400):
{"code":40002,"message":"Invalid value for data.0.user.ttp: value may not be null.","request_id":"202512011147045EC807AD3094591F45A2"}

[2025-12-01 12:42:41] Response (400):
{"code":40002,"message":"Invalid value for data.0.user.ttp: value may not be null.","request_id":"2025120112424078FBC4DDAC7BFAC4FDA3"}

[2025-12-01 12:44:28] Response (400):
{"code":40002,"message":"Invalid value for data.0.user.ttp: value may not be null.","request_id":"20251201124428BAC05BE761E212AD023E"}

[2025-12-01 12:48:22] Response (400):
{"code":40002,"message":"Invalid value for data.0.user.ttp: value may not be null.","request_id":"202512011248226BA7A552C5390153F71F"}

[2025-12-01 12:48:49] Response (400):
{"code":40002,"message":"Invalid value for data.0.user.ttp: value may not be null.","request_id":"20251201124849D9B794AE6DC4C4067AE1"}

[2025-12-01 12:48:53] Response (400):
{"code":40002,"message":"Invalid value for data.0.user.ttp: value may not be null.","request_id":"20251201124853CC1E1A80657DE5DAED75"}

[2025-12-01 14:41:30] Response (400):
{"code":40002,"message":"Invalid value for data.0.user.ttp: value may not be null.","request_id":"202512011441303B4411D4D38C8C0E38D0"}

[2025-12-01 14:53:07] Response (400):
{"code":40002,"message":"Invalid value for data.0.user.ttp: value may not be null.","request_id":"202512011453071A401567BA567F101AFF"}

[2025-12-01 16:39:51] Response (400):
{"code":40002,"message":"Invalid value for data.0.user.ttp: value may not be null.","request_id":"202512011639515BF39A0C91A71E1EBAD0"}

[2025-12-01 16:44:03] Response (400):
{"code":40002,"message":"Invalid value for data.0.user.ttp: value may not be null.","request_id":"20251201164403B3D0A5537E361C1E55D4"}

[2025-12-01 16:46:51] Response (400):
{"code":40002,"message":"Invalid value for data.0.user.ttp: value may not be null.","request_id":"202512011646511AB39FF24EB02C20604F"}

[2025-12-01 17:41:17] Response (400):
{"code":40002,"message":"Invalid value for data.0.user.ttp: value may not be null.","request_id":"2025120117411628B531A9F6DB1826D1DB"}

[2025-12-01 19:47:34] Response (400):
{"code":40002,"message":"Invalid value for data.0.user.ttp: value may not be null.","request_id":"202512011947342B7B2F20D9E613368A34"}

[2025-12-01 20:11:19] Response (200):
{"code": 0, "message": "OK", "request_id": "20251201201119D8DB7A7C5C89923AE3F6", "data": {}}

[2025-12-01 22:05:43] Response (200):
{"code": 0, "message": "OK", "request_id": "20251201220543D9C8A1226945C8429878", "data": {}}

[2025-12-01 22:07:07] Response (400):
{"code":40002,"message":"Invalid value for data.0.user.ttp: value may not be null.","request_id":"20251201220707B89FCE86CE3E634943B2"}

[2025-12-01 22:07:09] Response (400):
{"code":40002,"message":"Invalid value for data.0.user.ttp: value may not be null.","request_id":"2025120122070912CBD8074A8BF34967ED"}

[2025-12-01 22:19:49] Response (200):
{"code": 0, "message": "OK", "request_id": "202512012219495DAE7A910EC1F151696A", "data": {}}

[2025-12-01 22:22:11] Response (400):
{"code":40002,"message":"Invalid value for data.0.user.ttp: value may not be null.","request_id":"2025120122221158FD1A36A9DD934432CC"}

[2025-12-01 22:22:26] Response (200):
{"code": 0, "message": "OK", "request_id": "20251201222226B22768F56E56FC433D8A", "data": {}}

[2025-12-01 22:22:34] Response (200):
{"code": 0, "message": "OK", "request_id": "20251201222234477381B5F4235F4AB50D", "data": {}}

[2025-12-02 06:10:53] Response (400):
{"code":40002,"message":"Invalid value for data.0.user.ttp: value may not be null.","request_id":"2025120206105394D7355A7E50D37D0015"}

[2025-12-02 06:18:15] Response (400):
{"code":40002,"message":"Invalid value for data.0.user.ttp: value may not be null.","request_id":"202512020618154C667AC7670A917DC85A"}

[2025-12-02 06:20:17] Response (400):
{"code":40002,"message":"Invalid value for data.0.user.ttp: value may not be null.","request_id":"20251202062017304C5D24CFBDEF7F364A"}

[2025-12-02 06:50:05] Response (400):
{"code":40002,"message":"Invalid value for data.0.user.ttp: value may not be null.","request_id":"20251202065005EA3599621199B77ECA92"}

[2025-12-02 07:03:55] Response (400):
{"code":40002,"message":"Invalid value for data.0.user.ttp: value may not be null.","request_id":"20251202070355E714F14A53EEA08286E1"}

[2025-12-02 16:41:40] Response (400):
{"code":40002,"message":"Invalid value for data.0.user.ttp: value may not be null.","request_id":"20251202164140C8748939F4B845AE1712"}

[2025-12-02 16:46:22] Response (400):
{"code":40002,"message":"Invalid value for data.0.user.ttp: value may not be null.","request_id":"20251202164622D1BAF929093F80C196FD"}

[2025-12-02 16:46:23] Response (400):
{"code":40002,"message":"Invalid value for data.0.user.ttp: value may not be null.","request_id":"2025120216462379861B1C0C08B2C09809"}

[2025-12-02 17:40:46] Response (400):
{"code":40002,"message":"Invalid value for data.0.user.ttp: value may not be null.","request_id":"2025120217404606F6A4D591FEB8C7F99E"}

[2025-12-02 17:57:52] Response (400):
{"code":40002,"message":"Invalid value for data.0.user.ttp: value may not be null.","request_id":"202512021757521FDB53416F9009CA0813"}

[2025-12-02 18:40:56] Response (400):
{"code":40002,"message":"Invalid value for data.0.user.ttp: value may not be null.","request_id":"20251202184056407736F42287ACE53799"}

[2025-12-02 18:42:56] Response (400):
{"code":40002,"message":"Invalid value for data.0.user.ttp: value may not be null.","request_id":"2025120218425613A028CCE90B63CF77D9"}

[2025-12-02 18:46:22] Response (400):
{"code":40002,"message":"Invalid value for data.0.user.ttp: value may not be null.","request_id":"20251202184622B7B309BF340DE3BC0D12"}

[2025-12-02 18:46:26] Response (400):
{"code":40002,"message":"Invalid value for data.0.user.ttp: value may not be null.","request_id":"2025120218462650679A6895A685CE16FB"}

[2025-12-02 18:47:36] Response (400):
{"code":40002,"message":"Invalid value for data.0.user.ttp: value may not be null.","request_id":"202512021847366B97EEA681C112B9BCC2"}

[2025-12-02 18:51:54] Response (400):
{"code":40002,"message":"Invalid value for data.0.user.ttp: value may not be null.","request_id":"2025120218515433032594CFF21CCF5585"}

[2025-12-02 19:00:10] Response (400):
{"code":40002,"message":"Invalid value for data.0.user.ttp: value may not be null.","request_id":"20251202190010454F5F35D82F09BCA2F7"}

[2025-12-02 19:00:17] Response (400):
{"code":40002,"message":"Invalid value for data.0.user.ttp: value may not be null.","request_id":"20251202190017D3D50F14DE8544D1C83D"}

[2025-12-02 19:01:16] Response (400):
{"code":40002,"message":"Invalid value for data.0.user.ttp: value may not be null.","request_id":"20251202190116A4E58D11A44672CFDEEA"}

[2025-12-03 03:43:58] Response (400):
{"code":40002,"message":"Invalid value for data.0.user.ttp: value may not be null.","request_id":"202512030343572F4C5F701C59CB08C20B"}

[2025-12-03 03:44:01] Response (400):
{"code":40002,"message":"Invalid value for data.0.user.ttp: value may not be null.","request_id":"20251203034401760ED570FB3A1A07E67E"}

[2025-12-03 03:47:08] Response (400):
{"code":40002,"message":"Invalid value for data.0.user.ttp: value may not be null.","request_id":"202512030347084A03DC412C14FD058463"}

[2025-12-03 04:41:32] Response (400):
{"code":40002,"message":"Invalid value for data.0.user.ttp: value may not be null.","request_id":"202512030441325D53860591A7D20EBA3F"}

[2025-12-03 04:51:11] Response (400):
{"code":40002,"message":"Invalid value for data.0.user.ttp: value may not be null.","request_id":"2025120304511139C74BE816C5E30CB4B7"}

[2025-12-03 05:39:44] Response (400):
{"code":40002,"message":"Invalid value for data.0.user.ttp: value may not be null.","request_id":"20251203053944C0B06039DEA2E7125367"}

[2025-12-03 05:42:21] Response (400):
{"code":40002,"message":"Invalid value for data.0.user.ttp: value may not be null.","request_id":"20251203054221577D00DADF9775117F46"}

[2025-12-03 05:44:46] Response (400):
{"code":40002,"message":"Invalid value for data.0.user.ttp: value may not be null.","request_id":"202512030544463891EA6E6791BD11A653"}

[2025-12-03 05:50:41] Response (400):
{"code":40002,"message":"Invalid value for data.0.user.ttp: value may not be null.","request_id":"202512030550417CA1A0A263109532F8E5"}

[2025-12-03 05:50:47] Response (400):
{"code":40002,"message":"Invalid value for data.0.user.ttp: value may not be null.","request_id":"20251203055046003FECFC7E534515E101"}

[2025-12-03 05:52:39] Response (400):
{"code":40002,"message":"Invalid value for data.0.user.ttp: value may not be null.","request_id":"2025120305523998936529FA511F33F658"}

[2025-12-03 05:52:49] Response (400):
{"code":40002,"message":"Invalid value for data.0.user.ttp: value may not be null.","request_id":"2025120305524980D2D703EE791DFA824A"}

[2025-12-03 05:53:45] Response (400):
{"code":40002,"message":"Invalid value for data.0.user.ttp: value may not be null.","request_id":"2025120305534530B7F434E8741714890A"}

[2025-12-03 05:56:52] Response (400):
{"code":40002,"message":"Invalid value for data.0.user.ttp: value may not be null.","request_id":"202512030556520C8F4FE3A6611B1186ED"}

[2025-12-03 14:40:20] Response (400):
{"code":40002,"message":"Invalid value for data.0.user.ttp: value may not be null.","request_id":"202512031440201F47B1A7D98FBE4B3C3A"}

[2025-12-03 14:44:55] Response (400):
{"code":40002,"message":"Invalid value for data.0.user.ttp: value may not be null.","request_id":"20251203144455AEF1637BD4ABDD49B105"}

[2025-12-03 14:44:57] Response (400):
{"code":40002,"message":"Invalid value for data.0.user.ttp: value may not be null.","request_id":"202512031444572CB471C1F7D26A49CBB1"}

[2025-12-03 15:44:36] Response (400):
{"code":40002,"message":"Invalid value for data.0.user.ttp: value may not be null.","request_id":"202512031544363FECA73261CB945166A7"}

[2025-12-03 15:44:42] Response (400):
{"code":40002,"message":"Invalid value for data.0.user.ttp: value may not be null.","request_id":"20251203154442F0CE62484BA53A502A85"}

[2025-12-03 15:53:28] Response (400):
{"code":40002,"message":"Invalid value for data.0.user.ttp: value may not be null.","request_id":"20251203155328299E57B9902DB63329AF"}

[2025-12-03 16:42:05] Response (400):
{"code":40002,"message":"Invalid value for data.0.user.ttp: value may not be null.","request_id":"202512031642059B1012AA96D72657AD8A"}

[2025-12-03 16:47:13] Response (400):
{"code":40002,"message":"Invalid value for data.0.user.ttp: value may not be null.","request_id":"202512031647133AF822BE1B51963B4172"}

[2025-12-03 16:48:54] Response (400):
{"code":40002,"message":"Invalid value for data.0.user.ttp: value may not be null.","request_id":"202512031648540A914D0212E2C558CF8F"}

[2025-12-03 16:48:56] Response (400):
{"code":40002,"message":"Invalid value for data.0.user.ttp: value may not be null.","request_id":"2025120316485623DAB41EAD3C6A58026B"}

[2025-12-03 16:49:17] Response (400):
{"code":40002,"message":"Invalid value for data.0.user.ttp: value may not be null.","request_id":"20251203164917C4E518A5AADF9E574DEC"}

[2025-12-03 16:49:26] Response (400):
{"code":40002,"message":"Invalid value for data.0.user.ttp: value may not be null.","request_id":"20251203164926FA2AE35B0066B7576422"}

[2025-12-03 16:50:27] Response (400):
{"code":40002,"message":"Invalid value for data.0.user.ttp: value may not be null.","request_id":"20251203165027491C9A920A9B8A5B3149"}

[2025-12-03 16:50:29] Response (400):
{"code":40002,"message":"Invalid value for data.0.user.ttp: value may not be null.","request_id":"202512031650295BE556118D204658596E"}

[2025-12-03 16:53:25] Response (400):
{"code":40002,"message":"Invalid value for data.0.user.ttp: value may not be null.","request_id":"20251203165325782D0C224C03D358711E"}

[2025-12-03 16:53:31] Response (400):
{"code":40002,"message":"Invalid value for data.0.user.ttp: value may not be null.","request_id":"20251203165331ADCE1C0903331E55A3F8"}

[2025-12-03 16:53:33] Response (400):
{"code":40002,"message":"Invalid value for data.0.user.ttp: value may not be null.","request_id":"20251203165333400F1859969FF858A9DF"}

[2025-12-03 17:00:18] Response (400):
{"code":40002,"message":"Invalid value for data.0.user.ttp: value may not be null.","request_id":"20251203170018EBFD10A32501DF0B1379"}

[2025-12-03 17:00:20] Response (400):
{"code":40002,"message":"Invalid value for data.0.user.ttp: value may not be null.","request_id":"202512031700205537F83B92DABA58AD91"}

[2025-12-03 19:13:06] Response (400):
{"code":40002,"message":"Invalid value for data.0.user.ttp: value may not be null.","request_id":"202512031913054A1BC96CDF9447677148"}

[2025-12-03 20:06:32] Response (200):
{"code": 0, "message": "OK", "request_id": "202512032006327A310C09ACD92F6D4671", "data": {}}

[2025-12-03 20:18:13] Response (400):
{"code":40002,"message":"Invalid value for data.0.user.ttp: value may not be null.","request_id":"202512032018134F86550AE5DACD6DF77D"}

[2025-12-03 20:38:55] Response (400):
{"code":40002,"message":"Invalid value for data.0.user.ttp: value may not be null.","request_id":"20251203203854046FB311E7703F4E4221"}

[2025-12-03 20:41:32] Response (400):
{"code":40002,"message":"Invalid value for data.0.user.ttp: value may not be null.","request_id":"20251203204132356D8336BCC1A07423FE"}

[2025-12-03 20:59:33] Response (400):
{"code":40002,"message":"Invalid value for data.0.user.ttp: value may not be null.","request_id":"20251203205933E5C4F8F00E765A74784B"}

[2025-12-03 21:13:03] Response (400):
{"code":40002,"message":"Invalid value for data.0.user.ttp: value may not be null.","request_id":"20251203211303B1B87C988291049CDD13"}

[2025-12-03 21:23:43] Response (400):
{"code":40002,"message":"Invalid value for data.0.user.ttp: value may not be null.","request_id":"202512032123433E05737DAB9B98786F0A"}

[2025-12-03 21:31:52] Response (400):
{"code":40002,"message":"Invalid value for data.0.user.ttp: value may not be null.","request_id":"202512032131523ACD5F6247A61F754089"}

[2025-12-03 22:09:56] Response (400):
{"code":40002,"message":"Invalid value for data.0.user.ttp: value may not be null.","request_id":"202512032209560EC413CF7190127D4EBE"}

[2025-12-03 22:31:13] Response (400):
{"code":40002,"message":"Invalid value for data.0.user.ttp: value may not be null.","request_id":"2025120322311321863A4CF76F8B7D1FE0"}

[2025-12-04 01:43:11] Response (400):
{"code":40002,"message":"Invalid value for data.0.user.ttp: value may not be null.","request_id":"20251204014311DCFADD3249A66C8E7603"}

[2025-12-04 01:45:32] Response (400):
{"code":40002,"message":"Invalid value for data.0.user.ttp: value may not be null.","request_id":"2025120401453205205CD1D2ADD990149E"}

[2025-12-04 01:51:19] Response (400):
{"code":40002,"message":"Invalid value for data.0.user.ttp: value may not be null.","request_id":"20251204015119773B9E262D03766FC123"}

[2025-12-04 02:10:08] Response (400):
{"code":40002,"message":"Invalid value for data.0.user.ttp: value may not be null.","request_id":"20251204021008AD249272DA9A148ECCCC"}

[2025-12-04 02:40:31] Response (400):
{"code":40002,"message":"Invalid value for data.0.user.ttp: value may not be null.","request_id":"202512040240313B566F2E5E403196E239"}

[2025-12-04 02:40:40] Response (400):
{"code":40002,"message":"Invalid value for data.0.user.ttp: value may not be null.","request_id":"2025120402404077DC555DA3D5206EC0D6"}

[2025-12-04 02:45:15] Response (400):
{"code":40002,"message":"Invalid value for data.0.user.ttp: value may not be null.","request_id":"20251204024514B7878959070534C334A5"}

[2025-12-04 03:07:22] Response (400):
{"code":40002,"message":"Invalid value for data.0.user.ttp: value may not be null.","request_id":"20251204030722BCC5EEB6A6E37E9946BB"}

[2025-12-04 03:41:36] Response (400):
{"code":40002,"message":"Invalid value for data.0.user.ttp: value may not be null.","request_id":"202512040341368ED5EDF1C6129BC98D98"}

[2025-12-04 03:43:11] Response (400):
{"code":40002,"message":"Invalid value for data.0.user.ttp: value may not be null.","request_id":"2025120403431052D55A7876BE139CCCD6"}

[2025-12-04 03:43:27] Response (400):
{"code":40002,"message":"Invalid value for data.0.user.ttp: value may not be null.","request_id":"2025120403432747E3E24218A1569C2AF5"}

[2025-12-04 03:49:59] Response (400):
{"code":40002,"message":"Invalid value for data.0.user.ttp: value may not be null.","request_id":"20251204034958CEA1BFA23F62B0CC463C"}

[2025-12-04 03:50:08] Response (400):
{"code":40002,"message":"Invalid value for data.0.user.ttp: value may not be null.","request_id":"20251204035008C543AA038211749CC45E"}

[2025-12-04 03:50:10] Response (400):
{"code":40002,"message":"Invalid value for data.0.user.ttp: value may not be null.","request_id":"2025120403501016EF3787B38B55C89975"}

[2025-12-04 03:52:12] Response (400):
{"code":40002,"message":"Invalid value for data.0.user.ttp: value may not be null.","request_id":"20251204035212DC66B77E420A179D62CF"}

[2025-12-04 03:52:19] Response (400):
{"code":40002,"message":"Invalid value for data.0.user.ttp: value may not be null.","request_id":"202512040352191327158FF86AD79E89F0"}

[2025-12-04 16:29:57] Response (200):
{"code": 0, "message": "OK", "request_id": "202512041629562DD7B6E1E6780E21DEDA", "data": {}}

[2025-12-04 16:29:57] Response (200):
{"code": 0, "message": "OK", "request_id": "2025120416295737786D7AF0C021EA6B80", "data": {}}

[2025-12-04 17:46:21] Response (200):
{"code": 0, "message": "OK", "request_id": "20251204174621E44D7B677BF1D9F45697", "data": {}}

[2025-12-04 17:46:51] Response (200):
{"code": 0, "message": "OK", "request_id": "202512041746517251191DEA0FDDF312E6", "data": {}}

[2025-12-04 17:47:21] Response (200):
{"code": 0, "message": "OK", "request_id": "202512041747215A3C0DF96A0512F38776", "data": {}}

[2025-12-04 17:47:28] Response (200):
{"code": 0, "message": "OK", "request_id": "202512041747280994DDD13C22B1C29D6B", "data": {}}

[2025-12-04 17:47:32] Response (200):
{"code": 0, "message": "OK", "request_id": "20251204174732DDC583CE7D8ED1F2206E", "data": {}}

[2025-12-04 19:19:30] Response (200):
{"code": 0, "message": "OK", "request_id": "20251204191929D4C1AC24AEBF9DFDB21F", "data": {}}

[2025-12-04 19:19:42] Response (200):
{"code": 0, "message": "OK", "request_id": "202512041919426C4C1BDCB275CCF7E9C3", "data": {}}

[2025-12-04 19:19:43] Response (200):
{"code": 0, "message": "OK", "request_id": "20251204191943879AA87FD092F0FEAA62", "data": {}}

[2025-12-04 19:19:45] Response (200):
{"code": 0, "message": "OK", "request_id": "2025120419194522795B3AF40A3EFE91E1", "data": {}}

[2025-12-04 19:20:38] Response (200):
{"code": 0, "message": "OK", "request_id": "20251204192038439DFF74D08F9639D54E", "data": {}}

[2025-12-04 19:22:14] Response (200):
{"code": 0, "message": "OK", "request_id": "20251204192214747B0A1B2A7F03FCEDD0", "data": {}}

[2025-12-04 19:22:48] Response (200):
{"code": 0, "message": "OK", "request_id": "202512041922474CA2CD64BDAF2A003F95", "data": {}}

[2025-12-04 20:48:47] Response (400):
{"code":40002,"message":"Invalid value for data.0.user.ttp: value may not be null.","request_id":"20251204204847E1FFE57B0F81D303B43F"}

[2025-12-04 21:00:15] Response (200):
{"code": 0, "message": "OK", "request_id": "20251204210015B0A22D129E6BB509BA84", "data": {}}

[2025-12-04 21:12:38] Response (200):
{"code": 0, "message": "OK", "request_id": "20251204211238FFF6835F2C62FE059E0D", "data": {}}

[2025-12-04 21:13:32] Response (200):
{"code": 0, "message": "OK", "request_id": "20251204211331E9735E2AF4D6380A8349", "data": {}}

[2025-12-04 21:26:33] Response (400):
{"code":40002,"message":"Invalid value for data.0.user.ttp: value may not be null.","request_id":"20251204212633631923187A16E009126E"}

[2025-12-04 21:29:51] Response (400):
{"code":40002,"message":"Invalid value for data.0.user.ttp: value may not be null.","request_id":"20251204212951219B134943CDFB45E91F"}

[2025-12-04 21:37:55] Response (200):
{"code": 0, "message": "OK", "request_id": "20251204213755F60D802FB9D77D0C4D0F", "data": {}}

[2025-12-05 00:57:13] Response (400):
{"code":40002,"message":"Invalid value for data.0.user.ttp: value may not be null.","request_id":"20251205005713E528C3ED25208D1C2CA3"}

[2025-12-05 06:40:43] Response (400):
{"code":40002,"message":"Invalid value for data.0.user.ttp: value may not be null.","request_id":"2025120506404393962DE9AC2BC484A56E"}

[2025-12-05 06:41:06] Response (400):
{"code":40002,"message":"Invalid value for data.0.user.ttp: value may not be null.","request_id":"20251205064106FB9415B979321B3F1DA4"}

[2025-12-05 07:04:19] Response (400):
{"code":40002,"message":"Invalid value for data.0.user.ttp: value may not be null.","request_id":"20251205070419A49D3985DC651F44CE6E"}

[2025-12-05 07:04:20] Response (400):
{"code":40002,"message":"Invalid value for data.0.user.ttp: value may not be null.","request_id":"20251205070420396B766B180C963F00A9"}

[2025-12-05 07:04:55] Response (400):
{"code":40002,"message":"Invalid value for data.0.user.ttp: value may not be null.","request_id":"2025120507045514652702A4237841B1FA"}

[2025-12-05 07:10:16] Response (400):
{"code":40002,"message":"Invalid value for data.0.user.ttp: value may not be null.","request_id":"20251205071016A7F1E6503DE01E4034EF"}

[2025-12-05 07:10:18] Response (400):
{"code":40002,"message":"Invalid value for data.0.user.ttp: value may not be null.","request_id":"202512050710183B4411D4D38C8C4356BA"}

[2025-12-05 07:45:12] Response (400):
{"code":40002,"message":"Invalid value for data.0.user.ttp: value may not be null.","request_id":"20251205074512827093B1B21FDA479CAC"}

[2025-12-05 07:45:37] Response (400):
{"code":40002,"message":"Invalid value for data.0.user.ttp: value may not be null.","request_id":"202512050745374A003D2843AFE7469186"}

[2025-12-05 17:41:12] Response (400):
{"code":40002,"message":"Invalid value for data.0.user.ttp: value may not be null.","request_id":"20251205174111D6E23569571530885695"}

[2025-12-05 17:43:16] Response (400):
{"code":40002,"message":"Invalid value for data.0.user.ttp: value may not be null.","request_id":"20251205174316E1DFCD86B17040035041"}

[2025-12-05 17:45:48] Response (400):
{"code":40002,"message":"Invalid value for data.0.user.ttp: value may not be null.","request_id":"202512051745487DA2B42B0D726E868DA7"}

[2025-12-05 17:45:49] Response (400):
{"code":40002,"message":"Invalid value for data.0.user.ttp: value may not be null.","request_id":"2025120517454900A7BDB5A56A6B87E7AA"}

[2025-12-05 17:46:04] Response (400):
{"code":40002,"message":"Invalid value for data.0.user.ttp: value may not be null.","request_id":"20251205174604F10759EC2C53F785DD85"}

[2025-12-05 17:46:52] Response (400):
{"code":40002,"message":"Invalid value for data.0.user.ttp: value may not be null.","request_id":"202512051746520B01D4ACD99B66852B28"}

[2025-12-05 17:46:53] Response (400):
{"code":40002,"message":"Invalid value for data.0.user.ttp: value may not be null.","request_id":"20251205174653AD008DAA08978F866A8F"}

[2025-12-05 18:42:39] Response (400):
{"code":40002,"message":"Invalid value for data.0.user.ttp: value may not be null.","request_id":"202512051842392B8C055F7A0907DC0F0D"}

[2025-12-05 20:17:27] Response (400):
{"code":40002,"message":"Invalid value for data.0.user.ttp: value may not be null.","request_id":"202512052017271E109B6570478B931BBA"}

[2025-12-05 23:55:10] Response (400):
{"code":40002,"message":"Invalid value for data.0.user.ttp: value may not be null.","request_id":"20251205235510769F6CF46E0549AB80CE"}

[2025-12-06 01:51:53] Response (400):
{"code":40002,"message":"Invalid value for data.0.user.ttp: value may not be null.","request_id":"2025120601515388F93AF3C7477BFFABCD"}

[2025-12-06 04:43:26] Response (400):
{"code":40002,"message":"Invalid value for data.0.user.ttp: value may not be null.","request_id":"20251206044326A611AB2874B92E32A3BB"}

[2025-12-06 04:43:38] Response (400):
{"code":40002,"message":"Invalid value for data.0.user.ttp: value may not be null.","request_id":"20251206044338A611AB2874B92E32A906"}

[2025-12-06 04:46:12] Response (400):
{"code":40002,"message":"Invalid value for data.0.user.ttp: value may not be null.","request_id":"20251206044612C07042723003AEC51576"}

[2025-12-06 04:46:54] Response (400):
{"code":40002,"message":"Invalid value for data.0.user.ttp: value may not be null.","request_id":"2025120604465481326CBFC029B3CA215E"}

[2025-12-06 04:47:22] Response (400):
{"code":40002,"message":"Invalid value for data.0.user.ttp: value may not be null.","request_id":"20251206044722F3E1D2564378D00E29FB"}

[2025-12-06 04:51:12] Response (400):
{"code":40002,"message":"Invalid value for data.0.user.ttp: value may not be null.","request_id":"202512060451128012AAB5F7E23FCCA0E0"}

[2025-12-06 04:51:39] Response (400):
{"code":40002,"message":"Invalid value for data.0.user.ttp: value may not be null.","request_id":"202512060451397DEEB22D6807EDC4232F"}

[2025-12-06 05:42:50] Response (400):
{"code":40002,"message":"Invalid value for data.0.user.ttp: value may not be null.","request_id":"20251206054250509167E1ECCEA8CBEBB5"}

[2025-12-06 08:19:25] Response (400):
{"code":40002,"message":"Invalid value for data.0.user.ttp: value may not be null.","request_id":"2025120608192599361E9F789A1FD6E331"}

[2025-12-06 08:19:28] Response (400):
{"code":40002,"message":"Invalid value for data.0.user.ttp: value may not be null.","request_id":"20251206081928FF0070CBA5D00DE44503"}

[2025-12-06 08:19:31] Response (400):
{"code":40002,"message":"Invalid value for data.0.user.ttp: value may not be null.","request_id":"20251206081931BEBEC46F43DAF8D51AC4"}

[2025-12-06 10:48:18] Response (400):
{"code":40002,"message":"Invalid value for data.0.user.ttp: value may not be null.","request_id":"20251206104818D8EB94174B95FCE888E5"}

[2025-12-06 12:05:01] Response (400):
{"code":40002,"message":"Invalid value for data.0.user.ttp: value may not be null.","request_id":"20251206120501AB367191C3296FFBDC2A"}

[2025-12-06 12:16:08] Response (400):
{"code":40002,"message":"Invalid value for data.0.user.ttp: value may not be null.","request_id":"2025120612160884970871242210FBE956"}

[2025-12-06 12:57:57] Response (400):
{"code":40002,"message":"Invalid value for data.0.user.ttp: value may not be null.","request_id":"20251206125757FB882DE9AF8F14F443CF"}

[2025-12-06 14:10:42] Response (400):
{"code":40002,"message":"Invalid value for data.0.user.ttp: value may not be null.","request_id":"2025120614104238136E2F9521B806B51B"}

[2025-12-06 14:10:56] Response (400):
{"code":40002,"message":"Invalid value for data.0.user.ttp: value may not be null.","request_id":"2025120614105666CA2CA7916532909F7E"}

[2025-12-06 14:17:35] Response (400):
{"code":40002,"message":"Invalid value for data.0.user.ttp: value may not be null.","request_id":"20251206141735537099157285F70A20AC"}

[2025-12-06 14:32:03] Response (400):
{"code":40002,"message":"Invalid value for data.0.user.ttp: value may not be null.","request_id":"20251206143203FD0C3657180DD5C56356"}

[2025-12-06 14:32:48] Response (400):
{"code":40002,"message":"Invalid value for data.0.user.ttp: value may not be null.","request_id":"202512061432489E1E45885952D954E1FB"}

[2025-12-06 14:32:52] Response (400):
{"code":40002,"message":"Invalid value for data.0.user.ttp: value may not be null.","request_id":"20251206143252F5FE5AF75B5A7A41D3E8"}

[2025-12-06 22:39:46] Response (400):
{"code":40002,"message":"Invalid value for data.0.user.ttp: value may not be null.","request_id":"202512062239462EE977F98E038336707B"}

[2025-12-06 22:42:30] Response (400):
{"code":40002,"message":"Invalid value for data.0.user.ttp: value may not be null.","request_id":"20251206224230F426993678C87C3BBDD9"}

[2025-12-06 23:54:42] Response (400):
{"code":40002,"message":"Invalid value for data.0.user.ttp: value may not be null.","request_id":"20251206235442A5859F70CF5E6E802AD0"}

[2025-12-07 00:51:56] Response (400):
{"code":40002,"message":"Invalid value for data.0.user.ttp: value may not be null.","request_id":"202512070051563C5FFDBCB795EA4887D5"}

[2025-12-07 01:00:13] Response (400):
{"code":40002,"message":"Invalid value for data.0.user.ttp: value may not be null.","request_id":"202512070100137581C41BB400F75535CE"}

[2025-12-07 01:03:55] Response (400):
{"code":40002,"message":"Invalid value for data.0.user.ttp: value may not be null.","request_id":"2025120701035424704A9EFBDDB44AB2FF"}

[2025-12-07 01:04:08] Response (400):
{"code":40002,"message":"Invalid value for data.0.user.ttp: value may not be null.","request_id":"20251207010408CD9E69B06771874B97B0"}

[2025-12-07 01:06:58] Response (400):
{"code":40002,"message":"Invalid value for data.0.user.ttp: value may not be null.","request_id":"202512070106583EEC02690C4D043F6E0D"}

[2025-12-07 07:03:56] Response (400):
{"code":40002,"message":"Invalid value for data.0.user.ttp: value may not be null.","request_id":"20251207070356D44290E46E108231CE9A"}

[2025-12-07 07:14:17] Response (400):
{"code":40002,"message":"Invalid value for data.0.user.ttp: value may not be null.","request_id":"20251207071417C0F8ECC28CEC5D6CD384"}

[2025-12-07 08:08:25] Response (400):
{"code":40002,"message":"Invalid value for data.0.user.ttp: value may not be null.","request_id":"20251207080825AC73D890E398EE2F4D60"}

[2025-12-07 09:15:04] Response (400):
{"code":40002,"message":"Invalid value for data.0.user.ttp: value may not be null.","request_id":"20251207091504E73EE85D33D36E87D1FF"}

[2025-12-07 09:15:29] Response (400):
{"code":40002,"message":"Invalid value for data.0.user.ttp: value may not be null.","request_id":"202512070915293512F619EB5950635AD0"}

[2025-12-07 09:20:10] Response (400):
{"code":40002,"message":"Invalid value for data.0.user.ttp: value may not be null.","request_id":"2025120709201011152A67BBE51A8F979D"}

[2025-12-07 09:58:09] Response (400):
{"code":40002,"message":"Invalid value for data.0.user.ttp: value may not be null.","request_id":"202512070958096CF83604774ADA7C4C05"}

[2025-12-07 10:01:40] Response (400):
{"code":40002,"message":"Invalid value for data.0.user.ttp: value may not be null.","request_id":"202512071001407CC8595911A7BE7C7EFA"}

[2025-12-07 10:01:46] Response (400):
{"code":40002,"message":"Invalid value for data.0.user.ttp: value may not be null.","request_id":"20251207100146912166447983B2ACE79D"}

[2025-12-07 12:32:29] Response (400):
{"code":40002,"message":"Invalid value for data.0.user.ttp: value may not be null.","request_id":"20251207123228950EAD3484486C85A518"}

[2025-12-07 12:32:34] Response (400):
{"code":40002,"message":"Invalid value for data.0.user.ttp: value may not be null.","request_id":"202512071232341BF322D433A386A201D3"}

[2025-12-07 12:32:38] Response (400):
{"code":40002,"message":"Invalid value for data.0.user.ttp: value may not be null.","request_id":"202512071232383673476839EEBEA57705"}

[2025-12-07 17:41:45] Response (400):
{"code":40002,"message":"Invalid value for data.0.user.ttp: value may not be null.","request_id":"20251207174145E14B5525F02B48AAE9C9"}

[2025-12-07 17:46:34] Response (400):
{"code":40002,"message":"Invalid value for data.0.user.ttp: value may not be null.","request_id":"20251207174634BCB691232600E2DC9B55"}

[2025-12-07 18:47:48] Response (400):
{"code":40002,"message":"Invalid value for data.0.user.ttp: value may not be null.","request_id":"2025120718474800DC2BA734A65FFFCBF9"}

[2025-12-07 19:59:23] Response (400):
{"code":40002,"message":"Invalid value for data.0.user.ttp: value may not be null.","request_id":"2025120719592389662A1B8244D0A94ECE"}

[2025-12-07 20:03:51] Response (400):
{"code":40002,"message":"Invalid value for data.0.user.ttp: value may not be null.","request_id":"202512072003519C316D022A239DABB8B8"}

[2025-12-07 20:03:59] Response (400):
{"code":40002,"message":"Invalid value for data.0.user.ttp: value may not be null.","request_id":"2025120720035974E798E4D3EC90E0682B"}

[2025-12-07 20:44:21] Response (400):
{"code":40002,"message":"Invalid value for data.0.user.ttp: value may not be null.","request_id":"202512072044217F9F180EED477FE41A61"}

[2025-12-07 20:44:49] Response (400):
{"code":40002,"message":"Invalid value for data.0.user.ttp: value may not be null.","request_id":"20251207204449DC30438196B201C4766D"}

[2025-12-07 20:48:11] Response (400):
{"code":40002,"message":"Invalid value for data.0.user.ttp: value may not be null.","request_id":"2025120720481166F3CCB1400DF5E04E64"}

[2025-12-08 04:40:16] Response (400):
{"code":40002,"message":"Invalid value for data.0.user.ttp: value may not be null.","request_id":"20251208044016B46C8A21DDE51D1D9040"}

[2025-12-08 04:42:38] Response (400):
{"code":40002,"message":"Invalid value for data.0.user.ttp: value may not be null.","request_id":"202512080442387C347D0EA8124FB6C621"}

[2025-12-08 05:48:28] Response (400):
{"code":40002,"message":"Invalid value for data.0.user.ttp: value may not be null.","request_id":"2025120805482829EC32AEE41835178D12"}

[2025-12-08 06:55:12] Response (400):
{"code":40002,"message":"Invalid value for data.0.user.ttp: value may not be null.","request_id":"20251208065512064064F73B9342E38E8A"}

[2025-12-08 06:55:50] Response (400):
{"code":40002,"message":"Invalid value for data.0.user.ttp: value may not be null.","request_id":"202512080655509871AB47CF1C32F93A4B"}

[2025-12-08 07:04:24] Response (400):
{"code":40002,"message":"Invalid value for data.0.user.ttp: value may not be null.","request_id":"202512080704246DD510A4645399296C2E"}

[2025-12-08 07:42:59] Response (400):
{"code":40002,"message":"Invalid value for data.0.user.ttp: value may not be null.","request_id":"20251208074259776D903CA6F152FF78DE"}

[2025-12-08 07:50:06] Response (400):
{"code":40002,"message":"Invalid value for data.0.user.ttp: value may not be null.","request_id":"2025120807500605ACF9734198F9FE6A56"}

[2025-12-08 07:50:11] Response (400):
{"code":40002,"message":"Invalid value for data.0.user.ttp: value may not be null.","request_id":"202512080750116779C9875ACF032D2C05"}

[2025-12-08 14:11:43] Response (400):
{"code":40002,"message":"Invalid value for data.0.user.ttp: value may not be null.","request_id":"2025120814114337E81869235B672E9F2D"}

[2025-12-08 15:39:43] Response (400):
{"code":40002,"message":"Invalid value for data.0.user.ttp: value may not be null.","request_id":"20251208153943E540D7688C12A1386BBE"}

[2025-12-08 15:40:11] Response (400):
{"code":40002,"message":"Invalid value for data.0.user.ttp: value may not be null.","request_id":"20251208154011004B31C5C15E99161D4C"}

[2025-12-08 15:42:10] Response (400):
{"code":40002,"message":"Invalid value for data.0.user.ttp: value may not be null.","request_id":"20251208154210F7EEDC583BAD71F47B33"}

[2025-12-08 15:42:17] Response (400):
{"code":40002,"message":"Invalid value for data.0.user.ttp: value may not be null.","request_id":"20251208154217AB65CE24D57DF531F168"}

[2025-12-08 15:42:23] Response (400):
{"code":40002,"message":"Invalid value for data.0.user.ttp: value may not be null.","request_id":"2025120815422349855C4C4CF4F1F4F79E"}

[2025-12-08 16:44:29] Response (400):
{"code":40002,"message":"Invalid value for data.0.user.ttp: value may not be null.","request_id":"2025120816442918474234B062EB83DA13"}

[2025-12-08 17:53:14] Response (400):
{"code":40002,"message":"Invalid value for data.0.user.ttp: value may not be null.","request_id":"2025120817531490C80C16ACF3CF6E8BC8"}

[2025-12-08 17:57:44] Response (400):
{"code":40002,"message":"Invalid value for data.0.user.ttp: value may not be null.","request_id":"2025120817574359739CD4D91AB525F4DD"}

[2025-12-08 18:43:51] Response (400):
{"code":40002,"message":"Invalid value for data.0.user.ttp: value may not be null.","request_id":"20251208184351F26C4E5190B66A72D284"}

[2025-12-08 18:47:57] Response (400):
{"code":40002,"message":"Invalid value for data.0.user.ttp: value may not be null.","request_id":"20251208184757A3222E55A322227717D3"}

[2025-12-08 18:49:10] Response (400):
{"code":40002,"message":"Invalid value for data.0.user.ttp: value may not be null.","request_id":"20251208184910ABD7C45653994BAB0AD4"}

[2025-12-09 00:16:22] Response (400):
{"code":40002,"message":"Invalid value for data.0.user.ttp: value may not be null.","request_id":"2025120900162261FDD5E8687F3CA4D3CC"}

[2025-12-09 00:16:25] Response (400):
{"code":40002,"message":"Invalid value for data.0.user.ttp: value may not be null.","request_id":"20251209001625735BE93A359F0D04B019"}

[2025-12-09 00:16:27] Response (400):
{"code":40002,"message":"Invalid value for data.0.user.ttp: value may not be null.","request_id":"20251209001627A9E304204EE7DA73D0C1"}

[2025-12-09 02:40:18] Response (400):
{"code":40002,"message":"Invalid value for data.0.user.ttp: value may not be null.","request_id":"20251209024018AE347EE929636F9C01FA"}

[2025-12-09 02:40:59] Response (400):
{"code":40002,"message":"Invalid value for data.0.user.ttp: value may not be null.","request_id":"20251209024059BED4AA188BD69679873A"}

[2025-12-09 04:49:32] Response (400):
{"code":40002,"message":"Invalid value for data.0.user.ttp: value may not be null.","request_id":"20251209044932A08B9C6541C9C1C61398"}

[2025-12-09 04:55:30] Response (400):
{"code":40002,"message":"Invalid value for data.0.user.ttp: value may not be null.","request_id":"20251209045530C2B2FCD69FB2E8898FAA"}

[2025-12-09 05:42:03] Response (400):
{"code":40002,"message":"Invalid value for data.0.user.ttp: value may not be null.","request_id":"2025120905420373B5DE572C3C928873E1"}

[2025-12-09 05:48:11] Response (400):
{"code":40002,"message":"Invalid value for data.0.user.ttp: value may not be null.","request_id":"20251209054811DD2907588351698FEBBE"}

[2025-12-09 05:51:47] Response (400):
{"code":40002,"message":"Invalid value for data.0.user.ttp: value may not be null.","request_id":"2025120905514729DE4F5780E4ED8C2539"}

[2025-12-09 06:25:16] Response (200):
{"code": 0, "message": "OK", "request_id": "202512090625163CA69463C953BB914636", "data": {}}

[2025-12-09 06:48:19] Response (400):
{"code":40002,"message":"Invalid value for data.0.user.ttp: value may not be null.","request_id":"2025120906481977FEB7A982CEC1687527"}

[2025-12-09 09:34:59] Response (400):
{"code":40002,"message":"Invalid value for data.0.user.ttp: value may not be null.","request_id":"20251209093459B759FB509236A37153B2"}

[2025-12-09 09:44:56] Response (400):
{"code":40002,"message":"Invalid value for data.0.user.ttp: value may not be null.","request_id":"202512090944563D3C90D30C832D6FEAF0"}

[2025-12-09 10:20:13] Response (400):
{"code":40002,"message":"Invalid value for data.0.user.ttp: value may not be null.","request_id":"202512091020137BE4A4D20D6194A2941B"}

[2025-12-09 10:20:28] Response (400):
{"code":40002,"message":"Invalid value for data.0.user.ttp: value may not be null.","request_id":"20251209102028DB047069AC292B9E85C3"}

[2025-12-09 10:26:19] Response (400):
{"code":40002,"message":"Invalid value for data.0.user.ttp: value may not be null.","request_id":"202512091026187B3C0724B5F43AA3C82C"}

[2025-12-09 10:34:00] Response (400):
{"code":40002,"message":"Invalid value for data.0.user.ttp: value may not be null.","request_id":"202512091034009E702E212CC8F976DA1E"}

[2025-12-09 10:46:44] Response (400):
{"code":40002,"message":"Invalid value for data.0.user.ttp: value may not be null.","request_id":"20251209104644E2935B6185E47BE96EF7"}

[2025-12-09 11:32:29] Response (400):
{"code":40002,"message":"Invalid value for data.0.user.ttp: value may not be null.","request_id":"20251209113229BAA8004967171E32FA70"}

[2025-12-09 12:46:15] Response (400):
{"code":40002,"message":"Invalid value for data.0.user.ttp: value may not be null.","request_id":"20251209124615C18220352E3162F01705"}

[2025-12-09 12:48:27] Response (400):
{"code":40002,"message":"Invalid value for data.0.user.ttp: value may not be null.","request_id":"202512091248276B026CA645DED5B0B8A0"}

[2025-12-09 12:48:59] Response (400):
{"code":40002,"message":"Invalid value for data.0.user.ttp: value may not be null.","request_id":"202512091248592A884463FA301BE91CC5"}

[2025-12-09 13:02:18] Response (400):
{"code":40002,"message":"Invalid value for data.0.user.ttp: value may not be null.","request_id":"202512091302182101FB06517012F48111"}

[2025-12-09 13:02:45] Response (400):
{"code":40002,"message":"Invalid value for data.0.user.ttp: value may not be null.","request_id":"20251209130245853758EB293C8C819E81"}

[2025-12-09 13:02:47] Response (400):
{"code":40002,"message":"Invalid value for data.0.user.ttp: value may not be null.","request_id":"2025120913024689E16984D98882F4A204"}

[2025-12-09 17:21:01] Response (400):
{"code":40002,"message":"Invalid value for data.0.user.ttp: value may not be null.","request_id":"20251209172101106127307281BED2A87C"}

[2025-12-09 17:21:07] Response (400):
{"code":40002,"message":"Invalid value for data.0.user.ttp: value may not be null.","request_id":"202512091721077CBF7B4C240501E19571"}

[2025-12-09 17:23:19] Response (400):
{"code":40002,"message":"Invalid value for data.0.user.ttp: value may not be null.","request_id":"20251209172319BC969E2BC5F7FCD7638D"}

[2025-12-09 17:23:24] Response (400):
{"code":40002,"message":"Invalid value for data.0.user.ttp: value may not be null.","request_id":"202512091723243CCB2651407F720F99B7"}

[2025-12-10 06:48:24] Response (400):
{"code":40002,"message":"Invalid value for data.0.user.ttp: value may not be null.","request_id":"20251210064824586CAE97CCFE5923B3CA"}

[2025-12-10 07:01:20] Response (400):
{"code":40002,"message":"Invalid value for data.0.user.ttp: value may not be null.","request_id":"2025121007012072814CBCBCB0293EFE64"}

[2025-12-10 10:29:53] Response (400):
{"code":40002,"message":"Invalid value for data.0.user.ttp: value may not be null.","request_id":"202512101029532C678D3297270695E86B"}

[2025-12-10 10:48:35] Response (400):
{"code":40002,"message":"Invalid value for data.0.user.ttp: value may not be null.","request_id":"202512101048353595797058F460F96CB4"}

[2025-12-10 17:43:27] Response (400):
{"code":40002,"message":"Invalid value for data.0.user.ttp: value may not be null.","request_id":"20251210174326D5A6EE966250A274A696"}

[2025-12-10 17:53:11] Response (400):
{"code":40002,"message":"Invalid value for data.0.user.ttp: value may not be null.","request_id":"202512101753110BB70701D1E6CD690829"}

[2025-12-10 18:42:05] Response (400):
{"code":40002,"message":"Invalid value for data.0.user.ttp: value may not be null.","request_id":"202512101842051B33DDB9C2E71124A254"}

[2025-12-10 18:59:34] Response (400):
{"code":40002,"message":"Invalid value for data.0.user.ttp: value may not be null.","request_id":"20251210185934E0BE140B073616882A4E"}

[2025-12-10 18:59:37] Response (400):
{"code":40002,"message":"Invalid value for data.0.user.ttp: value may not be null.","request_id":"20251210185937816ABC961787989C05C8"}

[2025-12-10 18:59:52] Response (400):
{"code":40002,"message":"Invalid value for data.0.user.ttp: value may not be null.","request_id":"20251210185952B83701A98F7EA526EF0C"}

[2025-12-10 19:05:12] Response (400):
{"code":40002,"message":"Invalid value for data.0.user.ttp: value may not be null.","request_id":"202512101905126B5C1E30AEDEDCA82B35"}

[2025-12-10 19:05:13] Response (400):
{"code":40002,"message":"Invalid value for data.0.user.ttp: value may not be null.","request_id":"20251210190513A167C2ED993B9A7F3AA0"}

[2025-12-10 20:40:58] Response (400):
{"code":40002,"message":"Invalid value for data.0.user.ttp: value may not be null.","request_id":"202512102040587A221D73667248A47DA6"}

[2025-12-11 04:40:40] Response (400):
{"code":40002,"message":"Invalid value for data.0.user.ttp: value may not be null.","request_id":"202512110440402045D6EE04CD09A7A97B"}

[2025-12-11 04:42:11] Response (400):
{"code":40002,"message":"Invalid value for data.0.user.ttp: value may not be null.","request_id":"20251211044211A8455609AC1573EBE4E3"}

[2025-12-11 05:49:06] Response (400):
{"code":40002,"message":"Invalid value for data.0.user.ttp: value may not be null.","request_id":"2025121105490689D77D07AEC4F241EF6B"}

[2025-12-11 05:49:10] Response (400):
{"code":40002,"message":"Invalid value for data.0.user.ttp: value may not be null.","request_id":"20251211054910E4C54B41128301C25C80"}

[2025-12-11 05:49:38] Response (400):
{"code":40002,"message":"Invalid value for data.0.user.ttp: value may not be null.","request_id":"202512110549385CFB625600B236D16DAC"}

[2025-12-11 05:52:16] Response (400):
{"code":40002,"message":"Invalid value for data.0.user.ttp: value may not be null.","request_id":"202512110552167FD9918139A5F63B11E9"}

[2025-12-11 05:52:17] Response (400):
{"code":40002,"message":"Invalid value for data.0.user.ttp: value may not be null.","request_id":"202512110552179154F2E91F781D1C180E"}

[2025-12-11 07:41:27] Response (400):
{"code":40002,"message":"Invalid value for data.0.user.ttp: value may not be null.","request_id":"20251211074127239A1663DD7185BB6B41"}

[2025-12-11 08:16:46] Response (400):
{"code":40002,"message":"Invalid value for data.0.user.ttp: value may not be null.","request_id":"20251211081646FFFCAC04EA2FA34916DE"}

[2025-12-11 08:16:50] Response (400):
{"code":40002,"message":"Invalid value for data.0.user.ttp: value may not be null.","request_id":"20251211081650CA5570FEBA53E4EE582C"}

[2025-12-11 13:12:47] Response (400):
{"code":40002,"message":"Invalid value for data.0.user.ttp: value may not be null.","request_id":"202512111312477D2D56F1CC7A84668F83"}

[2025-12-11 13:12:51] Response (400):
{"code":40002,"message":"Invalid value for data.0.user.ttp: value may not be null.","request_id":"202512111312516D2BB77EDA39D5FB34BA"}

[2025-12-11 15:39:48] Response (400):
{"code":40002,"message":"Invalid value for data.0.user.ttp: value may not be null.","request_id":"20251211153947BACC184E81E61D1ED532"}

[2025-12-11 15:41:59] Response (400):
{"code":40002,"message":"Invalid value for data.0.user.ttp: value may not be null.","request_id":"20251211154159B897B37E48947AF69D40"}

[2025-12-11 15:56:58] Response (400):
{"code":40002,"message":"Invalid value for data.0.user.ttp: value may not be null.","request_id":"2025121115565859C92C923B91F70E44A1"}

[2025-12-11 15:57:03] Response (400):
{"code":40002,"message":"Invalid value for data.0.user.ttp: value may not be null.","request_id":"2025121115570389FDBBF8A1ABE6E49959"}

[2025-12-11 16:44:53] Response (400):
{"code":40002,"message":"Invalid value for data.0.user.ttp: value may not be null.","request_id":"20251211164453C5C93371648A28980C0E"}

[2025-12-11 16:44:59] Response (400):
{"code":40002,"message":"Invalid value for data.0.user.ttp: value may not be null.","request_id":"20251211164458E8F63C3BE47EEA5F5A10"}

[2025-12-11 16:45:11] Response (400):
{"code":40002,"message":"Invalid value for data.0.user.ttp: value may not be null.","request_id":"202512111645112A2FBB0FDC7ED7C26FEC"}

[2025-12-11 16:47:55] Response (400):
{"code":40002,"message":"Invalid value for data.0.user.ttp: value may not be null.","request_id":"20251211164755FAEC839954E3586FC062"}

[2025-12-11 16:47:57] Response (400):
{"code":40002,"message":"Invalid value for data.0.user.ttp: value may not be null.","request_id":"202512111647575B737DAA24528F56DFEC"}

[2025-12-11 18:45:19] Response (400):
{"code":40002,"message":"Invalid value for data.0.user.ttp: value may not be null.","request_id":"20251211184519B897938D00A8390EAB44"}

[2025-12-12 02:40:42] Response (400):
{"code":40002,"message":"Invalid value for data.0.user.ttp: value may not be null.","request_id":"20251212024042B2AD7FF7D9E44AB68A81"}

[2025-12-12 02:50:20] Response (400):
{"code":40002,"message":"Invalid value for data.0.user.ttp: value may not be null.","request_id":"20251212025020BC04B06EFE67B9A0771F"}

[2025-12-12 03:48:47] Response (400):
{"code":40002,"message":"Invalid value for data.0.user.ttp: value may not be null.","request_id":"202512120348472A8BB0B245CC6947149A"}

[2025-12-12 03:51:05] Response (400):
{"code":40002,"message":"Invalid value for data.0.user.ttp: value may not be null.","request_id":"202512120351054405EEFA58E9520C61E0"}

[2025-12-12 03:52:51] Response (400):
{"code":40002,"message":"Invalid value for data.0.user.ttp: value may not be null.","request_id":"20251212035251C80A7D9525CC44C4F780"}

[2025-12-12 03:53:07] Response (400):
{"code":40002,"message":"Invalid value for data.0.user.ttp: value may not be null.","request_id":"20251212035307441684F229242E5A8BD8"}

[2025-12-12 05:50:06] Response (400):
{"code":40002,"message":"Invalid value for data.0.user.ttp: value may not be null.","request_id":"20251212055006B02CDED5FC715234C6D5"}

[2025-12-12 13:36:41] Response (400):
{"code":40002,"message":"Invalid value for data.0.user.ttp: value may not be null.","request_id":"2025121213364178DF8B2F2D44D171F23E"}

[2025-12-12 13:36:45] Response (400):
{"code":40002,"message":"Invalid value for data.0.user.ttp: value may not be null.","request_id":"20251212133645DC33F78C388CBDF8429C"}

[2025-12-12 13:42:43] Response (400):
{"code":40002,"message":"Invalid value for data.0.user.ttp: value may not be null.","request_id":"202512121342438E6DD1C2B7CBBA57697D"}

[2025-12-12 13:43:25] Response (400):
{"code":40002,"message":"Invalid value for data.0.user.ttp: value may not be null.","request_id":"2025121213432538A44C88B10E436B3C5F"}

[2025-12-12 14:44:19] Response (400):
{"code":40002,"message":"Invalid value for data.0.user.ttp: value may not be null.","request_id":"2025121214441937BF0818184DA681C9A7"}

[2025-12-12 14:44:45] Response (400):
{"code":40002,"message":"Invalid value for data.0.user.ttp: value may not be null.","request_id":"202512121444454844E5EC7B4A33618AB0"}

[2025-12-12 14:45:37] Response (400):
{"code":40002,"message":"Invalid value for data.0.user.ttp: value may not be null.","request_id":"202512121445372D6085608B6AF7FE9D2C"}

[2025-12-12 14:48:10] Response (400):
{"code":40002,"message":"Invalid value for data.0.user.ttp: value may not be null.","request_id":"20251212144809C36681FC592732D37862"}

[2025-12-12 16:40:29] Response (400):
{"code":40002,"message":"Invalid value for data.0.user.ttp: value may not be null.","request_id":"202512121640294F35157395D30419E825"}

[2025-12-12 18:48:26] Response (400):
{"code":40002,"message":"Invalid value for data.0.user.ttp: value may not be null.","request_id":"202512121848265B11683D8BEDE265F52E"}

[2025-12-12 21:19:15] Response (200):
{"code": 0, "message": "OK", "request_id": "20251212211915D671FAB150068AACAA35", "data": {}}

[2025-12-13 18:46:10] Response (400):
{"code":40002,"message":"Invalid value for data.0.user.ttp: value may not be null.","request_id":"20251213184610BDE3FD62C9D48B931784"}

[2025-12-13 18:52:14] Response (400):
{"code":40002,"message":"Invalid value for data.0.user.ttp: value may not be null.","request_id":"2025121318521430680754FF984131B88A"}

[2025-12-13 19:06:36] Response (400):
{"code":40002,"message":"Invalid value for data.0.user.ttp: value may not be null.","request_id":"20251213190636E35E7F6AE964CE7CFABB"}

[2025-12-13 19:06:42] Response (400):
{"code":40002,"message":"Invalid value for data.0.user.ttp: value may not be null.","request_id":"202512131906423ACA246D25DE1F36114B"}

[2025-12-13 19:09:12] Response (400):
{"code":40002,"message":"Invalid value for data.0.user.ttp: value may not be null.","request_id":"20251213190912F7664A75634BAB0C5E45"}

[2025-12-13 19:12:07] Response (400):
{"code":40002,"message":"Invalid value for data.0.user.ttp: value may not be null.","request_id":"202512131912074882180F02322D96C613"}

[2025-12-13 19:12:08] Response (400):
{"code":40002,"message":"Invalid value for data.0.user.ttp: value may not be null.","request_id":"20251213191208A160C458F68F8F297B75"}

[2025-12-13 19:12:10] Response (400):
{"code":40002,"message":"Invalid value for data.0.user.ttp: value may not be null.","request_id":"202512131912108247FE6DB177B40DDEFC"}

[2025-12-14 05:48:47] Response (400):
{"code":40002,"message":"Invalid value for data.0.user.ttp: value may not be null.","request_id":"20251214054847608E67FAAC9A5B58C848"}

[2025-12-14 06:04:19] Response (400):
{"code":40002,"message":"Invalid value for data.0.user.ttp: value may not be null.","request_id":"2025121406041917EB09963433F75D75B0"}

[2025-12-14 06:04:28] Response (400):
{"code":40002,"message":"Invalid value for data.0.user.ttp: value may not be null.","request_id":"202512140604288453B5F148FA886FD517"}

[2025-12-14 06:10:53] Response (400):
{"code":40002,"message":"Invalid value for data.0.user.ttp: value may not be null.","request_id":"20251214061053E313288A825A8DCE98F1"}

[2025-12-14 06:11:04] Response (400):
{"code":40002,"message":"Invalid value for data.0.user.ttp: value may not be null.","request_id":"2025121406110456F79853DC9E30006497"}

[2025-12-14 06:13:01] Response (400):
{"code":40002,"message":"Invalid value for data.0.user.ttp: value may not be null.","request_id":"202512140613017F8BF6A2FE0383A101AA"}

[2025-12-14 06:15:44] Response (400):
{"code":40002,"message":"Invalid value for data.0.user.ttp: value may not be null.","request_id":"202512140615440362AE36CB5F10D89870"}

[2025-12-14 06:16:21] Response (400):
{"code":40002,"message":"Invalid value for data.0.user.ttp: value may not be null.","request_id":"20251214061621CB5802B682FBEF5D527E"}

[2025-12-14 16:50:52] Response (400):
{"code":40002,"message":"Invalid value for data.0.user.ttp: value may not be null.","request_id":"2025121416505290230C69F1FE9615DB07"}

[2025-12-14 16:52:28] Response (400):
{"code":40002,"message":"Invalid value for data.0.user.ttp: value may not be null.","request_id":"20251214165228E80FE6B83D1D13BC60FE"}

[2025-12-14 16:52:35] Response (400):
{"code":40002,"message":"Invalid value for data.0.user.ttp: value may not be null.","request_id":"2025121416523502621D5B9912A0E5CF4B"}

[2025-12-14 16:59:09] Response (400):
{"code":40002,"message":"Invalid value for data.0.user.ttp: value may not be null.","request_id":"202512141659092A801484B5F5595949D6"}

[2025-12-14 17:10:01] Response (400):
{"code":40002,"message":"Invalid value for data.0.user.ttp: value may not be null.","request_id":"2025121417100193073B0797BECEFA7869"}

[2025-12-14 17:10:04] Response (400):
{"code":40002,"message":"Invalid value for data.0.user.ttp: value may not be null.","request_id":"20251214171004AEB0E25103F2BE9E42A9"}

[2025-12-14 17:23:07] Response (400):
{"code":40002,"message":"Invalid value for data.0.user.ttp: value may not be null.","request_id":"20251214172307893507B21AD8C41B412E"}

[2025-12-14 17:28:53] Response (400):
{"code":40002,"message":"Invalid value for data.0.user.ttp: value may not be null.","request_id":"2025121417285301DFBE95ED39EBB8F9EE"}

[2025-12-15 03:50:37] Response (400):
{"code":40002,"message":"Invalid value for data.0.user.ttp: value may not be null.","request_id":"2025121503503746313C7CAF29BAFE24E4"}

[2025-12-15 03:51:39] Response (400):
{"code":40002,"message":"Invalid value for data.0.user.ttp: value may not be null.","request_id":"2025121503513907D533D7438AF61C520E"}

[2025-12-15 03:51:40] Response (400):
{"code":40002,"message":"Invalid value for data.0.user.ttp: value may not be null.","request_id":"20251215035140167865026343FF5D6271"}

[2025-12-15 04:05:38] Response (400):
{"code":40002,"message":"Invalid value for data.0.user.ttp: value may not be null.","request_id":"2025121504053864746CB0C820E7F2874F"}

[2025-12-15 04:06:20] Response (400):
{"code":40002,"message":"Invalid value for data.0.user.ttp: value may not be null.","request_id":"2025121504062015A8E8253BA9951CA12D"}

[2025-12-15 04:11:07] Response (400):
{"code":40002,"message":"Invalid value for data.0.user.ttp: value may not be null.","request_id":"202512150411071D048D16AC02C0728E56"}

[2025-12-15 04:11:08] Response (400):
{"code":40002,"message":"Invalid value for data.0.user.ttp: value may not be null.","request_id":"202512150411082C8611B95D7F6CA8D851"}

[2025-12-15 04:15:56] Response (400):
{"code":40002,"message":"Invalid value for data.0.user.ttp: value may not be null.","request_id":"202512150415567B4AFD0BDAA5C2FC8A72"}

[2025-12-15 14:50:42] Response (400):
{"code":40002,"message":"Invalid value for data.0.user.ttp: value may not be null.","request_id":"202512151450420A989909DAA4A980A14F"}

[2025-12-15 14:50:44] Response (400):
{"code":40002,"message":"Invalid value for data.0.user.ttp: value may not be null.","request_id":"20251215145044706D604B41383F4228B8"}

[2025-12-15 14:53:04] Response (400):
{"code":40002,"message":"Invalid value for data.0.user.ttp: value may not be null.","request_id":"20251215145304A9A0F170731091DEC1D0"}

[2025-12-15 15:01:15] Response (400):
{"code":40002,"message":"Invalid value for data.0.user.ttp: value may not be null.","request_id":"2025121515011515783AE5B6ABCD9D92A7"}

[2025-12-15 15:01:18] Response (400):
{"code":40002,"message":"Invalid value for data.0.user.ttp: value may not be null.","request_id":"202512151501182114C7D7884450A0CB0E"}

[2025-12-15 15:03:19] Response (400):
{"code":40002,"message":"Invalid value for data.0.user.ttp: value may not be null.","request_id":"202512151503192F153783EFE974035798"}

[2025-12-15 15:05:56] Response (400):
{"code":40002,"message":"Invalid value for data.0.user.ttp: value may not be null.","request_id":"20251215150556D8C1F68FEEBC48E0E08E"}

[2025-12-15 15:08:58] Response (400):
{"code":40002,"message":"Invalid value for data.0.user.ttp: value may not be null.","request_id":"202512151508587CBB03E0B05BADBDBA45"}

[2025-12-16 01:44:21] Response (400):
{"code":40002,"message":"Invalid value for data.0.user.ttp: value may not be null.","request_id":"2025121601442192152FF259256ADFF6A6"}

[2025-12-16 01:49:55] Response (400):
{"code":40002,"message":"Invalid value for data.0.user.ttp: value may not be null.","request_id":"2025121601495549762CBCDB46DABCA31B"}

[2025-12-16 01:50:03] Response (400):
{"code":40002,"message":"Invalid value for data.0.user.ttp: value may not be null.","request_id":"202512160150022E30796A0941165D468F"}

[2025-12-16 01:54:16] Response (400):
{"code":40002,"message":"Invalid value for data.0.user.ttp: value may not be null.","request_id":"202512160154165B9D2863E093D6847B8D"}

[2025-12-16 01:57:55] Response (400):
{"code":40002,"message":"Invalid value for data.0.user.ttp: value may not be null.","request_id":"2025121601575555BBF8FE7EB1C9E21029"}

[2025-12-16 02:01:18] Response (400):
{"code":40002,"message":"Invalid value for data.0.user.ttp: value may not be null.","request_id":"20251216020118FF3F783F25547891093B"}

[2025-12-16 02:01:20] Response (400):
{"code":40002,"message":"Invalid value for data.0.user.ttp: value may not be null.","request_id":"202512160201200ED37E50CD80376BD039"}

[2025-12-16 02:04:53] Response (400):
{"code":40002,"message":"Invalid value for data.0.user.ttp: value may not be null.","request_id":"20251216020452A9FDF5FBFCDFDB67800C"}

[2025-12-16 12:43:46] Response (400):
{"code":40002,"message":"Invalid value for data.0.user.ttp: value may not be null.","request_id":"20251216124346DBED940CEEDF5F5502EC"}

[2025-12-16 12:43:51] Response (400):
{"code":40002,"message":"Invalid value for data.0.user.ttp: value may not be null.","request_id":"202512161243510511AF2FCE5476021B31"}

[2025-12-16 12:46:01] Response (400):
{"code":40002,"message":"Invalid value for data.0.user.ttp: value may not be null.","request_id":"20251216124601AA74FEBA75122EA83C76"}

[2025-12-16 13:01:59] Response (400):
{"code":40002,"message":"Invalid value for data.0.user.ttp: value may not be null.","request_id":"2025121613015935D2BDA4EE5AA82408A7"}

[2025-12-16 13:02:04] Response (400):
{"code":40002,"message":"Invalid value for data.0.user.ttp: value may not be null.","request_id":"20251216130204E10E12C3A61EC2C11E41"}

[2025-12-16 13:03:03] Response (400):
{"code":40002,"message":"Invalid value for data.0.user.ttp: value may not be null.","request_id":"202512161303032654AD1CD6BAFC6F9833"}

[2025-12-16 13:04:02] Response (400):
{"code":40002,"message":"Invalid value for data.0.user.ttp: value may not be null.","request_id":"20251216130402D79289C560E3843F947B"}

[2025-12-16 13:04:40] Response (400):
{"code":40002,"message":"Invalid value for data.0.user.ttp: value may not be null.","request_id":"202512161304403B1408FC265998BCF5C8"}

[2025-12-16 14:34:27] Response (400):
{"code":40002,"message":"Invalid value for data.0.user.ttp: value may not be null.","request_id":"2025121614342621B7C75E7ED839B187EF"}

[2025-12-16 23:45:30] Response (400):
{"code":40002,"message":"Invalid value for data.0.user.ttp: value may not be null.","request_id":"202512162345305E74DC3C1949C95AB4FD"}

[2025-12-16 23:45:33] Response (400):
{"code":40002,"message":"Invalid value for data.0.user.ttp: value may not be null.","request_id":"202512162345328B3B5617A9DDA7CDB1E4"}

[2025-12-16 23:49:34] Response (400):
{"code":40002,"message":"Invalid value for data.0.user.ttp: value may not be null.","request_id":"202512162349345433DF42FA55C9172D65"}

[2025-12-17 00:01:35] Response (400):
{"code":40002,"message":"Invalid value for data.0.user.ttp: value may not be null.","request_id":"20251217000135F91C21100C6D790F5BEF"}

[2025-12-17 00:01:40] Response (400):
{"code":40002,"message":"Invalid value for data.0.user.ttp: value may not be null.","request_id":"2025121700014046C3518F7E3550249321"}

[2025-12-17 00:02:22] Response (400):
{"code":40002,"message":"Invalid value for data.0.user.ttp: value may not be null.","request_id":"2025121700022247BA041187B89D0B6ECE"}

[2025-12-17 00:05:50] Response (400):
{"code":40002,"message":"Invalid value for data.0.user.ttp: value may not be null.","request_id":"2025121700055007433D6333A18968ABB2"}

[2025-12-17 00:07:57] Response (400):
{"code":40002,"message":"Invalid value for data.0.user.ttp: value may not be null.","request_id":"20251217000757B37A1220B657CB6CBC8E"}

[2025-12-17 10:48:00] Response (400):
{"code":40002,"message":"Invalid value for data.0.user.ttp: value may not be null.","request_id":"2025121710480083480593036F6F8451F7"}

[2025-12-17 10:48:08] Response (400):
{"code":40002,"message":"Invalid value for data.0.user.ttp: value may not be null.","request_id":"202512171048084F5C1E5A2412E4F97CAB"}

[2025-12-17 10:51:04] Response (400):
{"code":40002,"message":"Invalid value for data.0.user.ttp: value may not be null.","request_id":"202512171051043F82B7BB0ADCCACAF5AF"}

[2025-12-17 11:01:20] Response (400):
{"code":40002,"message":"Invalid value for data.0.user.ttp: value may not be null.","request_id":"20251217110120C3202FB7CB21C29017D1"}

[2025-12-17 11:07:36] Response (400):
{"code":40002,"message":"Invalid value for data.0.user.ttp: value may not be null.","request_id":"20251217110736AC3F80B3804BD6C8C749"}

[2025-12-17 11:07:39] Response (400):
{"code":40002,"message":"Invalid value for data.0.user.ttp: value may not be null.","request_id":"202512171107390C0CADAC175775414886"}

[2025-12-17 11:08:29] Response (400):
{"code":40002,"message":"Invalid value for data.0.user.ttp: value may not be null.","request_id":"20251217110829E74E18E28A5ACC6721A5"}

[2025-12-17 11:09:33] Response (400):
{"code":40002,"message":"Invalid value for data.0.user.ttp: value may not be null.","request_id":"20251217110933CFFAD2A20128A9DC8BA9"}

[2025-12-17 21:48:35] Response (400):
{"code":40002,"message":"Invalid value for data.0.user.ttp: value may not be null.","request_id":"202512172148350E924FFAEF57AB59A23C"}

[2025-12-17 21:48:38] Response (400):
{"code":40002,"message":"Invalid value for data.0.user.ttp: value may not be null.","request_id":"20251217214838F4CECBD54ABA07DEEBED"}

[2025-12-17 21:49:58] Response (400):
{"code":40002,"message":"Invalid value for data.0.user.ttp: value may not be null.","request_id":"20251217214958DB87776DCAE82AFF9F45"}

[2025-12-17 21:57:39] Response (400):
{"code":40002,"message":"Invalid value for data.0.user.ttp: value may not be null.","request_id":"20251217215739A07356D3ADDE28F23F4B"}

[2025-12-17 21:58:26] Response (400):
{"code":40002,"message":"Invalid value for data.0.user.ttp: value may not be null.","request_id":"20251217215826D449A051210A2ABD2555"}

[2025-12-17 22:02:56] Response (400):
{"code":40002,"message":"Invalid value for data.0.user.ttp: value may not be null.","request_id":"20251217220256E169738568F7A6990F24"}

[2025-12-17 22:02:57] Response (400):
{"code":40002,"message":"Invalid value for data.0.user.ttp: value may not be null.","request_id":"202512172202570C4A9C6AE8DA905A73CD"}

[2025-12-17 22:04:29] Response (400):
{"code":40002,"message":"Invalid value for data.0.user.ttp: value may not be null.","request_id":"20251217220429EB235E9768D2568BB977"}

[2025-12-18 08:44:46] Response (400):
{"code":40002,"message":"Invalid value for data.0.user.ttp: value may not be null.","request_id":"2025121808444629CA9317DDAF5628A43D"}

[2025-12-18 08:44:48] Response (400):
{"code":40002,"message":"Invalid value for data.0.user.ttp: value may not be null.","request_id":"2025121808444867DF260894C2883240AE"}

[2025-12-18 08:46:06] Response (400):
{"code":40002,"message":"Invalid value for data.0.user.ttp: value may not be null.","request_id":"2025121808460691BF1231AD5AA0B5F608"}

[2025-12-18 08:55:26] Response (400):
{"code":40002,"message":"Invalid value for data.0.user.ttp: value may not be null.","request_id":"20251218085525F4DB12C7794657B0CB6C"}

[2025-12-18 08:55:34] Response (400):
{"code":40002,"message":"Invalid value for data.0.user.ttp: value may not be null.","request_id":"20251218085534EBE89CC47C28079C87D6"}

[2025-12-18 08:57:32] Response (400):
{"code":40002,"message":"Invalid value for data.0.user.ttp: value may not be null.","request_id":"202512180857320309D6E300B07E03CFCB"}

[2025-12-18 09:00:02] Response (400):
{"code":40002,"message":"Invalid value for data.0.user.ttp: value may not be null.","request_id":"202512180900027AAE4EEF33EE69A17EA9"}

[2025-12-18 09:02:55] Response (400):
{"code":40002,"message":"Invalid value for data.0.user.ttp: value may not be null.","request_id":"20251218090255B3F7EA230DA8E0DB42CC"}

[2025-12-18 15:41:59] Response (400):
{"code":40002,"message":"Invalid value for data.0.user.ttp: value may not be null.","request_id":"20251218154159AD22FFEDA950E9479613"}

[2025-12-18 15:42:07] Response (400):
{"code":40002,"message":"Invalid value for data.0.user.ttp: value may not be null.","request_id":"20251218154207D9F5D1FE5680271C29F0"}

[2025-12-18 15:43:27] Response (400):
{"code":40002,"message":"Invalid value for data.0.user.ttp: value may not be null.","request_id":"20251218154327E08FFA2FA46D6D57ED8F"}

[2025-12-18 15:43:33] Response (400):
{"code":40002,"message":"Invalid value for data.0.user.ttp: value may not be null.","request_id":"20251218154332157F83EC529F72D7E244"}

[2025-12-18 15:47:14] Response (400):
{"code":40002,"message":"Invalid value for data.0.user.ttp: value may not be null.","request_id":"202512181547143779CEDD7C0E3E3C6823"}

[2025-12-18 15:47:26] Response (400):
{"code":40002,"message":"Invalid value for data.0.user.ttp: value may not be null.","request_id":"20251218154726EA1CBBCD42DCCC9A5199"}

[2025-12-18 15:48:35] Response (400):
{"code":40002,"message":"Invalid value for data.0.user.ttp: value may not be null.","request_id":"202512181548351D8F134F6BE7C8FAE241"}

[2025-12-18 15:48:43] Response (400):
{"code":40002,"message":"Invalid value for data.0.user.ttp: value may not be null.","request_id":"2025121815484396AD7E67CAF65BD79C76"}

[2025-12-18 19:45:23] Response (400):
{"code":40002,"message":"Invalid value for data.0.user.ttp: value may not be null.","request_id":"20251218194522EF07F95F57F5722FE502"}

[2025-12-18 19:46:24] Response (400):
{"code":40002,"message":"Invalid value for data.0.user.ttp: value may not be null.","request_id":"20251218194624ADCBBF80BD0E3A1475A4"}

[2025-12-18 19:46:25] Response (400):
{"code":40002,"message":"Invalid value for data.0.user.ttp: value may not be null.","request_id":"202512181946255F7728E6CCBC67F78FE8"}

[2025-12-18 20:01:28] Response (400):
{"code":40002,"message":"Invalid value for data.0.user.ttp: value may not be null.","request_id":"202512182001288736214015BEBAE09898"}

[2025-12-18 20:01:30] Response (400):
{"code":40002,"message":"Invalid value for data.0.user.ttp: value may not be null.","request_id":"202512182001308736214015BEBAE09AC2"}

[2025-12-18 20:02:49] Response (400):
{"code":40002,"message":"Invalid value for data.0.user.ttp: value may not be null.","request_id":"202512182002494DC3DB56DE0120511F9D"}

[2025-12-18 20:04:24] Response (400):
{"code":40002,"message":"Invalid value for data.0.user.ttp: value may not be null.","request_id":"20251218200423DC04AAAF043D044C363F"}

[2025-12-18 20:04:49] Response (400):
{"code":40002,"message":"Invalid value for data.0.user.ttp: value may not be null.","request_id":"20251218200449A76FB1D6BB9B84411E9D"}

[2025-12-19 06:47:27] Response (400):
{"code":40002,"message":"Invalid value for data.0.user.ttp: value may not be null.","request_id":"20251219064727915CD8207710B71CEF44"}

[2025-12-19 06:53:47] Response (400):
{"code":40002,"message":"Invalid value for data.0.user.ttp: value may not be null.","request_id":"2025121906534793710584B4FCA8297DEB"}

[2025-12-19 06:55:04] Response (400):
{"code":40002,"message":"Invalid value for data.0.user.ttp: value may not be null.","request_id":"2025121906550466C33538565230CDCFBC"}

[2025-12-19 07:06:38] Response (400):
{"code":40002,"message":"Invalid value for data.0.user.ttp: value may not be null.","request_id":"202512190706388EDAF37C45C7352BAD5D"}

[2025-12-19 07:06:39] Response (400):
{"code":40002,"message":"Invalid value for data.0.user.ttp: value may not be null.","request_id":"20251219070639E512DA2080D28813859F"}

[2025-12-19 07:07:06] Response (400):
{"code":40002,"message":"Invalid value for data.0.user.ttp: value may not be null.","request_id":"20251219070706DFEB3667DA0531377DEC"}

[2025-12-19 07:08:39] Response (400):
{"code":40002,"message":"Invalid value for data.0.user.ttp: value may not be null.","request_id":"2025121907083996C2200483699F5E9058"}

[2025-12-19 07:13:43] Response (400):
{"code":40002,"message":"Invalid value for data.0.user.ttp: value may not be null.","request_id":"20251219071343C9EFEBBE556C4B372795"}

[2025-12-19 17:42:36] Response (400):
{"code":40002,"message":"Invalid value for data.0.user.ttp: value may not be null.","request_id":"202512191742361908F7646839B326CFE4"}

[2025-12-19 17:49:01] Response (400):
{"code":40002,"message":"Invalid value for data.0.user.ttp: value may not be null.","request_id":"202512191749016AD939695BBF73228D68"}

[2025-12-19 17:49:20] Response (400):
{"code":40002,"message":"Invalid value for data.0.user.ttp: value may not be null.","request_id":"202512191749208545D2FB9489E120FC45"}

[2025-12-19 17:55:35] Response (400):
{"code":40002,"message":"Invalid value for data.0.user.ttp: value may not be null.","request_id":"20251219175535B84F88EAB782DA21F486"}

[2025-12-19 17:55:37] Response (400):
{"code":40002,"message":"Invalid value for data.0.user.ttp: value may not be null.","request_id":"20251219175537FF851B554ECAB926024E"}

[2025-12-19 18:02:26] Response (400):
{"code":40002,"message":"Invalid value for data.0.user.ttp: value may not be null.","request_id":"20251219180226871B0476545C0226B5AD"}

[2025-12-19 18:05:15] Response (400):
{"code":40002,"message":"Invalid value for data.0.user.ttp: value may not be null.","request_id":"20251219180515419CE079BDDC980B8440"}

[2025-12-19 18:06:36] Response (400):
{"code":40002,"message":"Invalid value for data.0.user.ttp: value may not be null.","request_id":"202512191806367C549EFA81E5592573D5"}

[2025-12-20 04:42:01] Response (400):
{"code":40002,"message":"Invalid value for data.0.user.ttp: value may not be null.","request_id":"2025122004420162AB4FC7FFFE983ACD62"}

[2025-12-20 04:45:27] Response (400):
{"code":40002,"message":"Invalid value for data.0.user.ttp: value may not be null.","request_id":"20251220044526CAA72E815440EE1D4A0E"}

[2025-12-20 04:48:05] Response (400):
{"code":40002,"message":"Invalid value for data.0.user.ttp: value may not be null.","request_id":"2025122004480519196A1BCB7C411C6EA1"}

[2025-12-20 04:49:22] Response (400):
{"code":40002,"message":"Invalid value for data.0.user.ttp: value may not be null.","request_id":"202512200449229D702BA41576595EE04A"}

[2025-12-20 04:53:46] Response (400):
{"code":40002,"message":"Invalid value for data.0.user.ttp: value may not be null.","request_id":"202512200453467EA6690DF3F20B675D61"}

[2025-12-20 04:53:49] Response (400):
{"code":40002,"message":"Invalid value for data.0.user.ttp: value may not be null.","request_id":"202512200453493D745B3F03680C47749F"}

[2025-12-20 05:03:20] Response (400):
{"code":40002,"message":"Invalid value for data.0.user.ttp: value may not be null.","request_id":"20251220050320BBAEFF19EFA7621FF193"}

[2025-12-20 05:03:43] Response (400):
{"code":40002,"message":"Invalid value for data.0.user.ttp: value may not be null.","request_id":"20251220050343770A5E3C5E926B62D823"}

[2025-12-20 15:44:40] Response (400):
{"code":40002,"message":"Invalid value for data.0.user.ttp: value may not be null.","request_id":"20251220154440B9C1C47896B2B781E4FE"}

[2025-12-20 15:44:49] Response (400):
{"code":40002,"message":"Invalid value for data.0.user.ttp: value may not be null.","request_id":"20251220154449B17A47F09647899DA496"}

[2025-12-20 15:48:19] Response (400):
{"code":40002,"message":"Invalid value for data.0.user.ttp: value may not be null.","request_id":"20251220154818873875BD94BC098FB101"}

[2025-12-20 15:56:00] Response (400):
{"code":40002,"message":"Invalid value for data.0.user.ttp: value may not be null.","request_id":"20251220155600D36F3F805721FC9097A2"}

[2025-12-20 16:02:38] Response (400):
{"code":40002,"message":"Invalid value for data.0.user.ttp: value may not be null.","request_id":"2025122016023878E084BF6A21E0A13475"}

[2025-12-20 16:02:41] Response (400):
{"code":40002,"message":"Invalid value for data.0.user.ttp: value may not be null.","request_id":"20251220160240CA0A46BF79438EA83E83"}

[2025-12-20 16:02:46] Response (400):
{"code":40002,"message":"Invalid value for data.0.user.ttp: value may not be null.","request_id":"20251220160245173EEB7C2AAFFF9A497E"}

[2025-12-20 16:03:19] Response (400):
{"code":40002,"message":"Invalid value for data.0.user.ttp: value may not be null.","request_id":"20251220160319DACF98C77EC6F4A3BAE3"}

[2025-12-21 02:51:03] Response (400):
{"code":40002,"message":"Invalid value for data.0.user.ttp: value may not be null.","request_id":"20251221025103262F2515BD611BC51F0C"}

[2025-12-21 02:52:12] Response (400):
{"code":40002,"message":"Invalid value for data.0.user.ttp: value may not be null.","request_id":"202512210252121D190F7077BC1EF43098"}

[2025-12-21 02:59:24] Response (400):
{"code":40002,"message":"Invalid value for data.0.user.ttp: value may not be null.","request_id":"20251221025924AC1F494493029ADB6D14"}

[2025-12-21 03:09:45] Response (400):
{"code":40002,"message":"Invalid value for data.0.user.ttp: value may not be null.","request_id":"20251221030945BC01FEEA6D8708A3DB58"}

[2025-12-21 03:09:59] Response (400):
{"code":40002,"message":"Invalid value for data.0.user.ttp: value may not be null.","request_id":"20251221030959EDDB98F23E8C6CD1E366"}

[2025-12-21 03:10:43] Response (400):
{"code":40002,"message":"Invalid value for data.0.user.ttp: value may not be null.","request_id":"20251221031043BEFA8116054E87E4C525"}

[2025-12-21 03:14:31] Response (400):
{"code":40002,"message":"Invalid value for data.0.user.ttp: value may not be null.","request_id":"20251221031430C490B7EFEFA95AAA82A1"}

[2025-12-21 03:18:31] Response (400):
{"code":40002,"message":"Invalid value for data.0.user.ttp: value may not be null.","request_id":"202512210318313EA642DCB904F0EAE40A"}

[2025-12-21 13:48:28] Response (400):
{"code":40002,"message":"Invalid value for data.0.user.ttp: value may not be null.","request_id":"2025122113482832E9BF15AB4C19DB2B74"}

[2025-12-21 13:51:20] Response (400):
{"code":40002,"message":"Invalid value for data.0.user.ttp: value may not be null.","request_id":"202512211351209ADB5DC43543EE1262ED"}

[2025-12-21 13:52:43] Response (400):
{"code":40002,"message":"Invalid value for data.0.user.ttp: value may not be null.","request_id":"202512211352433B86007374911DD85FFC"}

[2025-12-21 13:57:30] Response (400):
{"code":40002,"message":"Invalid value for data.0.user.ttp: value may not be null.","request_id":"202512211357295797036FF299B2F5D3E9"}

[2025-12-21 13:57:35] Response (400):
{"code":40002,"message":"Invalid value for data.0.user.ttp: value may not be null.","request_id":"20251221135734EAFCF1D2FAA682260A90"}

[2025-12-21 14:02:09] Response (400):
{"code":40002,"message":"Invalid value for data.0.user.ttp: value may not be null.","request_id":"202512211402094772059000A2F3E28C9D"}

[2025-12-21 14:03:30] Response (400):
{"code":40002,"message":"Invalid value for data.0.user.ttp: value may not be null.","request_id":"20251221140329511A2A18BA360A2FA5CF"}

[2025-12-21 14:07:30] Response (400):
{"code":40002,"message":"Invalid value for data.0.user.ttp: value may not be null.","request_id":"2025122114073056E767B93D70E8E85E5B"}

[2025-12-22 00:52:18] Response (400):
{"code":40002,"message":"Invalid value for data.0.user.ttp: value may not be null.","request_id":"20251222005218970FD4867E6FF23A0845"}

[2025-12-22 00:53:13] Response (400):
{"code":40002,"message":"Invalid value for data.0.user.ttp: value may not be null.","request_id":"20251222005313BA7D9492ECF10451F806"}

[2025-12-22 00:57:21] Response (400):
{"code":40002,"message":"Invalid value for data.0.user.ttp: value may not be null.","request_id":"20251222005721B29A41B3CB1B084FD3F9"}

[2025-12-22 01:03:17] Response (400):
{"code":40002,"message":"Invalid value for data.0.user.ttp: value may not be null.","request_id":"202512220103176D9E45D73D62696A800F"}

[2025-12-22 01:17:51] Response (400):
{"code":40002,"message":"Invalid value for data.0.user.ttp: value may not be null.","request_id":"202512220117516524E08737F531660B07"}

[2025-12-22 01:17:54] Response (400):
{"code":40002,"message":"Invalid value for data.0.user.ttp: value may not be null.","request_id":"2025122201175440FF89AFF6510D8D43E7"}

[2025-12-22 01:17:58] Response (400):
{"code":40002,"message":"Invalid value for data.0.user.ttp: value may not be null.","request_id":"20251222011758CB66B50C0FEEE3690EC0"}

[2025-12-22 01:30:41] Response (400):
{"code":40002,"message":"Invalid value for data.0.user.ttp: value may not be null.","request_id":"2025122201304195528F1241BE7B707BF6"}

[2025-12-22 11:45:05] Response (400):
{"code":40002,"message":"Invalid value for data.0.user.ttp: value may not be null.","request_id":"20251222114505611924FC781F0E196C3F"}

[2025-12-22 11:53:38] Response (400):
{"code":40002,"message":"Invalid value for data.0.user.ttp: value may not be null.","request_id":"202512221153388BC4B65E63C1F81CDF4E"}

[2025-12-22 11:58:17] Response (400):
{"code":40002,"message":"Invalid value for data.0.user.ttp: value may not be null.","request_id":"202512221158172A8F090BF1205C189286"}

[2025-12-22 12:03:30] Response (400):
{"code":40002,"message":"Invalid value for data.0.user.ttp: value may not be null.","request_id":"20251222120330B2559064D04C7C1AFBFA"}

[2025-12-22 12:06:50] Response (400):
{"code":40002,"message":"Invalid value for data.0.user.ttp: value may not be null.","request_id":"20251222120650A09ADB7BCB7AC41BAE1F"}

[2025-12-22 12:08:31] Response (400):
{"code":40002,"message":"Invalid value for data.0.user.ttp: value may not be null.","request_id":"20251222120831126BDF241E2C331957B9"}

[2025-12-22 12:10:20] Response (400):
{"code":40002,"message":"Invalid value for data.0.user.ttp: value may not be null.","request_id":"202512221210191BE7677C7648721C0B11"}

[2025-12-22 12:13:37] Response (400):
{"code":40002,"message":"Invalid value for data.0.user.ttp: value may not be null.","request_id":"202512221213377730D6510EF4BD1CC22F"}

[2025-12-22 22:43:27] Response (400):
{"code":40002,"message":"Invalid value for data.0.user.ttp: value may not be null.","request_id":"202512222243272F7A3946FC68EC5F9D0D"}

[2025-12-22 22:46:45] Response (400):
{"code":40002,"message":"Invalid value for data.0.user.ttp: value may not be null.","request_id":"202512222246458DE92E4563301859167D"}

[2025-12-22 22:47:27] Response (400):
{"code":40002,"message":"Invalid value for data.0.user.ttp: value may not be null.","request_id":"20251222224727BA113B3937412A57FE1C"}

[2025-12-22 23:03:47] Response (400):
{"code":40002,"message":"Invalid value for data.0.user.ttp: value may not be null.","request_id":"20251222230347B0FAC24220D20A62190C"}

[2025-12-22 23:05:56] Response (400):
{"code":40002,"message":"Invalid value for data.0.user.ttp: value may not be null.","request_id":"202512222305566721C729DDE22061BB19"}

[2025-12-22 23:07:43] Response (400):
{"code":40002,"message":"Invalid value for data.0.user.ttp: value may not be null.","request_id":"202512222307430931DF538EB3C762828D"}

[2025-12-22 23:11:21] Response (400):
{"code":40002,"message":"Invalid value for data.0.user.ttp: value may not be null.","request_id":"202512222311212A3F97FE91D92F61E576"}

[2025-12-22 23:13:01] Response (400):
{"code":40002,"message":"Invalid value for data.0.user.ttp: value may not be null.","request_id":"20251222231300FF5E73BB8D25FB649AE3"}

[2025-12-23 07:46:05] Response (400):
{"code":40002,"message":"Invalid value for data.0.user.ttp: value may not be null.","request_id":"20251223074605EF7E40B4C463E9856F07"}

[2025-12-23 08:51:07] Response (400):
{"code":40002,"message":"Invalid value for data.0.user.ttp: value may not be null.","request_id":"20251223085107FA77887E4334BC99773A"}

[2025-12-23 09:43:57] Response (400):
{"code":40002,"message":"Invalid value for data.0.user.ttp: value may not be null.","request_id":"20251223094357FBB239DEFBCAFA9EBD36"}

[2025-12-23 09:49:52] Response (400):
{"code":40002,"message":"Invalid value for data.0.user.ttp: value may not be null.","request_id":"202512230949524959D1040BBF5BB13757"}

[2025-12-23 09:49:58] Response (400):
{"code":40002,"message":"Invalid value for data.0.user.ttp: value may not be null.","request_id":"20251223094958C256407CBE48B39CF416"}

[2025-12-23 09:58:02] Response (400):
{"code":40002,"message":"Invalid value for data.0.user.ttp: value may not be null.","request_id":"202512230958024D7E5B282A524E9F3E34"}

[2025-12-23 09:59:06] Response (400):
{"code":40002,"message":"Invalid value for data.0.user.ttp: value may not be null.","request_id":"2025122309590669604CE56DE86CAF725D"}

[2025-12-23 09:59:08] Response (400):
{"code":40002,"message":"Invalid value for data.0.user.ttp: value may not be null.","request_id":"202512230959085B168C958D8F8DA000E3"}

[2025-12-23 09:59:13] Response (400):
{"code":40002,"message":"Invalid value for data.0.user.ttp: value may not be null.","request_id":"20251223095913505E2D17028FBD9DEA81"}

[2025-12-23 10:03:34] Response (400):
{"code":40002,"message":"Invalid value for data.0.user.ttp: value may not be null.","request_id":"20251223100334B6B0F220FB01CBAF4641"}

[2025-12-23 10:13:36] Response (400):
{"code":40002,"message":"Invalid value for data.0.user.ttp: value may not be null.","request_id":"2025122310133680B4AC3545302C91864C"}

[2025-12-23 18:36:34] Response (400):
{"code":40002,"message":"Invalid value for data.0.user.ttp: value may not be null.","request_id":"20251223183634E23608921D5D36D48309"}

[2025-12-23 20:41:32] Response (400):
{"code":40002,"message":"Invalid value for data.0.user.ttp: value may not be null.","request_id":"20251223204132C195494019A8CAFB41E4"}

[2025-12-23 20:47:47] Response (400):
{"code":40002,"message":"Invalid value for data.0.user.ttp: value may not be null.","request_id":"20251223204747FE9E6A909BB708CE4DCC"}

[2025-12-23 20:50:09] Response (400):
{"code":40002,"message":"Invalid value for data.0.user.ttp: value may not be null.","request_id":"20251223205009108E27E1AAA768E311E0"}

[2025-12-23 20:57:47] Response (400):
{"code":40002,"message":"Invalid value for data.0.user.ttp: value may not be null.","request_id":"20251223205747CD9DEC74A6C5C9E2DD51"}

[2025-12-23 21:02:17] Response (400):
{"code":40002,"message":"Invalid value for data.0.user.ttp: value may not be null.","request_id":"202512232102172DC56FC7E98C55E4D2C3"}

[2025-12-23 21:02:21] Response (400):
{"code":40002,"message":"Invalid value for data.0.user.ttp: value may not be null.","request_id":"202512232102213E35D29240A067E421A6"}

[2025-12-23 21:07:09] Response (400):
{"code":40002,"message":"Invalid value for data.0.user.ttp: value may not be null.","request_id":"2025122321070995DFD9E83110AAFCDAAC"}

[2025-12-23 21:07:15] Response (400):
{"code":40002,"message":"Invalid value for data.0.user.ttp: value may not be null.","request_id":"2025122321071551F3705C52082EFD8B59"}

[2025-12-24 07:45:04] Response (400):
{"code":40002,"message":"Invalid value for data.0.user.ttp: value may not be null.","request_id":"20251224074504F1E0FB3993777A3EA538"}

[2025-12-24 07:52:31] Response (400):
{"code":40002,"message":"Invalid value for data.0.user.ttp: value may not be null.","request_id":"20251224075231E2292D19CAE7E005107C"}

[2025-12-24 07:55:23] Response (400):
{"code":40002,"message":"Invalid value for data.0.user.ttp: value may not be null.","request_id":"2025122407552343C020DE3D826F1DF326"}

[2025-12-24 08:00:56] Response (400):
{"code":40002,"message":"Invalid value for data.0.user.ttp: value may not be null.","request_id":"202512240800569A93C4B726E5C7205F3D"}

[2025-12-24 08:07:16] Response (400):
{"code":40002,"message":"Invalid value for data.0.user.ttp: value may not be null.","request_id":"202512240807162527D330EE7C1E03E7D8"}

[2025-12-24 08:07:18] Response (400):
{"code":40002,"message":"Invalid value for data.0.user.ttp: value may not be null.","request_id":"202512240807182F926CDF09B3F21F04CD"}

[2025-12-24 08:07:23] Response (400):
{"code":40002,"message":"Invalid value for data.0.user.ttp: value may not be null.","request_id":"20251224080723688F14A4883CE5050EDC"}

[2025-12-24 08:11:21] Response (400):
{"code":40002,"message":"Invalid value for data.0.user.ttp: value may not be null.","request_id":"20251224081121210A44AD346C2820CAAC"}

[2025-12-24 18:44:23] Response (400):
{"code":40002,"message":"Invalid value for data.0.user.ttp: value may not be null.","request_id":"202512241844236381CF268C2CC44118DD"}

[2025-12-24 18:47:46] Response (400):
{"code":40002,"message":"Invalid value for data.0.user.ttp: value may not be null.","request_id":"20251224184746A2E1B23EBF4DE660848A"}

[2025-12-24 18:54:39] Response (400):
{"code":40002,"message":"Invalid value for data.0.user.ttp: value may not be null.","request_id":"20251224185439196322920EC43B606111"}

[2025-12-24 18:59:40] Response (400):
{"code":40002,"message":"Invalid value for data.0.user.ttp: value may not be null.","request_id":"20251224185940896FEFD87551FD60BCFA"}

[2025-12-24 19:01:14] Response (400):
{"code":40002,"message":"Invalid value for data.0.user.ttp: value may not be null.","request_id":"2025122419011476EF4AC37FB9DF3F29A1"}

[2025-12-24 19:04:24] Response (400):
{"code":40002,"message":"Invalid value for data.0.user.ttp: value may not be null.","request_id":"2025122419042472FE2E2CFF201C601F4D"}

[2025-12-24 19:04:26] Response (400):
{"code":40002,"message":"Invalid value for data.0.user.ttp: value may not be null.","request_id":"202512241904269329516ADAD92B649049"}

[2025-12-24 19:09:17] Response (400):
{"code":40002,"message":"Invalid value for data.0.user.ttp: value may not be null.","request_id":"2025122419091756F2B7DA86B07460FFCF"}

[2025-12-24 21:19:42] Response (200):
{"code": 0, "message": "OK", "request_id": "2025122421194113D1124FD3C6384AFCE5", "data": {}}

[2025-12-24 21:22:25] Response (400):
{"code":40002,"message":"Invalid value for data.0.user.ttp: value may not be null.","request_id":"2025122421222514F3287309D142958FA4"}

[2025-12-25 05:43:38] Response (400):
{"code":40002,"message":"Invalid value for data.0.user.ttp: value may not be null.","request_id":"20251225054338B0661A8287147EC83ADC"}

[2025-12-25 05:43:56] Response (400):
{"code":40002,"message":"Invalid value for data.0.user.ttp: value may not be null.","request_id":"20251225054356961C9B7D870D3B98C7C8"}

[2025-12-25 05:46:18] Response (400):
{"code":40002,"message":"Invalid value for data.0.user.ttp: value may not be null.","request_id":"202512250546186DCF325CDCDCE797F726"}

[2025-12-25 05:51:24] Response (400):
{"code":40002,"message":"Invalid value for data.0.user.ttp: value may not be null.","request_id":"20251225055124445AB8E1F51CCC979F73"}

[2025-12-25 05:52:38] Response (400):
{"code":40002,"message":"Invalid value for data.0.user.ttp: value may not be null.","request_id":"202512250552389F354DA330048A723952"}

[2025-12-25 05:54:28] Response (400):
{"code":40002,"message":"Invalid value for data.0.user.ttp: value may not be null.","request_id":"20251225055428AFCF40872B04C9968BD9"}

[2025-12-25 05:58:07] Response (400):
{"code":40002,"message":"Invalid value for data.0.user.ttp: value may not be null.","request_id":"202512250558072AC103A40B352B99EA69"}

[2025-12-25 06:01:09] Response (400):
{"code":40002,"message":"Invalid value for data.0.user.ttp: value may not be null.","request_id":"20251225060109F1E4FF43A7C0109939C8"}

[2025-12-25 16:51:36] Response (400):
{"code":40002,"message":"Invalid value for data.0.user.ttp: value may not be null.","request_id":"202512251651363D69CFAC79FB79DE97AF"}

[2025-12-25 16:51:40] Response (400):
{"code":40002,"message":"Invalid value for data.0.user.ttp: value may not be null.","request_id":"20251225165140B23D1BA421B4BD08C25B"}

[2025-12-25 16:52:47] Response (400):
{"code":40002,"message":"Invalid value for data.0.user.ttp: value may not be null.","request_id":"2025122516524730370E6CCF6456D3F65A"}

[2025-12-25 17:06:25] Response (400):
{"code":40002,"message":"Invalid value for data.0.user.ttp: value may not be null.","request_id":"2025122517062545C4122958E0B4D85A23"}

[2025-12-25 17:06:28] Response (400):
{"code":40002,"message":"Invalid value for data.0.user.ttp: value may not be null.","request_id":"202512251706287E926011F72E9ED92844"}

[2025-12-25 17:06:33] Response (400):
{"code":40002,"message":"Invalid value for data.0.user.ttp: value may not be null.","request_id":"20251225170632FBEA1101A5A4420B8A23"}

[2025-12-25 17:07:04] Response (400):
{"code":40002,"message":"Invalid value for data.0.user.ttp: value may not be null.","request_id":"2025122517070464F338DB60EC590A5B9A"}

[2025-12-25 17:16:21] Response (400):
{"code":40002,"message":"Invalid value for data.0.user.ttp: value may not be null.","request_id":"20251225171621D662DB565E5F0EABF845"}

[2025-12-26 03:50:08] Response (400):
{"code":40002,"message":"Invalid value for data.0.user.ttp: value may not be null.","request_id":"20251226035008BEE029170AB103E0569F"}

[2025-12-26 03:50:17] Response (400):
{"code":40002,"message":"Invalid value for data.0.user.ttp: value may not be null.","request_id":"20251226035017682FA7D0928434E11306"}

[2025-12-26 03:53:59] Response (400):
{"code":40002,"message":"Invalid value for data.0.user.ttp: value may not be null.","request_id":"202512260353596C990CB1CC2F634F6606"}

[2025-12-26 04:06:45] Response (400):
{"code":40002,"message":"Invalid value for data.0.user.ttp: value may not be null.","request_id":"2025122604064541B3E06FCFAEE8507B2A"}

[2025-12-26 04:06:49] Response (400):
{"code":40002,"message":"Invalid value for data.0.user.ttp: value may not be null.","request_id":"202512260406495D19DDE3965F0B1014C6"}

[2025-12-26 04:08:38] Response (400):
{"code":40002,"message":"Invalid value for data.0.user.ttp: value may not be null.","request_id":"20251226040838AAE99907D3352614999A"}

[2025-12-26 04:09:02] Response (400):
{"code":40002,"message":"Invalid value for data.0.user.ttp: value may not be null.","request_id":"20251226040902E91D60975626E6E71F88"}

[2025-12-26 04:12:11] Response (400):
{"code":40002,"message":"Invalid value for data.0.user.ttp: value may not be null.","request_id":"20251226041211688E06C0DC1F3316C41F"}

[2025-12-26 14:46:47] Response (400):
{"code":40002,"message":"Invalid value for data.0.user.ttp: value may not be null.","request_id":"202512261446474B9722130568D54E93D7"}

[2025-12-26 14:50:08] Response (400):
{"code":40002,"message":"Invalid value for data.0.user.ttp: value may not be null.","request_id":"20251226145008B78CC6D0FADC5997AE37"}

[2025-12-26 14:50:11] Response (400):
{"code":40002,"message":"Invalid value for data.0.user.ttp: value may not be null.","request_id":"20251226145011F6D60EB40DED435658EA"}

[2025-12-26 15:06:30] Response (400):
{"code":40002,"message":"Invalid value for data.0.user.ttp: value may not be null.","request_id":"202512261506308F346D28FFBD03584B5A"}

[2025-12-26 15:06:33] Response (400):
{"code":40002,"message":"Invalid value for data.0.user.ttp: value may not be null.","request_id":"20251226150633486BDB46F3F51F9555EA"}

[2025-12-26 15:08:25] Response (400):
{"code":40002,"message":"Invalid value for data.0.user.ttp: value may not be null.","request_id":"20251226150825D799917F2BE5725A679D"}

[2025-12-26 15:15:45] Response (400):
{"code":40002,"message":"Invalid value for data.0.user.ttp: value may not be null.","request_id":"202512261515452DFEF430EC8E785B02FA"}

[2025-12-26 15:18:49] Response (400):
{"code":40002,"message":"Invalid value for data.0.user.ttp: value may not be null.","request_id":"202512261518494F11A8253E51D55683F5"}

[2025-12-27 01:41:43] Response (400):
{"code":40002,"message":"Invalid value for data.0.user.ttp: value may not be null.","request_id":"20251227014142FC47C69A2E6B3BE0889C"}

[2025-12-27 01:43:42] Response (400):
{"code":40002,"message":"Invalid value for data.0.user.ttp: value may not be null.","request_id":"20251227014342A716461142497D989EC8"}

[2025-12-27 01:52:24] Response (400):
{"code":40002,"message":"Invalid value for data.0.user.ttp: value may not be null.","request_id":"20251227015224F8D130108C9E709D3B3E"}

[2025-12-27 02:06:35] Response (400):
{"code":40002,"message":"Invalid value for data.0.user.ttp: value may not be null.","request_id":"20251227020635EE51D80F11FF0A9D0577"}

[2025-12-27 02:15:42] Response (400):
{"code":40002,"message":"Invalid value for data.0.user.ttp: value may not be null.","request_id":"20251227021542093260E392047899E38B"}

[2025-12-27 02:15:45] Response (400):
{"code":40002,"message":"Invalid value for data.0.user.ttp: value may not be null.","request_id":"202512270215452629CD1C699078E5D831"}

[2025-12-27 02:15:50] Response (400):
{"code":40002,"message":"Invalid value for data.0.user.ttp: value may not be null.","request_id":"20251227021550DA681E3417B8DD61C561"}

[2025-12-27 02:19:17] Response (400):
{"code":40002,"message":"Invalid value for data.0.user.ttp: value may not be null.","request_id":"2025122702191729134F72E56D20E5A9C4"}

[2025-12-27 12:44:33] Response (400):
{"code":40002,"message":"Invalid value for data.0.user.ttp: value may not be null.","request_id":"20251227124433E0FE15D45A565099884F"}

[2025-12-27 12:56:42] Response (400):
{"code":40002,"message":"Invalid value for data.0.user.ttp: value may not be null.","request_id":"20251227125642C4911C70E97A08DFA837"}

[2025-12-27 12:57:34] Response (400):
{"code":40002,"message":"Invalid value for data.0.user.ttp: value may not be null.","request_id":"20251227125734A981BA3461B15ADDBE81"}

[2025-12-27 13:26:48] Response (400):
{"code":40002,"message":"Invalid value for data.0.user.ttp: value may not be null.","request_id":"20251227132648426DA208C70F22DDC24D"}

[2025-12-27 13:37:07] Response (400):
{"code":40002,"message":"Invalid value for data.0.user.ttp: value may not be null.","request_id":"202512271337077F32E1C141AC7B2D2069"}

[2025-12-27 13:37:10] Response (400):
{"code":40002,"message":"Invalid value for data.0.user.ttp: value may not be null.","request_id":"202512271337104B45927ECC7807DCCCCE"}

[2025-12-27 13:37:14] Response (400):
{"code":40002,"message":"Invalid value for data.0.user.ttp: value may not be null.","request_id":"20251227133714070FB8FE046B4BDDCD87"}

[2025-12-27 13:38:24] Response (400):
{"code":40002,"message":"Invalid value for data.0.user.ttp: value may not be null.","request_id":"2025122713382496783D4D3823C499A20B"}

[2025-12-27 23:55:10] Response (400):
{"code":40002,"message":"Invalid value for data.0.user.ttp: value may not be null.","request_id":"20251227235510F53453F9F9185518624A"}

[2025-12-27 23:57:32] Response (400):
{"code":40002,"message":"Invalid value for data.0.user.ttp: value may not be null.","request_id":"20251227235731F17549390E4028D7CC36"}

[2025-12-28 00:03:14] Response (400):
{"code":40002,"message":"Invalid value for data.0.user.ttp: value may not be null.","request_id":"20251228000314961CAD2D03CDF5208F09"}

[2025-12-28 00:16:20] Response (400):
{"code":40002,"message":"Invalid value for data.0.user.ttp: value may not be null.","request_id":"20251228001620E581570206BFF26E9DEB"}

[2025-12-28 00:16:23] Response (400):
{"code":40002,"message":"Invalid value for data.0.user.ttp: value may not be null.","request_id":"20251228001623593C0A1180B112D96998"}

[2025-12-28 00:16:28] Response (400):
{"code":40002,"message":"Invalid value for data.0.user.ttp: value may not be null.","request_id":"2025122800162858D3542B967B5220C4ED"}

[2025-12-28 00:20:25] Response (400):
{"code":40002,"message":"Invalid value for data.0.user.ttp: value may not be null.","request_id":"20251228002025098C0226BC491F269C2D"}

[2025-12-28 00:23:51] Response (400):
{"code":40002,"message":"Invalid value for data.0.user.ttp: value may not be null.","request_id":"20251228002351379E8FA0AC41FA251B71"}

[2025-12-28 10:15:09] Response (400):
{"code":40002,"message":"Invalid value for data.0.user.ttp: value may not be null.","request_id":"20251228101509DF2E79EC7ACC4259ED8F"}

[2025-12-28 10:50:32] Response (400):
{"code":40002,"message":"Invalid value for data.0.user.ttp: value may not be null.","request_id":"20251228105032F9BACCF9662D67610168"}

[2025-12-28 11:00:44] Response (400):
{"code":40002,"message":"Invalid value for data.0.user.ttp: value may not be null.","request_id":"2025122811004477ED0369E28FEA122186"}

[2025-12-28 11:00:54] Response (400):
{"code":40002,"message":"Invalid value for data.0.user.ttp: value may not be null.","request_id":"202512281100549DA0DCE69E6F8AB827AD"}

[2025-12-28 11:16:34] Response (400):
{"code":40002,"message":"Invalid value for data.0.user.ttp: value may not be null.","request_id":"2025122811163445E6D94A1608EE592817"}

[2025-12-28 11:16:37] Response (400):
{"code":40002,"message":"Invalid value for data.0.user.ttp: value may not be null.","request_id":"20251228111636D69A2D4BA3A51E5BF27C"}

[2025-12-28 11:19:31] Response (400):
{"code":40002,"message":"Invalid value for data.0.user.ttp: value may not be null.","request_id":"2025122811193153A852BE9B2E52112EE6"}

[2025-12-28 11:23:10] Response (400):
{"code":40002,"message":"Invalid value for data.0.user.ttp: value may not be null.","request_id":"202512281123101A220435D1BEC5C53C21"}

[2025-12-28 11:23:33] Response (400):
{"code":40002,"message":"Invalid value for data.0.user.ttp: value may not be null.","request_id":"2025122811233332B7BF91152B5362AA55"}

[2025-12-28 20:49:04] Response (400):
{"code":40002,"message":"Invalid value for data.0.user.ttp: value may not be null.","request_id":"202512282049040A9D902A83E886A28F06"}

[2025-12-28 21:46:38] Response (400):
{"code":40002,"message":"Invalid value for data.0.user.ttp: value may not be null.","request_id":"2025122821463824EEA1A403BD9CA6A2A5"}

[2025-12-28 21:56:25] Response (400):
{"code":40002,"message":"Invalid value for data.0.user.ttp: value may not be null.","request_id":"202512282156259D201E7FFF31B5A0E357"}

[2025-12-28 22:01:58] Response (400):
{"code":40002,"message":"Invalid value for data.0.user.ttp: value may not be null.","request_id":"20251228220158C7AA1A08EC0880A55C4F"}

[2025-12-28 22:09:47] Response (400):
{"code":40002,"message":"Invalid value for data.0.user.ttp: value may not be null.","request_id":"2025122822094669B0814A227122A35020"}

[2025-12-28 22:17:08] Response (400):
{"code":40002,"message":"Invalid value for data.0.user.ttp: value may not be null.","request_id":"202512282217080686C33EBAF732ADAF26"}

[2025-12-28 22:17:10] Response (400):
{"code":40002,"message":"Invalid value for data.0.user.ttp: value may not be null.","request_id":"2025122822171040165E06183071AED216"}

[2025-12-28 22:17:14] Response (400):
{"code":40002,"message":"Invalid value for data.0.user.ttp: value may not be null.","request_id":"20251228221714C5B20E5D1C807AB050C5"}

[2025-12-28 22:24:01] Response (400):
{"code":40002,"message":"Invalid value for data.0.user.ttp: value may not be null.","request_id":"20251228222401764890C81280C9A54007"}

[2025-12-29 07:54:37] Response (400):
{"code":40002,"message":"Invalid value for data.0.user.ttp: value may not be null.","request_id":"202512290754372B91AFCD70DEF9E56A84"}

[2025-12-29 08:43:53] Response (400):
{"code":40002,"message":"Invalid value for data.0.user.ttp: value may not be null.","request_id":"202512290843522A56A0D46009DD4D9A51"}

[2025-12-29 08:44:00] Response (400):
{"code":40002,"message":"Invalid value for data.0.user.ttp: value may not be null.","request_id":"20251229084400C4CB1C920FCEAA5AE8F8"}

[2025-12-29 08:47:44] Response (400):
{"code":40002,"message":"Invalid value for data.0.user.ttp: value may not be null.","request_id":"20251229084744BD561C5B14E510E5E88E"}

[2025-12-29 08:59:35] Response (400):
{"code":40002,"message":"Invalid value for data.0.user.ttp: value may not be null.","request_id":"2025122908593560E2CBD8D92659DD473F"}

[2025-12-29 08:59:38] Response (400):
{"code":40002,"message":"Invalid value for data.0.user.ttp: value may not be null.","request_id":"2025122908593832B7BF91152B53EA0BFF"}

[2025-12-29 09:01:05] Response (400):
{"code":40002,"message":"Invalid value for data.0.user.ttp: value may not be null.","request_id":"20251229090105FC48B466D05DF6E2A0EB"}

[2025-12-29 09:04:49] Response (400):
{"code":40002,"message":"Invalid value for data.0.user.ttp: value may not be null.","request_id":"202512290904497BE905279432388A69CE"}

[2025-12-29 09:06:15] Response (400):
{"code":40002,"message":"Invalid value for data.0.user.ttp: value may not be null.","request_id":"2025122909061573FC2F138AB6E88B0281"}

[2025-12-29 18:48:10] Response (400):
{"code":40002,"message":"Invalid value for data.0.user.ttp: value may not be null.","request_id":"202512291848103FFCC91E74A569A32C3B"}

[2025-12-29 19:39:35] Response (400):
{"code":40002,"message":"Invalid value for data.0.user.ttp: value may not be null.","request_id":"2025122919393562E01324F96176A0DB81"}

[2025-12-29 19:45:50] Response (400):
{"code":40002,"message":"Invalid value for data.0.user.ttp: value may not be null.","request_id":"202512291945507D29DD95D217CF2AAE6D"}

[2025-12-29 19:45:53] Response (400):
{"code":40002,"message":"Invalid value for data.0.user.ttp: value may not be null.","request_id":"20251229194553CAC302477A657DA219C1"}

[2025-12-29 19:54:59] Response (400):
{"code":40002,"message":"Invalid value for data.0.user.ttp: value may not be null.","request_id":"202512291954585D5021E14D571AA8750D"}

[2025-12-29 19:56:45] Response (400):
{"code":40002,"message":"Invalid value for data.0.user.ttp: value may not be null.","request_id":"20251229195645AE20973298E88AD3B482"}

[2025-12-29 20:08:58] Response (400):
{"code":40002,"message":"Invalid value for data.0.user.ttp: value may not be null.","request_id":"202512292008582FD231B43C9A783569BB"}

[2025-12-29 20:09:03] Response (400):
{"code":40002,"message":"Invalid value for data.0.user.ttp: value may not be null.","request_id":"20251229200903301DA842922670D3A32C"}

[2025-12-29 20:10:23] Response (400):
{"code":40002,"message":"Invalid value for data.0.user.ttp: value may not be null.","request_id":"20251229201022BD3AC443F7BB2D2F26C0"}

[2025-12-30 05:46:03] Response (400):
{"code":40002,"message":"Invalid value for data.0.user.ttp: value may not be null.","request_id":"202512300546038FF4F17A8A33F1EB099F"}

[2025-12-30 06:40:09] Response (400):
{"code":40002,"message":"Invalid value for data.0.user.ttp: value may not be null.","request_id":"20251230064009EDF346BB5B01EB6D796D"}

[2025-12-30 06:40:19] Response (400):
{"code":40002,"message":"Invalid value for data.0.user.ttp: value may not be null.","request_id":"202512300640194D977611A6217468BCAD"}

[2025-12-30 06:43:24] Response (400):
{"code":40002,"message":"Invalid value for data.0.user.ttp: value may not be null.","request_id":"20251230064324DBBB2FE7923B356D1132"}

[2025-12-30 07:01:39] Response (400):
{"code":40002,"message":"Invalid value for data.0.user.ttp: value may not be null.","request_id":"2025123007013918B86681DEFDF66B9776"}

[2025-12-30 07:01:41] Response (400):
{"code":40002,"message":"Invalid value for data.0.user.ttp: value may not be null.","request_id":"2025123007014146F4B1F1D512D30A41A3"}

[2025-12-30 07:05:31] Response (400):
{"code":40002,"message":"Invalid value for data.0.user.ttp: value may not be null.","request_id":"20251230070531D67AC43FDA555579241D"}

[2025-12-30 07:08:42] Response (400):
{"code":40002,"message":"Invalid value for data.0.user.ttp: value may not be null.","request_id":"20251230070842D8EEA0A2DCD0397586CA"}

[2025-12-30 07:09:14] Response (400):
{"code":40002,"message":"Invalid value for data.0.user.ttp: value may not be null.","request_id":"202512300709147D1C8F746428847466A7"}

[2025-12-30 16:49:30] Response (400):
{"code":40002,"message":"Invalid value for data.0.user.ttp: value may not be null.","request_id":"20251230164930D8D16B09CCAF26B50BBD"}

[2025-12-30 17:44:00] Response (400):
{"code":40002,"message":"Invalid value for data.0.user.ttp: value may not be null.","request_id":"2025123017440008E1025E09C3D9ABC5C5"}

[2025-12-30 17:44:03] Response (400):
{"code":40002,"message":"Invalid value for data.0.user.ttp: value may not be null.","request_id":"2025123017440312CFE631F82AE2BABE48"}

[2025-12-30 17:45:03] Response (400):
{"code":40002,"message":"Invalid value for data.0.user.ttp: value may not be null.","request_id":"202512301745033B681E6467CF014D7F5C"}

[2025-12-30 17:55:36] Response (400):
{"code":40002,"message":"Invalid value for data.0.user.ttp: value may not be null.","request_id":"20251230175536DDE31DD177764FBA0D57"}

[2025-12-30 18:02:18] Response (400):
{"code":40002,"message":"Invalid value for data.0.user.ttp: value may not be null.","request_id":"20251230180218F96D0328C26AB1C53C01"}

[2025-12-30 18:02:20] Response (400):
{"code":40002,"message":"Invalid value for data.0.user.ttp: value may not be null.","request_id":"20251230180220B48598B8A4ACAF402F37"}

[2025-12-30 18:02:25] Response (400):
{"code":40002,"message":"Invalid value for data.0.user.ttp: value may not be null.","request_id":"20251230180225466D372A76B456B1ABE0"}

[2025-12-30 18:06:43] Response (400):
{"code":40002,"message":"Invalid value for data.0.user.ttp: value may not be null.","request_id":"202512301806433F0C56E76A9768B24482"}

[2025-12-31 03:43:18] Response (400):
{"code":40002,"message":"Invalid value for data.0.user.ttp: value may not be null.","request_id":"2025123103431894827DB9EFE9E2EA3820"}

[2025-12-31 04:41:14] Response (400):
{"code":40002,"message":"Invalid value for data.0.user.ttp: value may not be null.","request_id":"20251231044114FB82157CEA2D3D83E2F9"}

[2025-12-31 04:41:43] Response (400):
{"code":40002,"message":"Invalid value for data.0.user.ttp: value may not be null.","request_id":"202512310441434AA6E568FC427285ACE0"}

[2025-12-31 04:44:31] Response (400):
{"code":40002,"message":"Invalid value for data.0.user.ttp: value may not be null.","request_id":"20251231044431D281C6709A63C3005846"}

[2025-12-31 04:55:15] Response (400):
{"code":40002,"message":"Invalid value for data.0.user.ttp: value may not be null.","request_id":"202512310455152876EABA65FCC702FEF1"}

[2025-12-31 05:10:03] Response (400):
{"code":40002,"message":"Invalid value for data.0.user.ttp: value may not be null.","request_id":"20251231051003F00B22A0CBCB3EFF2147"}

[2025-12-31 05:10:07] Response (400):
{"code":40002,"message":"Invalid value for data.0.user.ttp: value may not be null.","request_id":"20251231051006BE3FDFCA05F6778BEA43"}

[2025-12-31 05:10:11] Response (400):
{"code":40002,"message":"Invalid value for data.0.user.ttp: value may not be null.","request_id":"2025123105101116444BDBBD7400844DA0"}

[2025-12-31 05:11:45] Response (400):
{"code":40002,"message":"Invalid value for data.0.user.ttp: value may not be null.","request_id":"20251231051145AEED63F74BB439877D4C"}

[2025-12-31 05:36:01] Response (400):
{"code":40002,"message":"Invalid value for data.0.user.ttp: value may not be null.","request_id":"20251231053601D5957EB8D4CBF5929EC8"}

[2025-12-31 05:36:07] Response (400):
{"code":40002,"message":"Invalid value for data.0.user.ttp: value may not be null.","request_id":"202512310536070602FFB775FA5406EEC3"}

[2025-12-31 14:41:47] Response (400):
{"code":40002,"message":"Invalid value for data.0.user.ttp: value may not be null.","request_id":"202512311441476E720FFE2D0940B83959"}

[2025-12-31 15:41:17] Response (400):
{"code":40002,"message":"Invalid value for data.0.user.ttp: value may not be null.","request_id":"20251231154117712C867A69A2A1BDA1A6"}

[2025-12-31 15:42:24] Response (400):
{"code":40002,"message":"Invalid value for data.0.user.ttp: value may not be null.","request_id":"202512311542231B9A8BE6FBA93EBC5393"}

[2025-12-31 15:50:07] Response (400):
{"code":40002,"message":"Invalid value for data.0.user.ttp: value may not be null.","request_id":"2025123115500617F3DAAB5BA94CB3E462"}

[2025-12-31 15:58:38] Response (400):
{"code":40002,"message":"Invalid value for data.0.user.ttp: value may not be null.","request_id":"20251231155838B746E1532FA60FB7DB7A"}

[2025-12-31 16:00:58] Response (400):
{"code":40002,"message":"Invalid value for data.0.user.ttp: value may not be null.","request_id":"20251231160058EE85F973F8D7AC3899EA"}

[2025-12-31 16:04:24] Response (400):
{"code":40002,"message":"Invalid value for data.0.user.ttp: value may not be null.","request_id":"202512311604245D6704EBC45BB9364E25"}

[2025-12-31 16:06:49] Response (400):
{"code":40002,"message":"Invalid value for data.0.user.ttp: value may not be null.","request_id":"20251231160649F72B3B94C8276136D092"}

[2025-12-31 16:07:11] Response (400):
{"code":40002,"message":"Invalid value for data.0.user.ttp: value may not be null.","request_id":"2025123116071145C436A58A4999400C53"}

[2026-01-01 01:43:34] Response (400):
{"code":40002,"message":"Invalid value for data.0.user.ttp: value may not be null.","request_id":"202601010143340DA58D5D08A4900EB68D"}

[2026-01-01 02:41:36] Response (400):
{"code":40002,"message":"Invalid value for data.0.user.ttp: value may not be null.","request_id":"202601010241368EC147A422B9FE6B68E5"}

[2026-01-01 02:44:24] Response (400):
{"code":40002,"message":"Invalid value for data.0.user.ttp: value may not be null.","request_id":"20260101024424C0555E6BD92E937C16F5"}

[2026-01-01 02:46:55] Response (400):
{"code":40002,"message":"Invalid value for data.0.user.ttp: value may not be null.","request_id":"20260101024655169AD9ACCED81FF13657"}

[2026-01-01 02:58:32] Response (400):
{"code":40002,"message":"Invalid value for data.0.user.ttp: value may not be null.","request_id":"20260101025832792DDA3B27F9687495CE"}

[2026-01-01 02:58:57] Response (400):
{"code":40002,"message":"Invalid value for data.0.user.ttp: value may not be null.","request_id":"20260101025857FD0B26DEA3F9EE7D566C"}

[2026-01-01 02:58:59] Response (400):
{"code":40002,"message":"Invalid value for data.0.user.ttp: value may not be null.","request_id":"20260101025859648CD82847C4C41FC2B0"}

[2026-01-01 03:00:26] Response (400):
{"code":40002,"message":"Invalid value for data.0.user.ttp: value may not be null.","request_id":"20260101030026ADAAD2D71A34A9F41F81"}

[2026-01-01 03:05:10] Response (400):
{"code":40002,"message":"Invalid value for data.0.user.ttp: value may not be null.","request_id":"2026010103051044CEE0841D22537DA9CC"}

[2026-01-01 12:43:22] Response (400):
{"code":40002,"message":"Invalid value for data.0.user.ttp: value may not be null.","request_id":"20260101124322304DB1E33F00C3AA7463"}

[2026-01-01 13:48:46] Response (400):
{"code":40002,"message":"Invalid value for data.0.user.ttp: value may not be null.","request_id":"20260101134846F938E739597E019A3AA3"}

[2026-01-01 13:49:18] Response (400):
{"code":40002,"message":"Invalid value for data.0.user.ttp: value may not be null.","request_id":"20260101134918EFBBD61ABDE4FEB13906"}

[2026-01-01 13:50:33] Response (400):
{"code":40002,"message":"Invalid value for data.0.user.ttp: value may not be null.","request_id":"20260101135033A843FEA5ACEC4CA77A8F"}

[2026-01-01 13:56:47] Response (400):
{"code":40002,"message":"Invalid value for data.0.user.ttp: value may not be null.","request_id":"20260101135647DD07F6BF5CF59E5650CA"}

[2026-01-01 14:05:52] Response (400):
{"code":40002,"message":"Invalid value for data.0.user.ttp: value may not be null.","request_id":"202601011405525CAD8349746D92398D52"}

[2026-01-01 14:05:55] Response (400):
{"code":40002,"message":"Invalid value for data.0.user.ttp: value may not be null.","request_id":"20260101140555810AE3F6F21E12ACDD05"}

[2026-01-01 14:07:31] Response (400):
{"code":40002,"message":"Invalid value for data.0.user.ttp: value may not be null.","request_id":"20260101140731A4B51F6C399384BB4ECA"}

[2026-01-01 14:07:46] Response (400):
{"code":40002,"message":"Invalid value for data.0.user.ttp: value may not be null.","request_id":"20260101140746C7AE8DFF0D5E183091AD"}

[2026-01-01 23:51:25] Response (400):
{"code":40002,"message":"Invalid value for data.0.user.ttp: value may not be null.","request_id":"20260101235125209AD57EBF6DB0F240A5"}

[2026-01-02 00:50:25] Response (400):
{"code":40002,"message":"Invalid value for data.0.user.ttp: value may not be null.","request_id":"202601020050253A39DA218A2E49EE9F67"}

[2026-01-02 00:59:37] Response (400):
{"code":40002,"message":"Invalid value for data.0.user.ttp: value may not be null.","request_id":"20260102005937650C1E46BB53BA6DF9A9"}

[2026-01-02 01:11:08] Response (400):
{"code":40002,"message":"Invalid value for data.0.user.ttp: value may not be null.","request_id":"20260102011108733FF07A7B10CCFDA5AF"}

[2026-01-02 01:11:19] Response (400):
{"code":40002,"message":"Invalid value for data.0.user.ttp: value may not be null.","request_id":"20260102011119B2EE7A5570754FECC04D"}

[2026-01-02 01:19:02] Response (400):
{"code":40002,"message":"Invalid value for data.0.user.ttp: value may not be null.","request_id":"20260102011902DC0DFFE63745D5FA430C"}

[2026-01-02 01:19:05] Response (400):
{"code":40002,"message":"Invalid value for data.0.user.ttp: value may not be null.","request_id":"2026010201190597CE621513FD71F84B2A"}

[2026-01-02 01:19:11] Response (400):
{"code":40002,"message":"Invalid value for data.0.user.ttp: value may not be null.","request_id":"2026010201191146D4CAEFC0076A02995E"}

[2026-01-02 01:25:24] Response (400):
{"code":40002,"message":"Invalid value for data.0.user.ttp: value may not be null.","request_id":"20260102012524C20FA8E1436064A49BD6"}

[2026-01-02 10:42:52] Response (400):
{"code":40002,"message":"Invalid value for data.0.user.ttp: value may not be null.","request_id":"202601021042523D5965A33DFE252D3772"}

[2026-01-02 11:45:20] Response (400):
{"code":40002,"message":"Invalid value for data.0.user.ttp: value may not be null.","request_id":"20260102114520C98F74AE02D9CDDFE5C3"}

[2026-01-02 11:51:29] Response (400):
{"code":40002,"message":"Invalid value for data.0.user.ttp: value may not be null.","request_id":"20260102115129C9999547E365302C34E6"}

[2026-01-02 12:07:21] Response (400):
{"code":40002,"message":"Invalid value for data.0.user.ttp: value may not be null.","request_id":"20260102120721620DA6960F88953C0E3E"}

[2026-01-02 12:12:43] Response (400):
{"code":40002,"message":"Invalid value for data.0.user.ttp: value may not be null.","request_id":"20260102121243C7463D1BFBD45DD97F64"}

[2026-01-02 12:12:46] Response (400):
{"code":40002,"message":"Invalid value for data.0.user.ttp: value may not be null.","request_id":"20260102121246A3EADBC180B5F8E1CCB8"}

[2026-01-02 12:12:54] Response (400):
{"code":40002,"message":"Invalid value for data.0.user.ttp: value may not be null.","request_id":"20260102121253B06315F55909A23975C9"}

[2026-01-02 12:20:22] Response (400):
{"code":40002,"message":"Invalid value for data.0.user.ttp: value may not be null.","request_id":"20260102122022EEF414CBBC219A32D6C3"}

[2026-01-02 12:20:45] Response (400):
{"code":40002,"message":"Invalid value for data.0.user.ttp: value may not be null.","request_id":"20260102122045D3B557ECFA3720390BFD"}

[2026-01-02 21:47:54] Response (400):
{"code":40002,"message":"Invalid value for data.0.user.ttp: value may not be null.","request_id":"202601022147543683B968D91A8973E826"}

[2026-01-02 22:47:26] Response (400):
{"code":40002,"message":"Invalid value for data.0.user.ttp: value may not be null.","request_id":"20260102224726D67B49A0D2762A6E4459"}

[2026-01-02 22:59:55] Response (400):
{"code":40002,"message":"Invalid value for data.0.user.ttp: value may not be null.","request_id":"20260102225955025ACBB9CCE4ADE8112B"}

[2026-01-02 23:15:24] Response (400):
{"code":40002,"message":"Invalid value for data.0.user.ttp: value may not be null.","request_id":"20260102231524B160A2FED803A08FC3EA"}

[2026-01-02 23:19:34] Response (400):
{"code":40002,"message":"Invalid value for data.0.user.ttp: value may not be null.","request_id":"202601022319341DF9612DF746D7984331"}

[2026-01-02 23:19:38] Response (400):
{"code":40002,"message":"Invalid value for data.0.user.ttp: value may not be null.","request_id":"20260102231938C408C30341D5E13D35A3"}

[2026-01-02 23:19:58] Response (400):
{"code":40002,"message":"Invalid value for data.0.user.ttp: value may not be null.","request_id":"202601022319586697FEE3DC5529EE6DD4"}

[2026-01-02 23:21:55] Response (400):
{"code":40002,"message":"Invalid value for data.0.user.ttp: value may not be null.","request_id":"20260102232155F20217576AD22D7F43EF"}

[2026-01-02 23:22:18] Response (400):
{"code":40002,"message":"Invalid value for data.0.user.ttp: value may not be null.","request_id":"202601022322181BC485FF01E1417464F6"}

[2026-01-03 08:42:02] Response (400):
{"code":40002,"message":"Invalid value for data.0.user.ttp: value may not be null.","request_id":"20260103084202F6F2A39A95B105B8C4AF"}

[2026-01-03 09:41:52] Response (400):
{"code":40002,"message":"Invalid value for data.0.user.ttp: value may not be null.","request_id":"20260103094152C2B768BD1D5AA7BE7EB6"}

[2026-01-03 09:44:57] Response (400):
{"code":40002,"message":"Invalid value for data.0.user.ttp: value may not be null.","request_id":"202601030944576CB136563A31DFC63469"}

[2026-01-03 09:57:24] Response (400):
{"code":40002,"message":"Invalid value for data.0.user.ttp: value may not be null.","request_id":"20260103095724B8C7483D43E849BFF3E4"}

[2026-01-03 09:57:31] Response (400):
{"code":40002,"message":"Invalid value for data.0.user.ttp: value may not be null.","request_id":"202601030957316687C4F53E5910C0B464"}

[2026-01-03 10:09:26] Response (400):
{"code":40002,"message":"Invalid value for data.0.user.ttp: value may not be null.","request_id":"202601031009268BC4D1BA7A636B265823"}

[2026-01-03 10:09:29] Response (400):
{"code":40002,"message":"Invalid value for data.0.user.ttp: value may not be null.","request_id":"2026010310092915F9BEC701C0F0B92A83"}

[2026-01-03 10:09:34] Response (400):
{"code":40002,"message":"Invalid value for data.0.user.ttp: value may not be null.","request_id":"202601031009342364CD206AB59DB9B28B"}

[2026-01-03 10:12:13] Response (400):
{"code":40002,"message":"Invalid value for data.0.user.ttp: value may not be null.","request_id":"20260103101213A35F266B2A1436C1382B"}

[2026-01-03 14:00:07] Response (400):
{"code":40002,"message":"Invalid value for data.0.user.ttp: value may not be null.","request_id":"20260103140007E0C072F84F0D23E15EEB"}

[2026-01-03 14:00:11] Response (400):
{"code":40002,"message":"Invalid value for data.0.user.ttp: value may not be null.","request_id":"20260103140010D3DBB22888228BD76E8B"}

[2026-01-03 19:43:00] Response (400):
{"code":40002,"message":"Invalid value for data.0.user.ttp: value may not be null.","request_id":"20260103194300B84B220F5E19F95B543A"}

[2026-01-03 20:41:32] Response (400):
{"code":40002,"message":"Invalid value for data.0.user.ttp: value may not be null.","request_id":"2026010320413217A63C7CBE62EB08DDB5"}

[2026-01-03 20:49:10] Response (400):
{"code":40002,"message":"Invalid value for data.0.user.ttp: value may not be null.","request_id":"20260103204909A9E99374766258028BE2"}

[2026-01-03 20:50:24] Response (400):
{"code":40002,"message":"Invalid value for data.0.user.ttp: value may not be null.","request_id":"20260103205024D1292344B9AA204F7064"}

[2026-01-03 21:03:41] Response (400):
{"code":40002,"message":"Invalid value for data.0.user.ttp: value may not be null.","request_id":"202601032103413743273065C6D16C3EAD"}

[2026-01-03 21:03:44] Response (400):
{"code":40002,"message":"Invalid value for data.0.user.ttp: value may not be null.","request_id":"202601032103448170E4D8D5018718A3B6"}

[2026-01-03 21:04:17] Response (400):
{"code":40002,"message":"Invalid value for data.0.user.ttp: value may not be null.","request_id":"202601032104171F6058600C333F0860BB"}

[2026-01-03 21:11:28] Response (400):
{"code":40002,"message":"Invalid value for data.0.user.ttp: value may not be null.","request_id":"20260103211128FB8C4469E6584BFC1A18"}

[2026-01-03 21:12:44] Response (400):
{"code":40002,"message":"Invalid value for data.0.user.ttp: value may not be null.","request_id":"20260103211244BFA05B1BBF6402111357"}

[2026-01-04 06:40:16] Response (400):
{"code":40002,"message":"Invalid value for data.0.user.ttp: value may not be null.","request_id":"20260104064015AD9CFC21B52823235866"}

[2026-01-04 07:39:21] Response (400):
{"code":40002,"message":"Invalid value for data.0.user.ttp: value may not be null.","request_id":"20260104073920BF6CBDEF8A788994ED1C"}

[2026-01-04 07:42:21] Response (400):
{"code":40002,"message":"Invalid value for data.0.user.ttp: value may not be null.","request_id":"20260104074221DA27AB6F328B1B103AEB"}

[2026-01-04 07:52:42] Response (400):
{"code":40002,"message":"Invalid value for data.0.user.ttp: value may not be null.","request_id":"202601040752423890DA7412F2383D980D"}

[2026-01-04 07:57:51] Response (400):
{"code":40002,"message":"Invalid value for data.0.user.ttp: value may not be null.","request_id":"2026010407575155B870FD44D93A57EF6A"}

[2026-01-04 07:57:55] Response (400):
{"code":40002,"message":"Invalid value for data.0.user.ttp: value may not be null.","request_id":"20260104075755696A2180DB5B6B54F8D3"}

[2026-01-04 07:58:00] Response (400):
{"code":40002,"message":"Invalid value for data.0.user.ttp: value may not be null.","request_id":"20260104075800D435AC7C2E67AB512B70"}

[2026-01-04 08:00:47] Response (400):
{"code":40002,"message":"Invalid value for data.0.user.ttp: value may not be null.","request_id":"20260104080047F3DC456530FB0847F9BA"}

[2026-01-04 08:03:33] Response (400):
{"code":40002,"message":"Invalid value for data.0.user.ttp: value may not be null.","request_id":"202601040803332DD2109AEF911E160570"}

[2026-01-04 16:46:04] Response (400):
{"code":40002,"message":"Invalid value for data.0.user.ttp: value may not be null.","request_id":"2026010416460439C096E09C415C5804F2"}

[2026-01-04 18:46:05] Response (400):
{"code":40002,"message":"Invalid value for data.0.user.ttp: value may not be null.","request_id":"202601041846050299025AE419396C363F"}

[2026-01-04 18:52:27] Response (400):
{"code":40002,"message":"Invalid value for data.0.user.ttp: value may not be null.","request_id":"202601041852278557129A33086D8FC12E"}

[2026-01-04 18:53:34] Response (400):
{"code":40002,"message":"Invalid value for data.0.user.ttp: value may not be null.","request_id":"20260104185333D8655ED4F22B088C35D4"}

[2026-01-04 19:02:23] Response (400):
{"code":40002,"message":"Invalid value for data.0.user.ttp: value may not be null.","request_id":"202601041902234AFAB0951D96A48D0EED"}

[2026-01-04 19:10:05] Response (400):
{"code":40002,"message":"Invalid value for data.0.user.ttp: value may not be null.","request_id":"202601041910051D00579FD7962094A03B"}

[2026-01-04 19:10:08] Response (400):
{"code":40002,"message":"Invalid value for data.0.user.ttp: value may not be null.","request_id":"202601041910083F97A326568E1B980AAA"}

[2026-01-04 19:10:12] Response (400):
{"code":40002,"message":"Invalid value for data.0.user.ttp: value may not be null.","request_id":"202601041910121D00579FD7962094A35A"}

[2026-01-04 19:15:43] Response (400):
{"code":40002,"message":"Invalid value for data.0.user.ttp: value may not be null.","request_id":"20260104191542F84AEC21CB417D70788E"}

[2026-01-05 03:42:25] Response (400):
{"code":40002,"message":"Invalid value for data.0.user.ttp: value may not be null.","request_id":"202601050342259036A5AD11B1E00C6D12"}

[2026-01-05 05:42:06] Response (400):
{"code":40002,"message":"Invalid value for data.0.user.ttp: value may not be null.","request_id":"20260105054206CFD691D48FECEEA5A312"}

[2026-01-05 05:47:54] Response (400):
{"code":40002,"message":"Invalid value for data.0.user.ttp: value may not be null.","request_id":"20260105054753DD3AC26C30B80C17C7F4"}

[2026-01-05 05:58:19] Response (400):
{"code":40002,"message":"Invalid value for data.0.user.ttp: value may not be null.","request_id":"20260105055818BD3A428CC93236D2A906"}

[2026-01-05 06:06:11] Response (400):
{"code":40002,"message":"Invalid value for data.0.user.ttp: value may not be null.","request_id":"20260105060611D307660FC9D3E6DFDAA5"}

[2026-01-05 06:06:14] Response (400):
{"code":40002,"message":"Invalid value for data.0.user.ttp: value may not be null.","request_id":"202601050606141D753E8AD671B8A9CAD8"}

[2026-01-05 06:06:21] Response (400):
{"code":40002,"message":"Invalid value for data.0.user.ttp: value may not be null.","request_id":"202601050606219768BC4F98349EAC6589"}

[2026-01-05 06:08:24] Response (400):
{"code":40002,"message":"Invalid value for data.0.user.ttp: value may not be null.","request_id":"2026010506082412328159D26CDBDC59B3"}

[2026-01-05 06:08:45] Response (400):
{"code":40002,"message":"Invalid value for data.0.user.ttp: value may not be null.","request_id":"202601050608453BA347DC47AAEEE397BD"}

[2026-01-05 14:47:51] Response (400):
{"code":40002,"message":"Invalid value for data.0.user.ttp: value may not be null.","request_id":"20260105144751CD7CC846CA4085104890"}

[2026-01-05 16:41:16] Response (400):
{"code":40002,"message":"Invalid value for data.0.user.ttp: value may not be null.","request_id":"20260105164116F34007552FFCF209DEA9"}

[2026-01-05 16:44:32] Response (400):
{"code":40002,"message":"Invalid value for data.0.user.ttp: value may not be null.","request_id":"202601051644320532346C90B2D30CF48C"}

[2026-01-05 17:00:41] Response (400):
{"code":40002,"message":"Invalid value for data.0.user.ttp: value may not be null.","request_id":"20260105170041862D19BDF29830613A57"}

[2026-01-05 17:08:24] Response (400):
{"code":40002,"message":"Invalid value for data.0.user.ttp: value may not be null.","request_id":"20260105170824B3F05B08D0201F148709"}

[2026-01-05 17:08:27] Response (400):
{"code":40002,"message":"Invalid value for data.0.user.ttp: value may not be null.","request_id":"202601051708267A77D64989256C170133"}

[2026-01-05 17:09:01] Response (400):
{"code":40002,"message":"Invalid value for data.0.user.ttp: value may not be null.","request_id":"20260105170901E1194DCC83F07A60633B"}

[2026-01-05 17:14:06] Response (400):
{"code":40002,"message":"Invalid value for data.0.user.ttp: value may not be null.","request_id":"20260105171406C3FAE844062A7709A726"}

[2026-01-05 17:14:15] Response (400):
{"code":40002,"message":"Invalid value for data.0.user.ttp: value may not be null.","request_id":"202601051714159A4840F6CD11811200E4"}

[2026-01-06 01:49:41] Response (400):
{"code":40002,"message":"Invalid value for data.0.user.ttp: value may not be null.","request_id":"20260106014941B098B6B26B462E542273"}

[2026-01-06 02:26:18] Response (400):
{"code":40002,"message":"Invalid value for data.0.user.ttp: value may not be null.","request_id":"20260106022618F6C0D51EE46E2A5CB9BB"}

[2026-01-06 03:43:20] Response (400):
{"code":40002,"message":"Invalid value for data.0.user.ttp: value may not be null.","request_id":"202601060343203C73D36BEDEF469C1323"}

[2026-01-06 03:44:39] Response (400):
{"code":40002,"message":"Invalid value for data.0.user.ttp: value may not be null.","request_id":"202601060344385C14FBA26D210D65284D"}

[2026-01-06 03:54:17] Response (400):
{"code":40002,"message":"Invalid value for data.0.user.ttp: value may not be null.","request_id":"20260106035417DAB8915FC2A6435D9CE5"}

[2026-01-06 04:00:13] Response (400):
{"code":40002,"message":"Invalid value for data.0.user.ttp: value may not be null.","request_id":"20260106040013CB129DEBE89D9E4086E6"}

[2026-01-06 04:09:49] Response (400):
{"code":40002,"message":"Invalid value for data.0.user.ttp: value may not be null.","request_id":"202601060409496F67C7EC1743B75BA1E0"}

[2026-01-06 04:09:52] Response (400):
{"code":40002,"message":"Invalid value for data.0.user.ttp: value may not be null.","request_id":"2026010604095281C1DDC091ECE96334D8"}

[2026-01-06 04:09:55] Response (400):
{"code":40002,"message":"Invalid value for data.0.user.ttp: value may not be null.","request_id":"202601060409557507E748AE8D84393F3A"}

[2026-01-06 04:16:08] Response (400):
{"code":40002,"message":"Invalid value for data.0.user.ttp: value may not be null.","request_id":"2026010604160808A6F867141A15558004"}

[2026-01-06 12:42:54] Response (400):
{"code":40002,"message":"Invalid value for data.0.user.ttp: value may not be null.","request_id":"20260106124254FE90DC398670A98AFF9F"}

[2026-01-06 12:44:53] Response (400):
{"code":40002,"message":"Invalid value for data.0.user.ttp: value may not be null.","request_id":"202601061244538178808B61C05283259E"}

[2026-01-06 14:44:21] Response (400):
{"code":40002,"message":"Invalid value for data.0.user.ttp: value may not be null.","request_id":"2026010614442160E2CBD8D926598A99F1"}

[2026-01-06 14:49:37] Response (400):
{"code":40002,"message":"Invalid value for data.0.user.ttp: value may not be null.","request_id":"2026010614493729AC8D305204799FE757"}

[2026-01-06 14:52:24] Response (400):
{"code":40002,"message":"Invalid value for data.0.user.ttp: value may not be null.","request_id":"20260106145224452147196469029FD223"}

[2026-01-06 15:04:17] Response (400):
{"code":40002,"message":"Invalid value for data.0.user.ttp: value may not be null.","request_id":"20260106150417C88E5EC3BD5F9F9565BA"}

[2026-01-06 15:13:25] Response (400):
{"code":40002,"message":"Invalid value for data.0.user.ttp: value may not be null.","request_id":"2026010615132577DCA4BB8B447695F29B"}

[2026-01-06 15:13:28] Response (400):
{"code":40002,"message":"Invalid value for data.0.user.ttp: value may not be null.","request_id":"202601061513287F4C007DB5918BAA639A"}

[2026-01-06 15:13:33] Response (400):
{"code":40002,"message":"Invalid value for data.0.user.ttp: value may not be null.","request_id":"20260106151333884EEFAE2168F692E53D"}

[2026-01-06 15:17:25] Response (400):
{"code":40002,"message":"Invalid value for data.0.user.ttp: value may not be null.","request_id":"2026010615172500DCC5666DF3EE866760"}

[2026-01-06 18:57:35] Response (200):
{"code": 0, "message": "OK", "request_id": "202601061857354A1D23A4A0503CC8A6D9", "data": {}}

[2026-01-06 18:57:40] Response (400):
{"code":40002,"message":"Invalid value for data.0.user.ttp: value may not be null.","request_id":"202601061857401A446C52730564CB6C0F"}

[2026-01-06 18:57:43] Response (400):
{"code":40002,"message":"Invalid value for data.0.user.ttp: value may not be null.","request_id":"20260106185743724DCC57AA4739C3E3EA"}

[2026-01-06 18:57:43] Response (400):
{"code":40002,"message":"Invalid value for data.0.user.ttp: value may not be null.","request_id":"2026010618574335EBD292A15184BC222F"}

[2026-01-06 22:46:37] Response (400):
{"code":40002,"message":"Invalid value for data.0.user.ttp: value may not be null.","request_id":"20260106224637C35D19B13E8C7B070A5C"}

[2026-01-06 22:46:59] Response (400):
{"code":40002,"message":"Invalid value for data.0.user.ttp: value may not be null.","request_id":"202601062246592E75123763F527C03DB4"}

[2026-01-07 00:07:51] Response (400):
{"code":40002,"message":"Invalid value for data.0.user.ttp: value may not be null.","request_id":"202601070007519F2BB05F0B9C38DF516C"}

[2026-01-07 01:40:13] Response (400):
{"code":40002,"message":"Invalid value for data.0.user.ttp: value may not be null.","request_id":"20260107014013317A5CCCFCF270D8FEB5"}

[2026-01-07 01:42:34] Response (400):
{"code":40002,"message":"Invalid value for data.0.user.ttp: value may not be null.","request_id":"202601070142340A00D7EE7A269F1B68E8"}

[2026-01-07 01:51:12] Response (400):
{"code":40002,"message":"Invalid value for data.0.user.ttp: value may not be null.","request_id":"202601070151124DED19E8E82B72EBF45D"}

[2026-01-07 02:02:52] Response (400):
{"code":40002,"message":"Invalid value for data.0.user.ttp: value may not be null.","request_id":"202601070202523B50982333BD7CE0A7B7"}

[2026-01-07 02:04:38] Response (400):
{"code":40002,"message":"Invalid value for data.0.user.ttp: value may not be null.","request_id":"20260107020438C6B3D0C08ADC05DDD4D0"}

[2026-01-07 02:06:27] Response (400):
{"code":40002,"message":"Invalid value for data.0.user.ttp: value may not be null.","request_id":"2026010702062704371FDC7BDCD2DE9C9A"}

[2026-01-07 02:14:14] Response (400):
{"code":40002,"message":"Invalid value for data.0.user.ttp: value may not be null.","request_id":"2026010702141406CC6509736F9509F679"}

[2026-01-07 02:14:40] Response (400):
{"code":40002,"message":"Invalid value for data.0.user.ttp: value may not be null.","request_id":"202601070214404A9CFFA4D7AC4ED55583"}

[2026-01-07 09:39:43] Response (400):
{"code":40002,"message":"Invalid value for data.0.user.ttp: value may not be null.","request_id":"2026010709394332A16ECF7321CD164A77"}

[2026-01-07 09:40:05] Response (400):
{"code":40002,"message":"Invalid value for data.0.user.ttp: value may not be null.","request_id":"20260107094005ABC3B2878EC3D01EF4A1"}

[2026-01-07 09:45:27] Response (200):
{"code": 0, "message": "OK", "request_id": "20260107094527C8BC5AFE37DB510845C5", "data": {}}

[2026-01-07 21:15:51] Response (200):
{"code": 0, "message": "OK", "request_id": "20260107211551A7CE9CC90F488C657821", "data": {}}

[2026-01-08 06:57:25] Response (400):
{"code":40002,"message":"Invalid value for data.0.user.ttp: value may not be null.","request_id":"2026010806572534858CBFEA64D886DB3B"}

[2026-01-08 07:04:29] Response (400):
{"code":40002,"message":"Invalid value for data.0.user.ttp: value may not be null.","request_id":"20260108070429AC1D8D77B81CC4863735"}

[2026-01-08 07:04:33] Response (400):
{"code":40002,"message":"Invalid value for data.0.user.ttp: value may not be null.","request_id":"2026010807043381757AC826900B93B1E3"}

[2026-01-08 07:04:42] Response (400):
{"code":40002,"message":"Invalid value for data.0.user.ttp: value may not be null.","request_id":"20260108070442397C9C36D4DC70B725D0"}

[2026-01-08 07:07:23] Response (400):
{"code":40002,"message":"Invalid value for data.0.user.ttp: value may not be null.","request_id":"20260108070723A3CB5D7E7FCDE087FCE4"}

[2026-01-08 07:11:12] Response (400):
{"code":40002,"message":"Invalid value for data.0.user.ttp: value may not be null.","request_id":"20260108071112885AEDEA9A3475885C73"}

[2026-01-08 07:11:34] Response (400):
{"code":40002,"message":"Invalid value for data.0.user.ttp: value may not be null.","request_id":"202601080711343E3116D9A0E1F887EAA0"}

[2026-01-08 07:15:43] Response (400):
{"code":40002,"message":"Invalid value for data.0.user.ttp: value may not be null.","request_id":"20260108071543EC99FB2B78B80BA290B2"}

[2026-01-08 07:16:53] Response (400):
{"code":40002,"message":"Invalid value for data.0.user.ttp: value may not be null.","request_id":"2026010807165380DDB792C302E988178A"}

[2026-01-08 07:23:09] Response (400):
{"code":40002,"message":"Invalid value for data.0.user.ttp: value may not be null.","request_id":"202601080723099F371C5175C16DC0BB07"}

[2026-01-08 17:45:44] Response (400):
{"code":40002,"message":"Invalid value for data.0.user.ttp: value may not be null.","request_id":"202601081745448170E4D8D50187EA6FCF"}

[2026-01-08 17:48:48] Response (400):
{"code":40002,"message":"Invalid value for data.0.user.ttp: value may not be null.","request_id":"20260108174848CC85147BCFC918E1D66C"}

[2026-01-08 17:50:06] Response (400):
{"code":40002,"message":"Invalid value for data.0.user.ttp: value may not be null.","request_id":"202601081750069256DED2B3145BDAF383"}

[2026-01-08 17:50:34] Response (400):
{"code":40002,"message":"Invalid value for data.0.user.ttp: value may not be null.","request_id":"20260108175034D23B8D363BEA67EB84DE"}

[2026-01-08 18:00:05] Response (400):
{"code":40002,"message":"Invalid value for data.0.user.ttp: value may not be null.","request_id":"2026010818000579C9D661ABFA87E15240"}

[2026-01-08 18:01:40] Response (400):
{"code":40002,"message":"Invalid value for data.0.user.ttp: value may not be null.","request_id":"2026010818014086903C79B2AB4DE48AC0"}

[2026-01-08 18:04:16] Response (400):
{"code":40002,"message":"Invalid value for data.0.user.ttp: value may not be null.","request_id":"202601081804163EF6F23D694C5EDC94AC"}

[2026-01-08 18:04:20] Response (400):
{"code":40002,"message":"Invalid value for data.0.user.ttp: value may not be null.","request_id":"20260108180420B4B51F53009C79F6D53D"}

[2026-01-08 18:13:56] Response (400):
{"code":40002,"message":"Invalid value for data.0.user.ttp: value may not be null.","request_id":"202601081813561FBFE174A6D4B3D6DB69"}

[2026-01-08 18:17:18] Response (400):
{"code":40002,"message":"Invalid value for data.0.user.ttp: value may not be null.","request_id":"20260108181717250BC7A4D7B089EB4E28"}

[2026-01-09 04:50:29] Response (400):
{"code":40002,"message":"Invalid value for data.0.user.ttp: value may not be null.","request_id":"202601090450290308638109CABC1326C0"}

[2026-01-09 04:50:44] Response (400):
{"code":40002,"message":"Invalid value for data.0.user.ttp: value may not be null.","request_id":"202601090450447FB41976847DE136C4ED"}

[2026-01-09 04:53:37] Response (400):
{"code":40002,"message":"Invalid value for data.0.user.ttp: value may not be null.","request_id":"20260109045337F6BE614DE1B3E428836A"}

[2026-01-09 04:57:30] Response (400):
{"code":40002,"message":"Invalid value for data.0.user.ttp: value may not be null.","request_id":"202601090457309906DB5E3DBB0F2CAC10"}

[2026-01-09 05:03:05] Response (400):
{"code":40002,"message":"Invalid value for data.0.user.ttp: value may not be null.","request_id":"2026010905030586F558F5D1A2352CD242"}

[2026-01-09 05:03:11] Response (400):
{"code":40002,"message":"Invalid value for data.0.user.ttp: value may not be null.","request_id":"202601090503110C4F41998A34E833C804"}

[2026-01-09 05:05:05] Response (400):
{"code":40002,"message":"Invalid value for data.0.user.ttp: value may not be null.","request_id":"202601090505057532675CCE59662C7B3C"}

[2026-01-09 05:05:08] Response (400):
{"code":40002,"message":"Invalid value for data.0.user.ttp: value may not be null.","request_id":"20260109050508B4D1FC5DC425BF195836"}

[2026-01-09 05:12:44] Response (400):
{"code":40002,"message":"Invalid value for data.0.user.ttp: value may not be null.","request_id":"202601090512448FFD0CD4797EBE1B3C91"}

[2026-01-09 05:20:26] Response (400):
{"code":40002,"message":"Invalid value for data.0.user.ttp: value may not be null.","request_id":"20260109052026FF7C1A1930A17C2D0D71"}

[2026-01-09 15:42:53] Response (400):
{"code":40002,"message":"Invalid value for data.0.user.ttp: value may not be null.","request_id":"20260109154253729739DEFCB54A66BC23"}

[2026-01-09 15:43:08] Response (400):
{"code":40002,"message":"Invalid value for data.0.user.ttp: value may not be null.","request_id":"20260109154308BE103904A2A122571F95"}

[2026-01-09 15:46:43] Response (400):
{"code":40002,"message":"Invalid value for data.0.user.ttp: value may not be null.","request_id":"2026010915464364E503111D43E65C050C"}

[2026-01-09 15:47:03] Response (400):
{"code":40002,"message":"Invalid value for data.0.user.ttp: value may not be null.","request_id":"20260109154703637473A459AB416385D2"}

[2026-01-09 15:52:43] Response (400):
{"code":40002,"message":"Invalid value for data.0.user.ttp: value may not be null.","request_id":"2026010915524397B14433C4C5E25B6D4E"}

[2026-01-09 15:57:13] Response (400):
{"code":40002,"message":"Invalid value for data.0.user.ttp: value may not be null.","request_id":"20260109155713D4895E4F8BB08875D904"}

[2026-01-09 15:57:52] Response (400):
{"code":40002,"message":"Invalid value for data.0.user.ttp: value may not be null.","request_id":"202601091557529D01027D6E040E645D49"}

[2026-01-09 16:02:19] Response (400):
{"code":40002,"message":"Invalid value for data.0.user.ttp: value may not be null.","request_id":"202601091602196B881F6B9409B15B7C10"}

[2026-01-09 16:06:47] Response (400):
{"code":40002,"message":"Invalid value for data.0.user.ttp: value may not be null.","request_id":"2026010916064737D89B486CDA6D6F10DA"}

[2026-01-09 16:07:02] Response (400):
{"code":40002,"message":"Invalid value for data.0.user.ttp: value may not be null.","request_id":"20260109160702EE108D6E4E2CE24DF627"}

[2026-01-10 02:45:01] Response (400):
{"code":40002,"message":"Invalid value for data.0.user.ttp: value may not be null.","request_id":"20260110024501FB3DFA41E4D1F59CECB1"}

[2026-01-10 02:45:21] Response (400):
{"code":40002,"message":"Invalid value for data.0.user.ttp: value may not be null.","request_id":"20260110024521D905E629D42EBE9D413E"}

[2026-01-10 02:46:26] Response (400):
{"code":40002,"message":"Invalid value for data.0.user.ttp: value may not be null.","request_id":"20260110024626BD214648C85BE59DB7D5"}

[2026-01-10 02:47:46] Response (400):
{"code":40002,"message":"Invalid value for data.0.user.ttp: value may not be null.","request_id":"20260110024746F791E716B1E4B3999172"}

[2026-01-10 03:03:05] Response (400):
{"code":40002,"message":"Invalid value for data.0.user.ttp: value may not be null.","request_id":"20260110030305A49892914DEE40A6668D"}

[2026-01-10 03:03:27] Response (400):
{"code":40002,"message":"Invalid value for data.0.user.ttp: value may not be null.","request_id":"202601100303277C82DACDFCC964A6B9D6"}

[2026-01-10 03:04:30] Response (400):
{"code":40002,"message":"Invalid value for data.0.user.ttp: value may not be null.","request_id":"202601100304308CCA60C6F3C8239C63CF"}

[2026-01-10 03:07:39] Response (400):
{"code":40002,"message":"Invalid value for data.0.user.ttp: value may not be null.","request_id":"202601100307398A3A7BCF578708D27708"}

[2026-01-10 03:14:36] Response (400):
{"code":40002,"message":"Invalid value for data.0.user.ttp: value may not be null.","request_id":"20260110031436929C1FE7A3935ECDCA64"}

[2026-01-10 03:14:44] Response (400):
{"code":40002,"message":"Invalid value for data.0.user.ttp: value may not be null.","request_id":"2026011003144495C94678CC51D4E1CE78"}

[2026-01-10 13:47:12] Response (400):
{"code":40002,"message":"Invalid value for data.0.user.ttp: value may not be null.","request_id":"20260110134711A0A2E0CCE837E3C7EB03"}

[2026-01-10 13:47:35] Response (400):
{"code":40002,"message":"Invalid value for data.0.user.ttp: value may not be null.","request_id":"202601101347355BD39980F84E69FE34D6"}

[2026-01-10 13:50:46] Response (400):
{"code":40002,"message":"Invalid value for data.0.user.ttp: value may not be null.","request_id":"202601101350464C89D7FE514A60D7A59E"}

[2026-01-10 13:51:56] Response (400):
{"code":40002,"message":"Invalid value for data.0.user.ttp: value may not be null.","request_id":"20260110135156393D39DA9B1417DC2F30"}

[2026-01-10 13:52:27] Response (400):
{"code":40002,"message":"Invalid value for data.0.user.ttp: value may not be null.","request_id":"20260110135226894AFBB3A63FF0DF6FC9"}

[2026-01-10 13:59:31] Response (400):
{"code":40002,"message":"Invalid value for data.0.user.ttp: value may not be null.","request_id":"2026011013593111A75819259C48E3004F"}

[2026-01-10 14:03:16] Response (400):
{"code":40002,"message":"Invalid value for data.0.user.ttp: value may not be null.","request_id":"20260110140316EDC187CBF47289E4532A"}

[2026-01-10 14:06:55] Response (400):
{"code":40002,"message":"Invalid value for data.0.user.ttp: value may not be null.","request_id":"20260110140655EA56CCFD844216ECDE4F"}

[2026-01-10 14:07:03] Response (400):
{"code":40002,"message":"Invalid value for data.0.user.ttp: value may not be null.","request_id":"20260110140703641811C2F65955E07077"}

[2026-01-10 14:15:58] Response (400):
{"code":40002,"message":"Invalid value for data.0.user.ttp: value may not be null.","request_id":"202601101415580FC0DB103341C3E5B9F1"}

[2026-01-11 00:47:15] Response (400):
{"code":40002,"message":"Invalid value for data.0.user.ttp: value may not be null.","request_id":"20260111004715E832DE20231431696C02"}

[2026-01-11 00:48:18] Response (400):
{"code":40002,"message":"Invalid value for data.0.user.ttp: value may not be null.","request_id":"202601110048189D0A06A1B20C5A20B765"}

[2026-01-11 00:50:53] Response (400):
{"code":40002,"message":"Invalid value for data.0.user.ttp: value may not be null.","request_id":"202601110050533D66F91C98308E20B561"}

[2026-01-11 00:51:58] Response (400):
{"code":40002,"message":"Invalid value for data.0.user.ttp: value may not be null.","request_id":"202601110051582102E9CD50B18119AA10"}

[2026-01-11 00:53:59] Response (400):
{"code":40002,"message":"Invalid value for data.0.user.ttp: value may not be null.","request_id":"20260111005359CBEE14339328F437AB6C"}

[2026-01-11 01:04:21] Response (400):
{"code":40002,"message":"Invalid value for data.0.user.ttp: value may not be null.","request_id":"20260111010421E22EB7EC1610862C622B"}

[2026-01-11 01:08:00] Response (400):
{"code":40002,"message":"Invalid value for data.0.user.ttp: value may not be null.","request_id":"202601110108001F2CD7D287DA02272237"}

[2026-01-11 01:13:47] Response (400):
{"code":40002,"message":"Invalid value for data.0.user.ttp: value may not be null.","request_id":"202601110113470CD4C6873326FE5CCCBF"}

[2026-01-11 01:21:16] Response (400):
{"code":40002,"message":"Invalid value for data.0.user.ttp: value may not be null.","request_id":"20260111012116A3D3E35E460E241C4745"}

[2026-01-11 01:21:34] Response (400):
{"code":40002,"message":"Invalid value for data.0.user.ttp: value may not be null.","request_id":"20260111012134DD8CBDD7E35E6233A117"}

[2026-01-11 08:53:11] Response (400):
{"code":40002,"message":"Invalid value for data.0.user.ttp: value may not be null.","request_id":"2026011108531190BCA7A9E8C6654A02D9"}

[2026-01-11 08:53:15] Response (400):
{"code":40002,"message":"Invalid value for data.0.user.ttp: value may not be null.","request_id":"202601110853154C54731A47570EA6E7A1"}

[2026-01-11 11:44:44] Response (400):
{"code":40002,"message":"Invalid value for data.0.user.ttp: value may not be null.","request_id":"20260111114444DD22C7F5B68474620F68"}

[2026-01-11 11:44:55] Response (400):
{"code":40002,"message":"Invalid value for data.0.user.ttp: value may not be null.","request_id":"2026011111445502E00ED67949CC6741EC"}

[2026-01-11 11:49:00] Response (400):
{"code":40002,"message":"Invalid value for data.0.user.ttp: value may not be null.","request_id":"202601111149008FA86A2B71ABFD9ADF00"}

[2026-01-11 11:49:18] Response (400):
{"code":40002,"message":"Invalid value for data.0.user.ttp: value may not be null.","request_id":"20260111114918819DC0920278C5660524"}

[2026-01-11 11:57:23] Response (400):
{"code":40002,"message":"Invalid value for data.0.user.ttp: value may not be null.","request_id":"20260111115723CA2F51A548139B6008BE"}

[2026-01-11 11:58:07] Response (400):
{"code":40002,"message":"Invalid value for data.0.user.ttp: value may not be null.","request_id":"20260111115807CA2F51A548139B601E65"}

[2026-01-11 12:01:24] Response (400):
{"code":40002,"message":"Invalid value for data.0.user.ttp: value may not be null.","request_id":"20260111120124551BD11FA32C895DB78C"}

[2026-01-11 12:01:27] Response (400):
{"code":40002,"message":"Invalid value for data.0.user.ttp: value may not be null.","request_id":"20260111120127D438D4B3D0FEFA588A78"}

[2026-01-11 12:10:52] Response (400):
{"code":40002,"message":"Invalid value for data.0.user.ttp: value may not be null.","request_id":"202601111210527513DE43626905741896"}

[2026-01-11 12:18:23] Response (400):
{"code":40002,"message":"Invalid value for data.0.user.ttp: value may not be null.","request_id":"202601111218235B009C5A3BFA906E0D3B"}

[2026-01-11 19:46:57] Response (400):
{"code":40002,"message":"Invalid value for data.0.user.ttp: value may not be null.","request_id":"202601111946578E4F02220337139432AE"}

[2026-01-11 19:47:00] Response (400):
{"code":40002,"message":"Invalid value for data.0.user.ttp: value may not be null.","request_id":"20260111194700E9E7236D2AC75E9B7AA3"}

[2026-01-11 22:48:14] Response (400):
{"code":40002,"message":"Invalid value for data.0.user.ttp: value may not be null.","request_id":"202601112248148DA1DB87A5D52CAEC749"}

[2026-01-11 22:51:33] Response (400):
{"code":40002,"message":"Invalid value for data.0.user.ttp: value may not be null.","request_id":"20260111225133B0B04D1CE668029A7C92"}

[2026-01-11 22:51:38] Response (400):
{"code":40002,"message":"Invalid value for data.0.user.ttp: value may not be null.","request_id":"202601112251382EBC658FB9BC11FC62F1"}

[2026-01-11 22:51:51] Response (400):
{"code":40002,"message":"Invalid value for data.0.user.ttp: value may not be null.","request_id":"2026011122515160D75F5BBB9ABFA11288"}

[2026-01-11 23:03:02] Response (400):
{"code":40002,"message":"Invalid value for data.0.user.ttp: value may not be null.","request_id":"20260111230302CBCD538EE02BC1AD6D1C"}

[2026-01-11 23:07:42] Response (400):
{"code":40002,"message":"Invalid value for data.0.user.ttp: value may not be null.","request_id":"20260111230742FFF28DA6A3C4C7B4E3C7"}

[2026-01-11 23:08:23] Response (400):
{"code":40002,"message":"Invalid value for data.0.user.ttp: value may not be null.","request_id":"202601112308231B2120BA3969DDA07CAE"}

[2026-01-11 23:18:34] Response (400):
{"code":40002,"message":"Invalid value for data.0.user.ttp: value may not be null.","request_id":"20260111231834632C40DFEB5CB1EDA57E"}

[2026-01-11 23:32:13] Response (400):
{"code":40002,"message":"Invalid value for data.0.user.ttp: value may not be null.","request_id":"20260111233213C7CE79521FCB8BB3441F"}

[2026-01-11 23:32:21] Response (400):
{"code":40002,"message":"Invalid value for data.0.user.ttp: value may not be null.","request_id":"2026011123322112DB4BB16AD14DC6B17F"}

[2026-01-12 09:39:05] Response (400):
{"code":40002,"message":"Invalid value for data.0.user.ttp: value may not be null.","request_id":"20260112093904808D40086056D12EC9E0"}

[2026-01-12 09:42:51] Response (400):
{"code":40002,"message":"Invalid value for data.0.user.ttp: value may not be null.","request_id":"2026011209425122126E957A1CF844ECF2"}

[2026-01-12 09:44:26] Response (400):
{"code":40002,"message":"Invalid value for data.0.user.ttp: value may not be null.","request_id":"202601120944265462E87EC990E8E9128E"}

[2026-01-12 09:49:47] Response (400):
{"code":40002,"message":"Invalid value for data.0.user.ttp: value may not be null.","request_id":"20260112094947C362C91D3FCD4F4A1382"}

[2026-01-12 10:04:27] Response (400):
{"code":40002,"message":"Invalid value for data.0.user.ttp: value may not be null.","request_id":"202601121004277F6A15DB343D34F5AD18"}

[2026-01-12 10:04:37] Response (400):
{"code":40002,"message":"Invalid value for data.0.user.ttp: value may not be null.","request_id":"20260112100437F4F5B1D95F25004DD966"}

[2026-01-12 10:07:42] Response (400):
{"code":40002,"message":"Invalid value for data.0.user.ttp: value may not be null.","request_id":"202601121007425E212459C074CEF4CF0E"}

[2026-01-12 10:07:47] Response (400):
{"code":40002,"message":"Invalid value for data.0.user.ttp: value may not be null.","request_id":"202601121007475C31FAF4A8581B3AD3E8"}

[2026-01-12 10:07:51] Response (400):
{"code":40002,"message":"Invalid value for data.0.user.ttp: value may not be null.","request_id":"20260112100751CB71653109D1E2EC627C"}

[2026-01-12 10:18:37] Response (400):
{"code":40002,"message":"Invalid value for data.0.user.ttp: value may not be null.","request_id":"20260112101837C0FC1B60660526CE1511"}

[2026-01-12 11:53:32] Response (400):
{"code":40002,"message":"Invalid value for data.0.user.ttp: value may not be null.","request_id":"20260112115332A477566C4B2FA21BCB05"}

[2026-01-12 11:53:43] Response (400):
{"code":40002,"message":"Invalid value for data.0.user.ttp: value may not be null.","request_id":"20260112115343BE5DF85B7D987804429F"}

[2026-01-12 19:41:38] Response (400):
{"code":40002,"message":"Invalid value for data.0.user.ttp: value may not be null.","request_id":"202601121941384AA107059273A41B0024"}

[2026-01-12 20:41:36] Response (400):
{"code":40002,"message":"Invalid value for data.0.user.ttp: value may not be null.","request_id":"20260112204136140B7DAC4F80202C4FD6"}

[2026-01-12 20:42:28] Response (400):
{"code":40002,"message":"Invalid value for data.0.user.ttp: value may not be null.","request_id":"2026011220422822BADBADECF003325594"}

[2026-01-12 20:43:20] Response (400):
{"code":40002,"message":"Invalid value for data.0.user.ttp: value may not be null.","request_id":"20260112204320C233E60E220462264FFA"}

[2026-01-12 20:47:07] Response (400):
{"code":40002,"message":"Invalid value for data.0.user.ttp: value may not be null.","request_id":"20260112204707D406A2C6D56DB7417B22"}

[2026-01-12 20:53:08] Response (400):
{"code":40002,"message":"Invalid value for data.0.user.ttp: value may not be null.","request_id":"202601122053083798E187301433996F08"}

[2026-01-12 20:57:27] Response (400):
{"code":40002,"message":"Invalid value for data.0.user.ttp: value may not be null.","request_id":"20260112205727EAFE5FEDAF8F540F4004"}

[2026-01-12 20:57:33] Response (400):
{"code":40002,"message":"Invalid value for data.0.user.ttp: value may not be null.","request_id":"20260112205733817E84CADB90DE36A869"}

[2026-01-12 21:01:36] Response (400):
{"code":40002,"message":"Invalid value for data.0.user.ttp: value may not be null.","request_id":"202601122101366F0C8B593E78799A50EA"}

[2026-01-12 21:10:26] Response (400):
{"code":40002,"message":"Invalid value for data.0.user.ttp: value may not be null.","request_id":"202601122110262A133C1A292BAD8C7669"}

[2026-01-12 21:18:25] Response (400):
{"code":40002,"message":"Invalid value for data.0.user.ttp: value may not be null.","request_id":"2026011221182453F015B0C86E9137C788"}

[2026-01-13 04:45:24] Response (400):
{"code":40002,"message":"Invalid value for data.0.user.ttp: value may not be null.","request_id":"202601130445244BD9206F7C72FFC47886"}

[2026-01-13 04:45:29] Response (400):
{"code":40002,"message":"Invalid value for data.0.user.ttp: value may not be null.","request_id":"20260113044529F9DCD7C36032F5630AF2"}

[2026-01-13 05:54:07] Response (400):
{"code":40002,"message":"Invalid value for data.0.user.ttp: value may not be null.","request_id":"20260113055406FC0C310724C10F4BE032"}

[2026-01-13 06:56:40] Response (400):
{"code":40002,"message":"Invalid value for data.0.user.ttp: value may not be null.","request_id":"20260113065640FED072F508273E86E65C"}

[2026-01-13 06:56:49] Response (400):
{"code":40002,"message":"Invalid value for data.0.user.ttp: value may not be null.","request_id":"202601130656498F284CAD89906FD441E4"}

[2026-01-13 07:40:37] Response (400):
{"code":40002,"message":"Invalid value for data.0.user.ttp: value may not be null.","request_id":"202601130740375E1213CC34D0CADB4B8E"}

[2026-01-13 07:41:55] Response (400):
{"code":40002,"message":"Invalid value for data.0.user.ttp: value may not be null.","request_id":"202601130741552BB22DCC1AC4CB96AB2C"}

[2026-01-13 07:44:12] Response (400):
{"code":40002,"message":"Invalid value for data.0.user.ttp: value may not be null.","request_id":"202601130744129866F5202213A19024C4"}

[2026-01-13 07:45:11] Response (400):
{"code":40002,"message":"Invalid value for data.0.user.ttp: value may not be null.","request_id":"20260113074511ACBF61020A9D8B6EFD25"}

[2026-01-13 07:52:10] Response (400):
{"code":40002,"message":"Invalid value for data.0.user.ttp: value may not be null.","request_id":"20260113075210894AFBB3A63FF05329C2"}

[2026-01-13 07:58:17] Response (400):
{"code":40002,"message":"Invalid value for data.0.user.ttp: value may not be null.","request_id":"202601130758175D5021E14D571ADCD261"}

[2026-01-13 07:58:43] Response (400):
{"code":40002,"message":"Invalid value for data.0.user.ttp: value may not be null.","request_id":"20260113075843F68F55C67A7008800D26"}

[2026-01-13 08:04:41] Response (400):
{"code":40002,"message":"Invalid value for data.0.user.ttp: value may not be null.","request_id":"202601130804411A04ACAFC72358D86C94"}

[2026-01-13 08:14:08] Response (400):
{"code":40002,"message":"Invalid value for data.0.user.ttp: value may not be null.","request_id":"20260113081408555FED3F58512C6CC039"}

[2026-01-13 08:18:00] Response (400):
{"code":40002,"message":"Invalid value for data.0.user.ttp: value may not be null.","request_id":"20260113081759A0299D417C863752BA81"}

[2026-01-13 11:46:44] Response (400):
{"code":40002,"message":"Invalid value for data.0.user.ttp: value may not be null.","request_id":"20260113114644F3AF8B3861D85B6B9AFB"}

[2026-01-13 11:46:56] Response (400):
{"code":40002,"message":"Invalid value for data.0.user.ttp: value may not be null.","request_id":"20260113114656F38E3A4386616EFD4091"}

[2026-01-13 11:48:29] Response (400):
{"code":40002,"message":"Invalid value for data.0.user.ttp: value may not be null.","request_id":"202601131148294CDB4B3554685E701238"}

[2026-01-13 11:48:33] Response (400):
{"code":40002,"message":"Invalid value for data.0.user.ttp: value may not be null.","request_id":"202601131148334CDB4B3554685E70152A"}

[2026-01-13 16:46:26] Response (400):
{"code":40002,"message":"Invalid value for data.0.user.ttp: value may not be null.","request_id":"202601131646265F30FE8B1C4A67BD5751"}

[2026-01-13 18:44:52] Response (400):
{"code":40002,"message":"Invalid value for data.0.user.ttp: value may not be null.","request_id":"20260113184452FFA693757267F8C9BD6D"}

[2026-01-13 18:45:40] Response (400):
{"code":40002,"message":"Invalid value for data.0.user.ttp: value may not be null.","request_id":"20260113184540C186CE3F53FB2387624F"}

[2026-01-13 18:46:17] Response (400):
{"code":40002,"message":"Invalid value for data.0.user.ttp: value may not be null.","request_id":"202601131846175E7A113FE01ABBBFA8F0"}

[2026-01-13 18:46:33] Response (400):
{"code":40002,"message":"Invalid value for data.0.user.ttp: value may not be null.","request_id":"202601131846338D1A96A33A3B69B5A0EE"}

[2026-01-13 18:49:33] Response (400):
{"code":40002,"message":"Invalid value for data.0.user.ttp: value may not be null.","request_id":"2026011318493352B6E56B2042CA1E07CE"}

[2026-01-13 18:58:28] Response (400):
{"code":40002,"message":"Invalid value for data.0.user.ttp: value may not be null.","request_id":"202601131858283006CE94A193E5966702"}

[2026-01-13 19:04:48] Response (400):
{"code":40002,"message":"Invalid value for data.0.user.ttp: value may not be null.","request_id":"20260113190448F35D3C693AE03E9CAADA"}

[2026-01-13 19:04:52] Response (400):
{"code":40002,"message":"Invalid value for data.0.user.ttp: value may not be null.","request_id":"202601131904520715D6EFB5A16BB31BA3"}

[2026-01-13 19:09:55] Response (400):
{"code":40002,"message":"Invalid value for data.0.user.ttp: value may not be null.","request_id":"202601131909556F9FDA6ADBD8E797A1D4"}

[2026-01-13 19:16:31] Response (400):
{"code":40002,"message":"Invalid value for data.0.user.ttp: value may not be null.","request_id":"20260113191631AF91B14322EECA2D09EA"}

[2026-01-14 03:46:57] Response (400):
{"code":40002,"message":"Invalid value for data.0.user.ttp: value may not be null.","request_id":"20260114034657EC4BFE45823CB7C4E264"}

[2026-01-14 05:42:56] Response (400):
{"code":40002,"message":"Invalid value for data.0.user.ttp: value may not be null.","request_id":"202601140542567E1872DCA5F941EB545C"}

[2026-01-14 05:43:43] Response (400):
{"code":40002,"message":"Invalid value for data.0.user.ttp: value may not be null.","request_id":"20260114054343238B5063E47002C50AA6"}

[2026-01-14 05:44:53] Response (400):
{"code":40002,"message":"Invalid value for data.0.user.ttp: value may not be null.","request_id":"202601140544535571A90A6BBB2FD68AAF"}

[2026-01-14 05:46:38] Response (400):
{"code":40002,"message":"Invalid value for data.0.user.ttp: value may not be null.","request_id":"20260114054638A7A4148CAB587B239B0A"}

[2026-01-14 05:55:43] Response (400):
{"code":40002,"message":"Invalid value for data.0.user.ttp: value may not be null.","request_id":"2026011405554338DAC90D21F026FE2746"}

[2026-01-14 05:59:08] Response (400):
{"code":40002,"message":"Invalid value for data.0.user.ttp: value may not be null.","request_id":"2026011405590832B8E2D994AF110CBDC1"}

[2026-01-14 06:00:03] Response (400):
{"code":40002,"message":"Invalid value for data.0.user.ttp: value may not be null.","request_id":"202601140600027912D2AFA5FD4DEA695F"}

[2026-01-14 06:05:23] Response (400):
{"code":40002,"message":"Invalid value for data.0.user.ttp: value may not be null.","request_id":"2026011406052381F7CEFC9DB46EF88FA9"}

[2026-01-14 06:15:51] Response (400):
{"code":40002,"message":"Invalid value for data.0.user.ttp: value may not be null.","request_id":"20260114061551D307660FC9D3E60B6EB9"}

[2026-01-14 06:16:00] Response (400):
{"code":40002,"message":"Invalid value for data.0.user.ttp: value may not be null.","request_id":"202601140616002214D4F9DAF370FE57C0"}

[2026-01-14 14:43:45] Response (400):
{"code":40002,"message":"Invalid value for data.0.user.ttp: value may not be null.","request_id":"20260114144344B8EB89472077A8A1C440"}

[2026-01-14 16:42:11] Response (400):
{"code":40002,"message":"Invalid value for data.0.user.ttp: value may not be null.","request_id":"2026011416421181DA378418797A4061EF"}

[2026-01-14 16:44:24] Response (400):
{"code":40002,"message":"Invalid value for data.0.user.ttp: value may not be null.","request_id":"202601141644240D82CEEBA84528362C15"}

[2026-01-14 16:45:10] Response (400):
{"code":40002,"message":"Invalid value for data.0.user.ttp: value may not be null.","request_id":"202601141645104109C818DF52FC59F89D"}

[2026-01-14 16:45:21] Response (400):
{"code":40002,"message":"Invalid value for data.0.user.ttp: value may not be null.","request_id":"20260114164521CF074E8FB9C53B385B05"}

[2026-01-14 16:52:33] Response (400):
{"code":40002,"message":"Invalid value for data.0.user.ttp: value may not be null.","request_id":"202601141652331AAEF3A462E9BCB961E9"}

[2026-01-14 16:57:29] Response (400):
{"code":40002,"message":"Invalid value for data.0.user.ttp: value may not be null.","request_id":"20260114165729B9443851C0C9743B543B"}

[2026-01-14 16:58:25] Response (400):
{"code":40002,"message":"Invalid value for data.0.user.ttp: value may not be null.","request_id":"20260114165825CF04AB12C125102982C9"}

[2026-01-14 17:05:56] Response (400):
{"code":40002,"message":"Invalid value for data.0.user.ttp: value may not be null.","request_id":"20260114170556D24BE44DD4A3854473F8"}

[2026-01-14 17:14:29] Response (400):
{"code":40002,"message":"Invalid value for data.0.user.ttp: value may not be null.","request_id":"202601141714298F7FDD5D6DA30448D222"}

[2026-01-14 17:16:10] Response (400):
{"code":40002,"message":"Invalid value for data.0.user.ttp: value may not be null.","request_id":"202601141716101961DE271A6C795088ED"}

[2026-01-15 01:40:36] Response (400):
{"code":40002,"message":"Invalid value for data.0.user.ttp: value may not be null.","request_id":"20260115014036020CADCEEFC9FF43B9B9"}

[2026-01-15 03:45:13] Response (400):
{"code":40002,"message":"Invalid value for data.0.user.ttp: value may not be null.","request_id":"20260115034513B9F34A260536238AE0EA"}

[2026-01-15 03:45:30] Response (400):
{"code":40002,"message":"Invalid value for data.0.user.ttp: value may not be null.","request_id":"20260115034530E87DE7ABE2E19A527B01"}

[2026-01-15 03:46:17] Response (400):
{"code":40002,"message":"Invalid value for data.0.user.ttp: value may not be null.","request_id":"202601150346172850FEB3093B1C8D34B3"}

[2026-01-15 03:46:50] Response (400):
{"code":40002,"message":"Invalid value for data.0.user.ttp: value may not be null.","request_id":"202601150346508BC4D1BA7A636B4FAC1E"}

[2026-01-15 03:54:22] Response (400):
{"code":40002,"message":"Invalid value for data.0.user.ttp: value may not be null.","request_id":"20260115035422BD4A813803AFF11C060A"}

[2026-01-15 03:59:56] Response (400):
{"code":40002,"message":"Invalid value for data.0.user.ttp: value may not be null.","request_id":"20260115035956ED08E9442BA0948EDA02"}

[2026-01-15 04:00:31] Response (400):
{"code":40002,"message":"Invalid value for data.0.user.ttp: value may not be null.","request_id":"20260115040031D4801D3DE3624348F9B6"}

[2026-01-15 04:07:24] Response (400):
{"code":40002,"message":"Invalid value for data.0.user.ttp: value may not be null.","request_id":"20260115040724E6903A896CA3279079B3"}

[2026-01-15 04:14:11] Response (400):
{"code":40002,"message":"Invalid value for data.0.user.ttp: value may not be null.","request_id":"20260115041411233356FC04969D8B306F"}

[2026-01-15 04:23:25] Response (400):
{"code":40002,"message":"Invalid value for data.0.user.ttp: value may not be null.","request_id":"20260115042325F2213451FE7050079B39"}

[2026-01-15 12:48:33] Response (400):
{"code":40002,"message":"Invalid value for data.0.user.ttp: value may not be null.","request_id":"2026011512483363FD0B3D31FC9AB7D53F"}

[2026-01-15 14:40:28] Response (400):
{"code":40002,"message":"Invalid value for data.0.user.ttp: value may not be null.","request_id":"20260115144028426A704FBAF79DA14FDD"}

[2026-01-15 14:41:22] Response (400):
{"code":40002,"message":"Invalid value for data.0.user.ttp: value may not be null.","request_id":"2026011514412239461448DE82BABAC04D"}

[2026-01-15 14:44:17] Response (400):
{"code":40002,"message":"Invalid value for data.0.user.ttp: value may not be null.","request_id":"20260115144417E46DACA447D767C30E23"}

[2026-01-15 14:44:46] Response (400):
{"code":40002,"message":"Invalid value for data.0.user.ttp: value may not be null.","request_id":"20260115144446A6C4278B27CB6DBDAF0C"}

[2026-01-15 14:51:42] Response (400):
{"code":40002,"message":"Invalid value for data.0.user.ttp: value may not be null.","request_id":"202601151451426462096737EE874C04D8"}

[2026-01-15 14:57:30] Response (400):
{"code":40002,"message":"Invalid value for data.0.user.ttp: value may not be null.","request_id":"20260115145730067DD5665E22455B3A03"}

[2026-01-15 14:57:38] Response (400):
{"code":40002,"message":"Invalid value for data.0.user.ttp: value may not be null.","request_id":"20260115145737EC3BC3A6ECC328C1EA5E"}

[2026-01-15 15:02:31] Response (400):
{"code":40002,"message":"Invalid value for data.0.user.ttp: value may not be null.","request_id":"20260115150231C12AA8E048655DB52581"}

[2026-01-15 15:06:53] Response (400):
{"code":40002,"message":"Invalid value for data.0.user.ttp: value may not be null.","request_id":"202601151506537DBFEFBBFC4A87E0A44C"}

[2026-01-15 15:10:53] Response (400):
{"code":40002,"message":"Invalid value for data.0.user.ttp: value may not be null.","request_id":"20260115151053611CE72D47A80DE33512"}

[2026-01-15 23:46:40] Response (400):
{"code":40002,"message":"Invalid value for data.0.user.ttp: value may not be null.","request_id":"20260115234640790AE4F87611A4FC1A95"}

[2026-01-16 01:47:21] Response (400):
{"code":40002,"message":"Invalid value for data.0.user.ttp: value may not be null.","request_id":"20260116014721BBDBF06EF3D348C7D4A1"}

[2026-01-16 01:47:33] Response (400):
{"code":40002,"message":"Invalid value for data.0.user.ttp: value may not be null.","request_id":"202601160147333E25A30BB706BB1BC717"}

[2026-01-16 01:48:24] Response (400):
{"code":40002,"message":"Invalid value for data.0.user.ttp: value may not be null.","request_id":"202601160148230206ABD1E19D08151803"}

[2026-01-16 01:52:12] Response (400):
{"code":40002,"message":"Invalid value for data.0.user.ttp: value may not be null.","request_id":"20260116015212286B7CBCC158321D8186"}

[2026-01-16 02:01:45] Response (400):
{"code":40002,"message":"Invalid value for data.0.user.ttp: value may not be null.","request_id":"20260116020145D4BF37A14A0B2AAE5E5D"}

[2026-01-16 02:05:06] Response (400):
{"code":40002,"message":"Invalid value for data.0.user.ttp: value may not be null.","request_id":"202601160205065FC83E6FF0373BFF8EDF"}

[2026-01-16 02:05:14] Response (400):
{"code":40002,"message":"Invalid value for data.0.user.ttp: value may not be null.","request_id":"20260116020514CEFF28D7E16C71C6CDF5"}

[2026-01-16 02:08:26] Response (400):
{"code":40002,"message":"Invalid value for data.0.user.ttp: value may not be null.","request_id":"20260116020825D9C1D8552014351602D8"}

[2026-01-16 02:16:44] Response (400):
{"code":40002,"message":"Invalid value for data.0.user.ttp: value may not be null.","request_id":"202601160216444FFE820A3B46ED006A69"}

[2026-01-16 02:24:06] Response (400):
{"code":40002,"message":"Invalid value for data.0.user.ttp: value may not be null.","request_id":"2026011602240680F4F4FAC4A49C02E54C"}

[2026-01-16 10:27:42] Response (400):
{"code":40002,"message":"Invalid value for data.0.user.ttp: value may not be null.","request_id":"202601161027423B4DBD1DF0579F3A80FE"}

[2026-01-16 10:27:45] Response (400):
{"code":40002,"message":"Invalid value for data.0.user.ttp: value may not be null.","request_id":"20260116102745C888144F13C8713F9D25"}

[2026-01-16 10:42:56] Response (400):
{"code":40002,"message":"Invalid value for data.0.user.ttp: value may not be null.","request_id":"202601161042569DC6268783F8FB3E6227"}

[2026-01-16 12:41:56] Response (400):
{"code":40002,"message":"Invalid value for data.0.user.ttp: value may not be null.","request_id":"2026011612415686D5804C99EAD5535078"}

[2026-01-16 12:42:26] Response (400):
{"code":40002,"message":"Invalid value for data.0.user.ttp: value may not be null.","request_id":"20260116124226C8B86AE33D2A755A06CC"}

[2026-01-16 12:44:13] Response (400):
{"code":40002,"message":"Invalid value for data.0.user.ttp: value may not be null.","request_id":"202601161244126E2108565C9288FD482E"}

[2026-01-16 12:45:34] Response (400):
{"code":40002,"message":"Invalid value for data.0.user.ttp: value may not be null.","request_id":"202601161245345D7819A77400F538407B"}

[2026-01-16 12:51:12] Response (400):
{"code":40002,"message":"Invalid value for data.0.user.ttp: value may not be null.","request_id":"202601161251128FA9DFC6008123E51D4B"}

[2026-01-16 13:00:00] Response (400):
{"code":40002,"message":"Invalid value for data.0.user.ttp: value may not be null.","request_id":"20260116130000978193394079CD4628B7"}

[2026-01-16 13:04:17] Response (400):
{"code":40002,"message":"Invalid value for data.0.user.ttp: value may not be null.","request_id":"202601161304172FCF69DA03904A49E6E6"}

[2026-01-16 13:11:59] Response (400):
{"code":40002,"message":"Invalid value for data.0.user.ttp: value may not be null.","request_id":"202601161311594A20F6EC5E8C784F390C"}

[2026-01-16 13:17:35] Response (400):
{"code":40002,"message":"Invalid value for data.0.user.ttp: value may not be null.","request_id":"2026011613173481736E87E5965F510812"}

[2026-01-16 13:17:36] Response (400):
{"code":40002,"message":"Invalid value for data.0.user.ttp: value may not be null.","request_id":"20260116131736E03219DF6BC7FB47B13E"}

[2026-01-16 13:18:46] Response (400):
{"code":40002,"message":"Invalid value for data.0.user.ttp: value may not be null.","request_id":"20260116131846442B579EE82AF04DCD71"}

[2026-01-16 21:41:18] Response (400):
{"code":40002,"message":"Invalid value for data.0.user.ttp: value may not be null.","request_id":"20260116214118143B80A1967704447418"}

[2026-01-16 23:40:20] Response (400):
{"code":40002,"message":"Invalid value for data.0.user.ttp: value may not be null.","request_id":"2026011623402066C794E640234A849BDC"}

[2026-01-16 23:45:35] Response (400):
{"code":40002,"message":"Invalid value for data.0.user.ttp: value may not be null.","request_id":"2026011623453585E9E28D4D8636542062"}

[2026-01-16 23:46:41] Response (400):
{"code":40002,"message":"Invalid value for data.0.user.ttp: value may not be null.","request_id":"20260116234640729CFB9F2DED15219B43"}

[2026-01-16 23:47:01] Response (400):
{"code":40002,"message":"Invalid value for data.0.user.ttp: value may not be null.","request_id":"2026011623470112222C4C668534A2759B"}

[2026-01-17 00:01:21] Response (400):
{"code":40002,"message":"Invalid value for data.0.user.ttp: value may not be null.","request_id":"2026011700012196EEEEE688AAD07BB088"}

[2026-01-17 00:02:33] Response (400):
{"code":40002,"message":"Invalid value for data.0.user.ttp: value may not be null.","request_id":"20260117000233F05B587BA1B7778699F7"}

[2026-01-17 00:07:54] Response (400):
{"code":40002,"message":"Invalid value for data.0.user.ttp: value may not be null.","request_id":"2026011700075401F1E69367DE0029BCA2"}

[2026-01-17 00:07:57] Response (400):
{"code":40002,"message":"Invalid value for data.0.user.ttp: value may not be null.","request_id":"20260117000757B99C1C2D088480A67D86"}

[2026-01-17 00:22:26] Response (400):
{"code":40002,"message":"Invalid value for data.0.user.ttp: value may not be null.","request_id":"20260117002226CFD3DE275685AE973403"}

[2026-01-17 00:24:33] Response (400):
{"code":40002,"message":"Invalid value for data.0.user.ttp: value may not be null.","request_id":"202601170024336542CF8D1C6493A42D5F"}

[2026-01-17 08:54:25] Response (400):
{"code":40002,"message":"Invalid value for data.0.user.ttp: value may not be null.","request_id":"20260117085425D8528754A1B97BA41418"}

[2026-01-17 10:39:11] Response (400):
{"code":40002,"message":"Invalid value for data.0.user.ttp: value may not be null.","request_id":"20260117103911088B61EF0CB80963A7FB"}

[2026-01-17 10:44:52] Response (400):
{"code":40002,"message":"Invalid value for data.0.user.ttp: value may not be null.","request_id":"2026011710445238BC906AFFB9C0E5C2E1"}

[2026-01-17 10:48:40] Response (400):
{"code":40002,"message":"Invalid value for data.0.user.ttp: value may not be null.","request_id":"20260117104840CED58629E4967CDA9CD2"}

[2026-01-17 10:49:19] Response (400):
{"code":40002,"message":"Invalid value for data.0.user.ttp: value may not be null.","request_id":"2026011710491994BB205C2A27C3D4F398"}

[2026-01-17 10:55:10] Response (400):
{"code":40002,"message":"Invalid value for data.0.user.ttp: value may not be null.","request_id":"2026011710550965DE49CB159FA5D90B88"}

[2026-01-17 11:07:09] Response (400):
{"code":40002,"message":"Invalid value for data.0.user.ttp: value may not be null.","request_id":"2026011711070977F0B52A57F360E08127"}

[2026-01-17 11:07:44] Response (400):
{"code":40002,"message":"Invalid value for data.0.user.ttp: value may not be null.","request_id":"2026011711074484E4E4531415EC6F7D44"}

[2026-01-17 11:19:24] Response (400):
{"code":40002,"message":"Invalid value for data.0.user.ttp: value may not be null.","request_id":"2026011711192469DBF0474A2AA7F4B9B5"}

[2026-01-17 11:29:19] Response (400):
{"code":40002,"message":"Invalid value for data.0.user.ttp: value may not be null.","request_id":"2026011711291969B77C32107EDBDE9369"}

[2026-01-17 11:29:27] Response (400):
{"code":40002,"message":"Invalid value for data.0.user.ttp: value may not be null.","request_id":"20260117112927EC79493C8805A7D80A51"}

[2026-01-17 19:53:56] Response (400):
{"code":40002,"message":"Invalid value for data.0.user.ttp: value may not be null.","request_id":"202601171953569CA946D6ECB7D0D28E68"}

[2026-01-17 21:46:27] Response (400):
{"code":40002,"message":"Invalid value for data.0.user.ttp: value may not be null.","request_id":"20260117214627D0862C14F41F49C2132E"}

[2026-01-17 21:47:39] Response (400):
{"code":40002,"message":"Invalid value for data.0.user.ttp: value may not be null.","request_id":"20260117214739BF66DE47719005B0624E"}

[2026-01-17 21:50:37] Response (400):
{"code":40002,"message":"Invalid value for data.0.user.ttp: value may not be null.","request_id":"202601172150371C4F1A8CC426812737D1"}

[2026-01-17 21:50:45] Response (400):
{"code":40002,"message":"Invalid value for data.0.user.ttp: value may not be null.","request_id":"2026011721504501B986CC426164D8F818"}

[2026-01-17 21:58:32] Response (400):
{"code":40002,"message":"Invalid value for data.0.user.ttp: value may not be null.","request_id":"20260117215832A92E25D5950DF613B595"}

[2026-01-17 22:07:28] Response (400):
{"code":40002,"message":"Invalid value for data.0.user.ttp: value may not be null.","request_id":"202601172207274898D872D195370362ED"}

[2026-01-17 22:10:14] Response (400):
{"code":40002,"message":"Invalid value for data.0.user.ttp: value may not be null.","request_id":"20260117221014103CF2A1760FFD0A7AD7"}

[2026-01-17 22:10:18] Response (400):
{"code":40002,"message":"Invalid value for data.0.user.ttp: value may not be null.","request_id":"202601172210180FC1A77B85C9C223FE83"}

[2026-01-17 22:22:09] Response (400):
{"code":40002,"message":"Invalid value for data.0.user.ttp: value may not be null.","request_id":"20260117222208F91D77916B6DA7D80DE5"}

[2026-01-17 22:29:54] Response (400):
{"code":40002,"message":"Invalid value for data.0.user.ttp: value may not be null.","request_id":"202601172229541FE7EE3E4741284151EF"}

[2026-01-18 02:03:52] Response (400):
{"code":40002,"message":"Invalid value for data.0.user.ttp: value may not be null.","request_id":"202601180203520A96BE1BE0A9927419B4"}

[2026-01-18 02:04:00] Response (400):
{"code":40002,"message":"Invalid value for data.0.user.ttp: value may not be null.","request_id":"202601180204008F23859E247480CF69B6"}

[2026-01-18 02:05:36] Response (400):
{"code":40002,"message":"Invalid value for data.0.user.ttp: value may not be null.","request_id":"20260118020536C8BB301CA50D9FCF6368"}

[2026-01-18 02:05:40] Response (400):
{"code":40002,"message":"Invalid value for data.0.user.ttp: value may not be null.","request_id":"20260118020540467706D17C4233434706"}

[2026-01-18 06:47:06] Response (400):
{"code":40002,"message":"Invalid value for data.0.user.ttp: value may not be null.","request_id":"2026011806470685732197F7F441FCCD0E"}

[2026-01-18 08:45:46] Response (400):
{"code":40002,"message":"Invalid value for data.0.user.ttp: value may not be null.","request_id":"20260118084545FBEA1101A5A4420C0B07"}

[2026-01-18 08:45:54] Response (400):
{"code":40002,"message":"Invalid value for data.0.user.ttp: value may not be null.","request_id":"2026011808455459FF3858E645A311D413"}

[2026-01-18 08:53:25] Response (400):
{"code":40002,"message":"Invalid value for data.0.user.ttp: value may not be null.","request_id":"20260118085325301DA842922670091413"}

[2026-01-18 08:53:49] Response (400):
{"code":40002,"message":"Invalid value for data.0.user.ttp: value may not be null.","request_id":"20260118085349C1880AE631ACD3F81D9A"}

[2026-01-18 09:00:20] Response (400):
{"code":40002,"message":"Invalid value for data.0.user.ttp: value may not be null.","request_id":"202601180900200B3DED12D93C121766ED"}

[2026-01-18 09:01:12] Response (400):
{"code":40002,"message":"Invalid value for data.0.user.ttp: value may not be null.","request_id":"202601180901125E783D11CF6B447B6DB1"}

[2026-01-18 09:05:17] Response (400):
{"code":40002,"message":"Invalid value for data.0.user.ttp: value may not be null.","request_id":"20260118090517BCFBF0FEADBF6F54875C"}

[2026-01-18 09:05:20] Response (400):
{"code":40002,"message":"Invalid value for data.0.user.ttp: value may not be null.","request_id":"2026011809052093297F1BCC70F2F58385"}

[2026-01-18 09:12:16] Response (400):
{"code":40002,"message":"Invalid value for data.0.user.ttp: value may not be null.","request_id":"202601180912161A6093CD4F703755E36E"}

[2026-01-18 09:20:19] Response (400):
{"code":40002,"message":"Invalid value for data.0.user.ttp: value may not be null.","request_id":"202601180920197523A48F5B7E6D622E5D"}

[2026-01-18 13:25:39] Response (400):
{"code":40002,"message":"Invalid value for data.0.user.ttp: value may not be null.","request_id":"20260118132539F4B38327F2E4912DEC40"}

[2026-01-18 13:25:52] Response (400):
{"code":40002,"message":"Invalid value for data.0.user.ttp: value may not be null.","request_id":"2026011813255251B7394426896E647FA9"}

[2026-01-18 13:27:27] Response (400):
{"code":40002,"message":"Invalid value for data.0.user.ttp: value may not be null.","request_id":"202601181327276E067B1DD9581785DEDE"}

[2026-01-18 13:27:33] Response (400):
{"code":40002,"message":"Invalid value for data.0.user.ttp: value may not be null.","request_id":"20260118132733982DAAD4E6A44E32DDC7"}

[2026-01-18 17:44:25] Response (400):
{"code":40002,"message":"Invalid value for data.0.user.ttp: value may not be null.","request_id":"202601181744258361F9BAE2B1E1B27A51"}

[2026-01-18 19:47:46] Response (400):
{"code":40002,"message":"Invalid value for data.0.user.ttp: value may not be null.","request_id":"20260118194746F5F39185DBE5408B6D5A"}

[2026-01-18 19:48:51] Response (400):
{"code":40002,"message":"Invalid value for data.0.user.ttp: value may not be null.","request_id":"20260118194851D55878525C2EF6A511A5"}

[2026-01-18 19:48:54] Response (400):
{"code":40002,"message":"Invalid value for data.0.user.ttp: value may not be null.","request_id":"202601181948547D80DC4CCFFA9F562EB5"}

[2026-01-18 19:48:58] Response (400):
{"code":40002,"message":"Invalid value for data.0.user.ttp: value may not be null.","request_id":"202601181948582D7CD66B047519BE2598"}

[2026-01-18 19:50:21] Response (400):
{"code":40002,"message":"Invalid value for data.0.user.ttp: value may not be null.","request_id":"202601181950213508D0B03972049FD76C"}

[2026-01-18 19:51:48] Response (400):
{"code":40002,"message":"Invalid value for data.0.user.ttp: value may not be null.","request_id":"20260118195148A5B78D3DD9E7B643A4A9"}

[2026-01-18 20:02:59] Response (400):
{"code":40002,"message":"Invalid value for data.0.user.ttp: value may not be null.","request_id":"20260118200258BF2A447CA108FB8A523C"}

[2026-01-18 20:09:26] Response (400):
{"code":40002,"message":"Invalid value for data.0.user.ttp: value may not be null.","request_id":"202601182009264AC109A49DD1BA50FA86"}

[2026-01-18 20:13:21] Response (400):
{"code":40002,"message":"Invalid value for data.0.user.ttp: value may not be null.","request_id":"2026011820132118DDAF47FCBE77A6E5D5"}

[2026-01-18 20:13:25] Response (400):
{"code":40002,"message":"Invalid value for data.0.user.ttp: value may not be null.","request_id":"20260118201325D7F77D979C626CB000C6"}

[2026-01-18 20:21:21] Response (400):
{"code":40002,"message":"Invalid value for data.0.user.ttp: value may not be null.","request_id":"202601182021215074B39773EB8659094D"}

[2026-01-18 20:23:34] Response (400):
{"code":40002,"message":"Invalid value for data.0.user.ttp: value may not be null.","request_id":"202601182023347E632BC17D9EA232DDD7"}

[2026-01-19 04:47:17] Response (400):
{"code":40002,"message":"Invalid value for data.0.user.ttp: value may not be null.","request_id":"202601190447176EF5D898428CCB68E60C"}

[2026-01-19 05:59:00] Response (400):
{"code":40002,"message":"Invalid value for data.0.user.ttp: value may not be null.","request_id":"2026011905590035EAE43915E1D97FE0E7"}

[2026-01-19 05:59:09] Response (400):
{"code":40002,"message":"Invalid value for data.0.user.ttp: value may not be null.","request_id":"20260119055909FC92551A2F261B03628D"}

[2026-01-19 06:00:47] Response (400):
{"code":40002,"message":"Invalid value for data.0.user.ttp: value may not be null.","request_id":"2026011906004748EF6D0C37B6FC7BB6C2"}

[2026-01-19 06:00:51] Response (400):
{"code":40002,"message":"Invalid value for data.0.user.ttp: value may not be null.","request_id":"202601190600518A3526B419902C962B09"}

[2026-01-19 06:41:54] Response (400):
{"code":40002,"message":"Invalid value for data.0.user.ttp: value may not be null.","request_id":"20260119064154DCDE841892B25FDB09EB"}

[2026-01-19 06:44:01] Response (400):
{"code":40002,"message":"Invalid value for data.0.user.ttp: value may not be null.","request_id":"20260119064401E91CC52F6849F8EA9FF0"}

[2026-01-19 06:47:23] Response (400):
{"code":40002,"message":"Invalid value for data.0.user.ttp: value may not be null.","request_id":"20260119064723CF3ACD2AACB83298BBB2"}

[2026-01-19 06:49:05] Response (400):
{"code":40002,"message":"Invalid value for data.0.user.ttp: value may not be null.","request_id":"2026011906490591E4D82E5E8366F8C4DD"}

[2026-01-19 06:49:45] Response (400):
{"code":40002,"message":"Invalid value for data.0.user.ttp: value may not be null.","request_id":"2026011906494545FA5778383B3AE4A6C7"}

[2026-01-19 06:59:45] Response (400):
{"code":40002,"message":"Invalid value for data.0.user.ttp: value may not be null.","request_id":"202601190659453E94EA3F630AC5AE320F"}

[2026-01-19 07:00:23] Response (400):
{"code":40002,"message":"Invalid value for data.0.user.ttp: value may not be null.","request_id":"2026011907002370C8C700608B5A78D445"}

[2026-01-19 07:10:07] Response (400):
{"code":40002,"message":"Invalid value for data.0.user.ttp: value may not be null.","request_id":"20260119071007FD47F974D19BF7E020EF"}

[2026-01-19 07:10:09] Response (400):
{"code":40002,"message":"Invalid value for data.0.user.ttp: value may not be null.","request_id":"20260119071009EA2CF611BFC826A0BA58"}

[2026-01-19 07:30:00] Response (400):
{"code":40002,"message":"Invalid value for data.0.user.ttp: value may not be null.","request_id":"202601190730005CC5E270C4DCC2DBC1C0"}

[2026-01-19 15:40:36] Response (400):
{"code":40002,"message":"Invalid value for data.0.user.ttp: value may not be null.","request_id":"202601191540367216AB814F9739059BB4"}

[2026-01-19 17:44:43] Response (400):
{"code":40002,"message":"Invalid value for data.0.user.ttp: value may not be null.","request_id":"20260119174443ACD4AE19B4721C16DFA4"}

[2026-01-19 17:45:34] Response (400):
{"code":40002,"message":"Invalid value for data.0.user.ttp: value may not be null.","request_id":"2026011917453465170BE0E613CEE8756D"}

[2026-01-19 17:49:06] Response (400):
{"code":40002,"message":"Invalid value for data.0.user.ttp: value may not be null.","request_id":"202601191749063B50D100B82E6A0933CA"}

[2026-01-19 17:49:21] Response (400):
{"code":40002,"message":"Invalid value for data.0.user.ttp: value may not be null.","request_id":"20260119174921D2827B4EB99C9321B74D"}

[2026-01-19 17:53:24] Response (400):
{"code":40002,"message":"Invalid value for data.0.user.ttp: value may not be null.","request_id":"20260119175324CD3A41E1B6A6910247D2"}

[2026-01-19 17:59:32] Response (400):
{"code":40002,"message":"Invalid value for data.0.user.ttp: value may not be null.","request_id":"202601191759322CD80323A5056230CD7A"}

[2026-01-19 18:00:15] Response (400):
{"code":40002,"message":"Invalid value for data.0.user.ttp: value may not be null.","request_id":"202601191800150F91797158D4E2238D3B"}

[2026-01-19 18:04:57] Response (400):
{"code":40002,"message":"Invalid value for data.0.user.ttp: value may not be null.","request_id":"2026011918045752776A943F91462FAE78"}

[2026-01-19 18:18:36] Response (400):
{"code":40002,"message":"Invalid value for data.0.user.ttp: value may not be null.","request_id":"20260119181836D6674753005DED51A6F6"}

[2026-01-19 18:21:13] Response (400):
{"code":40002,"message":"Invalid value for data.0.user.ttp: value may not be null.","request_id":"202601191821132B1254F6AEE353153595"}

[2026-01-19 20:04:31] Response (400):
{"code":40002,"message":"Invalid value for data.0.user.ttp: value may not be null.","request_id":"202601192004313A4F8503CA7631577BBC"}

[2026-01-19 20:04:36] Response (400):
{"code":40002,"message":"Invalid value for data.0.user.ttp: value may not be null.","request_id":"2026011920043605CF3BD11D0CF5C0860A"}

[2026-01-20 01:49:43] Response (400):
{"code":40002,"message":"Invalid value for data.0.user.ttp: value may not be null.","request_id":"202601200149430E2286200A4D04D919FE"}

[2026-01-20 04:44:31] Response (400):
{"code":40002,"message":"Invalid value for data.0.user.ttp: value may not be null.","request_id":"20260120044431193224C7C7E7D475E8E3"}

[2026-01-20 04:44:57] Response (400):
{"code":40002,"message":"Invalid value for data.0.user.ttp: value may not be null.","request_id":"20260120044457CA947DED3624BE5F6348"}

[2026-01-20 04:45:58] Response (400):
{"code":40002,"message":"Invalid value for data.0.user.ttp: value may not be null.","request_id":"202601200445587B7B22F8050C257300CD"}

[2026-01-20 04:46:26] Response (400):
{"code":40002,"message":"Invalid value for data.0.user.ttp: value may not be null.","request_id":"20260120044625A7C140A0FA7BE339BE7B"}

[2026-01-20 04:58:15] Response (400):
{"code":40002,"message":"Invalid value for data.0.user.ttp: value may not be null.","request_id":"2026012004581550DED76C6EC6E56A0AA1"}

[2026-01-20 05:06:10] Response (400):
{"code":40002,"message":"Invalid value for data.0.user.ttp: value may not be null.","request_id":"202601200506104DEACF4E490309F6B123"}

[2026-01-20 05:10:29] Response (400):
{"code":40002,"message":"Invalid value for data.0.user.ttp: value may not be null.","request_id":"20260120051029D0C1F316A5A6DA011AFA"}

[2026-01-20 05:10:33] Response (400):
{"code":40002,"message":"Invalid value for data.0.user.ttp: value may not be null.","request_id":"2026012005103372F0D8C68821DE5417B1"}

[2026-01-20 05:14:34] Response (400):
{"code":40002,"message":"Invalid value for data.0.user.ttp: value may not be null.","request_id":"20260120051434043DE75A7EE46547BC29"}

[2026-01-20 05:22:17] Response (400):
{"code":40002,"message":"Invalid value for data.0.user.ttp: value may not be null.","request_id":"2026012005221794E11C36206F7D032972"}

[2026-01-20 12:50:51] Response (400):
{"code":40002,"message":"Invalid value for data.0.user.ttp: value may not be null.","request_id":"202601201250518060A6CCD7EDDAA10118"}

[2026-01-20 15:39:29] Response (400):
{"code":40002,"message":"Invalid value for data.0.user.ttp: value may not be null.","request_id":"202601201539295503D07C14CAB5387A4F"}

[2026-01-20 15:39:48] Response (400):
{"code":40002,"message":"Invalid value for data.0.user.ttp: value may not be null.","request_id":"20260120153948D047F0C6239AB8AECEDB"}

[2026-01-20 15:43:44] Response (400):
{"code":40002,"message":"Invalid value for data.0.user.ttp: value may not be null.","request_id":"20260120154344F21CEC23846FF029F0D0"}

[2026-01-20 15:47:22] Response (400):
{"code":40002,"message":"Invalid value for data.0.user.ttp: value may not be null.","request_id":"20260120154722ABF4FA7606332AB390FB"}

[2026-01-20 15:55:06] Response (400):
{"code":40002,"message":"Invalid value for data.0.user.ttp: value may not be null.","request_id":"202601201555069EDDF68B46DA61A84F55"}

[2026-01-20 15:58:45] Response (400):
{"code":40002,"message":"Invalid value for data.0.user.ttp: value may not be null.","request_id":"2026012015584519B1241553CD9AA4ACB8"}

[2026-01-20 15:59:53] Response (400):
{"code":40002,"message":"Invalid value for data.0.user.ttp: value may not be null.","request_id":"20260120155953035B981393BAE59421D3"}

[2026-01-20 16:08:28] Response (400):
{"code":40002,"message":"Invalid value for data.0.user.ttp: value may not be null.","request_id":"20260120160828D9B713964850B2C8DE4E"}

[2026-01-20 16:14:23] Response (400):
{"code":40002,"message":"Invalid value for data.0.user.ttp: value may not be null.","request_id":"20260120161423636CC19954447DB1D025"}

[2026-01-20 16:20:51] Response (400):
{"code":40002,"message":"Invalid value for data.0.user.ttp: value may not be null.","request_id":"20260120162051FE24EF1BC1616BB1AE93"}

[2026-01-20 19:27:51] Response (200):
{"code": 0, "message": "OK", "request_id": "202601201927513A06E8A1C430289EFB32", "data": {}}

